{
  "holds": [
    {"hold": "J10", "type": "Crimp"},
    {"hold": "J8", "type": "Crimp"},
    {"hold": "G1", "type": "Crimp"},
    {"hold": "H6", "type": "Crimp"},
    {"hold": "A13", "type": "Sloper"},
    {"hold": "B17", "type": "Crimp"},
    {"hold": "C3", "type": "Crimp"},
    {"hold": "F16", "type": "Crimp"},
    {"hold": "C8", "type": "Crimp"},
    {"hold": "C5", "type": "Crimp"},
    {"hold": "E2", "type": "Crimp"},
    {"hold": "J1", "type": "Crimp"},
    {"hold": "I17", "type": "Crimp"},
    {"hold": "B6", "type": "Crimp"},
    {"hold": "C2", "type": "Crimp"},
    {"hold": "B16", "type": "Crimp"},
    {"hold": "H4", "type": "Pinch"},
    {"hold": "C15", "type": "Jug"},
    {"hold": "J3", "type": "Crimp"},
    {"hold": "A9", "type": "Crimp"},
    {"hold": "F11", "type": "Jug"},
    {"hold": "I14", "type": "Crimp"},
    {"hold": "K18", "type": "Crimp"},
    {"hold": "H2", "type": "Sloper"},
    {"hold": "G18", "type": "Crimp"},
    {"hold": "D11", "type": "Pinch"},
    {"hold": "F14", "type": "Crimp"},
    {"hold": "F13", "type": "Jug"},
    {"hold": "F10", "type": "Pinch"},
    {"hold": "C4", "type": "Jug"},
    {"hold": "K5", "type": "Jug"},
    {"hold": "K12", "type": "Crimp"},
    {"hold": "D1", "type": "Pinch"},
    {"hold": "B7", "type": "Crimp"},
    {"hold": "K17", "type": "Jug"},
    {"hold": "G17", "type": "Crimp"},
    {"hold": "D17", "type": "Crimp"},
    {"hold": "I12", "type": "Pinch"},
    {"hold": "F4", "type": "Crimp"},
    {"hold": "K3", "type": "Sloper"},
    {"hold": "A16", "type": "Pinch"},
    {"hold": "J4", "type": "Jug"},
    {"hold": "A15", "type": "Crimp"},
    {"hold": "B2", "type": "Jug"},
    {"hold": "K1", "type": "Crimp"},
    {"hold": "E6", "type": "Crimp"},
    {"hold": "F2", "type": "Jug"},
    {"hold": "G3", "type": "Crimp"},
    {"hold": "B4", "type": "Crimp"},
    {"hold": "B1", "type": "Pinch"},
    {"hold": "B14", "type": "Pinch"},
    {"hold": "J7", "type": "Pinch"},
    {"hold": "A3", "type": "Crimp"},
    {"hold": "I5", "type": "Pinch"},
    {"hold": "H9", "type": "Crimp"},
    {"hold": "B8", "type": "Pinch"},
    {"hold": "E11", "type": "Crimp"},
    {"hold": "E8", "type": "Crimp"},
    {"hold": "A11", "type": "Jug"},
    {"hold": "A18", "type": "Jug"},
    {"hold": "G14", "type": "Crimp"},
    {"hold": "G6", "type": "Crimp"},
    {"hold": "K15", "type": "Jug"},
    {"hold": "C10", "type": "Pinch"},
    {"hold": "D9", "type": "Jug"},
    {"hold": "K13", "type": "Jug"},
    {"hold": "H1", "type": "Pinch"},
    {"hold": "I8", "type": "Jug"},
    {"hold": "F5", "type": "Pinch"},
    {"hold": "I16", "type": "Jug"},
    {"hold": "H10", "type": "Pinch"},
    {"hold": "C13", "type": "Jug"},
    {"hold": "H18", "type": "Jug"},
    {"hold": "G7", "type": "Pocket"},
    {"hold": "D3", "type": "Sloper"},
    {"hold": "C1", "type": "Sloper"},
    {"hold": "H17", "type": "Crimp"},
    {"hold": "H14", "type": "Pinch"},
    {"hold": "H15", "type": "Jug"},
    {"hold": "K16", "type": "Sloper"},
    {"hold": "K8", "type": "Jug"},
    {"hold": "F1", "type": "Sloper"},
    {"hold": "E14", "type": "Jug"},
    {"hold": "A8", "type": "Sloper"},
    {"hold": "I4", "type": "Crimp"},
    {"hold": "A2", "type": "Sloper"},
    {"hold": "F3", "type": "Sloper"},
    {"hold": "D6", "type": "Jug"},
    {"hold": "C17", "type": "Sloper"},
    {"hold": "G16", "type": "Sloper"},
    {"hold": "F7", "type": "Jug"},
    {"hold": "D5", "type": "Pinch"},
    {"hold": "G4", "type": "Crimp"},
    {"hold": "J6", "type": "Jug"},
    {"hold": "G10", "type": "Pinch"},
    {"hold": "B9", "type": "Crimp"},
    {"hold": "G8", "type": "Pinch"},
    {"hold": "K9", "type": "Pinch"},
    {"hold": "D18", "type": "Jug"},
    {"hold": "C7", "type": "Jug"},
    {"hold": "F12", "type": "Pinch"},
    {"hold": "D12", "type": "Pinch"},
    {"hold": "D15", "type": "Jug"},
    {"hold": "K11", "type": "Jug"},
    {"hold": "I2", "type": "Jug"},
    {"hold": "B10", "type": "Pinch"},
    {"hold": "G13", "type": "Pinch"},
    {"hold": "H11", "type": "Pinch"},
    {"hold": "B13", "type": "Sloper"},
    {"hold": "J13", "type": "Crimp"},
    {"hold": "A5", "type": "Crimp"},
    {"hold": "F18", "type": "Sloper"},
    {"hold": "H3", "type": "Pocket"},
    {"hold": "E4", "type": "Pocket"},
    {"hold": "K14", "type": "Sloper"},
    {"hold": "D14", "type": "Sloper"},
    {"hold": "C12", "type": "Jug"},
    {"hold": "I1", "type": "Sloper"},
    {"hold": "H8", "type": "Jug"},
    {"hold": "E1", "type": "Pinch"},
    {"hold": "K6", "type": "Crimp"},
    {"hold": "A4", "type": "Jug"},
    {"hold": "D2", "type": "Sloper"},
    {"hold": "K2", "type": "Jug"},
    {"hold": "G2", "type": "Sloper"},
    {"hold": "F6", "type": "Jug"},
    {"hold": "E17", "type": "Sloper"},
    {"hold": "G11", "type": "Crimp"},
    {"hold": "F15", "type": "Pinch"},
    {"hold": "E3", "type": "Sloper"},
    {"hold": "I3", "type": "Pocket"},
    {"hold": "J2", "type": "Sloper"},
    {"hold": "I15", "type": "Pocket"},
    {"hold": "J9", "type": "Sloper"},
    {"hold": "B18", "type": "Sloper"},
    {"hold": "D10", "type": "Sloper"},
    {"hold": "F8", "type": "Sloper"},
    {"hold": "A14", "type": "Sloper"},
    {"hold": "J17", "type": "Sloper"},
    {"hold": "A6", "type": "Jug"},
    {"hold": "J16", "type": "Sloper"},
    {"hold": "E10", "type": "Sloper"},
    {"hold": "C14", "type": "Jug"},
    {"hold": "I13", "type": "Sloper"},
    {"hold": "E16", "type": "Sloper"},
    {"hold": "A17", "type": "Sloper"},
    {"hold": "F17", "type": "Sloper"},
    {"hold": "A12", "type": "Sloper"},
    {"hold": "B11", "type": "Jug"},
    {"hold": "A1", "type": "Jug"},
    {"hold": "H12", "type": "Sloper"},
    {"hold": "D8", "type": "Jug"},
    {"hold": "E7", "type": "Sloper"},
    {"hold": "I7", "type": "Jug"},
    {"hold": "I10", "type": "Pinch"},
    {"hold": "J14", "type": "Jug"},
    {"hold": "F9", "type": "Jug"},
    {"hold": "D4", "type": "Crimp"},
    {"hold": "H5", "type": "Sloper"},
    {"hold": "J11", "type": "Crimp"},
    {"hold": "J18", "type": "Sloper"},
    {"hold": "C16", "type": "Sloper"},
    {"hold": "E18", "type": "Jug"},
    {"hold": "B3", "type": "Jug"},
    {"hold": "K4", "type": "Jug"},
    {"hold": "E13", "type": "Jug"},
    {"hold": "H7", "type": "Pocket"},
    {"hold": "D7", "type": "Pocket"},
    {"hold": "I18", "type": "Pinch"},
    {"hold": "C18", "type": "Pinch"},
    {"hold": "G12", "type": "Crimp"},
    {"hold": "E12", "type": "Crimp"},
    {"hold": "J15", "type": "Pinch"},
    {"hold": "B15", "type": "Pinch"},
    {"hold": "E15", "type": "Jug"},
    {"hold": "G15", "type": "Jug"},
    {"hold": "H13", "type": "Crimp"},
    {"hold": "D13", "type": "Crimp"},
    {"hold": "B5", "type": "Pinch"},
    {"hold": "J5", "type": "Pinch"},
    {"hold": "E9", "type": "Crimp"},
    {"hold": "G9", "type": "Crimp"},
    {"hold": "C11", "type": "Sloper"},
    {"hold": "I11", "type": "Sloper"},
    {"hold": "D16", "type": "Crimp"},
    {"hold": "H16", "type": "Crimp"},
    {"hold": "B12", "type": "Pinch"},
    {"hold": "J12", "type": "Pinch"},
    {"hold": "A7", "type": "Crimp"},
    {"hold": "K7", "type": "Crimp"},
    {"hold": "E5", "type": "Crimp"},
    {"hold": "G5", "type": "Crimp"},
    {"hold": "C9", "type": "Pinch"},
    {"hold": "I9", "type": "Pinch"},
    {"hold": "A10", "type": "Sloper"},
    {"hold": "K10", "type": "Sloper"},
    {"hold": "C6", "type": "Crimp"},
    {"hold": "I6", "type": "Crimp"}
  ]
}
