{
    "data.grade": "7C",
    "data.userGrade": null,
    "data.method": "Feet follow hands",
    "data.userRating": 0.0,
    "data.repeats": 0.0,
    "data.moves": [
        {
            "problemId": 346160,
            "description": "D2",
            "isStart": true,
            "isEnd": false,
            "normalized_coordinates": [
                0.2727272727272727,
                0.05555555555555555
            ],
            "neighbors": [
                [
                    0.18181818181818182,
                    0.1111111111111111
                ],
                [
                    0.7272727272727273,
                    0.2777777777777778
                ],
                [
                    0.6363636363636364,
                    0.4444444444444444
                ]
            ],
            "edge_distances": [
                0.05555555555555555,
                0.9444444444444444
            ],
            "dx": -0.09090909090909088,
            "dy": 0.05555555555555555,
            "move_angle": 2.593043251139265,
            "move_distance": 0.10654052075620697,
            "hold_type": 0.75
        },
        {
            "problemId": 346160,
            "description": "C3",
            "isStart": true,
            "isEnd": false,
            "normalized_coordinates": [
                0.18181818181818182,
                0.1111111111111111
            ],
            "neighbors": [
                [
                    0.2727272727272727,
                    0.05555555555555555
                ],
                [
                    0.2727272727272727,
                    0.6111111111111112
                ],
                [
                    0.6363636363636364,
                    0.4444444444444444
                ]
            ],
            "edge_distances": [
                0.1111111111111111,
                0.8888888888888888
            ],
            "dx": 0.5454545454545454,
            "dy": 0.16666666666666669,
            "move_angle": 0.2965458090697005,
            "move_distance": 0.5703494007490518,
            "angle_difference": -2.2964974420695645,
            "hold_type": 0.0
        },
        {
            "problemId": 346160,
            "description": "I6",
            "isStart": false,
            "isEnd": false,
            "normalized_coordinates": [
                0.7272727272727273,
                0.2777777777777778
            ],
            "neighbors": [
                [
                    0.6363636363636364,
                    0.4444444444444444
                ],
                [
                    0.2727272727272727,
                    0.05555555555555555
                ],
                [
                    0.2727272727272727,
                    0.6111111111111112
                ]
            ],
            "edge_distances": [
                0.2777777777777778,
                0.7222222222222222
            ],
            "dx": -0.09090909090909094,
            "dy": 0.16666666666666663,
            "move_angle": 2.070143048475027,
            "move_distance": 0.18984794069911615,
            "angle_difference": 1.7735972394053263,
            "hold_type": 0.0
        },
        {
            "problemId": 346160,
            "description": "H9",
            "isStart": false,
            "isEnd": false,
            "normalized_coordinates": [
                0.6363636363636364,
                0.4444444444444444
            ],
            "neighbors": [
                [
                    0.7272727272727273,
                    0.2777777777777778
                ],
                [
                    0.2727272727272727,
                    0.6111111111111112
                ],
                [
                    0.45454545454545453,
                    0.8333333333333334
                ]
            ],
            "edge_distances": [
                0.4444444444444444,
                0.5555555555555556
            ],
            "dx": -0.36363636363636365,
            "dy": 0.16666666666666674,
            "move_angle": 2.7118303744931045,
            "move_distance": 0.4000114782558814,
            "angle_difference": 0.6416873260180775,
            "hold_type": 0.0
        },
        {
            "problemId": 346160,
            "description": "D12",
            "isStart": false,
            "isEnd": false,
            "normalized_coordinates": [
                0.2727272727272727,
                0.6111111111111112
            ],
            "neighbors": [
                [
                    0.45454545454545453,
                    0.8333333333333334
                ],
                [
                    0.6363636363636364,
                    0.4444444444444444
                ],
                [
                    0.18181818181818182,
                    0.1111111111111111
                ]
            ],
            "edge_distances": [
                0.6111111111111112,
                0.38888888888888884
            ],
            "dx": 0.18181818181818182,
            "dy": 0.2222222222222222,
            "move_angle": 0.8850668158886102,
            "move_distance": 0.28712465461721,
            "angle_difference": -1.8267635586044944,
            "hold_type": 0.5
        },
        {
            "problemId": 346160,
            "description": "F16",
            "isStart": false,
            "isEnd": false,
            "normalized_coordinates": [
                0.45454545454545453,
                0.8333333333333334
            ],
            "neighbors": [
                [
                    0.2727272727272727,
                    0.6111111111111112
                ],
                [
                    0.6363636363636364,
                    0.4444444444444444
                ],
                [
                    0.9090909090909091,
                    0.9444444444444444
                ]
            ],
            "edge_distances": [
                0.8333333333333334,
                0.16666666666666663
            ],
            "dx": 0.45454545454545453,
            "dy": 0.11111111111111105,
            "move_angle": 0.23974310887045647,
            "move_distance": 0.4679286796727462,
            "angle_difference": -0.6453237070181538,
            "hold_type": 0.0
        },
        {
            "problemId": 346160,
            "description": "K18",
            "isStart": false,
            "isEnd": true,
            "normalized_coordinates": [
                0.9090909090909091,
                0.9444444444444444
            ],
            "neighbors": [
                [
                    0.45454545454545453,
                    0.8333333333333334
                ],
                [
                    0.6363636363636364,
                    0.4444444444444444
                ],
                [
                    0.7272727272727273,
                    0.2777777777777778
                ]
            ],
            "edge_distances": [
                0.9444444444444444,
                0.05555555555555558
            ],
            "hold_type": 0.0
        }
    ],
    "data.apiId": 346160,
    "hold_presence": [
        0.0,
        0.0,
        0.0,
        0.0,
        0.0,
        0.0,
        0.0,
        0.0,
        0.0,
        0.0,
        0.0,
        0.0,
        0.0,
        0.0,
        1.0,
        0.0,
        0.0,
        0.0,
        0.0,
        0.0,
        0.0,
        0.0,
        0.0,
        0.0,
        1.0,
        0.0,
        0.0,
        0.0,
        0.0,
        0.0,
        0.0,
        0.0,
        0.0,
        0.0,
        0.0,
        0.0,
        0.0,
        0.0,
        0.0,
        0.0,
        0.0,
        0.0,
        0.0,
        0.0,
        0.0,
        0.0,
        0.0,
        0.0,
        0.0,
        0.0,
        0.0,
        0.0,
        0.0,
        0.0,
        0.0,
        0.0,
        0.0,
        0.0,
        0.0,
        0.0,
        0.0,
        0.0,
        0.0,
        1.0,
        0.0,
        0.0,
        0.0,
        0.0,
        0.0,
        0.0,
        0.0,
        0.0,
        0.0,
        0.0,
        0.0,
        0.0,
        0.0,
        0.0,
        0.0,
        0.0,
        0.0,
        0.0,
        0.0,
        0.0,
        0.0,
        0.0,
        0.0,
        0.0,
        0.0,
        0.0,
        0.0,
        0.0,
        0.0,
        0.0,
        0.0,
        1.0,
        0.0,
        0.0,
        0.0,
        0.0,
        0.0,
        0.0,
        0.0,
        0.0,
        0.0,
        0.0,
        0.0,
        0.0,
        0.0,
        0.0,
        0.0,
        0.0,
        0.0,
        0.0,
        0.0,
        0.0,
        0.0,
        0.0,
        0.0,
        0.0,
        0.0,
        0.0,
        0.0,
        0.0,
        1.0,
        0.0,
        0.0,
        0.0,
        0.0,
        0.0,
        0.0,
        0.0,
        0.0,
        0.0,
        0.0,
        0.0,
        0.0,
        0.0,
        0.0,
        0.0,
        0.0,
        0.0,
        0.0,
        0.0,
        0.0,
        0.0,
        0.0,
        0.0,
        0.0,
        0.0,
        0.0,
        0.0,
        0.0,
        0.0,
        0.0,
        0.0,
        0.0,
        0.0,
        0.0,
        0.0,
        0.0,
        0.0,
        0.0,
        0.0,
        0.0,
        0.0,
        0.0,
        0.0,
        0.0,
        0.0,
        1.0,
        0.0,
        0.0,
        0.0,
        0.0,
        0.0,
        0.0,
        0.0,
        0.0,
        0.0,
        0.0,
        0.0,
        0.0,
        0.0,
        0.0,
        0.0,
        0.0,
        0.0,
        0.0,
        0.0,
        0.0,
        0.0,
        0.0,
        0.0,
        0.0,
        0.0,
        0.0,
        1.0
    ],
    "hold_count_norm": -0.431361985245648,
    "hold_density": 0.3290043290043289,
    "vertical_progress": 0.14814814814814814
}