{
    "data.grade": "7C",
    "data.userGrade": null,
    "data.method": "Feet follow hands",
    "data.userRating": 0.0,
    "data.repeats": 0.0,
    "data.moves": [
        {
            "problemId": 322637,
            "description": "F4",
            "isStart": true,
            "isEnd": false,
            "normalized_coordinates": [
                0.45454545454545453,
                0.16666666666666666
            ],
            "neighbors": [
                [
                    0.8181818181818182,
                    0.3888888888888889
                ],
                [
                    0.8181818181818182,
                    0.5
                ],
                [
                    0.36363636363636365,
                    0.7222222222222222
                ]
            ],
            "edge_distances": [
                0.16666666666666666,
                0.8333333333333334
            ],
            "dx": 0.3636363636363637,
            "dy": 0.22222222222222224,
            "move_angle": 0.548549402450528,
            "move_distance": 0.42616208302482805,
            "hold_type": 0.0
        },
        {
            "problemId": 322637,
            "description": "J8",
            "isStart": false,
            "isEnd": false,
            "normalized_coordinates": [
                0.8181818181818182,
                0.3888888888888889
            ],
            "neighbors": [
                [
                    0.8181818181818182,
                    0.5
                ],
                [
                    0.9090909090909091,
                    0.6666666666666666
                ],
                [
                    0.45454545454545453,
                    0.16666666666666666
                ]
            ],
            "edge_distances": [
                0.3888888888888889,
                0.6111111111111112
            ],
            "dx": 0.0,
            "dy": 0.1111111111111111,
            "move_angle": 1.5707963267948966,
            "move_distance": 0.1111111111111111,
            "angle_difference": 1.0222469243443686,
            "hold_type": 0.0
        },
        {
            "problemId": 322637,
            "description": "J10",
            "isStart": false,
            "isEnd": false,
            "normalized_coordinates": [
                0.8181818181818182,
                0.5
            ],
            "neighbors": [
                [
                    0.8181818181818182,
                    0.3888888888888889
                ],
                [
                    0.9090909090909091,
                    0.6666666666666666
                ],
                [
                    0.45454545454545453,
                    0.16666666666666666
                ]
            ],
            "edge_distances": [
                0.5,
                0.5
            ],
            "dx": 0.09090909090909083,
            "dy": 0.16666666666666663,
            "move_angle": 1.0714496051147668,
            "move_distance": 0.1898479406991161,
            "angle_difference": -0.4993467216801297,
            "hold_type": 0.0
        },
        {
            "problemId": 322637,
            "description": "K13",
            "isStart": false,
            "isEnd": false,
            "normalized_coordinates": [
                0.9090909090909091,
                0.6666666666666666
            ],
            "neighbors": [
                [
                    0.8181818181818182,
                    0.5
                ],
                [
                    0.8181818181818182,
                    0.3888888888888889
                ],
                [
                    0.36363636363636365,
                    0.7222222222222222
                ]
            ],
            "edge_distances": [
                0.6666666666666666,
                0.33333333333333337
            ],
            "dx": -0.5454545454545454,
            "dy": 0.05555555555555558,
            "move_angle": 3.04009082258384,
            "move_distance": 0.5482764639395997,
            "angle_difference": 1.968641217469073,
            "hold_type": 1.0
        },
        {
            "problemId": 322637,
            "description": "E14",
            "isStart": false,
            "isEnd": false,
            "normalized_coordinates": [
                0.36363636363636365,
                0.7222222222222222
            ],
            "neighbors": [
                [
                    0.0,
                    0.7777777777777778
                ],
                [
                    0.0,
                    0.9444444444444444
                ],
                [
                    0.8181818181818182,
                    0.5
                ]
            ],
            "edge_distances": [
                0.7222222222222222,
                0.2777777777777778
            ],
            "dx": -0.36363636363636365,
            "dy": 0.05555555555555558,
            "move_angle": 2.9899871661515203,
            "move_distance": 0.36785571181071,
            "angle_difference": -0.05010365643231962,
            "hold_type": 1.0
        },
        {
            "problemId": 322637,
            "description": "A15",
            "isStart": false,
            "isEnd": false,
            "normalized_coordinates": [
                0.0,
                0.7777777777777778
            ],
            "neighbors": [
                [
                    0.0,
                    0.9444444444444444
                ],
                [
                    0.36363636363636365,
                    0.7222222222222222
                ],
                [
                    0.45454545454545453,
                    0.16666666666666666
                ]
            ],
            "edge_distances": [
                0.7777777777777778,
                0.2222222222222222
            ],
            "dx": 0.0,
            "dy": 0.16666666666666663,
            "move_angle": 1.5707963267948966,
            "move_distance": 0.16666666666666663,
            "angle_difference": -1.4191908393566237,
            "hold_type": 0.0
        },
        {
            "problemId": 322637,
            "description": "A18",
            "isStart": false,
            "isEnd": true,
            "normalized_coordinates": [
                0.0,
                0.9444444444444444
            ],
            "neighbors": [
                [
                    0.0,
                    0.7777777777777778
                ],
                [
                    0.36363636363636365,
                    0.7222222222222222
                ],
                [
                    0.45454545454545453,
                    0.16666666666666666
                ]
            ],
            "edge_distances": [
                0.9444444444444444,
                0.05555555555555558
            ],
            "hold_type": 1.0
        }
    ],
    "data.apiId": 322637,
    "hold_presence": [
        0.0,
        0.0,
        0.0,
        0.0,
        0.0,
        0.0,
        0.0,
        0.0,
        0.0,
        0.0,
        0.0,
        0.0,
        0.0,
        0.0,
        0.0,
        0.0,
        0.0,
        0.0,
        0.0,
        0.0,
        0.0,
        0.0,
        0.0,
        0.0,
        0.0,
        0.0,
        0.0,
        0.0,
        0.0,
        0.0,
        0.0,
        0.0,
        0.0,
        0.0,
        0.0,
        0.0,
        0.0,
        0.0,
        1.0,
        0.0,
        0.0,
        0.0,
        0.0,
        0.0,
        0.0,
        0.0,
        0.0,
        0.0,
        0.0,
        0.0,
        0.0,
        0.0,
        0.0,
        0.0,
        0.0,
        0.0,
        0.0,
        0.0,
        0.0,
        0.0,
        0.0,
        0.0,
        0.0,
        0.0,
        0.0,
        0.0,
        0.0,
        0.0,
        0.0,
        0.0,
        0.0,
        0.0,
        0.0,
        0.0,
        0.0,
        0.0,
        0.0,
        0.0,
        0.0,
        0.0,
        0.0,
        0.0,
        0.0,
        0.0,
        0.0,
        0.0,
        1.0,
        0.0,
        0.0,
        0.0,
        0.0,
        0.0,
        0.0,
        0.0,
        0.0,
        0.0,
        0.0,
        0.0,
        0.0,
        0.0,
        0.0,
        0.0,
        0.0,
        0.0,
        0.0,
        0.0,
        0.0,
        0.0,
        1.0,
        0.0,
        0.0,
        0.0,
        0.0,
        0.0,
        0.0,
        0.0,
        0.0,
        0.0,
        0.0,
        0.0,
        0.0,
        0.0,
        0.0,
        0.0,
        0.0,
        0.0,
        0.0,
        0.0,
        0.0,
        0.0,
        0.0,
        0.0,
        0.0,
        0.0,
        0.0,
        0.0,
        0.0,
        0.0,
        0.0,
        0.0,
        0.0,
        0.0,
        1.0,
        0.0,
        0.0,
        0.0,
        0.0,
        1.0,
        0.0,
        0.0,
        0.0,
        0.0,
        0.0,
        0.0,
        1.0,
        0.0,
        0.0,
        0.0,
        0.0,
        0.0,
        0.0,
        0.0,
        0.0,
        0.0,
        0.0,
        0.0,
        0.0,
        0.0,
        0.0,
        0.0,
        0.0,
        0.0,
        0.0,
        0.0,
        0.0,
        0.0,
        0.0,
        0.0,
        0.0,
        0.0,
        0.0,
        0.0,
        0.0,
        0.0,
        0.0,
        0.0,
        0.0,
        1.0,
        0.0,
        0.0,
        0.0,
        0.0,
        0.0,
        0.0,
        0.0,
        0.0,
        0.0,
        0.0
    ],
    "hold_count_norm": -0.431361985245648,
    "hold_density": 0.4588744588744588,
    "vertical_progress": 0.12962962962962962
}