{
    "data.grade": "7C",
    "data.userGrade": null,
    "data.method": "Feet follow hands",
    "data.userRating": 1.6094379124341003,
    "data.repeats": 0.6931471805599453,
    "data.moves": [
        {
            "problemId": 355538,
            "description": "I4",
            "isStart": true,
            "isEnd": false,
            "normalized_coordinates": [
                0.7272727272727273,
                0.16666666666666666
            ],
            "neighbors": [
                [
                    0.6363636363636364,
                    0.2777777777777778
                ],
                [
                    0.5454545454545454,
                    0.16666666666666666
                ],
                [
                    0.36363636363636365,
                    0.3888888888888889
                ]
            ],
            "edge_distances": [
                0.16666666666666666,
                0.8333333333333334
            ],
            "dx": -0.18181818181818188,
            "dy": 0.0,
            "move_angle": 3.141592653589793,
            "move_distance": 0.18181818181818188,
            "hold_type": 0.0
        },
        {
            "problemId": 355538,
            "description": "G4",
            "isStart": true,
            "isEnd": false,
            "normalized_coordinates": [
                0.5454545454545454,
                0.16666666666666666
            ],
            "neighbors": [
                [
                    0.6363636363636364,
                    0.2777777777777778
                ],
                [
                    0.7272727272727273,
                    0.16666666666666666
                ],
                [
                    0.36363636363636365,
                    0.3888888888888889
                ]
            ],
            "edge_distances": [
                0.16666666666666666,
                0.8333333333333334
            ],
            "dx": 0.09090909090909094,
            "dy": 0.11111111111111113,
            "move_angle": 0.8850668158886102,
            "move_distance": 0.14356232730860505,
            "angle_difference": -2.256525837701183,
            "hold_type": 0.0
        },
        {
            "problemId": 355538,
            "description": "H6",
            "isStart": false,
            "isEnd": false,
            "normalized_coordinates": [
                0.6363636363636364,
                0.2777777777777778
            ],
            "neighbors": [
                [
                    0.7272727272727273,
                    0.16666666666666666
                ],
                [
                    0.5454545454545454,
                    0.16666666666666666
                ],
                [
                    0.36363636363636365,
                    0.3888888888888889
                ]
            ],
            "edge_distances": [
                0.2777777777777778,
                0.7222222222222222
            ],
            "dx": -0.2727272727272727,
            "dy": 0.1111111111111111,
            "move_angle": 2.7547169358587653,
            "move_distance": 0.2944925199416818,
            "angle_difference": 1.8696501199701552,
            "hold_type": 0.0
        },
        {
            "problemId": 355538,
            "description": "E8",
            "isStart": false,
            "isEnd": false,
            "normalized_coordinates": [
                0.36363636363636365,
                0.3888888888888889
            ],
            "neighbors": [
                [
                    0.5454545454545454,
                    0.16666666666666666
                ],
                [
                    0.6363636363636364,
                    0.2777777777777778
                ],
                [
                    0.45454545454545453,
                    0.7222222222222222
                ]
            ],
            "edge_distances": [
                0.3888888888888889,
                0.6111111111111112
            ],
            "dx": 0.36363636363636365,
            "dy": 0.22222222222222227,
            "move_angle": 0.5485494024505282,
            "move_distance": 0.42616208302482805,
            "angle_difference": -2.2061675334082373,
            "hold_type": 0.0
        },
        {
            "problemId": 355538,
            "description": "I12",
            "isStart": false,
            "isEnd": false,
            "normalized_coordinates": [
                0.7272727272727273,
                0.6111111111111112
            ],
            "neighbors": [
                [
                    0.45454545454545453,
                    0.7222222222222222
                ],
                [
                    0.6363636363636364,
                    0.2777777777777778
                ],
                [
                    0.36363636363636365,
                    0.3888888888888889
                ]
            ],
            "edge_distances": [
                0.6111111111111112,
                0.38888888888888884
            ],
            "dx": -0.27272727272727276,
            "dy": 0.11111111111111105,
            "move_angle": 2.7547169358587653,
            "move_distance": 0.29449251994168185,
            "angle_difference": 2.2061675334082373,
            "hold_type": 0.5
        },
        {
            "problemId": 355538,
            "description": "F14",
            "isStart": false,
            "isEnd": false,
            "normalized_coordinates": [
                0.45454545454545453,
                0.7222222222222222
            ],
            "neighbors": [
                [
                    0.2727272727272727,
                    0.8888888888888888
                ],
                [
                    0.7272727272727273,
                    0.6111111111111112
                ],
                [
                    0.36363636363636365,
                    0.3888888888888889
                ]
            ],
            "edge_distances": [
                0.7222222222222222,
                0.2777777777777778
            ],
            "dx": -0.18181818181818182,
            "dy": 0.16666666666666663,
            "move_angle": 2.399645385583876,
            "move_distance": 0.24664879691060157,
            "angle_difference": -0.35507155027488935,
            "hold_type": 0.0
        },
        {
            "problemId": 355538,
            "description": "D17",
            "isStart": false,
            "isEnd": false,
            "normalized_coordinates": [
                0.2727272727272727,
                0.8888888888888888
            ],
            "neighbors": [
                [
                    0.18181818181818182,
                    0.9444444444444444
                ],
                [
                    0.45454545454545453,
                    0.7222222222222222
                ],
                [
                    0.36363636363636365,
                    0.3888888888888889
                ]
            ],
            "edge_distances": [
                0.8888888888888888,
                0.11111111111111116
            ],
            "dx": -0.09090909090909088,
            "dy": 0.05555555555555558,
            "move_angle": 2.5930432511392647,
            "move_distance": 0.106540520756207,
            "angle_difference": 0.19339786555538874,
            "hold_type": 0.0
        },
        {
            "problemId": 355538,
            "description": "C18",
            "isStart": false,
            "isEnd": true,
            "normalized_coordinates": [
                0.18181818181818182,
                0.9444444444444444
            ],
            "neighbors": [
                [
                    0.2727272727272727,
                    0.8888888888888888
                ],
                [
                    0.45454545454545453,
                    0.7222222222222222
                ],
                [
                    0.36363636363636365,
                    0.3888888888888889
                ]
            ],
            "edge_distances": [
                0.9444444444444444,
                0.05555555555555558
            ],
            "hold_type": 0.5
        }
    ],
    "data.apiId": 355538,
    "hold_presence": [
        0.0,
        0.0,
        0.0,
        0.0,
        0.0,
        0.0,
        0.0,
        0.0,
        0.0,
        0.0,
        0.0,
        0.0,
        0.0,
        0.0,
        0.0,
        0.0,
        0.0,
        0.0,
        0.0,
        0.0,
        0.0,
        0.0,
        0.0,
        0.0,
        0.0,
        0.0,
        0.0,
        0.0,
        0.0,
        0.0,
        0.0,
        0.0,
        0.0,
        0.0,
        0.0,
        0.0,
        0.0,
        0.0,
        0.0,
        1.0,
        0.0,
        1.0,
        0.0,
        0.0,
        0.0,
        0.0,
        0.0,
        0.0,
        0.0,
        0.0,
        0.0,
        0.0,
        0.0,
        0.0,
        0.0,
        0.0,
        0.0,
        0.0,
        0.0,
        0.0,
        0.0,
        0.0,
        1.0,
        0.0,
        0.0,
        0.0,
        0.0,
        0.0,
        0.0,
        0.0,
        0.0,
        0.0,
        0.0,
        0.0,
        0.0,
        0.0,
        0.0,
        0.0,
        0.0,
        0.0,
        0.0,
        1.0,
        0.0,
        0.0,
        0.0,
        0.0,
        0.0,
        0.0,
        0.0,
        0.0,
        0.0,
        0.0,
        0.0,
        0.0,
        0.0,
        0.0,
        0.0,
        0.0,
        0.0,
        0.0,
        0.0,
        0.0,
        0.0,
        0.0,
        0.0,
        0.0,
        0.0,
        0.0,
        0.0,
        0.0,
        0.0,
        0.0,
        0.0,
        0.0,
        0.0,
        0.0,
        0.0,
        0.0,
        0.0,
        0.0,
        0.0,
        0.0,
        0.0,
        0.0,
        0.0,
        0.0,
        0.0,
        0.0,
        0.0,
        1.0,
        0.0,
        0.0,
        0.0,
        0.0,
        0.0,
        0.0,
        0.0,
        0.0,
        0.0,
        0.0,
        0.0,
        0.0,
        0.0,
        0.0,
        0.0,
        0.0,
        0.0,
        0.0,
        1.0,
        0.0,
        0.0,
        0.0,
        0.0,
        0.0,
        0.0,
        0.0,
        0.0,
        0.0,
        0.0,
        0.0,
        0.0,
        0.0,
        0.0,
        0.0,
        0.0,
        0.0,
        0.0,
        0.0,
        0.0,
        0.0,
        0.0,
        0.0,
        0.0,
        0.0,
        0.0,
        0.0,
        0.0,
        0.0,
        0.0,
        1.0,
        0.0,
        0.0,
        0.0,
        0.0,
        0.0,
        0.0,
        0.0,
        0.0,
        0.0,
        1.0,
        0.0,
        0.0,
        0.0,
        0.0,
        0.0,
        0.0,
        0.0,
        0.0
    ],
    "hold_count_norm": 0.09972664227977365,
    "hold_density": 0.24999999999999994,
    "vertical_progress": 0.11111111111111112
}