{
    "data.grade": "7C",
    "data.userGrade": null,
    "data.method": "Feet follow hands + screw ons",
    "data.userRating": 1.791759469228055,
    "data.repeats": 0.6931471805599453,
    "data.moves": [
        {
            "problemId": 348404,
            "description": "D9",
            "isStart": false,
            "isEnd": false,
            "normalized_coordinates": [
                0.2727272727272727,
                0.4444444444444444
            ],
            "neighbors": [
                [
                    0.5454545454545454,
                    0.2777777777777778
                ],
                [
                    0.2727272727272727,
                    0.1111111111111111
                ],
                [
                    0.7272727272727273,
                    0.6666666666666666
                ]
            ],
            "edge_distances": [
                0.4444444444444444,
                0.5555555555555556
            ],
            "dx": 0.4545454545454546,
            "dy": 0.2222222222222222,
            "move_angle": 0.45471927482096935,
            "move_distance": 0.5059587792471998,
            "hold_type": 1.0
        },
        {
            "problemId": 348404,
            "description": "I13",
            "isStart": false,
            "isEnd": false,
            "normalized_coordinates": [
                0.7272727272727273,
                0.6666666666666666
            ],
            "neighbors": [
                [
                    0.9090909090909091,
                    0.3888888888888889
                ],
                [
                    0.5454545454545454,
                    0.9444444444444444
                ],
                [
                    0.5454545454545454,
                    0.2777777777777778
                ]
            ],
            "edge_distances": [
                0.6666666666666666,
                0.33333333333333337
            ],
            "dx": -0.18181818181818188,
            "dy": -0.38888888888888884,
            "move_angle": -2.008134218542781,
            "move_distance": 0.4292929292929293,
            "angle_difference": -2.4628534933637503,
            "hold_type": 0.75
        },
        {
            "problemId": 348404,
            "description": "G6",
            "isStart": true,
            "isEnd": false,
            "normalized_coordinates": [
                0.5454545454545454,
                0.2777777777777778
            ],
            "neighbors": [
                [
                    0.2727272727272727,
                    0.4444444444444444
                ],
                [
                    0.2727272727272727,
                    0.1111111111111111
                ],
                [
                    0.9090909090909091,
                    0.3888888888888889
                ]
            ],
            "edge_distances": [
                0.2777777777777778,
                0.7222222222222222
            ],
            "dx": -0.2727272727272727,
            "dy": -0.16666666666666669,
            "move_angle": -2.593043251139265,
            "move_distance": 0.319621562268621,
            "angle_difference": -0.5849090325964843,
            "hold_type": 0.0
        },
        {
            "problemId": 348404,
            "description": "D3",
            "isStart": true,
            "isEnd": false,
            "normalized_coordinates": [
                0.2727272727272727,
                0.1111111111111111
            ],
            "neighbors": [
                [
                    0.5454545454545454,
                    0.2777777777777778
                ],
                [
                    0.2727272727272727,
                    0.4444444444444444
                ],
                [
                    0.9090909090909091,
                    0.3888888888888889
                ]
            ],
            "edge_distances": [
                0.1111111111111111,
                0.8888888888888888
            ],
            "dx": 0.6363636363636364,
            "dy": 0.2777777777777778,
            "move_angle": 0.4115774555343208,
            "move_distance": 0.6943480190172007,
            "angle_difference": 3.004620706673586,
            "hold_type": 0.75
        },
        {
            "problemId": 348404,
            "description": "K8",
            "isStart": false,
            "isEnd": false,
            "normalized_coordinates": [
                0.9090909090909091,
                0.3888888888888889
            ],
            "neighbors": [
                [
                    0.7272727272727273,
                    0.6666666666666666
                ],
                [
                    0.5454545454545454,
                    0.2777777777777778
                ],
                [
                    0.2727272727272727,
                    0.4444444444444444
                ]
            ],
            "edge_distances": [
                0.3888888888888889,
                0.6111111111111112
            ],
            "dx": -0.36363636363636365,
            "dy": 0.5555555555555556,
            "move_angle": 2.1503603120882198,
            "move_distance": 0.6639829668502948,
            "angle_difference": 1.738782856553899,
            "hold_type": 1.0
        },
        {
            "problemId": 348404,
            "description": "G18",
            "isStart": false,
            "isEnd": true,
            "normalized_coordinates": [
                0.5454545454545454,
                0.9444444444444444
            ],
            "neighbors": [
                [
                    0.7272727272727273,
                    0.6666666666666666
                ],
                [
                    0.2727272727272727,
                    0.4444444444444444
                ],
                [
                    0.9090909090909091,
                    0.3888888888888889
                ]
            ],
            "edge_distances": [
                0.9444444444444444,
                0.05555555555555558
            ],
            "hold_type": 0.0
        }
    ],
    "data.apiId": 348404,
    "hold_presence": [
        0.0,
        0.0,
        0.0,
        0.0,
        0.0,
        0.0,
        0.0,
        0.0,
        0.0,
        0.0,
        0.0,
        0.0,
        0.0,
        0.0,
        0.0,
        0.0,
        0.0,
        0.0,
        0.0,
        0.0,
        0.0,
        0.0,
        0.0,
        0.0,
        0.0,
        1.0,
        0.0,
        0.0,
        0.0,
        0.0,
        0.0,
        0.0,
        0.0,
        0.0,
        0.0,
        0.0,
        0.0,
        0.0,
        0.0,
        0.0,
        0.0,
        0.0,
        0.0,
        0.0,
        0.0,
        0.0,
        0.0,
        0.0,
        0.0,
        0.0,
        0.0,
        0.0,
        0.0,
        0.0,
        0.0,
        0.0,
        0.0,
        0.0,
        0.0,
        0.0,
        0.0,
        1.0,
        0.0,
        0.0,
        0.0,
        0.0,
        0.0,
        0.0,
        0.0,
        0.0,
        0.0,
        0.0,
        0.0,
        0.0,
        0.0,
        0.0,
        0.0,
        0.0,
        0.0,
        0.0,
        0.0,
        0.0,
        0.0,
        0.0,
        0.0,
        0.0,
        0.0,
        1.0,
        0.0,
        0.0,
        0.0,
        1.0,
        0.0,
        0.0,
        0.0,
        0.0,
        0.0,
        0.0,
        0.0,
        0.0,
        0.0,
        0.0,
        0.0,
        0.0,
        0.0,
        0.0,
        0.0,
        0.0,
        0.0,
        0.0,
        0.0,
        0.0,
        0.0,
        0.0,
        0.0,
        0.0,
        0.0,
        0.0,
        0.0,
        0.0,
        0.0,
        0.0,
        0.0,
        0.0,
        0.0,
        0.0,
        0.0,
        0.0,
        0.0,
        0.0,
        0.0,
        0.0,
        0.0,
        0.0,
        0.0,
        0.0,
        0.0,
        0.0,
        0.0,
        0.0,
        1.0,
        0.0,
        0.0,
        0.0,
        0.0,
        0.0,
        0.0,
        0.0,
        0.0,
        0.0,
        0.0,
        0.0,
        0.0,
        0.0,
        0.0,
        0.0,
        0.0,
        0.0,
        0.0,
        0.0,
        0.0,
        0.0,
        0.0,
        0.0,
        0.0,
        0.0,
        0.0,
        0.0,
        0.0,
        0.0,
        0.0,
        0.0,
        0.0,
        0.0,
        0.0,
        0.0,
        0.0,
        0.0,
        0.0,
        0.0,
        0.0,
        0.0,
        0.0,
        0.0,
        0.0,
        0.0,
        0.0,
        0.0,
        0.0,
        0.0,
        0.0,
        0.0,
        0.0,
        1.0,
        0.0,
        0.0,
        0.0,
        0.0
    ],
    "hold_count_norm": -0.9624506127710697,
    "hold_density": 0.303030303030303,
    "vertical_progress": 0.1
}