{
    "data.grade": "7C",
    "data.userGrade": "7C",
    "data.method": "Feet follow hands",
    "data.userRating": 1.6094379124341003,
    "data.repeats": 1.3862943611198906,
    "data.moves": [
        {
            "problemId": 326399,
            "description": "B10",
            "isStart": false,
            "isEnd": false,
            "normalized_coordinates": [
                0.09090909090909091,
                0.5
            ],
            "neighbors": [
                [
                    0.2727272727272727,
                    0.3333333333333333
                ],
                [
                    0.0,
                    0.16666666666666666
                ],
                [
                    0.45454545454545453,
                    0.5555555555555556
                ]
            ],
            "edge_distances": [
                0.5,
                0.5
            ],
            "dx": 0.36363636363636365,
            "dy": 0.05555555555555558,
            "move_angle": 0.15160548743827287,
            "move_distance": 0.36785571181071,
            "hold_type": 0.5
        },
        {
            "problemId": 326399,
            "description": "F11",
            "isStart": false,
            "isEnd": false,
            "normalized_coordinates": [
                0.45454545454545453,
                0.5555555555555556
            ],
            "neighbors": [
                [
                    0.7272727272727273,
                    0.5
                ],
                [
                    0.2727272727272727,
                    0.3333333333333333
                ],
                [
                    0.7272727272727273,
                    0.7777777777777778
                ]
            ],
            "edge_distances": [
                0.5555555555555556,
                0.4444444444444444
            ],
            "dx": 0.3636363636363637,
            "dy": 0.05555555555555558,
            "move_angle": 0.15160548743827287,
            "move_distance": 0.3678557118107101,
            "angle_difference": 0.0,
            "hold_type": 1.0
        },
        {
            "problemId": 326399,
            "description": "J12",
            "isStart": false,
            "isEnd": false,
            "normalized_coordinates": [
                0.8181818181818182,
                0.6111111111111112
            ],
            "neighbors": [
                [
                    0.7272727272727273,
                    0.5
                ],
                [
                    0.7272727272727273,
                    0.7777777777777778
                ],
                [
                    0.7272727272727273,
                    0.9444444444444444
                ]
            ],
            "edge_distances": [
                0.6111111111111112,
                0.38888888888888884
            ],
            "dx": -0.09090909090909094,
            "dy": 0.16666666666666663,
            "move_angle": 2.070143048475027,
            "move_distance": 0.18984794069911615,
            "angle_difference": 1.918537561036754,
            "hold_type": 0.5
        },
        {
            "problemId": 326399,
            "description": "I15",
            "isStart": false,
            "isEnd": false,
            "normalized_coordinates": [
                0.7272727272727273,
                0.7777777777777778
            ],
            "neighbors": [
                [
                    0.7272727272727273,
                    0.9444444444444444
                ],
                [
                    0.8181818181818182,
                    0.6111111111111112
                ],
                [
                    0.7272727272727273,
                    0.5
                ]
            ],
            "edge_distances": [
                0.7777777777777778,
                0.2222222222222222
            ],
            "dx": 0.0,
            "dy": 0.16666666666666663,
            "move_angle": 1.5707963267948966,
            "move_distance": 0.16666666666666663,
            "angle_difference": -0.4993467216801304,
            "hold_type": 0.25
        },
        {
            "problemId": 326399,
            "description": "I18",
            "isStart": false,
            "isEnd": true,
            "normalized_coordinates": [
                0.7272727272727273,
                0.9444444444444444
            ],
            "neighbors": [
                [
                    0.7272727272727273,
                    0.7777777777777778
                ],
                [
                    0.8181818181818182,
                    0.6111111111111112
                ],
                [
                    0.7272727272727273,
                    0.5
                ]
            ],
            "edge_distances": [
                0.9444444444444444,
                0.05555555555555558
            ],
            "dx": -0.4545454545454546,
            "dy": -0.6111111111111112,
            "move_angle": -2.2103186767427414,
            "move_distance": 0.7616221900466076,
            "angle_difference": -3.781115003537638,
            "hold_type": 0.5
        },
        {
            "problemId": 326399,
            "description": "D7",
            "isStart": false,
            "isEnd": false,
            "normalized_coordinates": [
                0.2727272727272727,
                0.3333333333333333
            ],
            "neighbors": [
                [
                    0.18181818181818182,
                    0.1111111111111111
                ],
                [
                    0.09090909090909091,
                    0.5
                ],
                [
                    0.45454545454545453,
                    0.5555555555555556
                ]
            ],
            "edge_distances": [
                0.3333333333333333,
                0.6666666666666667
            ],
            "dx": 0.4545454545454546,
            "dy": 0.16666666666666669,
            "move_angle": 0.3514447940035517,
            "move_distance": 0.48413773662637755,
            "angle_difference": 2.561763470746293,
            "hold_type": 0.25
        },
        {
            "problemId": 326399,
            "description": "I10",
            "isStart": false,
            "isEnd": false,
            "normalized_coordinates": [
                0.7272727272727273,
                0.5
            ],
            "neighbors": [
                [
                    0.8181818181818182,
                    0.6111111111111112
                ],
                [
                    0.7272727272727273,
                    0.7777777777777778
                ],
                [
                    0.45454545454545453,
                    0.5555555555555556
                ]
            ],
            "edge_distances": [
                0.5,
                0.5
            ],
            "dx": -0.7272727272727273,
            "dy": -0.33333333333333337,
            "move_angle": -2.7118303744931045,
            "move_distance": 0.8000229565117628,
            "angle_difference": -3.063275168496656,
            "hold_type": 0.5
        },
        {
            "problemId": 326399,
            "description": "A4",
            "isStart": true,
            "isEnd": false,
            "normalized_coordinates": [
                0.0,
                0.16666666666666666
            ],
            "neighbors": [
                [
                    0.18181818181818182,
                    0.1111111111111111
                ],
                [
                    0.2727272727272727,
                    0.3333333333333333
                ],
                [
                    0.09090909090909091,
                    0.5
                ]
            ],
            "edge_distances": [
                0.16666666666666666,
                0.8333333333333334
            ],
            "dx": 0.18181818181818182,
            "dy": -0.05555555555555555,
            "move_angle": -0.29654580906970046,
            "move_distance": 0.19011646691635062,
            "angle_difference": 2.415284565423404,
            "hold_type": 1.0
        },
        {
            "problemId": 326399,
            "description": "C3",
            "isStart": true,
            "isEnd": false,
            "normalized_coordinates": [
                0.18181818181818182,
                0.1111111111111111
            ],
            "neighbors": [
                [
                    0.0,
                    0.16666666666666666
                ],
                [
                    0.2727272727272727,
                    0.3333333333333333
                ],
                [
                    0.09090909090909091,
                    0.5
                ]
            ],
            "edge_distances": [
                0.1111111111111111,
                0.8888888888888888
            ],
            "hold_type": 0.0
        }
    ],
    "data.apiId": 326399,
    "hold_presence": [
        0.0,
        0.0,
        0.0,
        0.0,
        0.0,
        0.0,
        0.0,
        0.0,
        0.0,
        0.0,
        0.0,
        0.0,
        0.0,
        0.0,
        0.0,
        0.0,
        0.0,
        0.0,
        0.0,
        0.0,
        0.0,
        0.0,
        0.0,
        0.0,
        1.0,
        0.0,
        0.0,
        0.0,
        0.0,
        0.0,
        0.0,
        0.0,
        0.0,
        1.0,
        0.0,
        0.0,
        0.0,
        0.0,
        0.0,
        0.0,
        0.0,
        0.0,
        0.0,
        0.0,
        0.0,
        0.0,
        0.0,
        0.0,
        0.0,
        0.0,
        0.0,
        0.0,
        0.0,
        0.0,
        0.0,
        0.0,
        0.0,
        0.0,
        0.0,
        0.0,
        0.0,
        0.0,
        0.0,
        0.0,
        0.0,
        0.0,
        0.0,
        0.0,
        0.0,
        1.0,
        0.0,
        0.0,
        0.0,
        0.0,
        0.0,
        0.0,
        0.0,
        0.0,
        0.0,
        0.0,
        0.0,
        0.0,
        0.0,
        0.0,
        0.0,
        0.0,
        0.0,
        0.0,
        0.0,
        0.0,
        0.0,
        0.0,
        0.0,
        0.0,
        0.0,
        0.0,
        0.0,
        0.0,
        0.0,
        0.0,
        1.0,
        0.0,
        0.0,
        0.0,
        0.0,
        0.0,
        0.0,
        1.0,
        0.0,
        0.0,
        0.0,
        0.0,
        0.0,
        0.0,
        0.0,
        1.0,
        0.0,
        0.0,
        0.0,
        0.0,
        0.0,
        0.0,
        0.0,
        0.0,
        0.0,
        0.0,
        0.0,
        0.0,
        0.0,
        0.0,
        1.0,
        0.0,
        0.0,
        0.0,
        0.0,
        0.0,
        0.0,
        0.0,
        0.0,
        0.0,
        0.0,
        0.0,
        0.0,
        0.0,
        0.0,
        0.0,
        0.0,
        0.0,
        0.0,
        0.0,
        0.0,
        0.0,
        0.0,
        0.0,
        0.0,
        0.0,
        0.0,
        0.0,
        0.0,
        0.0,
        0.0,
        0.0,
        1.0,
        0.0,
        0.0,
        0.0,
        0.0,
        0.0,
        0.0,
        0.0,
        0.0,
        0.0,
        0.0,
        0.0,
        0.0,
        0.0,
        0.0,
        0.0,
        0.0,
        0.0,
        0.0,
        0.0,
        0.0,
        0.0,
        0.0,
        0.0,
        0.0,
        0.0,
        0.0,
        0.0,
        0.0,
        0.0,
        0.0,
        0.0,
        0.0,
        1.0,
        0.0,
        0.0
    ],
    "hold_count_norm": 0.6308152698051953,
    "hold_density": 0.3737373737373737,
    "vertical_progress": -0.04861111111111113
}