{
    "data.grade": "7C",
    "data.userGrade": "7C",
    "data.method": "Feet follow hands",
    "data.userRating": 1.791759469228055,
    "data.repeats": 2.8903717578961645,
    "data.moves": [
        {
            "problemId": 355533,
            "description": "D18",
            "isStart": false,
            "isEnd": true,
            "normalized_coordinates": [
                0.2727272727272727,
                0.9444444444444444
            ],
            "neighbors": [
                [
                    0.18181818181818182,
                    0.7777777777777778
                ],
                [
                    0.36363636363636365,
                    0.6111111111111112
                ],
                [
                    0.5454545454545454,
                    0.5555555555555556
                ]
            ],
            "edge_distances": [
                0.9444444444444444,
                0.05555555555555558
            ],
            "dx": 0.4545454545454546,
            "dy": -0.7222222222222222,
            "move_angle": -1.0090602588783764,
            "move_distance": 0.8533560268255793,
            "hold_type": 1.0
        },
        {
            "problemId": 355533,
            "description": "I5",
            "isStart": true,
            "isEnd": false,
            "normalized_coordinates": [
                0.7272727272727273,
                0.2222222222222222
            ],
            "neighbors": [
                [
                    0.6363636363636364,
                    0.16666666666666666
                ],
                [
                    0.5454545454545454,
                    0.5555555555555556
                ],
                [
                    0.36363636363636365,
                    0.6111111111111112
                ]
            ],
            "edge_distances": [
                0.2222222222222222,
                0.7777777777777778
            ],
            "dx": -0.09090909090909094,
            "dy": -0.05555555555555555,
            "move_angle": -2.593043251139265,
            "move_distance": 0.10654052075620703,
            "angle_difference": -1.5839829922608888,
            "hold_type": 0.5
        },
        {
            "problemId": 355533,
            "description": "H4",
            "isStart": true,
            "isEnd": false,
            "normalized_coordinates": [
                0.6363636363636364,
                0.16666666666666666
            ],
            "neighbors": [
                [
                    0.7272727272727273,
                    0.2222222222222222
                ],
                [
                    0.5454545454545454,
                    0.5555555555555556
                ],
                [
                    0.36363636363636365,
                    0.6111111111111112
                ]
            ],
            "edge_distances": [
                0.16666666666666666,
                0.8333333333333334
            ],
            "dx": -0.5454545454545454,
            "dy": 0.16666666666666666,
            "move_angle": 2.845046844520093,
            "move_distance": 0.5703494007490518,
            "angle_difference": 5.4380900956593585,
            "hold_type": 0.5
        },
        {
            "problemId": 355533,
            "description": "B7",
            "isStart": false,
            "isEnd": false,
            "normalized_coordinates": [
                0.09090909090909091,
                0.3333333333333333
            ],
            "neighbors": [
                [
                    0.36363636363636365,
                    0.6111111111111112
                ],
                [
                    0.18181818181818182,
                    0.7777777777777778
                ],
                [
                    0.5454545454545454,
                    0.5555555555555556
                ]
            ],
            "edge_distances": [
                0.3333333333333333,
                0.6666666666666667
            ],
            "dx": 0.2727272727272727,
            "dy": 0.27777777777777785,
            "move_angle": 0.7945722179425585,
            "move_distance": 0.38928223580895227,
            "angle_difference": -2.050474626577534,
            "hold_type": 0.0
        },
        {
            "problemId": 355533,
            "description": "E12",
            "isStart": false,
            "isEnd": false,
            "normalized_coordinates": [
                0.36363636363636365,
                0.6111111111111112
            ],
            "neighbors": [
                [
                    0.5454545454545454,
                    0.5555555555555556
                ],
                [
                    0.18181818181818182,
                    0.7777777777777778
                ],
                [
                    0.2727272727272727,
                    0.9444444444444444
                ]
            ],
            "edge_distances": [
                0.6111111111111112,
                0.38888888888888884
            ],
            "dx": 0.18181818181818177,
            "dy": -0.05555555555555558,
            "move_angle": -0.2965458090697007,
            "move_distance": 0.19011646691635056,
            "angle_difference": -1.0911180270122591,
            "hold_type": 0.0
        },
        {
            "problemId": 355533,
            "description": "G11",
            "isStart": false,
            "isEnd": false,
            "normalized_coordinates": [
                0.5454545454545454,
                0.5555555555555556
            ],
            "neighbors": [
                [
                    0.36363636363636365,
                    0.6111111111111112
                ],
                [
                    0.7272727272727273,
                    0.2222222222222222
                ],
                [
                    0.6363636363636364,
                    0.16666666666666666
                ]
            ],
            "edge_distances": [
                0.5555555555555556,
                0.4444444444444444
            ],
            "dx": -0.3636363636363636,
            "dy": 0.2222222222222222,
            "move_angle": 2.593043251139265,
            "move_distance": 0.426162083024828,
            "angle_difference": 2.8895890602089658,
            "hold_type": 0.0
        },
        {
            "problemId": 355533,
            "description": "C15",
            "isStart": false,
            "isEnd": false,
            "normalized_coordinates": [
                0.18181818181818182,
                0.7777777777777778
            ],
            "neighbors": [
                [
                    0.2727272727272727,
                    0.9444444444444444
                ],
                [
                    0.36363636363636365,
                    0.6111111111111112
                ],
                [
                    0.5454545454545454,
                    0.5555555555555556
                ]
            ],
            "edge_distances": [
                0.7777777777777778,
                0.2222222222222222
            ],
            "hold_type": 1.0
        }
    ],
    "data.apiId": 355533,
    "hold_presence": [
        0.0,
        0.0,
        0.0,
        0.0,
        0.0,
        0.0,
        0.0,
        0.0,
        0.0,
        0.0,
        0.0,
        0.0,
        0.0,
        0.0,
        0.0,
        0.0,
        0.0,
        0.0,
        0.0,
        0.0,
        0.0,
        0.0,
        0.0,
        0.0,
        0.0,
        0.0,
        0.0,
        0.0,
        0.0,
        0.0,
        0.0,
        0.0,
        0.0,
        0.0,
        0.0,
        0.0,
        0.0,
        0.0,
        0.0,
        0.0,
        1.0,
        0.0,
        0.0,
        0.0,
        0.0,
        0.0,
        0.0,
        0.0,
        0.0,
        0.0,
        0.0,
        0.0,
        1.0,
        0.0,
        0.0,
        0.0,
        0.0,
        0.0,
        0.0,
        0.0,
        0.0,
        0.0,
        0.0,
        0.0,
        0.0,
        0.0,
        0.0,
        1.0,
        0.0,
        0.0,
        0.0,
        0.0,
        0.0,
        0.0,
        0.0,
        0.0,
        0.0,
        0.0,
        0.0,
        0.0,
        0.0,
        0.0,
        0.0,
        0.0,
        0.0,
        0.0,
        0.0,
        0.0,
        0.0,
        0.0,
        0.0,
        0.0,
        0.0,
        0.0,
        0.0,
        0.0,
        0.0,
        0.0,
        0.0,
        0.0,
        0.0,
        0.0,
        0.0,
        0.0,
        0.0,
        0.0,
        0.0,
        0.0,
        0.0,
        0.0,
        0.0,
        0.0,
        0.0,
        0.0,
        0.0,
        0.0,
        1.0,
        0.0,
        0.0,
        0.0,
        0.0,
        0.0,
        0.0,
        0.0,
        0.0,
        1.0,
        0.0,
        0.0,
        0.0,
        0.0,
        0.0,
        0.0,
        0.0,
        0.0,
        0.0,
        0.0,
        0.0,
        0.0,
        0.0,
        0.0,
        0.0,
        0.0,
        0.0,
        0.0,
        0.0,
        0.0,
        0.0,
        0.0,
        0.0,
        0.0,
        0.0,
        0.0,
        0.0,
        0.0,
        0.0,
        0.0,
        1.0,
        0.0,
        0.0,
        0.0,
        0.0,
        0.0,
        0.0,
        0.0,
        0.0,
        0.0,
        0.0,
        0.0,
        0.0,
        0.0,
        0.0,
        0.0,
        0.0,
        0.0,
        0.0,
        0.0,
        0.0,
        0.0,
        0.0,
        0.0,
        0.0,
        0.0,
        0.0,
        0.0,
        0.0,
        0.0,
        0.0,
        0.0,
        0.0,
        0.0,
        1.0,
        0.0,
        0.0,
        0.0,
        0.0,
        0.0,
        0.0,
        0.0
    ],
    "hold_count_norm": -0.431361985245648,
    "hold_density": 0.2943722943722943,
    "vertical_progress": -0.02777777777777778
}