{
    "data.grade": "7C",
    "data.userGrade": null,
    "data.method": "Feet follow hands",
    "data.userRating": 1.791759469228055,
    "data.repeats": 1.0986122886681096,
    "data.moves": [
        {
            "problemId": 368875,
            "description": "I15",
            "isStart": false,
            "isEnd": false,
            "normalized_coordinates": [
                0.7272727272727273,
                0.7777777777777778
            ],
            "neighbors": [
                [
                    0.5454545454545454,
                    0.6111111111111112
                ],
                [
                    0.5454545454545454,
                    0.4444444444444444
                ],
                [
                    0.36363636363636365,
                    0.9444444444444444
                ]
            ],
            "edge_distances": [
                0.7777777777777778,
                0.2222222222222222
            ],
            "dx": -0.18181818181818188,
            "dy": -0.16666666666666663,
            "move_angle": -2.399645385583876,
            "move_distance": 0.24664879691060163,
            "hold_type": 0.25
        },
        {
            "problemId": 368875,
            "description": "G12",
            "isStart": false,
            "isEnd": false,
            "normalized_coordinates": [
                0.5454545454545454,
                0.6111111111111112
            ],
            "neighbors": [
                [
                    0.5454545454545454,
                    0.4444444444444444
                ],
                [
                    0.7272727272727273,
                    0.7777777777777778
                ],
                [
                    0.36363636363636365,
                    0.9444444444444444
                ]
            ],
            "edge_distances": [
                0.6111111111111112,
                0.38888888888888884
            ],
            "dx": 0.0,
            "dy": -0.16666666666666674,
            "move_angle": -1.5707963267948966,
            "move_distance": 0.16666666666666674,
            "angle_difference": 0.8288490587889794,
            "hold_type": 0.0
        },
        {
            "problemId": 368875,
            "description": "G9",
            "isStart": false,
            "isEnd": false,
            "normalized_coordinates": [
                0.5454545454545454,
                0.4444444444444444
            ],
            "neighbors": [
                [
                    0.5454545454545454,
                    0.6111111111111112
                ],
                [
                    0.7272727272727273,
                    0.7777777777777778
                ],
                [
                    0.18181818181818182,
                    0.2777777777777778
                ]
            ],
            "edge_distances": [
                0.4444444444444444,
                0.5555555555555556
            ],
            "dx": -0.3636363636363636,
            "dy": -0.16666666666666663,
            "move_angle": -2.711830374493105,
            "move_distance": 0.40001147825588135,
            "angle_difference": -1.1410340476982084,
            "hold_type": 0.0
        },
        {
            "problemId": 368875,
            "description": "C6",
            "isStart": true,
            "isEnd": false,
            "normalized_coordinates": [
                0.18181818181818182,
                0.2777777777777778
            ],
            "neighbors": [
                [
                    0.09090909090909091,
                    0.2222222222222222
                ],
                [
                    0.5454545454545454,
                    0.4444444444444444
                ],
                [
                    0.5454545454545454,
                    0.6111111111111112
                ]
            ],
            "edge_distances": [
                0.2777777777777778,
                0.7222222222222222
            ],
            "dx": -0.09090909090909091,
            "dy": -0.05555555555555558,
            "move_angle": -2.593043251139265,
            "move_distance": 0.10654052075620701,
            "angle_difference": 0.11878712335383979,
            "hold_type": 0.0
        },
        {
            "problemId": 368875,
            "description": "B5",
            "isStart": true,
            "isEnd": false,
            "normalized_coordinates": [
                0.09090909090909091,
                0.2222222222222222
            ],
            "neighbors": [
                [
                    0.18181818181818182,
                    0.2777777777777778
                ],
                [
                    0.5454545454545454,
                    0.4444444444444444
                ],
                [
                    0.5454545454545454,
                    0.6111111111111112
                ]
            ],
            "edge_distances": [
                0.2222222222222222,
                0.7777777777777778
            ],
            "dx": 0.2727272727272727,
            "dy": 0.7222222222222222,
            "move_angle": 1.2097285702123852,
            "move_distance": 0.7720007147411595,
            "angle_difference": 3.8027718213516506,
            "hold_type": 0.5
        },
        {
            "problemId": 368875,
            "description": "E18",
            "isStart": false,
            "isEnd": true,
            "normalized_coordinates": [
                0.36363636363636365,
                0.9444444444444444
            ],
            "neighbors": [
                [
                    0.5454545454545454,
                    0.6111111111111112
                ],
                [
                    0.7272727272727273,
                    0.7777777777777778
                ],
                [
                    0.5454545454545454,
                    0.4444444444444444
                ]
            ],
            "edge_distances": [
                0.9444444444444444,
                0.05555555555555558
            ],
            "hold_type": 1.0
        }
    ],
    "data.apiId": 368875,
    "hold_presence": [
        0.0,
        0.0,
        0.0,
        0.0,
        0.0,
        0.0,
        0.0,
        0.0,
        0.0,
        0.0,
        0.0,
        0.0,
        0.0,
        0.0,
        0.0,
        0.0,
        0.0,
        0.0,
        0.0,
        0.0,
        0.0,
        0.0,
        0.0,
        0.0,
        0.0,
        0.0,
        0.0,
        0.0,
        0.0,
        0.0,
        0.0,
        0.0,
        0.0,
        0.0,
        0.0,
        0.0,
        0.0,
        0.0,
        0.0,
        0.0,
        0.0,
        0.0,
        0.0,
        0.0,
        0.0,
        1.0,
        0.0,
        0.0,
        0.0,
        0.0,
        0.0,
        0.0,
        0.0,
        0.0,
        0.0,
        0.0,
        0.0,
        1.0,
        0.0,
        0.0,
        0.0,
        0.0,
        0.0,
        0.0,
        0.0,
        0.0,
        0.0,
        0.0,
        0.0,
        0.0,
        0.0,
        0.0,
        0.0,
        0.0,
        0.0,
        0.0,
        0.0,
        0.0,
        0.0,
        0.0,
        0.0,
        0.0,
        0.0,
        0.0,
        0.0,
        0.0,
        0.0,
        0.0,
        0.0,
        0.0,
        0.0,
        0.0,
        0.0,
        0.0,
        1.0,
        0.0,
        0.0,
        0.0,
        0.0,
        0.0,
        0.0,
        0.0,
        0.0,
        0.0,
        0.0,
        0.0,
        0.0,
        0.0,
        0.0,
        0.0,
        0.0,
        0.0,
        0.0,
        0.0,
        0.0,
        0.0,
        0.0,
        0.0,
        0.0,
        0.0,
        0.0,
        0.0,
        0.0,
        0.0,
        0.0,
        0.0,
        0.0,
        1.0,
        0.0,
        0.0,
        0.0,
        0.0,
        0.0,
        0.0,
        0.0,
        0.0,
        0.0,
        0.0,
        0.0,
        0.0,
        0.0,
        0.0,
        0.0,
        0.0,
        0.0,
        0.0,
        0.0,
        0.0,
        0.0,
        0.0,
        0.0,
        0.0,
        0.0,
        0.0,
        0.0,
        0.0,
        0.0,
        0.0,
        0.0,
        0.0,
        0.0,
        0.0,
        1.0,
        0.0,
        0.0,
        0.0,
        0.0,
        0.0,
        0.0,
        0.0,
        0.0,
        0.0,
        0.0,
        0.0,
        0.0,
        0.0,
        0.0,
        0.0,
        0.0,
        0.0,
        0.0,
        0.0,
        0.0,
        0.0,
        0.0,
        0.0,
        0.0,
        0.0,
        0.0,
        0.0,
        0.0,
        1.0,
        0.0,
        0.0,
        0.0,
        0.0,
        0.0,
        0.0
    ],
    "hold_count_norm": -0.9624506127710697,
    "hold_density": 0.29696969696969694,
    "vertical_progress": 0.033333333333333326
}