{
    "data.grade": "7C",
    "data.userGrade": null,
    "data.method": "Feet follow hands",
    "data.userRating": 1.791759469228055,
    "data.repeats": 0.6931471805599453,
    "data.moves": [
        {
            "problemId": 316374,
            "description": "K1",
            "isStart": true,
            "isEnd": false,
            "normalized_coordinates": [
                0.9090909090909091,
                0.0
            ],
            "neighbors": [
                [
                    0.5454545454545454,
                    0.2777777777777778
                ],
                [
                    0.7272727272727273,
                    0.4444444444444444
                ],
                [
                    0.2727272727272727,
                    0.5
                ]
            ],
            "edge_distances": [
                0.0,
                1.0
            ],
            "dx": -0.36363636363636365,
            "dy": 0.2777777777777778,
            "move_angle": 2.489261752200902,
            "move_distance": 0.4575935956564932,
            "hold_type": 0.0
        },
        {
            "problemId": 316374,
            "description": "G6",
            "isStart": false,
            "isEnd": false,
            "normalized_coordinates": [
                0.5454545454545454,
                0.2777777777777778
            ],
            "neighbors": [
                [
                    0.7272727272727273,
                    0.4444444444444444
                ],
                [
                    0.2727272727272727,
                    0.5
                ],
                [
                    0.9090909090909091,
                    0.0
                ]
            ],
            "edge_distances": [
                0.2777777777777778,
                0.7222222222222222
            ],
            "dx": 0.18181818181818188,
            "dy": 0.16666666666666663,
            "move_angle": 0.7419472680059171,
            "move_distance": 0.24664879691060163,
            "angle_difference": -1.7473144841949848,
            "hold_type": 0.0
        },
        {
            "problemId": 316374,
            "description": "I9",
            "isStart": false,
            "isEnd": false,
            "normalized_coordinates": [
                0.7272727272727273,
                0.4444444444444444
            ],
            "neighbors": [
                [
                    0.5454545454545454,
                    0.2777777777777778
                ],
                [
                    0.2727272727272727,
                    0.5
                ],
                [
                    0.9090909090909091,
                    0.0
                ]
            ],
            "edge_distances": [
                0.4444444444444444,
                0.5555555555555556
            ],
            "dx": -0.7272727272727273,
            "dy": -0.055555555555555525,
            "move_angle": -3.0653518297156546,
            "move_distance": 0.7293915543710369,
            "angle_difference": -3.8072990977215717,
            "hold_type": 0.5
        },
        {
            "problemId": 316374,
            "description": "A8",
            "isStart": false,
            "isEnd": false,
            "normalized_coordinates": [
                0.0,
                0.3888888888888889
            ],
            "neighbors": [
                [
                    0.2727272727272727,
                    0.5
                ],
                [
                    0.18181818181818182,
                    0.7777777777777778
                ],
                [
                    0.0,
                    0.9444444444444444
                ]
            ],
            "edge_distances": [
                0.3888888888888889,
                0.6111111111111112
            ],
            "dx": 0.18181818181818182,
            "dy": 0.3888888888888889,
            "move_angle": 1.1334584350470127,
            "move_distance": 0.4292929292929293,
            "angle_difference": 4.198810264762667,
            "hold_type": 0.75
        },
        {
            "problemId": 316374,
            "description": "C15",
            "isStart": false,
            "isEnd": false,
            "normalized_coordinates": [
                0.18181818181818182,
                0.7777777777777778
            ],
            "neighbors": [
                [
                    0.0,
                    0.9444444444444444
                ],
                [
                    0.2727272727272727,
                    0.5
                ],
                [
                    0.0,
                    0.3888888888888889
                ]
            ],
            "edge_distances": [
                0.7777777777777778,
                0.2222222222222222
            ],
            "dx": -0.18181818181818182,
            "dy": 0.16666666666666663,
            "move_angle": 2.399645385583876,
            "move_distance": 0.24664879691060157,
            "angle_difference": 1.2661869505368633,
            "hold_type": 1.0
        },
        {
            "problemId": 316374,
            "description": "A18",
            "isStart": false,
            "isEnd": true,
            "normalized_coordinates": [
                0.0,
                0.9444444444444444
            ],
            "neighbors": [
                [
                    0.18181818181818182,
                    0.7777777777777778
                ],
                [
                    0.2727272727272727,
                    0.5
                ],
                [
                    0.0,
                    0.3888888888888889
                ]
            ],
            "edge_distances": [
                0.9444444444444444,
                0.05555555555555558
            ],
            "dx": 0.2727272727272727,
            "dy": -0.4444444444444444,
            "move_angle": -1.0204103791181054,
            "move_distance": 0.5214508888541538,
            "angle_difference": -3.4200557647019814,
            "hold_type": 1.0
        },
        {
            "problemId": 316374,
            "description": "D10",
            "isStart": false,
            "isEnd": false,
            "normalized_coordinates": [
                0.2727272727272727,
                0.5
            ],
            "neighbors": [
                [
                    0.18181818181818182,
                    0.7777777777777778
                ],
                [
                    0.0,
                    0.3888888888888889
                ],
                [
                    0.5454545454545454,
                    0.2777777777777778
                ]
            ],
            "edge_distances": [
                0.5,
                0.5
            ],
            "hold_type": 0.75
        }
    ],
    "data.apiId": 316374,
    "hold_presence": [
        0.0,
        0.0,
        0.0,
        0.0,
        0.0,
        0.0,
        0.0,
        0.0,
        0.0,
        0.0,
        1.0,
        0.0,
        0.0,
        0.0,
        0.0,
        0.0,
        0.0,
        0.0,
        0.0,
        0.0,
        0.0,
        0.0,
        0.0,
        0.0,
        0.0,
        0.0,
        0.0,
        0.0,
        0.0,
        0.0,
        0.0,
        0.0,
        0.0,
        0.0,
        0.0,
        0.0,
        0.0,
        0.0,
        0.0,
        0.0,
        0.0,
        0.0,
        0.0,
        0.0,
        0.0,
        0.0,
        0.0,
        0.0,
        0.0,
        0.0,
        0.0,
        0.0,
        0.0,
        0.0,
        0.0,
        0.0,
        0.0,
        0.0,
        0.0,
        0.0,
        0.0,
        1.0,
        0.0,
        0.0,
        0.0,
        0.0,
        0.0,
        0.0,
        0.0,
        0.0,
        0.0,
        0.0,
        0.0,
        0.0,
        0.0,
        0.0,
        0.0,
        1.0,
        0.0,
        0.0,
        0.0,
        0.0,
        0.0,
        0.0,
        0.0,
        0.0,
        0.0,
        0.0,
        0.0,
        0.0,
        0.0,
        0.0,
        0.0,
        0.0,
        0.0,
        0.0,
        1.0,
        0.0,
        0.0,
        0.0,
        0.0,
        0.0,
        1.0,
        0.0,
        0.0,
        0.0,
        0.0,
        0.0,
        0.0,
        0.0,
        0.0,
        0.0,
        0.0,
        0.0,
        0.0,
        0.0,
        0.0,
        0.0,
        0.0,
        0.0,
        0.0,
        0.0,
        0.0,
        0.0,
        0.0,
        0.0,
        0.0,
        0.0,
        0.0,
        0.0,
        0.0,
        0.0,
        0.0,
        0.0,
        0.0,
        0.0,
        0.0,
        0.0,
        0.0,
        0.0,
        0.0,
        0.0,
        0.0,
        0.0,
        0.0,
        0.0,
        0.0,
        0.0,
        0.0,
        0.0,
        0.0,
        0.0,
        0.0,
        0.0,
        0.0,
        0.0,
        1.0,
        0.0,
        0.0,
        0.0,
        0.0,
        0.0,
        0.0,
        0.0,
        0.0,
        0.0,
        0.0,
        0.0,
        0.0,
        0.0,
        0.0,
        0.0,
        0.0,
        0.0,
        0.0,
        0.0,
        0.0,
        0.0,
        0.0,
        0.0,
        0.0,
        0.0,
        0.0,
        0.0,
        0.0,
        0.0,
        0.0,
        1.0,
        0.0,
        0.0,
        0.0,
        0.0,
        0.0,
        0.0,
        0.0,
        0.0,
        0.0,
        0.0
    ],
    "hold_count_norm": -0.431361985245648,
    "hold_density": 0.43290043290043295,
    "vertical_progress": 0.08333333333333333
}