{
    "data.grade": "7C",
    "data.userGrade": null,
    "data.method": "Feet follow hands",
    "data.userRating": 0.0,
    "data.repeats": 0.0,
    "data.moves": [
        {
            "problemId": 329113,
            "description": "D2",
            "isStart": true,
            "isEnd": false,
            "normalized_coordinates": [
                0.2727272727272727,
                0.05555555555555555
            ],
            "neighbors": [
                [
                    0.5454545454545454,
                    0.05555555555555555
                ],
                [
                    0.45454545454545453,
                    0.3333333333333333
                ],
                [
                    0.2727272727272727,
                    0.9444444444444444
                ]
            ],
            "edge_distances": [
                0.05555555555555555,
                0.9444444444444444
            ],
            "dx": 0.2727272727272727,
            "dy": 0.0,
            "move_angle": 0.0,
            "move_distance": 0.2727272727272727,
            "hold_type": 0.75
        },
        {
            "problemId": 329113,
            "description": "G2",
            "isStart": true,
            "isEnd": false,
            "normalized_coordinates": [
                0.5454545454545454,
                0.05555555555555555
            ],
            "neighbors": [
                [
                    0.2727272727272727,
                    0.05555555555555555
                ],
                [
                    0.45454545454545453,
                    0.3333333333333333
                ],
                [
                    0.6363636363636364,
                    0.9444444444444444
                ]
            ],
            "edge_distances": [
                0.05555555555555555,
                0.9444444444444444
            ],
            "dx": -0.2727272727272727,
            "dy": 0.8888888888888888,
            "move_angle": 1.8684965365061974,
            "move_distance": 0.9297868691691551,
            "angle_difference": 1.8684965365061974,
            "hold_type": 0.75
        },
        {
            "problemId": 329113,
            "description": "D18",
            "isStart": false,
            "isEnd": true,
            "normalized_coordinates": [
                0.2727272727272727,
                0.9444444444444444
            ],
            "neighbors": [
                [
                    0.6363636363636364,
                    0.9444444444444444
                ],
                [
                    0.45454545454545453,
                    0.3333333333333333
                ],
                [
                    0.2727272727272727,
                    0.05555555555555555
                ]
            ],
            "edge_distances": [
                0.9444444444444444,
                0.05555555555555558
            ],
            "dx": 0.36363636363636365,
            "dy": 0.0,
            "move_angle": 0.0,
            "move_distance": 0.36363636363636365,
            "angle_difference": -1.8684965365061974,
            "hold_type": 1.0
        },
        {
            "problemId": 329113,
            "description": "H18",
            "isStart": false,
            "isEnd": true,
            "normalized_coordinates": [
                0.6363636363636364,
                0.9444444444444444
            ],
            "neighbors": [
                [
                    0.2727272727272727,
                    0.9444444444444444
                ],
                [
                    0.45454545454545453,
                    0.3333333333333333
                ],
                [
                    0.5454545454545454,
                    0.05555555555555555
                ]
            ],
            "edge_distances": [
                0.9444444444444444,
                0.05555555555555558
            ],
            "dx": -0.18181818181818182,
            "dy": -0.6111111111111112,
            "move_angle": -1.8599769491794111,
            "move_distance": 0.6375850071662024,
            "angle_difference": -1.8599769491794111,
            "hold_type": 1.0
        },
        {
            "problemId": 329113,
            "description": "F7",
            "isStart": false,
            "isEnd": false,
            "normalized_coordinates": [
                0.45454545454545453,
                0.3333333333333333
            ],
            "neighbors": [
                [
                    0.5454545454545454,
                    0.05555555555555555
                ],
                [
                    0.2727272727272727,
                    0.05555555555555555
                ],
                [
                    0.2727272727272727,
                    0.9444444444444444
                ]
            ],
            "edge_distances": [
                0.3333333333333333,
                0.6666666666666667
            ],
            "hold_type": 1.0
        }
    ],
    "data.apiId": 329113,
    "hold_presence": [
        0.0,
        0.0,
        0.0,
        0.0,
        0.0,
        0.0,
        0.0,
        0.0,
        0.0,
        0.0,
        0.0,
        0.0,
        0.0,
        0.0,
        1.0,
        0.0,
        0.0,
        1.0,
        0.0,
        0.0,
        0.0,
        0.0,
        0.0,
        0.0,
        0.0,
        0.0,
        0.0,
        0.0,
        0.0,
        0.0,
        0.0,
        0.0,
        0.0,
        0.0,
        0.0,
        0.0,
        0.0,
        0.0,
        0.0,
        0.0,
        0.0,
        0.0,
        0.0,
        0.0,
        0.0,
        0.0,
        0.0,
        0.0,
        0.0,
        0.0,
        0.0,
        0.0,
        0.0,
        0.0,
        0.0,
        0.0,
        0.0,
        0.0,
        0.0,
        0.0,
        0.0,
        0.0,
        0.0,
        0.0,
        0.0,
        0.0,
        0.0,
        0.0,
        0.0,
        0.0,
        0.0,
        1.0,
        0.0,
        0.0,
        0.0,
        0.0,
        0.0,
        0.0,
        0.0,
        0.0,
        0.0,
        0.0,
        0.0,
        0.0,
        0.0,
        0.0,
        0.0,
        0.0,
        0.0,
        0.0,
        0.0,
        0.0,
        0.0,
        0.0,
        0.0,
        0.0,
        0.0,
        0.0,
        0.0,
        0.0,
        0.0,
        0.0,
        0.0,
        0.0,
        0.0,
        0.0,
        0.0,
        0.0,
        0.0,
        0.0,
        0.0,
        0.0,
        0.0,
        0.0,
        0.0,
        0.0,
        0.0,
        0.0,
        0.0,
        0.0,
        0.0,
        0.0,
        0.0,
        0.0,
        0.0,
        0.0,
        0.0,
        0.0,
        0.0,
        0.0,
        0.0,
        0.0,
        0.0,
        0.0,
        0.0,
        0.0,
        0.0,
        0.0,
        0.0,
        0.0,
        0.0,
        0.0,
        0.0,
        0.0,
        0.0,
        0.0,
        0.0,
        0.0,
        0.0,
        0.0,
        0.0,
        0.0,
        0.0,
        0.0,
        0.0,
        0.0,
        0.0,
        0.0,
        0.0,
        0.0,
        0.0,
        0.0,
        0.0,
        0.0,
        0.0,
        0.0,
        0.0,
        0.0,
        0.0,
        0.0,
        0.0,
        0.0,
        0.0,
        0.0,
        0.0,
        0.0,
        0.0,
        0.0,
        0.0,
        0.0,
        0.0,
        0.0,
        0.0,
        0.0,
        0.0,
        0.0,
        0.0,
        0.0,
        0.0,
        0.0,
        1.0,
        0.0,
        0.0,
        0.0,
        1.0,
        0.0,
        0.0,
        0.0
    ],
    "hold_count_norm": -1.4935392402964913,
    "hold_density": 0.2,
    "vertical_progress": 0.06944444444444442
}