{
    "data.grade": "7C",
    "data.userGrade": null,
    "data.method": "Feet follow hands",
    "data.userRating": 0.0,
    "data.repeats": 0.0,
    "data.moves": [
        {
            "problemId": 395624,
            "description": "K4",
            "isStart": true,
            "isEnd": false,
            "normalized_coordinates": [
                0.9090909090909091,
                0.16666666666666666
            ],
            "neighbors": [
                [
                    0.6363636363636364,
                    0.1111111111111111
                ],
                [
                    0.5454545454545454,
                    0.3333333333333333
                ],
                [
                    0.45454545454545453,
                    0.8333333333333334
                ]
            ],
            "edge_distances": [
                0.16666666666666666,
                0.8333333333333334
            ],
            "dx": -0.2727272727272727,
            "dy": -0.05555555555555555,
            "move_angle": -2.940638389901696,
            "move_distance": 0.2783281966354516,
            "hold_type": 1.0
        },
        {
            "problemId": 395624,
            "description": "H3",
            "isStart": true,
            "isEnd": false,
            "normalized_coordinates": [
                0.6363636363636364,
                0.1111111111111111
            ],
            "neighbors": [
                [
                    0.5454545454545454,
                    0.3333333333333333
                ],
                [
                    0.9090909090909091,
                    0.16666666666666666
                ],
                [
                    0.09090909090909091,
                    0.3888888888888889
                ]
            ],
            "edge_distances": [
                0.1111111111111111,
                0.8888888888888888
            ],
            "dx": -0.09090909090909094,
            "dy": 0.2222222222222222,
            "move_angle": 1.9591150449673627,
            "move_distance": 0.2400982691718124,
            "angle_difference": 4.899753434869059,
            "hold_type": 0.25
        },
        {
            "problemId": 395624,
            "description": "G7",
            "isStart": false,
            "isEnd": false,
            "normalized_coordinates": [
                0.5454545454545454,
                0.3333333333333333
            ],
            "neighbors": [
                [
                    0.6363636363636364,
                    0.1111111111111111
                ],
                [
                    0.9090909090909091,
                    0.16666666666666666
                ],
                [
                    0.09090909090909091,
                    0.3888888888888889
                ]
            ],
            "edge_distances": [
                0.3333333333333333,
                0.6666666666666667
            ],
            "dx": -0.4545454545454545,
            "dy": 0.05555555555555558,
            "move_angle": 3.0199736303284466,
            "move_distance": 0.4579279310120974,
            "angle_difference": 1.060858585361084,
            "hold_type": 0.25
        },
        {
            "problemId": 395624,
            "description": "B8",
            "isStart": false,
            "isEnd": false,
            "normalized_coordinates": [
                0.09090909090909091,
                0.3888888888888889
            ],
            "neighbors": [
                [
                    0.0,
                    0.6111111111111112
                ],
                [
                    0.0,
                    0.7222222222222222
                ],
                [
                    0.5454545454545454,
                    0.3333333333333333
                ]
            ],
            "edge_distances": [
                0.3888888888888889,
                0.6111111111111112
            ],
            "dx": -0.09090909090909091,
            "dy": 0.22222222222222227,
            "move_angle": 1.9591150449673627,
            "move_distance": 0.24009826917181243,
            "angle_difference": -1.060858585361084,
            "hold_type": 0.5
        },
        {
            "problemId": 395624,
            "description": "A12",
            "isStart": false,
            "isEnd": false,
            "normalized_coordinates": [
                0.0,
                0.6111111111111112
            ],
            "neighbors": [
                [
                    0.0,
                    0.7222222222222222
                ],
                [
                    0.09090909090909091,
                    0.3888888888888889
                ],
                [
                    0.18181818181818182,
                    0.9444444444444444
                ]
            ],
            "edge_distances": [
                0.6111111111111112,
                0.38888888888888884
            ],
            "dx": 0.0,
            "dy": 0.11111111111111105,
            "move_angle": 1.5707963267948966,
            "move_distance": 0.11111111111111105,
            "angle_difference": -0.3883187181724661,
            "hold_type": 0.75
        },
        {
            "problemId": 395624,
            "description": "A14",
            "isStart": false,
            "isEnd": false,
            "normalized_coordinates": [
                0.0,
                0.7222222222222222
            ],
            "neighbors": [
                [
                    0.0,
                    0.6111111111111112
                ],
                [
                    0.18181818181818182,
                    0.9444444444444444
                ],
                [
                    0.09090909090909091,
                    0.3888888888888889
                ]
            ],
            "edge_distances": [
                0.7222222222222222,
                0.2777777777777778
            ],
            "dx": 0.45454545454545453,
            "dy": 0.11111111111111116,
            "move_angle": 0.2397431088704567,
            "move_distance": 0.4679286796727462,
            "angle_difference": -1.3310532179244399,
            "hold_type": 0.75
        },
        {
            "problemId": 395624,
            "description": "F16",
            "isStart": false,
            "isEnd": false,
            "normalized_coordinates": [
                0.45454545454545453,
                0.8333333333333334
            ],
            "neighbors": [
                [
                    0.18181818181818182,
                    0.9444444444444444
                ],
                [
                    0.0,
                    0.7222222222222222
                ],
                [
                    0.0,
                    0.6111111111111112
                ]
            ],
            "edge_distances": [
                0.8333333333333334,
                0.16666666666666663
            ],
            "dx": -0.2727272727272727,
            "dy": 0.11111111111111105,
            "move_angle": 2.7547169358587653,
            "move_distance": 0.2944925199416818,
            "angle_difference": 2.5149738269883084,
            "hold_type": 0.0
        },
        {
            "problemId": 395624,
            "description": "C18",
            "isStart": false,
            "isEnd": true,
            "normalized_coordinates": [
                0.18181818181818182,
                0.9444444444444444
            ],
            "neighbors": [
                [
                    0.0,
                    0.7222222222222222
                ],
                [
                    0.45454545454545453,
                    0.8333333333333334
                ],
                [
                    0.0,
                    0.6111111111111112
                ]
            ],
            "edge_distances": [
                0.9444444444444444,
                0.05555555555555558
            ],
            "hold_type": 0.5
        }
    ],
    "data.apiId": 395624,
    "hold_presence": [
        0.0,
        0.0,
        0.0,
        0.0,
        0.0,
        0.0,
        0.0,
        0.0,
        0.0,
        0.0,
        0.0,
        0.0,
        0.0,
        0.0,
        0.0,
        0.0,
        0.0,
        0.0,
        0.0,
        0.0,
        0.0,
        0.0,
        0.0,
        0.0,
        0.0,
        0.0,
        0.0,
        0.0,
        0.0,
        1.0,
        0.0,
        0.0,
        0.0,
        0.0,
        0.0,
        0.0,
        0.0,
        0.0,
        0.0,
        0.0,
        0.0,
        0.0,
        0.0,
        1.0,
        0.0,
        0.0,
        0.0,
        0.0,
        0.0,
        0.0,
        0.0,
        0.0,
        0.0,
        0.0,
        0.0,
        0.0,
        0.0,
        0.0,
        0.0,
        0.0,
        0.0,
        0.0,
        0.0,
        0.0,
        0.0,
        0.0,
        0.0,
        0.0,
        0.0,
        0.0,
        0.0,
        0.0,
        1.0,
        0.0,
        0.0,
        0.0,
        0.0,
        0.0,
        1.0,
        0.0,
        0.0,
        0.0,
        0.0,
        0.0,
        0.0,
        0.0,
        0.0,
        0.0,
        0.0,
        0.0,
        0.0,
        0.0,
        0.0,
        0.0,
        0.0,
        0.0,
        0.0,
        0.0,
        0.0,
        0.0,
        0.0,
        0.0,
        0.0,
        0.0,
        0.0,
        0.0,
        0.0,
        0.0,
        0.0,
        0.0,
        0.0,
        0.0,
        0.0,
        0.0,
        0.0,
        0.0,
        0.0,
        0.0,
        0.0,
        0.0,
        0.0,
        1.0,
        0.0,
        0.0,
        0.0,
        0.0,
        0.0,
        0.0,
        0.0,
        0.0,
        0.0,
        0.0,
        0.0,
        0.0,
        0.0,
        0.0,
        0.0,
        0.0,
        0.0,
        0.0,
        0.0,
        0.0,
        0.0,
        1.0,
        0.0,
        0.0,
        0.0,
        0.0,
        0.0,
        0.0,
        0.0,
        0.0,
        0.0,
        0.0,
        0.0,
        0.0,
        0.0,
        0.0,
        0.0,
        0.0,
        0.0,
        0.0,
        0.0,
        0.0,
        0.0,
        0.0,
        0.0,
        0.0,
        0.0,
        0.0,
        1.0,
        0.0,
        0.0,
        0.0,
        0.0,
        0.0,
        0.0,
        0.0,
        0.0,
        0.0,
        0.0,
        0.0,
        0.0,
        0.0,
        0.0,
        0.0,
        0.0,
        0.0,
        0.0,
        1.0,
        0.0,
        0.0,
        0.0,
        0.0,
        0.0,
        0.0,
        0.0,
        0.0
    ],
    "hold_count_norm": 0.09972664227977365,
    "hold_density": 0.39935064935064946,
    "vertical_progress": 0.11111111111111112
}