{
    "data.grade": "7C",
    "data.userGrade": "7C",
    "data.method": "Feet follow hands",
    "data.userRating": 1.6094379124341003,
    "data.repeats": 2.4849066497880004,
    "data.moves": [
        {
            "problemId": 352993,
            "description": "K5",
            "isStart": true,
            "isEnd": false,
            "normalized_coordinates": [
                0.9090909090909091,
                0.2222222222222222
            ],
            "neighbors": [
                [
                    0.9090909090909091,
                    0.2777777777777778
                ],
                [
                    0.36363636363636365,
                    0.3333333333333333
                ],
                [
                    0.45454545454545453,
                    0.5555555555555556
                ]
            ],
            "edge_distances": [
                0.2222222222222222,
                0.7777777777777778
            ],
            "dx": 0.0,
            "dy": 0.05555555555555558,
            "move_angle": 1.5707963267948966,
            "move_distance": 0.05555555555555558,
            "hold_type": 1.0
        },
        {
            "problemId": 352993,
            "description": "K6",
            "isStart": true,
            "isEnd": false,
            "normalized_coordinates": [
                0.9090909090909091,
                0.2777777777777778
            ],
            "neighbors": [
                [
                    0.9090909090909091,
                    0.2222222222222222
                ],
                [
                    0.45454545454545453,
                    0.5555555555555556
                ],
                [
                    0.36363636363636365,
                    0.3333333333333333
                ]
            ],
            "edge_distances": [
                0.2777777777777778,
                0.7222222222222222
            ],
            "dx": -0.5454545454545454,
            "dy": 0.055555555555555525,
            "move_angle": 3.04009082258384,
            "move_distance": 0.5482764639395997,
            "angle_difference": 1.4692944957889433,
            "hold_type": 0.0
        },
        {
            "problemId": 352993,
            "description": "E7",
            "isStart": false,
            "isEnd": false,
            "normalized_coordinates": [
                0.36363636363636365,
                0.3333333333333333
            ],
            "neighbors": [
                [
                    0.45454545454545453,
                    0.5555555555555556
                ],
                [
                    0.09090909090909091,
                    0.5555555555555556
                ],
                [
                    0.09090909090909091,
                    0.7777777777777778
                ]
            ],
            "edge_distances": [
                0.3333333333333333,
                0.6666666666666667
            ],
            "dx": 0.09090909090909088,
            "dy": 0.22222222222222227,
            "move_angle": 1.1824776086224307,
            "move_distance": 0.2400982691718124,
            "angle_difference": -1.8576132139614092,
            "hold_type": 0.75
        },
        {
            "problemId": 352993,
            "description": "F11",
            "isStart": false,
            "isEnd": false,
            "normalized_coordinates": [
                0.45454545454545453,
                0.5555555555555556
            ],
            "neighbors": [
                [
                    0.36363636363636365,
                    0.3333333333333333
                ],
                [
                    0.6363636363636364,
                    0.8333333333333334
                ],
                [
                    0.09090909090909091,
                    0.5555555555555556
                ]
            ],
            "edge_distances": [
                0.5555555555555556,
                0.4444444444444444
            ],
            "dx": -0.36363636363636365,
            "dy": 0.0,
            "move_angle": 3.141592653589793,
            "move_distance": 0.36363636363636365,
            "angle_difference": 1.9591150449673624,
            "hold_type": 1.0
        },
        {
            "problemId": 352993,
            "description": "B11",
            "isStart": false,
            "isEnd": false,
            "normalized_coordinates": [
                0.09090909090909091,
                0.5555555555555556
            ],
            "neighbors": [
                [
                    0.09090909090909091,
                    0.7777777777777778
                ],
                [
                    0.36363636363636365,
                    0.3333333333333333
                ],
                [
                    0.45454545454545453,
                    0.5555555555555556
                ]
            ],
            "edge_distances": [
                0.5555555555555556,
                0.4444444444444444
            ],
            "dx": 0.0,
            "dy": 0.2222222222222222,
            "move_angle": 1.5707963267948966,
            "move_distance": 0.2222222222222222,
            "angle_difference": -1.5707963267948966,
            "hold_type": 1.0
        },
        {
            "problemId": 352993,
            "description": "B15",
            "isStart": false,
            "isEnd": false,
            "normalized_coordinates": [
                0.09090909090909091,
                0.7777777777777778
            ],
            "neighbors": [
                [
                    0.09090909090909091,
                    0.5555555555555556
                ],
                [
                    0.45454545454545453,
                    0.5555555555555556
                ],
                [
                    0.36363636363636365,
                    0.3333333333333333
                ]
            ],
            "edge_distances": [
                0.7777777777777778,
                0.2222222222222222
            ],
            "dx": 0.5454545454545454,
            "dy": 0.05555555555555558,
            "move_angle": 0.10150183100595327,
            "move_distance": 0.5482764639395997,
            "angle_difference": -1.4692944957889433,
            "hold_type": 0.5
        },
        {
            "problemId": 352993,
            "description": "H16",
            "isStart": false,
            "isEnd": false,
            "normalized_coordinates": [
                0.6363636363636364,
                0.8333333333333334
            ],
            "neighbors": [
                [
                    0.8181818181818182,
                    0.9444444444444444
                ],
                [
                    0.45454545454545453,
                    0.5555555555555556
                ],
                [
                    0.09090909090909091,
                    0.7777777777777778
                ]
            ],
            "edge_distances": [
                0.8333333333333334,
                0.16666666666666663
            ],
            "dx": 0.18181818181818188,
            "dy": 0.11111111111111105,
            "move_angle": 0.5485494024505276,
            "move_distance": 0.21308104151241403,
            "angle_difference": 0.44704757144457435,
            "hold_type": 0.0
        },
        {
            "problemId": 352993,
            "description": "J18",
            "isStart": false,
            "isEnd": true,
            "normalized_coordinates": [
                0.8181818181818182,
                0.9444444444444444
            ],
            "neighbors": [
                [
                    0.6363636363636364,
                    0.8333333333333334
                ],
                [
                    0.45454545454545453,
                    0.5555555555555556
                ],
                [
                    0.9090909090909091,
                    0.2777777777777778
                ]
            ],
            "edge_distances": [
                0.9444444444444444,
                0.05555555555555558
            ],
            "hold_type": 0.75
        }
    ],
    "data.apiId": 352993,
    "hold_presence": [
        0.0,
        0.0,
        0.0,
        0.0,
        0.0,
        0.0,
        0.0,
        0.0,
        0.0,
        0.0,
        0.0,
        0.0,
        0.0,
        0.0,
        0.0,
        0.0,
        0.0,
        0.0,
        0.0,
        0.0,
        0.0,
        0.0,
        0.0,
        0.0,
        0.0,
        0.0,
        0.0,
        0.0,
        0.0,
        0.0,
        0.0,
        0.0,
        0.0,
        0.0,
        0.0,
        0.0,
        0.0,
        0.0,
        0.0,
        0.0,
        0.0,
        0.0,
        0.0,
        0.0,
        0.0,
        0.0,
        0.0,
        0.0,
        0.0,
        0.0,
        0.0,
        0.0,
        0.0,
        0.0,
        1.0,
        0.0,
        0.0,
        0.0,
        0.0,
        0.0,
        0.0,
        0.0,
        0.0,
        0.0,
        0.0,
        1.0,
        0.0,
        0.0,
        0.0,
        0.0,
        1.0,
        0.0,
        0.0,
        0.0,
        0.0,
        0.0,
        0.0,
        0.0,
        0.0,
        0.0,
        0.0,
        0.0,
        0.0,
        0.0,
        0.0,
        0.0,
        0.0,
        0.0,
        0.0,
        0.0,
        0.0,
        0.0,
        0.0,
        0.0,
        0.0,
        0.0,
        0.0,
        0.0,
        0.0,
        0.0,
        0.0,
        0.0,
        0.0,
        0.0,
        0.0,
        0.0,
        0.0,
        0.0,
        0.0,
        0.0,
        0.0,
        1.0,
        0.0,
        0.0,
        0.0,
        1.0,
        0.0,
        0.0,
        0.0,
        0.0,
        0.0,
        0.0,
        0.0,
        0.0,
        0.0,
        0.0,
        0.0,
        0.0,
        0.0,
        0.0,
        0.0,
        0.0,
        0.0,
        0.0,
        0.0,
        0.0,
        0.0,
        0.0,
        0.0,
        0.0,
        0.0,
        0.0,
        0.0,
        0.0,
        0.0,
        0.0,
        0.0,
        0.0,
        0.0,
        0.0,
        0.0,
        0.0,
        0.0,
        0.0,
        0.0,
        1.0,
        0.0,
        0.0,
        0.0,
        0.0,
        0.0,
        0.0,
        0.0,
        0.0,
        0.0,
        0.0,
        0.0,
        0.0,
        0.0,
        0.0,
        0.0,
        0.0,
        1.0,
        0.0,
        0.0,
        0.0,
        0.0,
        0.0,
        0.0,
        0.0,
        0.0,
        0.0,
        0.0,
        0.0,
        0.0,
        0.0,
        0.0,
        0.0,
        0.0,
        0.0,
        0.0,
        0.0,
        0.0,
        0.0,
        0.0,
        0.0,
        1.0,
        0.0
    ],
    "hold_count_norm": 0.09972664227977365,
    "hold_density": 0.40584415584415573,
    "vertical_progress": 0.10317460317460317
}