{
    "data.grade": "7C",
    "data.userGrade": null,
    "data.method": "Feet follow hands",
    "data.userRating": 1.791759469228055,
    "data.repeats": 1.0986122886681096,
    "data.moves": [
        {
            "problemId": 327176,
            "description": "H6",
            "isStart": false,
            "isEnd": false,
            "normalized_coordinates": [
                0.6363636363636364,
                0.2777777777777778
            ],
            "neighbors": [
                [
                    0.36363636363636365,
                    0.4444444444444444
                ],
                [
                    0.45454545454545453,
                    0.6666666666666666
                ],
                [
                    0.09090909090909091,
                    0.16666666666666666
                ]
            ],
            "edge_distances": [
                0.2777777777777778,
                0.7222222222222222
            ],
            "dx": -0.18181818181818182,
            "dy": 0.38888888888888884,
            "move_angle": 2.0081342185427804,
            "move_distance": 0.4292929292929292,
            "hold_type": 0.0
        },
        {
            "problemId": 327176,
            "description": "F13",
            "isStart": false,
            "isEnd": false,
            "normalized_coordinates": [
                0.45454545454545453,
                0.6666666666666666
            ],
            "neighbors": [
                [
                    0.36363636363636365,
                    0.4444444444444444
                ],
                [
                    0.6363636363636364,
                    0.2777777777777778
                ],
                [
                    0.0,
                    0.9444444444444444
                ]
            ],
            "edge_distances": [
                0.6666666666666666,
                0.33333333333333337
            ],
            "dx": -0.09090909090909088,
            "dy": -0.2222222222222222,
            "move_angle": -1.9591150449673624,
            "move_distance": 0.24009826917181237,
            "angle_difference": -3.967249263510143,
            "hold_type": 1.0
        },
        {
            "problemId": 327176,
            "description": "E9",
            "isStart": false,
            "isEnd": false,
            "normalized_coordinates": [
                0.36363636363636365,
                0.4444444444444444
            ],
            "neighbors": [
                [
                    0.45454545454545453,
                    0.6666666666666666
                ],
                [
                    0.6363636363636364,
                    0.2777777777777778
                ],
                [
                    0.09090909090909091,
                    0.16666666666666666
                ]
            ],
            "edge_distances": [
                0.4444444444444444,
                0.5555555555555556
            ],
            "dx": -0.2727272727272727,
            "dy": -0.2777777777777778,
            "move_angle": -2.347020435647235,
            "move_distance": 0.3892822358089522,
            "angle_difference": -0.3879053906798724,
            "hold_type": 0.0
        },
        {
            "problemId": 327176,
            "description": "B4",
            "isStart": true,
            "isEnd": false,
            "normalized_coordinates": [
                0.09090909090909091,
                0.16666666666666666
            ],
            "neighbors": [
                [
                    0.36363636363636365,
                    0.4444444444444444
                ],
                [
                    0.6363636363636364,
                    0.2777777777777778
                ],
                [
                    0.45454545454545453,
                    0.6666666666666666
                ]
            ],
            "edge_distances": [
                0.16666666666666666,
                0.8333333333333334
            ],
            "dx": -0.09090909090909091,
            "dy": 0.7777777777777778,
            "move_angle": 1.6871514920017714,
            "move_distance": 0.7830726239722952,
            "angle_difference": 4.034171927649006,
            "hold_type": 0.0
        },
        {
            "problemId": 327176,
            "description": "A18",
            "isStart": false,
            "isEnd": true,
            "normalized_coordinates": [
                0.0,
                0.9444444444444444
            ],
            "neighbors": [
                [
                    0.45454545454545453,
                    0.6666666666666666
                ],
                [
                    0.36363636363636365,
                    0.4444444444444444
                ],
                [
                    0.09090909090909091,
                    0.16666666666666666
                ]
            ],
            "edge_distances": [
                0.9444444444444444,
                0.05555555555555558
            ],
            "hold_type": 1.0
        }
    ],
    "data.apiId": 327176,
    "hold_presence": [
        0.0,
        0.0,
        0.0,
        0.0,
        0.0,
        0.0,
        0.0,
        0.0,
        0.0,
        0.0,
        0.0,
        0.0,
        0.0,
        0.0,
        0.0,
        0.0,
        0.0,
        0.0,
        0.0,
        0.0,
        0.0,
        0.0,
        0.0,
        0.0,
        0.0,
        0.0,
        0.0,
        0.0,
        0.0,
        0.0,
        0.0,
        0.0,
        0.0,
        0.0,
        1.0,
        0.0,
        0.0,
        0.0,
        0.0,
        0.0,
        0.0,
        0.0,
        0.0,
        0.0,
        0.0,
        0.0,
        0.0,
        0.0,
        0.0,
        0.0,
        0.0,
        0.0,
        0.0,
        0.0,
        0.0,
        0.0,
        0.0,
        0.0,
        0.0,
        0.0,
        0.0,
        0.0,
        1.0,
        0.0,
        0.0,
        0.0,
        0.0,
        0.0,
        0.0,
        0.0,
        0.0,
        0.0,
        0.0,
        0.0,
        0.0,
        0.0,
        0.0,
        0.0,
        0.0,
        0.0,
        0.0,
        0.0,
        0.0,
        0.0,
        0.0,
        0.0,
        0.0,
        0.0,
        0.0,
        0.0,
        0.0,
        0.0,
        1.0,
        0.0,
        0.0,
        0.0,
        0.0,
        0.0,
        0.0,
        0.0,
        0.0,
        0.0,
        0.0,
        0.0,
        0.0,
        0.0,
        0.0,
        0.0,
        0.0,
        0.0,
        0.0,
        0.0,
        0.0,
        0.0,
        0.0,
        0.0,
        0.0,
        0.0,
        0.0,
        0.0,
        0.0,
        0.0,
        0.0,
        0.0,
        0.0,
        0.0,
        0.0,
        0.0,
        0.0,
        0.0,
        0.0,
        0.0,
        0.0,
        0.0,
        0.0,
        0.0,
        0.0,
        1.0,
        0.0,
        0.0,
        0.0,
        0.0,
        0.0,
        0.0,
        0.0,
        0.0,
        0.0,
        0.0,
        0.0,
        0.0,
        0.0,
        0.0,
        0.0,
        0.0,
        0.0,
        0.0,
        0.0,
        0.0,
        0.0,
        0.0,
        0.0,
        0.0,
        0.0,
        0.0,
        0.0,
        0.0,
        0.0,
        0.0,
        0.0,
        0.0,
        0.0,
        0.0,
        0.0,
        0.0,
        0.0,
        0.0,
        0.0,
        0.0,
        0.0,
        0.0,
        0.0,
        0.0,
        0.0,
        0.0,
        0.0,
        0.0,
        0.0,
        1.0,
        0.0,
        0.0,
        0.0,
        0.0,
        0.0,
        0.0,
        0.0,
        0.0,
        0.0,
        0.0
    ],
    "hold_count_norm": -1.4935392402964913,
    "hold_density": 0.32727272727272727,
    "vertical_progress": 0.16666666666666666
}