{
    "data.grade": "7C",
    "data.userGrade": "7C",
    "data.method": "Feet follow hands",
    "data.userRating": 1.791759469228055,
    "data.repeats": 2.0794415416798357,
    "data.moves": [
        {
            "problemId": 332697,
            "description": "D5",
            "isStart": true,
            "isEnd": false,
            "normalized_coordinates": [
                0.2727272727272727,
                0.2222222222222222
            ],
            "neighbors": [
                [
                    0.7272727272727273,
                    0.2777777777777778
                ],
                [
                    0.6363636363636364,
                    0.5555555555555556
                ],
                [
                    0.5454545454545454,
                    0.8333333333333334
                ]
            ],
            "edge_distances": [
                0.2222222222222222,
                0.7777777777777778
            ],
            "dx": 0.4545454545454546,
            "dy": 0.05555555555555558,
            "move_angle": 0.12161902326134662,
            "move_distance": 0.4579279310120975,
            "hold_type": 0.5
        },
        {
            "problemId": 332697,
            "description": "I6",
            "isStart": true,
            "isEnd": false,
            "normalized_coordinates": [
                0.7272727272727273,
                0.2777777777777778
            ],
            "neighbors": [
                [
                    0.6363636363636364,
                    0.5555555555555556
                ],
                [
                    0.8181818181818182,
                    0.6111111111111112
                ],
                [
                    0.2727272727272727,
                    0.2222222222222222
                ]
            ],
            "edge_distances": [
                0.2777777777777778,
                0.7222222222222222
            ],
            "dx": -0.09090909090909094,
            "dy": 0.2777777777777778,
            "move_angle": 1.8870824547070513,
            "move_distance": 0.292275480731925,
            "angle_difference": 1.7654634314457047,
            "hold_type": 0.0
        },
        {
            "problemId": 332697,
            "description": "H11",
            "isStart": false,
            "isEnd": false,
            "normalized_coordinates": [
                0.6363636363636364,
                0.5555555555555556
            ],
            "neighbors": [
                [
                    0.8181818181818182,
                    0.6111111111111112
                ],
                [
                    0.7272727272727273,
                    0.2777777777777778
                ],
                [
                    0.5454545454545454,
                    0.8333333333333334
                ]
            ],
            "edge_distances": [
                0.5555555555555556,
                0.4444444444444444
            ],
            "dx": 0.18181818181818188,
            "dy": 0.05555555555555558,
            "move_angle": 0.2965458090697005,
            "move_distance": 0.19011646691635067,
            "angle_difference": -1.5905366456373509,
            "hold_type": 0.5
        },
        {
            "problemId": 332697,
            "description": "J12",
            "isStart": false,
            "isEnd": false,
            "normalized_coordinates": [
                0.8181818181818182,
                0.6111111111111112
            ],
            "neighbors": [
                [
                    0.6363636363636364,
                    0.5555555555555556
                ],
                [
                    0.7272727272727273,
                    0.2777777777777778
                ],
                [
                    0.5454545454545454,
                    0.8333333333333334
                ]
            ],
            "edge_distances": [
                0.6111111111111112,
                0.38888888888888884
            ],
            "dx": -0.2727272727272728,
            "dy": 0.2222222222222222,
            "move_angle": 2.457883341955422,
            "move_distance": 0.3517994902478384,
            "angle_difference": 2.1613375328857214,
            "hold_type": 0.5
        },
        {
            "problemId": 332697,
            "description": "G16",
            "isStart": false,
            "isEnd": false,
            "normalized_coordinates": [
                0.5454545454545454,
                0.8333333333333334
            ],
            "neighbors": [
                [
                    0.45454545454545453,
                    0.9444444444444444
                ],
                [
                    0.6363636363636364,
                    0.5555555555555556
                ],
                [
                    0.8181818181818182,
                    0.6111111111111112
                ]
            ],
            "edge_distances": [
                0.8333333333333334,
                0.16666666666666663
            ],
            "dx": -0.09090909090909088,
            "dy": 0.11111111111111105,
            "move_angle": 2.256525837701183,
            "move_distance": 0.14356232730860494,
            "angle_difference": -0.20135750425423904,
            "hold_type": 0.75
        },
        {
            "problemId": 332697,
            "description": "F18",
            "isStart": false,
            "isEnd": true,
            "normalized_coordinates": [
                0.45454545454545453,
                0.9444444444444444
            ],
            "neighbors": [
                [
                    0.5454545454545454,
                    0.8333333333333334
                ],
                [
                    0.6363636363636364,
                    0.5555555555555556
                ],
                [
                    0.8181818181818182,
                    0.6111111111111112
                ]
            ],
            "edge_distances": [
                0.9444444444444444,
                0.05555555555555558
            ],
            "hold_type": 0.75
        }
    ],
    "data.apiId": 332697,
    "hold_presence": [
        0.0,
        0.0,
        0.0,
        0.0,
        0.0,
        0.0,
        0.0,
        0.0,
        0.0,
        0.0,
        0.0,
        0.0,
        0.0,
        0.0,
        0.0,
        0.0,
        0.0,
        0.0,
        0.0,
        0.0,
        0.0,
        0.0,
        0.0,
        0.0,
        0.0,
        0.0,
        0.0,
        0.0,
        0.0,
        0.0,
        0.0,
        0.0,
        0.0,
        0.0,
        0.0,
        0.0,
        0.0,
        0.0,
        0.0,
        0.0,
        0.0,
        0.0,
        0.0,
        0.0,
        0.0,
        0.0,
        0.0,
        1.0,
        0.0,
        0.0,
        0.0,
        0.0,
        0.0,
        0.0,
        0.0,
        0.0,
        0.0,
        0.0,
        0.0,
        0.0,
        0.0,
        0.0,
        0.0,
        1.0,
        0.0,
        0.0,
        0.0,
        0.0,
        0.0,
        0.0,
        0.0,
        0.0,
        0.0,
        0.0,
        0.0,
        0.0,
        0.0,
        0.0,
        0.0,
        0.0,
        0.0,
        0.0,
        0.0,
        0.0,
        0.0,
        0.0,
        0.0,
        0.0,
        0.0,
        0.0,
        0.0,
        0.0,
        0.0,
        0.0,
        0.0,
        0.0,
        0.0,
        0.0,
        0.0,
        0.0,
        0.0,
        0.0,
        0.0,
        0.0,
        0.0,
        0.0,
        0.0,
        0.0,
        0.0,
        0.0,
        0.0,
        0.0,
        0.0,
        0.0,
        0.0,
        0.0,
        0.0,
        1.0,
        0.0,
        0.0,
        0.0,
        0.0,
        0.0,
        0.0,
        0.0,
        0.0,
        0.0,
        0.0,
        0.0,
        0.0,
        1.0,
        0.0,
        0.0,
        0.0,
        0.0,
        0.0,
        0.0,
        0.0,
        0.0,
        0.0,
        0.0,
        0.0,
        0.0,
        0.0,
        0.0,
        0.0,
        0.0,
        0.0,
        0.0,
        0.0,
        0.0,
        0.0,
        0.0,
        0.0,
        0.0,
        0.0,
        0.0,
        0.0,
        0.0,
        0.0,
        0.0,
        0.0,
        0.0,
        0.0,
        0.0,
        0.0,
        0.0,
        0.0,
        0.0,
        0.0,
        0.0,
        1.0,
        0.0,
        0.0,
        0.0,
        0.0,
        0.0,
        0.0,
        0.0,
        0.0,
        0.0,
        0.0,
        0.0,
        0.0,
        0.0,
        0.0,
        0.0,
        0.0,
        0.0,
        0.0,
        0.0,
        0.0,
        1.0,
        0.0,
        0.0,
        0.0,
        0.0,
        0.0
    ],
    "hold_count_norm": -0.9624506127710697,
    "hold_density": 0.24242424242424246,
    "vertical_progress": 0.14444444444444443
}