{
    "data.grade": "7C",
    "data.userGrade": "7C",
    "data.method": "Feet follow hands",
    "data.userRating": 1.791759469228055,
    "data.repeats": 5.942799375126701,
    "data.moves": [
        {
            "problemId": 326609,
            "description": "F3",
            "isStart": true,
            "isEnd": false,
            "normalized_coordinates": [
                0.45454545454545453,
                0.1111111111111111
            ],
            "neighbors": [
                [
                    0.09090909090909091,
                    0.05555555555555555
                ],
                [
                    0.09090909090909091,
                    0.3888888888888889
                ],
                [
                    0.2727272727272727,
                    0.5555555555555556
                ]
            ],
            "edge_distances": [
                0.1111111111111111,
                0.8888888888888888
            ],
            "dx": -0.36363636363636365,
            "dy": -0.05555555555555555,
            "move_angle": -2.9899871661515203,
            "move_distance": 0.36785571181071,
            "hold_type": 0.75
        },
        {
            "problemId": 326609,
            "description": "B2",
            "isStart": true,
            "isEnd": false,
            "normalized_coordinates": [
                0.09090909090909091,
                0.05555555555555555
            ],
            "neighbors": [
                [
                    0.0,
                    0.2777777777777778
                ],
                [
                    0.09090909090909091,
                    0.3888888888888889
                ],
                [
                    0.45454545454545453,
                    0.1111111111111111
                ]
            ],
            "edge_distances": [
                0.05555555555555555,
                0.9444444444444444
            ],
            "dx": 0.0,
            "dy": 0.33333333333333337,
            "move_angle": 1.5707963267948966,
            "move_distance": 0.33333333333333337,
            "angle_difference": 4.560783492946417,
            "hold_type": 1.0
        },
        {
            "problemId": 326609,
            "description": "B8",
            "isStart": false,
            "isEnd": false,
            "normalized_coordinates": [
                0.09090909090909091,
                0.3888888888888889
            ],
            "neighbors": [
                [
                    0.0,
                    0.2777777777777778
                ],
                [
                    0.2727272727272727,
                    0.5555555555555556
                ],
                [
                    0.09090909090909091,
                    0.05555555555555555
                ]
            ],
            "edge_distances": [
                0.3888888888888889,
                0.6111111111111112
            ],
            "dx": -0.09090909090909091,
            "dy": -0.1111111111111111,
            "move_angle": -2.256525837701183,
            "move_distance": 0.143562327308605,
            "angle_difference": -3.8273221644960795,
            "hold_type": 0.5
        },
        {
            "problemId": 326609,
            "description": "A6",
            "isStart": false,
            "isEnd": false,
            "normalized_coordinates": [
                0.0,
                0.2777777777777778
            ],
            "neighbors": [
                [
                    0.09090909090909091,
                    0.3888888888888889
                ],
                [
                    0.09090909090909091,
                    0.05555555555555555
                ],
                [
                    0.2727272727272727,
                    0.5555555555555556
                ]
            ],
            "edge_distances": [
                0.2777777777777778,
                0.7222222222222222
            ],
            "dx": 0.2727272727272727,
            "dy": 0.2777777777777778,
            "move_angle": 0.7945722179425584,
            "move_distance": 0.3892822358089522,
            "angle_difference": 3.0510980556437413,
            "hold_type": 1.0
        },
        {
            "problemId": 326609,
            "description": "D11",
            "isStart": false,
            "isEnd": false,
            "normalized_coordinates": [
                0.2727272727272727,
                0.5555555555555556
            ],
            "neighbors": [
                [
                    0.36363636363636365,
                    0.7222222222222222
                ],
                [
                    0.09090909090909091,
                    0.3888888888888889
                ],
                [
                    0.0,
                    0.2777777777777778
                ]
            ],
            "edge_distances": [
                0.5555555555555556,
                0.4444444444444444
            ],
            "dx": 0.09090909090909094,
            "dy": 0.16666666666666663,
            "move_angle": 1.0714496051147664,
            "move_distance": 0.18984794069911615,
            "angle_difference": 0.276877387172208,
            "hold_type": 0.5
        },
        {
            "problemId": 326609,
            "description": "E14",
            "isStart": false,
            "isEnd": false,
            "normalized_coordinates": [
                0.36363636363636365,
                0.7222222222222222
            ],
            "neighbors": [
                [
                    0.2727272727272727,
                    0.5555555555555556
                ],
                [
                    0.5454545454545454,
                    0.9444444444444444
                ],
                [
                    0.7272727272727273,
                    0.8333333333333334
                ]
            ],
            "edge_distances": [
                0.7222222222222222,
                0.2777777777777778
            ],
            "dx": 0.36363636363636365,
            "dy": 0.11111111111111116,
            "move_angle": 0.29654580906970057,
            "move_distance": 0.38023293383270124,
            "angle_difference": -0.7749037960450658,
            "hold_type": 1.0
        },
        {
            "problemId": 326609,
            "description": "I16",
            "isStart": false,
            "isEnd": false,
            "normalized_coordinates": [
                0.7272727272727273,
                0.8333333333333334
            ],
            "neighbors": [
                [
                    0.5454545454545454,
                    0.9444444444444444
                ],
                [
                    0.36363636363636365,
                    0.7222222222222222
                ],
                [
                    0.2727272727272727,
                    0.5555555555555556
                ]
            ],
            "edge_distances": [
                0.8333333333333334,
                0.16666666666666663
            ],
            "dx": -0.18181818181818188,
            "dy": 0.11111111111111105,
            "move_angle": 2.5930432511392656,
            "move_distance": 0.21308104151241403,
            "angle_difference": 2.296497442069565,
            "hold_type": 1.0
        },
        {
            "problemId": 326609,
            "description": "G18",
            "isStart": false,
            "isEnd": true,
            "normalized_coordinates": [
                0.5454545454545454,
                0.9444444444444444
            ],
            "neighbors": [
                [
                    0.7272727272727273,
                    0.8333333333333334
                ],
                [
                    0.36363636363636365,
                    0.7222222222222222
                ],
                [
                    0.2727272727272727,
                    0.5555555555555556
                ]
            ],
            "edge_distances": [
                0.9444444444444444,
                0.05555555555555558
            ],
            "hold_type": 0.0
        }
    ],
    "data.apiId": 326609,
    "hold_presence": [
        0.0,
        0.0,
        0.0,
        0.0,
        0.0,
        0.0,
        0.0,
        0.0,
        0.0,
        0.0,
        0.0,
        0.0,
        1.0,
        0.0,
        0.0,
        0.0,
        0.0,
        0.0,
        0.0,
        0.0,
        0.0,
        0.0,
        0.0,
        0.0,
        0.0,
        0.0,
        0.0,
        1.0,
        0.0,
        0.0,
        0.0,
        0.0,
        0.0,
        0.0,
        0.0,
        0.0,
        0.0,
        0.0,
        0.0,
        0.0,
        0.0,
        0.0,
        0.0,
        0.0,
        0.0,
        0.0,
        0.0,
        0.0,
        0.0,
        0.0,
        0.0,
        0.0,
        0.0,
        0.0,
        0.0,
        1.0,
        0.0,
        0.0,
        0.0,
        0.0,
        0.0,
        0.0,
        0.0,
        0.0,
        0.0,
        0.0,
        0.0,
        0.0,
        0.0,
        0.0,
        0.0,
        0.0,
        0.0,
        0.0,
        0.0,
        0.0,
        0.0,
        0.0,
        1.0,
        0.0,
        0.0,
        0.0,
        0.0,
        0.0,
        0.0,
        0.0,
        0.0,
        0.0,
        0.0,
        0.0,
        0.0,
        0.0,
        0.0,
        0.0,
        0.0,
        0.0,
        0.0,
        0.0,
        0.0,
        0.0,
        0.0,
        0.0,
        0.0,
        0.0,
        0.0,
        0.0,
        0.0,
        0.0,
        0.0,
        0.0,
        0.0,
        0.0,
        0.0,
        1.0,
        0.0,
        0.0,
        0.0,
        0.0,
        0.0,
        0.0,
        0.0,
        0.0,
        0.0,
        0.0,
        0.0,
        0.0,
        0.0,
        0.0,
        0.0,
        0.0,
        0.0,
        0.0,
        0.0,
        0.0,
        0.0,
        0.0,
        0.0,
        0.0,
        0.0,
        0.0,
        0.0,
        0.0,
        0.0,
        0.0,
        0.0,
        0.0,
        0.0,
        1.0,
        0.0,
        0.0,
        0.0,
        0.0,
        0.0,
        0.0,
        0.0,
        0.0,
        0.0,
        0.0,
        0.0,
        0.0,
        0.0,
        0.0,
        0.0,
        0.0,
        0.0,
        0.0,
        0.0,
        0.0,
        0.0,
        0.0,
        0.0,
        0.0,
        0.0,
        1.0,
        0.0,
        0.0,
        0.0,
        0.0,
        0.0,
        0.0,
        0.0,
        0.0,
        0.0,
        0.0,
        0.0,
        0.0,
        0.0,
        0.0,
        0.0,
        0.0,
        0.0,
        0.0,
        0.0,
        1.0,
        0.0,
        0.0,
        0.0,
        0.0
    ],
    "hold_count_norm": 0.09972664227977365,
    "hold_density": 0.30519480519480513,
    "vertical_progress": 0.11904761904761905
}