{
    "data.grade": "7C",
    "data.userGrade": null,
    "data.method": "Feet follow hands",
    "data.userRating": 0.0,
    "data.repeats": 0.0,
    "data.moves": [
        {
            "problemId": 373375,
            "description": "G6",
            "isStart": true,
            "isEnd": false,
            "normalized_coordinates": [
                0.5454545454545454,
                0.2777777777777778
            ],
            "neighbors": [
                [
                    0.5454545454545454,
                    0.5555555555555556
                ],
                [
                    0.9090909090909091,
                    0.1111111111111111
                ],
                [
                    0.0,
                    0.6111111111111112
                ]
            ],
            "edge_distances": [
                0.2777777777777778,
                0.7222222222222222
            ],
            "dx": 0.36363636363636365,
            "dy": -0.16666666666666669,
            "move_angle": -0.4297622790966885,
            "move_distance": 0.4000114782558814,
            "hold_type": 0.0
        },
        {
            "problemId": 373375,
            "description": "K3",
            "isStart": true,
            "isEnd": false,
            "normalized_coordinates": [
                0.9090909090909091,
                0.1111111111111111
            ],
            "neighbors": [
                [
                    0.5454545454545454,
                    0.2777777777777778
                ],
                [
                    0.5454545454545454,
                    0.5555555555555556
                ],
                [
                    0.45454545454545453,
                    0.9444444444444444
                ]
            ],
            "edge_distances": [
                0.1111111111111111,
                0.8888888888888888
            ],
            "dx": -0.36363636363636365,
            "dy": 0.4444444444444445,
            "move_angle": 2.256525837701183,
            "move_distance": 0.57424930923442,
            "angle_difference": 2.6862881167978716,
            "hold_type": 0.75
        },
        {
            "problemId": 373375,
            "description": "G11",
            "isStart": false,
            "isEnd": false,
            "normalized_coordinates": [
                0.5454545454545454,
                0.5555555555555556
            ],
            "neighbors": [
                [
                    0.5454545454545454,
                    0.2777777777777778
                ],
                [
                    0.45454545454545453,
                    0.9444444444444444
                ],
                [
                    0.0,
                    0.6111111111111112
                ]
            ],
            "edge_distances": [
                0.5555555555555556,
                0.4444444444444444
            ],
            "dx": -0.5454545454545454,
            "dy": 0.05555555555555558,
            "move_angle": 3.04009082258384,
            "move_distance": 0.5482764639395997,
            "angle_difference": 0.7835649848826569,
            "hold_type": 0.0
        },
        {
            "problemId": 373375,
            "description": "A12",
            "isStart": false,
            "isEnd": false,
            "normalized_coordinates": [
                0.0,
                0.6111111111111112
            ],
            "neighbors": [
                [
                    0.0,
                    0.8888888888888888
                ],
                [
                    0.5454545454545454,
                    0.5555555555555556
                ],
                [
                    0.45454545454545453,
                    0.9444444444444444
                ]
            ],
            "edge_distances": [
                0.6111111111111112,
                0.38888888888888884
            ],
            "dx": 0.0,
            "dy": 0.2777777777777777,
            "move_angle": 1.5707963267948966,
            "move_distance": 0.2777777777777777,
            "angle_difference": -1.4692944957889433,
            "hold_type": 0.75
        },
        {
            "problemId": 373375,
            "description": "A17",
            "isStart": false,
            "isEnd": false,
            "normalized_coordinates": [
                0.0,
                0.8888888888888888
            ],
            "neighbors": [
                [
                    0.0,
                    0.6111111111111112
                ],
                [
                    0.45454545454545453,
                    0.9444444444444444
                ],
                [
                    0.5454545454545454,
                    0.5555555555555556
                ]
            ],
            "edge_distances": [
                0.8888888888888888,
                0.11111111111111116
            ],
            "dx": 0.45454545454545453,
            "dy": 0.05555555555555558,
            "move_angle": 0.12161902326134663,
            "move_distance": 0.45792793101209744,
            "angle_difference": -1.44917730353355,
            "hold_type": 0.75
        },
        {
            "problemId": 373375,
            "description": "F18",
            "isStart": false,
            "isEnd": true,
            "normalized_coordinates": [
                0.45454545454545453,
                0.9444444444444444
            ],
            "neighbors": [
                [
                    0.5454545454545454,
                    0.5555555555555556
                ],
                [
                    0.0,
                    0.8888888888888888
                ],
                [
                    0.0,
                    0.6111111111111112
                ]
            ],
            "edge_distances": [
                0.9444444444444444,
                0.05555555555555558
            ],
            "hold_type": 0.75
        }
    ],
    "data.apiId": 373375,
    "hold_presence": [
        0.0,
        0.0,
        0.0,
        0.0,
        0.0,
        0.0,
        0.0,
        0.0,
        0.0,
        0.0,
        0.0,
        0.0,
        0.0,
        0.0,
        0.0,
        0.0,
        0.0,
        0.0,
        0.0,
        0.0,
        0.0,
        0.0,
        0.0,
        0.0,
        0.0,
        0.0,
        0.0,
        0.0,
        0.0,
        0.0,
        0.0,
        0.0,
        1.0,
        0.0,
        0.0,
        0.0,
        0.0,
        0.0,
        0.0,
        0.0,
        0.0,
        0.0,
        0.0,
        0.0,
        0.0,
        0.0,
        0.0,
        0.0,
        0.0,
        0.0,
        0.0,
        0.0,
        0.0,
        0.0,
        0.0,
        0.0,
        0.0,
        0.0,
        0.0,
        0.0,
        0.0,
        1.0,
        0.0,
        0.0,
        0.0,
        0.0,
        0.0,
        0.0,
        0.0,
        0.0,
        0.0,
        0.0,
        0.0,
        0.0,
        0.0,
        0.0,
        0.0,
        0.0,
        0.0,
        0.0,
        0.0,
        0.0,
        0.0,
        0.0,
        0.0,
        0.0,
        0.0,
        0.0,
        0.0,
        0.0,
        0.0,
        0.0,
        0.0,
        0.0,
        0.0,
        0.0,
        0.0,
        0.0,
        0.0,
        0.0,
        0.0,
        0.0,
        0.0,
        0.0,
        0.0,
        0.0,
        0.0,
        0.0,
        0.0,
        0.0,
        0.0,
        0.0,
        0.0,
        0.0,
        0.0,
        0.0,
        1.0,
        0.0,
        0.0,
        0.0,
        0.0,
        1.0,
        0.0,
        0.0,
        0.0,
        0.0,
        0.0,
        0.0,
        0.0,
        0.0,
        0.0,
        0.0,
        0.0,
        0.0,
        0.0,
        0.0,
        0.0,
        0.0,
        0.0,
        0.0,
        0.0,
        0.0,
        0.0,
        0.0,
        0.0,
        0.0,
        0.0,
        0.0,
        0.0,
        0.0,
        0.0,
        0.0,
        0.0,
        0.0,
        0.0,
        0.0,
        0.0,
        0.0,
        0.0,
        0.0,
        0.0,
        0.0,
        0.0,
        0.0,
        0.0,
        0.0,
        0.0,
        0.0,
        0.0,
        0.0,
        0.0,
        0.0,
        0.0,
        0.0,
        0.0,
        0.0,
        1.0,
        0.0,
        0.0,
        0.0,
        0.0,
        0.0,
        0.0,
        0.0,
        0.0,
        0.0,
        0.0,
        0.0,
        0.0,
        0.0,
        0.0,
        0.0,
        1.0,
        0.0,
        0.0,
        0.0,
        0.0,
        0.0
    ],
    "hold_count_norm": -0.9624506127710697,
    "hold_density": 0.41818181818181804,
    "vertical_progress": 0.13333333333333333
}