{
    "data.grade": "7C",
    "data.userGrade": "7C",
    "data.method": "Feet follow hands",
    "data.userRating": 1.6094379124341003,
    "data.repeats": 2.833213344056216,
    "data.moves": [
        {
            "problemId": 319659,
            "description": "J4",
            "isStart": true,
            "isEnd": false,
            "normalized_coordinates": [
                0.8181818181818182,
                0.16666666666666666
            ],
            "neighbors": [
                [
                    0.7272727272727273,
                    0.3333333333333333
                ],
                [
                    0.45454545454545453,
                    0.5555555555555556
                ],
                [
                    0.2727272727272727,
                    0.7222222222222222
                ]
            ],
            "edge_distances": [
                0.16666666666666666,
                0.8333333333333334
            ],
            "dx": -0.09090909090909094,
            "dy": 0.16666666666666666,
            "move_angle": 2.070143048475027,
            "move_distance": 0.1898479406991162,
            "hold_type": 1.0
        },
        {
            "problemId": 319659,
            "description": "I7",
            "isStart": false,
            "isEnd": false,
            "normalized_coordinates": [
                0.7272727272727273,
                0.3333333333333333
            ],
            "neighbors": [
                [
                    0.8181818181818182,
                    0.16666666666666666
                ],
                [
                    0.45454545454545453,
                    0.5555555555555556
                ],
                [
                    0.2727272727272727,
                    0.7222222222222222
                ]
            ],
            "edge_distances": [
                0.3333333333333333,
                0.6666666666666667
            ],
            "dx": -0.27272727272727276,
            "dy": 0.22222222222222227,
            "move_angle": 2.457883341955422,
            "move_distance": 0.3517994902478384,
            "angle_difference": 0.38774029348039507,
            "hold_type": 1.0
        },
        {
            "problemId": 319659,
            "description": "F11",
            "isStart": false,
            "isEnd": false,
            "normalized_coordinates": [
                0.45454545454545453,
                0.5555555555555556
            ],
            "neighbors": [
                [
                    0.2727272727272727,
                    0.7222222222222222
                ],
                [
                    0.7272727272727273,
                    0.3333333333333333
                ],
                [
                    0.36363636363636365,
                    0.9444444444444444
                ]
            ],
            "edge_distances": [
                0.5555555555555556,
                0.4444444444444444
            ],
            "dx": -0.18181818181818182,
            "dy": 0.16666666666666663,
            "move_angle": 2.399645385583876,
            "move_distance": 0.24664879691060157,
            "angle_difference": -0.05823795637154605,
            "hold_type": 1.0
        },
        {
            "problemId": 319659,
            "description": "D14",
            "isStart": false,
            "isEnd": false,
            "normalized_coordinates": [
                0.2727272727272727,
                0.7222222222222222
            ],
            "neighbors": [
                [
                    0.09090909090909091,
                    0.7222222222222222
                ],
                [
                    0.36363636363636365,
                    0.9444444444444444
                ],
                [
                    0.45454545454545453,
                    0.5555555555555556
                ]
            ],
            "edge_distances": [
                0.7222222222222222,
                0.2777777777777778
            ],
            "dx": -0.1818181818181818,
            "dy": 0.0,
            "move_angle": 3.141592653589793,
            "move_distance": 0.1818181818181818,
            "angle_difference": 0.7419472680059171,
            "hold_type": 0.75
        },
        {
            "problemId": 319659,
            "description": "B14",
            "isStart": false,
            "isEnd": false,
            "normalized_coordinates": [
                0.09090909090909091,
                0.7222222222222222
            ],
            "neighbors": [
                [
                    0.2727272727272727,
                    0.7222222222222222
                ],
                [
                    0.36363636363636365,
                    0.9444444444444444
                ],
                [
                    0.45454545454545453,
                    0.5555555555555556
                ]
            ],
            "edge_distances": [
                0.7222222222222222,
                0.2777777777777778
            ],
            "dx": 0.2727272727272727,
            "dy": 0.2222222222222222,
            "move_angle": 0.6837093116343713,
            "move_distance": 0.35179949024783835,
            "angle_difference": -2.457883341955422,
            "hold_type": 0.5
        },
        {
            "problemId": 319659,
            "description": "E18",
            "isStart": false,
            "isEnd": true,
            "normalized_coordinates": [
                0.36363636363636365,
                0.9444444444444444
            ],
            "neighbors": [
                [
                    0.2727272727272727,
                    0.7222222222222222
                ],
                [
                    0.09090909090909091,
                    0.7222222222222222
                ],
                [
                    0.45454545454545453,
                    0.5555555555555556
                ]
            ],
            "edge_distances": [
                0.9444444444444444,
                0.05555555555555558
            ],
            "hold_type": 1.0
        }
    ],
    "data.apiId": 319659,
    "hold_presence": [
        0.0,
        0.0,
        0.0,
        0.0,
        0.0,
        0.0,
        0.0,
        0.0,
        0.0,
        0.0,
        0.0,
        0.0,
        0.0,
        0.0,
        0.0,
        0.0,
        0.0,
        0.0,
        0.0,
        0.0,
        0.0,
        0.0,
        0.0,
        0.0,
        0.0,
        0.0,
        0.0,
        0.0,
        0.0,
        0.0,
        0.0,
        0.0,
        0.0,
        0.0,
        0.0,
        0.0,
        0.0,
        0.0,
        0.0,
        0.0,
        0.0,
        0.0,
        1.0,
        0.0,
        0.0,
        0.0,
        0.0,
        0.0,
        0.0,
        0.0,
        0.0,
        0.0,
        0.0,
        0.0,
        0.0,
        0.0,
        0.0,
        0.0,
        0.0,
        0.0,
        0.0,
        0.0,
        0.0,
        0.0,
        0.0,
        0.0,
        0.0,
        0.0,
        0.0,
        0.0,
        0.0,
        0.0,
        0.0,
        0.0,
        1.0,
        0.0,
        0.0,
        0.0,
        0.0,
        0.0,
        0.0,
        0.0,
        0.0,
        0.0,
        0.0,
        0.0,
        0.0,
        0.0,
        0.0,
        0.0,
        0.0,
        0.0,
        0.0,
        0.0,
        0.0,
        0.0,
        0.0,
        0.0,
        0.0,
        0.0,
        0.0,
        0.0,
        0.0,
        0.0,
        0.0,
        0.0,
        0.0,
        0.0,
        0.0,
        0.0,
        0.0,
        0.0,
        0.0,
        0.0,
        0.0,
        1.0,
        0.0,
        0.0,
        0.0,
        0.0,
        0.0,
        0.0,
        0.0,
        0.0,
        0.0,
        0.0,
        0.0,
        0.0,
        0.0,
        0.0,
        0.0,
        0.0,
        0.0,
        0.0,
        0.0,
        0.0,
        0.0,
        0.0,
        0.0,
        0.0,
        0.0,
        0.0,
        0.0,
        0.0,
        1.0,
        0.0,
        1.0,
        0.0,
        0.0,
        0.0,
        0.0,
        0.0,
        0.0,
        0.0,
        0.0,
        0.0,
        0.0,
        0.0,
        0.0,
        0.0,
        0.0,
        0.0,
        0.0,
        0.0,
        0.0,
        0.0,
        0.0,
        0.0,
        0.0,
        0.0,
        0.0,
        0.0,
        0.0,
        0.0,
        0.0,
        0.0,
        0.0,
        0.0,
        0.0,
        0.0,
        0.0,
        0.0,
        0.0,
        0.0,
        0.0,
        0.0,
        0.0,
        0.0,
        0.0,
        0.0,
        0.0,
        1.0,
        0.0,
        0.0,
        0.0,
        0.0,
        0.0,
        0.0
    ],
    "hold_count_norm": -0.9624506127710697,
    "hold_density": 0.3393939393939394,
    "vertical_progress": 0.15555555555555556
}