{
    "data.grade": "7C",
    "data.userGrade": null,
    "data.method": "Feet follow hands",
    "data.userRating": 1.791759469228055,
    "data.repeats": 2.0794415416798357,
    "data.moves": [
        {
            "problemId": 359574,
            "description": "G2",
            "isStart": true,
            "isEnd": false,
            "normalized_coordinates": [
                0.5454545454545454,
                0.05555555555555555
            ],
            "neighbors": [
                [
                    0.5454545454545454,
                    0.3888888888888889
                ],
                [
                    0.9090909090909091,
                    0.2777777777777778
                ],
                [
                    0.7272727272727273,
                    0.6666666666666666
                ]
            ],
            "edge_distances": [
                0.05555555555555555,
                0.9444444444444444
            ],
            "dx": 0.36363636363636365,
            "dy": 0.22222222222222224,
            "move_angle": 0.5485494024505281,
            "move_distance": 0.426162083024828,
            "hold_type": 0.75
        },
        {
            "problemId": 359574,
            "description": "K6",
            "isStart": false,
            "isEnd": false,
            "normalized_coordinates": [
                0.9090909090909091,
                0.2777777777777778
            ],
            "neighbors": [
                [
                    0.5454545454545454,
                    0.3888888888888889
                ],
                [
                    0.5454545454545454,
                    0.05555555555555555
                ],
                [
                    0.7272727272727273,
                    0.6666666666666666
                ]
            ],
            "edge_distances": [
                0.2777777777777778,
                0.7222222222222222
            ],
            "dx": -0.36363636363636365,
            "dy": 0.1111111111111111,
            "move_angle": 2.845046844520093,
            "move_distance": 0.38023293383270124,
            "angle_difference": 2.296497442069565,
            "hold_type": 0.0
        },
        {
            "problemId": 359574,
            "description": "G8",
            "isStart": false,
            "isEnd": false,
            "normalized_coordinates": [
                0.5454545454545454,
                0.3888888888888889
            ],
            "neighbors": [
                [
                    0.7272727272727273,
                    0.6666666666666666
                ],
                [
                    0.5454545454545454,
                    0.05555555555555555
                ],
                [
                    0.9090909090909091,
                    0.2777777777777778
                ]
            ],
            "edge_distances": [
                0.3888888888888889,
                0.6111111111111112
            ],
            "dx": 0.18181818181818188,
            "dy": 0.27777777777777773,
            "move_angle": 0.9912323415015732,
            "move_distance": 0.3319914834251474,
            "angle_difference": -1.8538145030185196,
            "hold_type": 0.5
        },
        {
            "problemId": 359574,
            "description": "I13",
            "isStart": false,
            "isEnd": false,
            "normalized_coordinates": [
                0.7272727272727273,
                0.6666666666666666
            ],
            "neighbors": [
                [
                    0.5454545454545454,
                    0.3888888888888889
                ],
                [
                    0.9090909090909091,
                    0.2777777777777778
                ],
                [
                    0.18181818181818182,
                    0.7777777777777778
                ]
            ],
            "edge_distances": [
                0.6666666666666666,
                0.33333333333333337
            ],
            "dx": -0.5454545454545454,
            "dy": 0.11111111111111116,
            "move_angle": 2.940638389901696,
            "move_distance": 0.5566563932709032,
            "angle_difference": 1.9494060484001228,
            "hold_type": 0.75
        },
        {
            "problemId": 359574,
            "description": "C15",
            "isStart": false,
            "isEnd": false,
            "normalized_coordinates": [
                0.18181818181818182,
                0.7777777777777778
            ],
            "neighbors": [
                [
                    0.09090909090909091,
                    0.7777777777777778
                ],
                [
                    0.0,
                    0.9444444444444444
                ],
                [
                    0.0,
                    0.4444444444444444
                ]
            ],
            "edge_distances": [
                0.7777777777777778,
                0.2222222222222222
            ],
            "dx": -0.09090909090909091,
            "dy": 0.0,
            "move_angle": 3.141592653589793,
            "move_distance": 0.09090909090909091,
            "angle_difference": 0.200954263688097,
            "hold_type": 1.0
        },
        {
            "problemId": 359574,
            "description": "B15",
            "isStart": false,
            "isEnd": false,
            "normalized_coordinates": [
                0.09090909090909091,
                0.7777777777777778
            ],
            "neighbors": [
                [
                    0.18181818181818182,
                    0.7777777777777778
                ],
                [
                    0.0,
                    0.9444444444444444
                ],
                [
                    0.0,
                    0.4444444444444444
                ]
            ],
            "edge_distances": [
                0.7777777777777778,
                0.2222222222222222
            ],
            "dx": -0.09090909090909091,
            "dy": -0.33333333333333337,
            "move_angle": -1.837048375945822,
            "move_distance": 0.3455077045754964,
            "angle_difference": -4.978641029535615,
            "hold_type": 0.5
        },
        {
            "problemId": 359574,
            "description": "A9",
            "isStart": false,
            "isEnd": false,
            "normalized_coordinates": [
                0.0,
                0.4444444444444444
            ],
            "neighbors": [
                [
                    0.09090909090909091,
                    0.7777777777777778
                ],
                [
                    0.18181818181818182,
                    0.7777777777777778
                ],
                [
                    0.0,
                    0.9444444444444444
                ]
            ],
            "edge_distances": [
                0.4444444444444444,
                0.5555555555555556
            ],
            "dx": 0.0,
            "dy": 0.5,
            "move_angle": 1.5707963267948966,
            "move_distance": 0.5,
            "angle_difference": 3.407844702740719,
            "hold_type": 0.0
        },
        {
            "problemId": 359574,
            "description": "A18",
            "isStart": false,
            "isEnd": true,
            "normalized_coordinates": [
                0.0,
                0.9444444444444444
            ],
            "neighbors": [
                [
                    0.09090909090909091,
                    0.7777777777777778
                ],
                [
                    0.18181818181818182,
                    0.7777777777777778
                ],
                [
                    0.0,
                    0.4444444444444444
                ]
            ],
            "edge_distances": [
                0.9444444444444444,
                0.05555555555555558
            ],
            "hold_type": 1.0
        }
    ],
    "data.apiId": 359574,
    "hold_presence": [
        0.0,
        0.0,
        0.0,
        0.0,
        0.0,
        0.0,
        0.0,
        0.0,
        0.0,
        0.0,
        0.0,
        0.0,
        0.0,
        0.0,
        0.0,
        0.0,
        0.0,
        1.0,
        0.0,
        0.0,
        0.0,
        0.0,
        0.0,
        0.0,
        0.0,
        0.0,
        0.0,
        0.0,
        0.0,
        0.0,
        0.0,
        0.0,
        0.0,
        0.0,
        0.0,
        0.0,
        0.0,
        0.0,
        0.0,
        0.0,
        0.0,
        0.0,
        0.0,
        0.0,
        0.0,
        0.0,
        0.0,
        0.0,
        0.0,
        0.0,
        0.0,
        0.0,
        0.0,
        0.0,
        0.0,
        0.0,
        0.0,
        0.0,
        0.0,
        0.0,
        0.0,
        0.0,
        0.0,
        0.0,
        0.0,
        1.0,
        0.0,
        0.0,
        0.0,
        0.0,
        0.0,
        0.0,
        0.0,
        0.0,
        0.0,
        0.0,
        0.0,
        0.0,
        0.0,
        0.0,
        0.0,
        0.0,
        0.0,
        1.0,
        0.0,
        0.0,
        0.0,
        0.0,
        1.0,
        0.0,
        0.0,
        0.0,
        0.0,
        0.0,
        0.0,
        0.0,
        0.0,
        0.0,
        0.0,
        0.0,
        0.0,
        0.0,
        0.0,
        0.0,
        0.0,
        0.0,
        0.0,
        0.0,
        0.0,
        0.0,
        0.0,
        0.0,
        0.0,
        0.0,
        0.0,
        0.0,
        0.0,
        0.0,
        0.0,
        0.0,
        0.0,
        0.0,
        0.0,
        0.0,
        0.0,
        0.0,
        0.0,
        0.0,
        0.0,
        0.0,
        0.0,
        0.0,
        0.0,
        0.0,
        0.0,
        0.0,
        0.0,
        0.0,
        0.0,
        0.0,
        1.0,
        0.0,
        0.0,
        0.0,
        0.0,
        0.0,
        0.0,
        0.0,
        0.0,
        0.0,
        0.0,
        0.0,
        0.0,
        0.0,
        0.0,
        1.0,
        1.0,
        0.0,
        0.0,
        0.0,
        0.0,
        0.0,
        0.0,
        0.0,
        0.0,
        0.0,
        0.0,
        0.0,
        0.0,
        0.0,
        0.0,
        0.0,
        0.0,
        0.0,
        0.0,
        0.0,
        0.0,
        0.0,
        0.0,
        0.0,
        0.0,
        0.0,
        0.0,
        0.0,
        0.0,
        0.0,
        0.0,
        1.0,
        0.0,
        0.0,
        0.0,
        0.0,
        0.0,
        0.0,
        0.0,
        0.0,
        0.0,
        0.0
    ],
    "hold_count_norm": 0.09972664227977365,
    "hold_density": 0.41883116883116883,
    "vertical_progress": 0.126984126984127
}