{
    "data.grade": "7C",
    "data.userGrade": "7C",
    "data.method": "Feet follow hands",
    "data.userRating": 1.6094379124341003,
    "data.repeats": 3.6109179126442243,
    "data.moves": [
        {
            "problemId": 319631,
            "description": "D6",
            "isStart": true,
            "isEnd": false,
            "normalized_coordinates": [
                0.2727272727272727,
                0.2777777777777778
            ],
            "neighbors": [
                [
                    0.36363636363636365,
                    0.05555555555555555
                ],
                [
                    0.45454545454545453,
                    0.5
                ],
                [
                    0.45454545454545453,
                    0.6666666666666666
                ]
            ],
            "edge_distances": [
                0.2777777777777778,
                0.7222222222222222
            ],
            "dx": 0.09090909090909094,
            "dy": -0.22222222222222224,
            "move_angle": -1.1824776086224305,
            "move_distance": 0.2400982691718124,
            "hold_type": 1.0
        },
        {
            "problemId": 319631,
            "description": "E2",
            "isStart": true,
            "isEnd": false,
            "normalized_coordinates": [
                0.36363636363636365,
                0.05555555555555555
            ],
            "neighbors": [
                [
                    0.2727272727272727,
                    0.2777777777777778
                ],
                [
                    0.45454545454545453,
                    0.5
                ],
                [
                    0.45454545454545453,
                    0.6666666666666666
                ]
            ],
            "edge_distances": [
                0.05555555555555555,
                0.9444444444444444
            ],
            "dx": 0.09090909090909088,
            "dy": 0.4444444444444444,
            "move_angle": 1.3690339824746096,
            "move_distance": 0.45364669844213373,
            "angle_difference": 2.5515115910970403,
            "hold_type": 0.0
        },
        {
            "problemId": 319631,
            "description": "F10",
            "isStart": false,
            "isEnd": false,
            "normalized_coordinates": [
                0.45454545454545453,
                0.5
            ],
            "neighbors": [
                [
                    0.45454545454545453,
                    0.6666666666666666
                ],
                [
                    0.2727272727272727,
                    0.2777777777777778
                ],
                [
                    0.2727272727272727,
                    0.8888888888888888
                ]
            ],
            "edge_distances": [
                0.5,
                0.5
            ],
            "dx": 0.27272727272727276,
            "dy": 0.33333333333333337,
            "move_angle": 0.8850668158886104,
            "move_distance": 0.43068698192581506,
            "angle_difference": -0.48396716658599925,
            "hold_type": 0.5
        },
        {
            "problemId": 319631,
            "description": "I16",
            "isStart": false,
            "isEnd": false,
            "normalized_coordinates": [
                0.7272727272727273,
                0.8333333333333334
            ],
            "neighbors": [
                [
                    0.45454545454545453,
                    0.6666666666666666
                ],
                [
                    0.45454545454545453,
                    0.5
                ],
                [
                    0.2727272727272727,
                    0.8888888888888888
                ]
            ],
            "edge_distances": [
                0.8333333333333334,
                0.16666666666666663
            ],
            "dx": -0.27272727272727276,
            "dy": -0.16666666666666674,
            "move_angle": -2.593043251139265,
            "move_distance": 0.3196215622686211,
            "angle_difference": -3.4781100670278757,
            "hold_type": 1.0
        },
        {
            "problemId": 319631,
            "description": "F13",
            "isStart": false,
            "isEnd": false,
            "normalized_coordinates": [
                0.45454545454545453,
                0.6666666666666666
            ],
            "neighbors": [
                [
                    0.45454545454545453,
                    0.5
                ],
                [
                    0.2727272727272727,
                    0.8888888888888888
                ],
                [
                    0.7272727272727273,
                    0.8333333333333334
                ]
            ],
            "edge_distances": [
                0.6666666666666666,
                0.33333333333333337
            ],
            "dx": -0.45454545454545453,
            "dy": 0.2777777777777778,
            "move_angle": 2.593043251139265,
            "move_distance": 0.532702603781035,
            "angle_difference": 5.18608650227853,
            "hold_type": 1.0
        },
        {
            "problemId": 319631,
            "description": "A18",
            "isStart": false,
            "isEnd": true,
            "normalized_coordinates": [
                0.0,
                0.9444444444444444
            ],
            "neighbors": [
                [
                    0.2727272727272727,
                    0.8888888888888888
                ],
                [
                    0.45454545454545453,
                    0.6666666666666666
                ],
                [
                    0.45454545454545453,
                    0.5
                ]
            ],
            "edge_distances": [
                0.9444444444444444,
                0.05555555555555558
            ],
            "dx": 0.2727272727272727,
            "dy": -0.05555555555555558,
            "move_angle": -0.2009542636880971,
            "move_distance": 0.2783281966354516,
            "angle_difference": -2.793997514827362,
            "hold_type": 1.0
        },
        {
            "problemId": 319631,
            "description": "D17",
            "isStart": false,
            "isEnd": false,
            "normalized_coordinates": [
                0.2727272727272727,
                0.8888888888888888
            ],
            "neighbors": [
                [
                    0.0,
                    0.9444444444444444
                ],
                [
                    0.45454545454545453,
                    0.6666666666666666
                ],
                [
                    0.45454545454545453,
                    0.5
                ]
            ],
            "edge_distances": [
                0.8888888888888888,
                0.11111111111111116
            ],
            "hold_type": 0.0
        }
    ],
    "data.apiId": 319631,
    "hold_presence": [
        0.0,
        0.0,
        0.0,
        0.0,
        0.0,
        0.0,
        0.0,
        0.0,
        0.0,
        0.0,
        0.0,
        0.0,
        0.0,
        0.0,
        0.0,
        1.0,
        0.0,
        0.0,
        0.0,
        0.0,
        0.0,
        0.0,
        0.0,
        0.0,
        0.0,
        0.0,
        0.0,
        0.0,
        0.0,
        0.0,
        0.0,
        0.0,
        0.0,
        0.0,
        0.0,
        0.0,
        0.0,
        0.0,
        0.0,
        0.0,
        0.0,
        0.0,
        0.0,
        0.0,
        0.0,
        0.0,
        0.0,
        0.0,
        0.0,
        0.0,
        0.0,
        0.0,
        0.0,
        0.0,
        0.0,
        0.0,
        0.0,
        0.0,
        1.0,
        0.0,
        0.0,
        0.0,
        0.0,
        0.0,
        0.0,
        0.0,
        0.0,
        0.0,
        0.0,
        0.0,
        0.0,
        0.0,
        0.0,
        0.0,
        0.0,
        0.0,
        0.0,
        0.0,
        0.0,
        0.0,
        0.0,
        0.0,
        0.0,
        0.0,
        0.0,
        0.0,
        0.0,
        0.0,
        0.0,
        0.0,
        0.0,
        0.0,
        0.0,
        0.0,
        0.0,
        0.0,
        0.0,
        0.0,
        0.0,
        0.0,
        0.0,
        0.0,
        0.0,
        0.0,
        1.0,
        0.0,
        0.0,
        0.0,
        0.0,
        0.0,
        0.0,
        0.0,
        0.0,
        0.0,
        0.0,
        0.0,
        0.0,
        0.0,
        0.0,
        0.0,
        0.0,
        0.0,
        0.0,
        0.0,
        0.0,
        0.0,
        0.0,
        0.0,
        0.0,
        0.0,
        0.0,
        0.0,
        0.0,
        0.0,
        0.0,
        0.0,
        0.0,
        1.0,
        0.0,
        0.0,
        0.0,
        0.0,
        0.0,
        0.0,
        0.0,
        0.0,
        0.0,
        0.0,
        0.0,
        0.0,
        0.0,
        0.0,
        0.0,
        0.0,
        0.0,
        0.0,
        0.0,
        0.0,
        0.0,
        0.0,
        0.0,
        0.0,
        0.0,
        0.0,
        0.0,
        0.0,
        0.0,
        0.0,
        0.0,
        0.0,
        0.0,
        0.0,
        0.0,
        1.0,
        0.0,
        0.0,
        0.0,
        0.0,
        0.0,
        1.0,
        0.0,
        0.0,
        0.0,
        0.0,
        0.0,
        0.0,
        0.0,
        1.0,
        0.0,
        0.0,
        0.0,
        0.0,
        0.0,
        0.0,
        0.0,
        0.0,
        0.0,
        0.0
    ],
    "hold_count_norm": -0.431361985245648,
    "hold_density": 0.25974025974025966,
    "vertical_progress": 0.10185185185185185
}