{
    "data.grade": "7C",
    "data.userGrade": "7C",
    "data.method": "Feet follow hands",
    "data.userRating": 1.791759469228055,
    "data.repeats": 5.552959584921617,
    "data.moves": [
        {
            "problemId": 318331,
            "description": "E5",
            "isStart": true,
            "isEnd": false,
            "normalized_coordinates": [
                0.36363636363636365,
                0.2222222222222222
            ],
            "neighbors": [
                [
                    0.5454545454545454,
                    0.2222222222222222
                ],
                [
                    0.36363636363636365,
                    0.4444444444444444
                ],
                [
                    0.5454545454545454,
                    0.6111111111111112
                ]
            ],
            "edge_distances": [
                0.2222222222222222,
                0.7777777777777778
            ],
            "dx": 0.18181818181818177,
            "dy": 0.0,
            "move_angle": 0.0,
            "move_distance": 0.18181818181818177,
            "hold_type": 0.0
        },
        {
            "problemId": 318331,
            "description": "G5",
            "isStart": true,
            "isEnd": false,
            "normalized_coordinates": [
                0.5454545454545454,
                0.2222222222222222
            ],
            "neighbors": [
                [
                    0.36363636363636365,
                    0.2222222222222222
                ],
                [
                    0.36363636363636365,
                    0.4444444444444444
                ],
                [
                    0.5454545454545454,
                    0.6111111111111112
                ]
            ],
            "edge_distances": [
                0.2222222222222222,
                0.7777777777777778
            ],
            "dx": -0.18181818181818177,
            "dy": 0.2222222222222222,
            "move_angle": 2.256525837701183,
            "move_distance": 0.28712465461721,
            "angle_difference": 2.256525837701183,
            "hold_type": 0.0
        },
        {
            "problemId": 318331,
            "description": "E9",
            "isStart": false,
            "isEnd": false,
            "normalized_coordinates": [
                0.36363636363636365,
                0.4444444444444444
            ],
            "neighbors": [
                [
                    0.36363636363636365,
                    0.2222222222222222
                ],
                [
                    0.5454545454545454,
                    0.6111111111111112
                ],
                [
                    0.5454545454545454,
                    0.2222222222222222
                ]
            ],
            "edge_distances": [
                0.4444444444444444,
                0.5555555555555556
            ],
            "dx": 0.18181818181818177,
            "dy": 0.16666666666666674,
            "move_angle": 0.7419472680059178,
            "move_distance": 0.24664879691060163,
            "angle_difference": -1.5145785696952652,
            "hold_type": 0.0
        },
        {
            "problemId": 318331,
            "description": "G12",
            "isStart": false,
            "isEnd": false,
            "normalized_coordinates": [
                0.5454545454545454,
                0.6111111111111112
            ],
            "neighbors": [
                [
                    0.36363636363636365,
                    0.4444444444444444
                ],
                [
                    0.5454545454545454,
                    0.2222222222222222
                ],
                [
                    0.36363636363636365,
                    0.2222222222222222
                ]
            ],
            "edge_distances": [
                0.6111111111111112,
                0.38888888888888884
            ],
            "dx": -0.4545454545454545,
            "dy": 0.16666666666666663,
            "move_angle": 2.7901478595862415,
            "move_distance": 0.4841377366263774,
            "angle_difference": 2.048200591580324,
            "hold_type": 0.0
        },
        {
            "problemId": 318331,
            "description": "B15",
            "isStart": false,
            "isEnd": false,
            "normalized_coordinates": [
                0.09090909090909091,
                0.7777777777777778
            ],
            "neighbors": [
                [
                    0.18181818181818182,
                    0.9444444444444444
                ],
                [
                    0.36363636363636365,
                    0.4444444444444444
                ],
                [
                    0.5454545454545454,
                    0.6111111111111112
                ]
            ],
            "edge_distances": [
                0.7777777777777778,
                0.2222222222222222
            ],
            "dx": 0.09090909090909091,
            "dy": 0.16666666666666663,
            "move_angle": 1.0714496051147664,
            "move_distance": 0.18984794069911615,
            "angle_difference": -1.718698254471475,
            "hold_type": 0.5
        },
        {
            "problemId": 318331,
            "description": "C18",
            "isStart": false,
            "isEnd": true,
            "normalized_coordinates": [
                0.18181818181818182,
                0.9444444444444444
            ],
            "neighbors": [
                [
                    0.09090909090909091,
                    0.7777777777777778
                ],
                [
                    0.5454545454545454,
                    0.6111111111111112
                ],
                [
                    0.36363636363636365,
                    0.4444444444444444
                ]
            ],
            "edge_distances": [
                0.9444444444444444,
                0.05555555555555558
            ],
            "hold_type": 0.5
        }
    ],
    "data.apiId": 318331,
    "hold_presence": [
        0.0,
        0.0,
        0.0,
        0.0,
        0.0,
        0.0,
        0.0,
        0.0,
        0.0,
        0.0,
        0.0,
        0.0,
        0.0,
        0.0,
        0.0,
        0.0,
        0.0,
        0.0,
        0.0,
        0.0,
        0.0,
        0.0,
        0.0,
        0.0,
        0.0,
        0.0,
        0.0,
        0.0,
        0.0,
        0.0,
        0.0,
        0.0,
        0.0,
        0.0,
        0.0,
        0.0,
        0.0,
        0.0,
        0.0,
        0.0,
        0.0,
        0.0,
        0.0,
        0.0,
        0.0,
        0.0,
        0.0,
        0.0,
        1.0,
        0.0,
        1.0,
        0.0,
        0.0,
        0.0,
        0.0,
        0.0,
        0.0,
        0.0,
        0.0,
        0.0,
        0.0,
        0.0,
        0.0,
        0.0,
        0.0,
        0.0,
        0.0,
        0.0,
        0.0,
        0.0,
        0.0,
        0.0,
        0.0,
        0.0,
        0.0,
        0.0,
        0.0,
        0.0,
        0.0,
        0.0,
        0.0,
        0.0,
        0.0,
        0.0,
        0.0,
        0.0,
        0.0,
        0.0,
        0.0,
        0.0,
        0.0,
        0.0,
        1.0,
        0.0,
        0.0,
        0.0,
        0.0,
        0.0,
        0.0,
        0.0,
        0.0,
        0.0,
        0.0,
        0.0,
        0.0,
        0.0,
        0.0,
        0.0,
        0.0,
        0.0,
        0.0,
        0.0,
        0.0,
        0.0,
        0.0,
        0.0,
        0.0,
        0.0,
        0.0,
        0.0,
        0.0,
        0.0,
        0.0,
        0.0,
        0.0,
        0.0,
        0.0,
        1.0,
        0.0,
        0.0,
        0.0,
        0.0,
        0.0,
        0.0,
        0.0,
        0.0,
        0.0,
        0.0,
        0.0,
        0.0,
        0.0,
        0.0,
        0.0,
        0.0,
        0.0,
        0.0,
        0.0,
        0.0,
        0.0,
        0.0,
        0.0,
        0.0,
        0.0,
        0.0,
        0.0,
        1.0,
        0.0,
        0.0,
        0.0,
        0.0,
        0.0,
        0.0,
        0.0,
        0.0,
        0.0,
        0.0,
        0.0,
        0.0,
        0.0,
        0.0,
        0.0,
        0.0,
        0.0,
        0.0,
        0.0,
        0.0,
        0.0,
        0.0,
        0.0,
        0.0,
        0.0,
        0.0,
        0.0,
        0.0,
        0.0,
        0.0,
        0.0,
        0.0,
        0.0,
        1.0,
        0.0,
        0.0,
        0.0,
        0.0,
        0.0,
        0.0,
        0.0,
        0.0
    ],
    "hold_count_norm": -0.9624506127710697,
    "hold_density": 0.22424242424242422,
    "vertical_progress": 0.14444444444444443
}