{
    "data.grade": "7C",
    "data.userGrade": null,
    "data.method": "Feet follow hands",
    "data.userRating": 0.6931471805599453,
    "data.repeats": 0.6931471805599453,
    "data.moves": [
        {
            "problemId": 404063,
            "description": "K3",
            "isStart": true,
            "isEnd": false,
            "normalized_coordinates": [
                0.9090909090909091,
                0.1111111111111111
            ],
            "neighbors": [
                [
                    0.7272727272727273,
                    0.2222222222222222
                ],
                [
                    0.9090909090909091,
                    0.4444444444444444
                ],
                [
                    0.7272727272727273,
                    0.5
                ]
            ],
            "edge_distances": [
                0.1111111111111111,
                0.8888888888888888
            ],
            "dx": -0.18181818181818177,
            "dy": 0.1111111111111111,
            "move_angle": 2.593043251139265,
            "move_distance": 0.21308104151241394,
            "hold_type": 0.75
        },
        {
            "problemId": 404063,
            "description": "I5",
            "isStart": true,
            "isEnd": false,
            "normalized_coordinates": [
                0.7272727272727273,
                0.2222222222222222
            ],
            "neighbors": [
                [
                    0.9090909090909091,
                    0.1111111111111111
                ],
                [
                    0.7272727272727273,
                    0.5
                ],
                [
                    0.9090909090909091,
                    0.4444444444444444
                ]
            ],
            "edge_distances": [
                0.2222222222222222,
                0.7777777777777778
            ],
            "dx": 0.18181818181818177,
            "dy": 0.2222222222222222,
            "move_angle": 0.8850668158886105,
            "move_distance": 0.28712465461721,
            "angle_difference": -1.7079764352506546,
            "hold_type": 0.5
        },
        {
            "problemId": 404063,
            "description": "K9",
            "isStart": false,
            "isEnd": false,
            "normalized_coordinates": [
                0.9090909090909091,
                0.4444444444444444
            ],
            "neighbors": [
                [
                    0.7272727272727273,
                    0.5
                ],
                [
                    0.7272727272727273,
                    0.2222222222222222
                ],
                [
                    0.7272727272727273,
                    0.6666666666666666
                ]
            ],
            "edge_distances": [
                0.4444444444444444,
                0.5555555555555556
            ],
            "dx": -0.18181818181818177,
            "dy": 0.05555555555555558,
            "move_angle": 2.8450468445200925,
            "move_distance": 0.19011646691635056,
            "angle_difference": 1.959980028631482,
            "hold_type": 0.5
        },
        {
            "problemId": 404063,
            "description": "I10",
            "isStart": false,
            "isEnd": false,
            "normalized_coordinates": [
                0.7272727272727273,
                0.5
            ],
            "neighbors": [
                [
                    0.7272727272727273,
                    0.6666666666666666
                ],
                [
                    0.9090909090909091,
                    0.4444444444444444
                ],
                [
                    0.7272727272727273,
                    0.2222222222222222
                ]
            ],
            "edge_distances": [
                0.5,
                0.5
            ],
            "dx": 0.0,
            "dy": 0.16666666666666663,
            "move_angle": 1.5707963267948966,
            "move_distance": 0.16666666666666663,
            "angle_difference": -1.274250517725196,
            "hold_type": 0.5
        },
        {
            "problemId": 404063,
            "description": "I13",
            "isStart": false,
            "isEnd": false,
            "normalized_coordinates": [
                0.7272727272727273,
                0.6666666666666666
            ],
            "neighbors": [
                [
                    0.7272727272727273,
                    0.5
                ],
                [
                    0.9090909090909091,
                    0.4444444444444444
                ],
                [
                    0.8181818181818182,
                    0.9444444444444444
                ]
            ],
            "edge_distances": [
                0.6666666666666666,
                0.33333333333333337
            ],
            "dx": -0.36363636363636365,
            "dy": 0.16666666666666674,
            "move_angle": 2.7118303744931045,
            "move_distance": 0.4000114782558814,
            "angle_difference": 1.141034047698208,
            "hold_type": 0.75
        },
        {
            "problemId": 404063,
            "description": "E16",
            "isStart": false,
            "isEnd": false,
            "normalized_coordinates": [
                0.36363636363636365,
                0.8333333333333334
            ],
            "neighbors": [
                [
                    0.7272727272727273,
                    0.6666666666666666
                ],
                [
                    0.8181818181818182,
                    0.9444444444444444
                ],
                [
                    0.7272727272727273,
                    0.5
                ]
            ],
            "edge_distances": [
                0.8333333333333334,
                0.16666666666666663
            ],
            "dx": 0.4545454545454546,
            "dy": 0.11111111111111105,
            "move_angle": 0.23974310887045644,
            "move_distance": 0.46792867967274626,
            "angle_difference": -2.472087265622648,
            "hold_type": 0.75
        },
        {
            "problemId": 404063,
            "description": "J18",
            "isStart": false,
            "isEnd": true,
            "normalized_coordinates": [
                0.8181818181818182,
                0.9444444444444444
            ],
            "neighbors": [
                [
                    0.7272727272727273,
                    0.6666666666666666
                ],
                [
                    0.7272727272727273,
                    0.5
                ],
                [
                    0.36363636363636365,
                    0.8333333333333334
                ]
            ],
            "edge_distances": [
                0.9444444444444444,
                0.05555555555555558
            ],
            "hold_type": 0.75
        }
    ],
    "data.apiId": 404063,
    "hold_presence": [
        0.0,
        0.0,
        0.0,
        0.0,
        0.0,
        0.0,
        0.0,
        0.0,
        0.0,
        0.0,
        0.0,
        0.0,
        0.0,
        0.0,
        0.0,
        0.0,
        0.0,
        0.0,
        0.0,
        0.0,
        0.0,
        0.0,
        0.0,
        0.0,
        0.0,
        0.0,
        0.0,
        0.0,
        0.0,
        0.0,
        0.0,
        0.0,
        1.0,
        0.0,
        0.0,
        0.0,
        0.0,
        0.0,
        0.0,
        0.0,
        0.0,
        0.0,
        0.0,
        0.0,
        0.0,
        0.0,
        0.0,
        0.0,
        0.0,
        0.0,
        0.0,
        0.0,
        1.0,
        0.0,
        0.0,
        0.0,
        0.0,
        0.0,
        0.0,
        0.0,
        0.0,
        0.0,
        0.0,
        0.0,
        0.0,
        0.0,
        0.0,
        0.0,
        0.0,
        0.0,
        0.0,
        0.0,
        0.0,
        0.0,
        0.0,
        0.0,
        0.0,
        0.0,
        0.0,
        0.0,
        0.0,
        0.0,
        0.0,
        0.0,
        0.0,
        0.0,
        0.0,
        0.0,
        0.0,
        0.0,
        0.0,
        0.0,
        0.0,
        0.0,
        0.0,
        0.0,
        0.0,
        0.0,
        1.0,
        0.0,
        0.0,
        0.0,
        0.0,
        0.0,
        0.0,
        0.0,
        0.0,
        1.0,
        0.0,
        0.0,
        0.0,
        0.0,
        0.0,
        0.0,
        0.0,
        0.0,
        0.0,
        0.0,
        0.0,
        0.0,
        0.0,
        0.0,
        0.0,
        0.0,
        0.0,
        0.0,
        0.0,
        0.0,
        0.0,
        0.0,
        0.0,
        0.0,
        0.0,
        0.0,
        0.0,
        0.0,
        0.0,
        0.0,
        0.0,
        0.0,
        1.0,
        0.0,
        0.0,
        0.0,
        0.0,
        0.0,
        0.0,
        0.0,
        0.0,
        0.0,
        0.0,
        0.0,
        0.0,
        0.0,
        0.0,
        0.0,
        0.0,
        0.0,
        0.0,
        0.0,
        0.0,
        0.0,
        0.0,
        0.0,
        0.0,
        0.0,
        0.0,
        0.0,
        0.0,
        1.0,
        0.0,
        0.0,
        0.0,
        0.0,
        0.0,
        0.0,
        0.0,
        0.0,
        0.0,
        0.0,
        0.0,
        0.0,
        0.0,
        0.0,
        0.0,
        0.0,
        0.0,
        0.0,
        0.0,
        0.0,
        0.0,
        0.0,
        0.0,
        0.0,
        0.0,
        0.0,
        1.0,
        0.0
    ],
    "hold_count_norm": -0.431361985245648,
    "hold_density": 0.19913419913419914,
    "vertical_progress": 0.1388888888888889
}