{
    "data.grade": "7C",
    "data.userGrade": null,
    "data.method": "Feet follow hands",
    "data.userRating": 0.0,
    "data.repeats": 0.0,
    "data.moves": [
        {
            "problemId": 338977,
            "description": "J5",
            "isStart": true,
            "isEnd": false,
            "normalized_coordinates": [
                0.8181818181818182,
                0.2222222222222222
            ],
            "neighbors": [
                [
                    0.5454545454545454,
                    0.2222222222222222
                ],
                [
                    0.5454545454545454,
                    0.3888888888888889
                ],
                [
                    0.8181818181818182,
                    0.6111111111111112
                ]
            ],
            "edge_distances": [
                0.2222222222222222,
                0.7777777777777778
            ],
            "dx": -0.2727272727272728,
            "dy": 0.0,
            "move_angle": 3.141592653589793,
            "move_distance": 0.2727272727272728,
            "hold_type": 0.5
        },
        {
            "problemId": 338977,
            "description": "G5",
            "isStart": true,
            "isEnd": false,
            "normalized_coordinates": [
                0.5454545454545454,
                0.2222222222222222
            ],
            "neighbors": [
                [
                    0.5454545454545454,
                    0.3888888888888889
                ],
                [
                    0.8181818181818182,
                    0.2222222222222222
                ],
                [
                    0.36363636363636365,
                    0.4444444444444444
                ]
            ],
            "edge_distances": [
                0.2222222222222222,
                0.7777777777777778
            ],
            "dx": 0.0,
            "dy": 0.16666666666666669,
            "move_angle": 1.5707963267948966,
            "move_distance": 0.16666666666666669,
            "angle_difference": -1.5707963267948966,
            "hold_type": 0.0
        },
        {
            "problemId": 338977,
            "description": "G8",
            "isStart": false,
            "isEnd": false,
            "normalized_coordinates": [
                0.5454545454545454,
                0.3888888888888889
            ],
            "neighbors": [
                [
                    0.5454545454545454,
                    0.2222222222222222
                ],
                [
                    0.36363636363636365,
                    0.4444444444444444
                ],
                [
                    0.8181818181818182,
                    0.2222222222222222
                ]
            ],
            "edge_distances": [
                0.3888888888888889,
                0.6111111111111112
            ],
            "dx": -0.18181818181818177,
            "dy": 0.055555555555555525,
            "move_angle": 2.845046844520093,
            "move_distance": 0.19011646691635056,
            "angle_difference": 1.2742505177251964,
            "hold_type": 0.5
        },
        {
            "problemId": 338977,
            "description": "E9",
            "isStart": false,
            "isEnd": false,
            "normalized_coordinates": [
                0.36363636363636365,
                0.4444444444444444
            ],
            "neighbors": [
                [
                    0.5454545454545454,
                    0.3888888888888889
                ],
                [
                    0.2727272727272727,
                    0.6666666666666666
                ],
                [
                    0.5454545454545454,
                    0.2222222222222222
                ]
            ],
            "edge_distances": [
                0.4444444444444444,
                0.5555555555555556
            ],
            "dx": -0.09090909090909094,
            "dy": 0.2222222222222222,
            "move_angle": 1.9591150449673627,
            "move_distance": 0.2400982691718124,
            "angle_difference": -0.8859317995527303,
            "hold_type": 0.0
        },
        {
            "problemId": 338977,
            "description": "D13",
            "isStart": false,
            "isEnd": false,
            "normalized_coordinates": [
                0.2727272727272727,
                0.6666666666666666
            ],
            "neighbors": [
                [
                    0.18181818181818182,
                    0.7777777777777778
                ],
                [
                    0.36363636363636365,
                    0.4444444444444444
                ],
                [
                    0.0,
                    0.4444444444444444
                ]
            ],
            "edge_distances": [
                0.6666666666666666,
                0.33333333333333337
            ],
            "dx": 0.5454545454545455,
            "dy": -0.05555555555555547,
            "move_angle": -0.10150183100595304,
            "move_distance": 0.5482764639395998,
            "angle_difference": -2.0606168759733157,
            "hold_type": 0.0
        },
        {
            "problemId": 338977,
            "description": "J12",
            "isStart": false,
            "isEnd": false,
            "normalized_coordinates": [
                0.8181818181818182,
                0.6111111111111112
            ],
            "neighbors": [
                [
                    0.5454545454545454,
                    0.3888888888888889
                ],
                [
                    0.8181818181818182,
                    0.2222222222222222
                ],
                [
                    0.5454545454545454,
                    0.2222222222222222
                ]
            ],
            "edge_distances": [
                0.6111111111111112,
                0.38888888888888884
            ],
            "dx": -0.8181818181818182,
            "dy": -0.16666666666666674,
            "move_angle": -2.940638389901696,
            "move_distance": 0.8349845899063549,
            "angle_difference": -2.839136558895743,
            "hold_type": 0.5
        },
        {
            "problemId": 338977,
            "description": "A9",
            "isStart": false,
            "isEnd": false,
            "normalized_coordinates": [
                0.0,
                0.4444444444444444
            ],
            "neighbors": [
                [
                    0.2727272727272727,
                    0.6666666666666666
                ],
                [
                    0.36363636363636365,
                    0.4444444444444444
                ],
                [
                    0.18181818181818182,
                    0.7777777777777778
                ]
            ],
            "edge_distances": [
                0.4444444444444444,
                0.5555555555555556
            ],
            "dx": 0.18181818181818182,
            "dy": 0.33333333333333337,
            "move_angle": 1.0714496051147666,
            "move_distance": 0.3796958813982324,
            "angle_difference": 4.012087995016463,
            "hold_type": 0.0
        },
        {
            "problemId": 338977,
            "description": "C15",
            "isStart": false,
            "isEnd": false,
            "normalized_coordinates": [
                0.18181818181818182,
                0.7777777777777778
            ],
            "neighbors": [
                [
                    0.2727272727272727,
                    0.6666666666666666
                ],
                [
                    0.0,
                    0.9444444444444444
                ],
                [
                    0.0,
                    0.4444444444444444
                ]
            ],
            "edge_distances": [
                0.7777777777777778,
                0.2222222222222222
            ],
            "dx": -0.18181818181818182,
            "dy": 0.16666666666666663,
            "move_angle": 2.399645385583876,
            "move_distance": 0.24664879691060157,
            "angle_difference": 1.3281957804691094,
            "hold_type": 1.0
        },
        {
            "problemId": 338977,
            "description": "A18",
            "isStart": false,
            "isEnd": true,
            "normalized_coordinates": [
                0.0,
                0.9444444444444444
            ],
            "neighbors": [
                [
                    0.18181818181818182,
                    0.7777777777777778
                ],
                [
                    0.2727272727272727,
                    0.6666666666666666
                ],
                [
                    0.0,
                    0.4444444444444444
                ]
            ],
            "edge_distances": [
                0.9444444444444444,
                0.05555555555555558
            ],
            "hold_type": 1.0
        }
    ],
    "data.apiId": 338977,
    "hold_presence": [
        0.0,
        0.0,
        0.0,
        0.0,
        0.0,
        0.0,
        0.0,
        0.0,
        0.0,
        0.0,
        0.0,
        0.0,
        0.0,
        0.0,
        0.0,
        0.0,
        0.0,
        0.0,
        0.0,
        0.0,
        0.0,
        0.0,
        0.0,
        0.0,
        0.0,
        0.0,
        0.0,
        0.0,
        0.0,
        0.0,
        0.0,
        0.0,
        0.0,
        0.0,
        0.0,
        0.0,
        0.0,
        0.0,
        0.0,
        0.0,
        0.0,
        0.0,
        0.0,
        0.0,
        0.0,
        0.0,
        0.0,
        0.0,
        0.0,
        0.0,
        1.0,
        0.0,
        0.0,
        1.0,
        0.0,
        0.0,
        0.0,
        0.0,
        0.0,
        0.0,
        0.0,
        0.0,
        0.0,
        0.0,
        0.0,
        0.0,
        0.0,
        0.0,
        0.0,
        0.0,
        0.0,
        0.0,
        0.0,
        0.0,
        0.0,
        0.0,
        0.0,
        0.0,
        0.0,
        0.0,
        0.0,
        0.0,
        0.0,
        1.0,
        0.0,
        0.0,
        0.0,
        0.0,
        1.0,
        0.0,
        0.0,
        0.0,
        1.0,
        0.0,
        0.0,
        0.0,
        0.0,
        0.0,
        0.0,
        0.0,
        0.0,
        0.0,
        0.0,
        0.0,
        0.0,
        0.0,
        0.0,
        0.0,
        0.0,
        0.0,
        0.0,
        0.0,
        0.0,
        0.0,
        0.0,
        0.0,
        0.0,
        0.0,
        0.0,
        0.0,
        0.0,
        0.0,
        0.0,
        0.0,
        0.0,
        0.0,
        0.0,
        0.0,
        0.0,
        0.0,
        1.0,
        0.0,
        0.0,
        0.0,
        0.0,
        1.0,
        0.0,
        0.0,
        0.0,
        0.0,
        0.0,
        0.0,
        0.0,
        0.0,
        0.0,
        0.0,
        0.0,
        0.0,
        0.0,
        0.0,
        0.0,
        0.0,
        0.0,
        0.0,
        0.0,
        0.0,
        1.0,
        0.0,
        0.0,
        0.0,
        0.0,
        0.0,
        0.0,
        0.0,
        0.0,
        0.0,
        0.0,
        0.0,
        0.0,
        0.0,
        0.0,
        0.0,
        0.0,
        0.0,
        0.0,
        0.0,
        0.0,
        0.0,
        0.0,
        0.0,
        0.0,
        0.0,
        0.0,
        0.0,
        0.0,
        0.0,
        0.0,
        1.0,
        0.0,
        0.0,
        0.0,
        0.0,
        0.0,
        0.0,
        0.0,
        0.0,
        0.0,
        0.0
    ],
    "hold_count_norm": 0.6308152698051953,
    "hold_density": 0.37373737373737376,
    "vertical_progress": 0.09027777777777778
}