{
    "data.grade": "7C",
    "data.userGrade": null,
    "data.method": "Feet follow hands",
    "data.userRating": 0.0,
    "data.repeats": 0.0,
    "data.moves": [
        {
            "problemId": 409288,
            "description": "C4",
            "isStart": true,
            "isEnd": false,
            "normalized_coordinates": [
                0.18181818181818182,
                0.16666666666666666
            ],
            "neighbors": [
                [
                    0.6363636363636364,
                    0.2777777777777778
                ],
                [
                    0.18181818181818182,
                    0.7777777777777778
                ],
                [
                    0.8181818181818182,
                    0.3888888888888889
                ]
            ],
            "edge_distances": [
                0.16666666666666666,
                0.8333333333333334
            ],
            "dx": 0.45454545454545453,
            "dy": 0.11111111111111113,
            "move_angle": 0.23974310887045663,
            "move_distance": 0.4679286796727462,
            "hold_type": 1.0
        },
        {
            "problemId": 409288,
            "description": "H6",
            "isStart": true,
            "isEnd": false,
            "normalized_coordinates": [
                0.6363636363636364,
                0.2777777777777778
            ],
            "neighbors": [
                [
                    0.8181818181818182,
                    0.3888888888888889
                ],
                [
                    0.8181818181818182,
                    0.5
                ],
                [
                    0.7272727272727273,
                    0.7222222222222222
                ]
            ],
            "edge_distances": [
                0.2777777777777778,
                0.7222222222222222
            ],
            "dx": 0.18181818181818188,
            "dy": 0.1111111111111111,
            "move_angle": 0.5485494024505279,
            "move_distance": 0.21308104151241405,
            "angle_difference": 0.3088062935800712,
            "hold_type": 0.0
        },
        {
            "problemId": 409288,
            "description": "J8",
            "isStart": false,
            "isEnd": false,
            "normalized_coordinates": [
                0.8181818181818182,
                0.3888888888888889
            ],
            "neighbors": [
                [
                    0.8181818181818182,
                    0.5
                ],
                [
                    0.6363636363636364,
                    0.2777777777777778
                ],
                [
                    0.7272727272727273,
                    0.7222222222222222
                ]
            ],
            "edge_distances": [
                0.3888888888888889,
                0.6111111111111112
            ],
            "dx": 0.0,
            "dy": 0.1111111111111111,
            "move_angle": 1.5707963267948966,
            "move_distance": 0.1111111111111111,
            "angle_difference": 1.0222469243443686,
            "hold_type": 0.0
        },
        {
            "problemId": 409288,
            "description": "J10",
            "isStart": false,
            "isEnd": false,
            "normalized_coordinates": [
                0.8181818181818182,
                0.5
            ],
            "neighbors": [
                [
                    0.8181818181818182,
                    0.3888888888888889
                ],
                [
                    0.7272727272727273,
                    0.7222222222222222
                ],
                [
                    0.6363636363636364,
                    0.2777777777777778
                ]
            ],
            "edge_distances": [
                0.5,
                0.5
            ],
            "dx": -0.09090909090909094,
            "dy": 0.2222222222222222,
            "move_angle": 1.9591150449673627,
            "move_distance": 0.2400982691718124,
            "angle_difference": 0.3883187181724661,
            "hold_type": 0.0
        },
        {
            "problemId": 409288,
            "description": "I14",
            "isStart": false,
            "isEnd": false,
            "normalized_coordinates": [
                0.7272727272727273,
                0.7222222222222222
            ],
            "neighbors": [
                [
                    0.8181818181818182,
                    0.5
                ],
                [
                    0.45454545454545453,
                    0.8333333333333334
                ],
                [
                    0.8181818181818182,
                    0.3888888888888889
                ]
            ],
            "edge_distances": [
                0.7222222222222222,
                0.2777777777777778
            ],
            "dx": -0.5454545454545454,
            "dy": 0.05555555555555558,
            "move_angle": 3.04009082258384,
            "move_distance": 0.5482764639395997,
            "angle_difference": 1.0809757776164772,
            "hold_type": 0.0
        },
        {
            "problemId": 409288,
            "description": "C15",
            "isStart": false,
            "isEnd": false,
            "normalized_coordinates": [
                0.18181818181818182,
                0.7777777777777778
            ],
            "neighbors": [
                [
                    0.09090909090909091,
                    0.9444444444444444
                ],
                [
                    0.45454545454545453,
                    0.8333333333333334
                ],
                [
                    0.7272727272727273,
                    0.7222222222222222
                ]
            ],
            "edge_distances": [
                0.7777777777777778,
                0.2222222222222222
            ],
            "dx": 0.2727272727272727,
            "dy": 0.05555555555555558,
            "move_angle": 0.2009542636880971,
            "move_distance": 0.2783281966354516,
            "angle_difference": -2.839136558895743,
            "hold_type": 1.0
        },
        {
            "problemId": 409288,
            "description": "F16",
            "isStart": false,
            "isEnd": false,
            "normalized_coordinates": [
                0.45454545454545453,
                0.8333333333333334
            ],
            "neighbors": [
                [
                    0.18181818181818182,
                    0.7777777777777778
                ],
                [
                    0.7272727272727273,
                    0.7222222222222222
                ],
                [
                    0.09090909090909091,
                    0.9444444444444444
                ]
            ],
            "edge_distances": [
                0.8333333333333334,
                0.16666666666666663
            ],
            "dx": -0.36363636363636365,
            "dy": 0.11111111111111105,
            "move_angle": 2.845046844520093,
            "move_distance": 0.38023293383270124,
            "angle_difference": 2.644092580831996,
            "hold_type": 0.0
        },
        {
            "problemId": 409288,
            "description": "B18",
            "isStart": false,
            "isEnd": true,
            "normalized_coordinates": [
                0.09090909090909091,
                0.9444444444444444
            ],
            "neighbors": [
                [
                    0.18181818181818182,
                    0.7777777777777778
                ],
                [
                    0.45454545454545453,
                    0.8333333333333334
                ],
                [
                    0.7272727272727273,
                    0.7222222222222222
                ]
            ],
            "edge_distances": [
                0.9444444444444444,
                0.05555555555555558
            ],
            "hold_type": 0.75
        }
    ],
    "data.apiId": 409288,
    "hold_presence": [
        0.0,
        0.0,
        0.0,
        0.0,
        0.0,
        0.0,
        0.0,
        0.0,
        0.0,
        0.0,
        0.0,
        0.0,
        0.0,
        0.0,
        0.0,
        0.0,
        0.0,
        0.0,
        0.0,
        0.0,
        0.0,
        0.0,
        0.0,
        0.0,
        0.0,
        0.0,
        0.0,
        0.0,
        0.0,
        0.0,
        0.0,
        0.0,
        0.0,
        0.0,
        0.0,
        1.0,
        0.0,
        0.0,
        0.0,
        0.0,
        0.0,
        0.0,
        0.0,
        0.0,
        0.0,
        0.0,
        0.0,
        0.0,
        0.0,
        0.0,
        0.0,
        0.0,
        0.0,
        0.0,
        0.0,
        0.0,
        0.0,
        0.0,
        0.0,
        0.0,
        0.0,
        0.0,
        1.0,
        0.0,
        0.0,
        0.0,
        0.0,
        0.0,
        0.0,
        0.0,
        0.0,
        0.0,
        0.0,
        0.0,
        0.0,
        0.0,
        0.0,
        0.0,
        0.0,
        0.0,
        0.0,
        0.0,
        0.0,
        0.0,
        0.0,
        0.0,
        1.0,
        0.0,
        0.0,
        0.0,
        0.0,
        0.0,
        0.0,
        0.0,
        0.0,
        0.0,
        0.0,
        0.0,
        0.0,
        0.0,
        0.0,
        0.0,
        0.0,
        0.0,
        0.0,
        0.0,
        0.0,
        0.0,
        1.0,
        0.0,
        0.0,
        0.0,
        0.0,
        0.0,
        0.0,
        0.0,
        0.0,
        0.0,
        0.0,
        0.0,
        0.0,
        0.0,
        0.0,
        0.0,
        0.0,
        0.0,
        0.0,
        0.0,
        0.0,
        0.0,
        0.0,
        0.0,
        0.0,
        0.0,
        0.0,
        0.0,
        0.0,
        0.0,
        0.0,
        0.0,
        0.0,
        0.0,
        0.0,
        0.0,
        0.0,
        0.0,
        0.0,
        0.0,
        0.0,
        0.0,
        0.0,
        1.0,
        0.0,
        0.0,
        0.0,
        0.0,
        1.0,
        0.0,
        0.0,
        0.0,
        0.0,
        0.0,
        0.0,
        0.0,
        0.0,
        0.0,
        0.0,
        0.0,
        0.0,
        0.0,
        1.0,
        0.0,
        0.0,
        0.0,
        0.0,
        0.0,
        0.0,
        0.0,
        0.0,
        0.0,
        0.0,
        0.0,
        0.0,
        0.0,
        0.0,
        0.0,
        0.0,
        0.0,
        1.0,
        0.0,
        0.0,
        0.0,
        0.0,
        0.0,
        0.0,
        0.0,
        0.0,
        0.0
    ],
    "hold_count_norm": 0.09972664227977365,
    "hold_density": 0.3603896103896105,
    "vertical_progress": 0.11111111111111112
}