{
    "data.grade": "7C",
    "data.userGrade": null,
    "data.method": "Feet follow hands",
    "data.userRating": 1.6094379124341003,
    "data.repeats": 1.3862943611198906,
    "data.moves": [
        {
            "problemId": 370007,
            "description": "D3",
            "isStart": true,
            "isEnd": false,
            "normalized_coordinates": [
                0.2727272727272727,
                0.1111111111111111
            ],
            "neighbors": [
                [
                    0.6363636363636364,
                    0.16666666666666666
                ],
                [
                    0.6363636363636364,
                    0.3888888888888889
                ],
                [
                    0.8181818181818182,
                    0.1111111111111111
                ]
            ],
            "edge_distances": [
                0.1111111111111111,
                0.8888888888888888
            ],
            "dx": 0.36363636363636365,
            "dy": 0.05555555555555555,
            "move_angle": 0.15160548743827282,
            "move_distance": 0.36785571181071,
            "hold_type": 0.75
        },
        {
            "problemId": 370007,
            "description": "H4",
            "isStart": true,
            "isEnd": false,
            "normalized_coordinates": [
                0.6363636363636364,
                0.16666666666666666
            ],
            "neighbors": [
                [
                    0.8181818181818182,
                    0.1111111111111111
                ],
                [
                    0.6363636363636364,
                    0.3888888888888889
                ],
                [
                    0.2727272727272727,
                    0.1111111111111111
                ]
            ],
            "edge_distances": [
                0.16666666666666666,
                0.8333333333333334
            ],
            "dx": 0.18181818181818188,
            "dy": -0.05555555555555555,
            "move_angle": -0.29654580906970035,
            "move_distance": 0.19011646691635067,
            "angle_difference": -0.44815129650797314,
            "hold_type": 0.5
        },
        {
            "problemId": 370007,
            "description": "J3",
            "isStart": false,
            "isEnd": false,
            "normalized_coordinates": [
                0.8181818181818182,
                0.1111111111111111
            ],
            "neighbors": [
                [
                    0.6363636363636364,
                    0.16666666666666666
                ],
                [
                    0.6363636363636364,
                    0.3888888888888889
                ],
                [
                    0.8181818181818182,
                    0.5
                ]
            ],
            "edge_distances": [
                0.1111111111111111,
                0.8888888888888888
            ],
            "dx": -0.18181818181818188,
            "dy": 0.2777777777777778,
            "move_angle": 2.1503603120882198,
            "move_distance": 0.33199148342514745,
            "angle_difference": 2.44690612115792,
            "hold_type": 0.0
        },
        {
            "problemId": 370007,
            "description": "H8",
            "isStart": false,
            "isEnd": false,
            "normalized_coordinates": [
                0.6363636363636364,
                0.3888888888888889
            ],
            "neighbors": [
                [
                    0.8181818181818182,
                    0.5
                ],
                [
                    0.6363636363636364,
                    0.16666666666666666
                ],
                [
                    0.8181818181818182,
                    0.1111111111111111
                ]
            ],
            "edge_distances": [
                0.3888888888888889,
                0.6111111111111112
            ],
            "dx": 0.18181818181818188,
            "dy": 0.1111111111111111,
            "move_angle": 0.5485494024505279,
            "move_distance": 0.21308104151241405,
            "angle_difference": -1.6018109096376918,
            "hold_type": 1.0
        },
        {
            "problemId": 370007,
            "description": "J10",
            "isStart": false,
            "isEnd": false,
            "normalized_coordinates": [
                0.8181818181818182,
                0.5
            ],
            "neighbors": [
                [
                    0.6363636363636364,
                    0.3888888888888889
                ],
                [
                    0.6363636363636364,
                    0.16666666666666666
                ],
                [
                    0.8181818181818182,
                    0.1111111111111111
                ]
            ],
            "edge_distances": [
                0.5,
                0.5
            ],
            "dx": -0.3636363636363637,
            "dy": 0.2222222222222222,
            "move_angle": 2.593043251139265,
            "move_distance": 0.42616208302482805,
            "angle_difference": 2.044493848688737,
            "hold_type": 0.0
        },
        {
            "problemId": 370007,
            "description": "F14",
            "isStart": false,
            "isEnd": false,
            "normalized_coordinates": [
                0.45454545454545453,
                0.7222222222222222
            ],
            "neighbors": [
                [
                    0.45454545454545453,
                    0.8333333333333334
                ],
                [
                    0.6363636363636364,
                    0.3888888888888889
                ],
                [
                    0.8181818181818182,
                    0.5
                ]
            ],
            "edge_distances": [
                0.7222222222222222,
                0.2777777777777778
            ],
            "dx": 0.0,
            "dy": 0.11111111111111116,
            "move_angle": 1.5707963267948966,
            "move_distance": 0.11111111111111116,
            "angle_difference": -1.0222469243443686,
            "hold_type": 0.0
        },
        {
            "problemId": 370007,
            "description": "F16",
            "isStart": false,
            "isEnd": false,
            "normalized_coordinates": [
                0.45454545454545453,
                0.8333333333333334
            ],
            "neighbors": [
                [
                    0.45454545454545453,
                    0.7222222222222222
                ],
                [
                    0.0,
                    0.9444444444444444
                ],
                [
                    0.6363636363636364,
                    0.3888888888888889
                ]
            ],
            "edge_distances": [
                0.8333333333333334,
                0.16666666666666663
            ],
            "dx": -0.45454545454545453,
            "dy": 0.11111111111111105,
            "move_angle": 2.9018495447193366,
            "move_distance": 0.4679286796727462,
            "angle_difference": 1.33105321792444,
            "hold_type": 0.0
        },
        {
            "problemId": 370007,
            "description": "A18",
            "isStart": false,
            "isEnd": true,
            "normalized_coordinates": [
                0.0,
                0.9444444444444444
            ],
            "neighbors": [
                [
                    0.45454545454545453,
                    0.8333333333333334
                ],
                [
                    0.45454545454545453,
                    0.7222222222222222
                ],
                [
                    0.6363636363636364,
                    0.3888888888888889
                ]
            ],
            "edge_distances": [
                0.9444444444444444,
                0.05555555555555558
            ],
            "hold_type": 1.0
        }
    ],
    "data.apiId": 370007,
    "hold_presence": [
        0.0,
        0.0,
        0.0,
        0.0,
        0.0,
        0.0,
        0.0,
        0.0,
        0.0,
        0.0,
        0.0,
        0.0,
        0.0,
        0.0,
        0.0,
        0.0,
        0.0,
        0.0,
        0.0,
        0.0,
        0.0,
        0.0,
        0.0,
        0.0,
        0.0,
        1.0,
        0.0,
        0.0,
        0.0,
        0.0,
        0.0,
        1.0,
        0.0,
        0.0,
        0.0,
        0.0,
        0.0,
        0.0,
        0.0,
        0.0,
        1.0,
        0.0,
        0.0,
        0.0,
        0.0,
        0.0,
        0.0,
        0.0,
        0.0,
        0.0,
        0.0,
        0.0,
        0.0,
        0.0,
        0.0,
        0.0,
        0.0,
        0.0,
        0.0,
        0.0,
        0.0,
        0.0,
        0.0,
        0.0,
        0.0,
        0.0,
        0.0,
        0.0,
        0.0,
        0.0,
        0.0,
        0.0,
        0.0,
        0.0,
        0.0,
        0.0,
        0.0,
        0.0,
        0.0,
        0.0,
        0.0,
        0.0,
        0.0,
        0.0,
        1.0,
        0.0,
        0.0,
        0.0,
        0.0,
        0.0,
        0.0,
        0.0,
        0.0,
        0.0,
        0.0,
        0.0,
        0.0,
        0.0,
        0.0,
        0.0,
        0.0,
        0.0,
        0.0,
        0.0,
        0.0,
        0.0,
        0.0,
        0.0,
        1.0,
        0.0,
        0.0,
        0.0,
        0.0,
        0.0,
        0.0,
        0.0,
        0.0,
        0.0,
        0.0,
        0.0,
        0.0,
        0.0,
        0.0,
        0.0,
        0.0,
        0.0,
        0.0,
        0.0,
        0.0,
        0.0,
        0.0,
        0.0,
        0.0,
        0.0,
        0.0,
        0.0,
        0.0,
        0.0,
        0.0,
        0.0,
        0.0,
        0.0,
        0.0,
        0.0,
        0.0,
        0.0,
        0.0,
        0.0,
        1.0,
        0.0,
        0.0,
        0.0,
        0.0,
        0.0,
        0.0,
        0.0,
        0.0,
        0.0,
        0.0,
        0.0,
        0.0,
        0.0,
        0.0,
        0.0,
        0.0,
        0.0,
        0.0,
        0.0,
        0.0,
        0.0,
        1.0,
        0.0,
        0.0,
        0.0,
        0.0,
        0.0,
        0.0,
        0.0,
        0.0,
        0.0,
        0.0,
        0.0,
        0.0,
        0.0,
        0.0,
        0.0,
        0.0,
        1.0,
        0.0,
        0.0,
        0.0,
        0.0,
        0.0,
        0.0,
        0.0,
        0.0,
        0.0,
        0.0
    ],
    "hold_count_norm": 0.09972664227977365,
    "hold_density": 0.32792207792207784,
    "vertical_progress": 0.11904761904761905
}