{
    "data.grade": "7C",
    "data.userGrade": null,
    "data.method": "Feet follow hands",
    "data.userRating": 0.0,
    "data.repeats": 0.0,
    "data.moves": [
        {
            "problemId": 315733,
            "description": "C4",
            "isStart": true,
            "isEnd": false,
            "normalized_coordinates": [
                0.18181818181818182,
                0.16666666666666666
            ],
            "neighbors": [
                [
                    0.09090909090909091,
                    0.5
                ],
                [
                    0.45454545454545453,
                    0.7222222222222222
                ],
                [
                    0.2727272727272727,
                    0.9444444444444444
                ]
            ],
            "edge_distances": [
                0.16666666666666666,
                0.8333333333333334
            ],
            "dx": 0.09090909090909088,
            "dy": 0.7777777777777778,
            "move_angle": 1.454441161588022,
            "move_distance": 0.7830726239722952,
            "hold_type": 1.0
        },
        {
            "problemId": 315733,
            "description": "D18",
            "isStart": false,
            "isEnd": true,
            "normalized_coordinates": [
                0.2727272727272727,
                0.9444444444444444
            ],
            "neighbors": [
                [
                    0.45454545454545453,
                    0.7222222222222222
                ],
                [
                    0.09090909090909091,
                    0.5
                ],
                [
                    0.18181818181818182,
                    0.16666666666666666
                ]
            ],
            "edge_distances": [
                0.9444444444444444,
                0.05555555555555558
            ],
            "dx": -0.1818181818181818,
            "dy": -0.4444444444444444,
            "move_angle": -1.9591150449673627,
            "move_distance": 0.48019653834362475,
            "angle_difference": -3.4135562065553846,
            "hold_type": 1.0
        },
        {
            "problemId": 315733,
            "description": "B10",
            "isStart": false,
            "isEnd": false,
            "normalized_coordinates": [
                0.09090909090909091,
                0.5
            ],
            "neighbors": [
                [
                    0.18181818181818182,
                    0.16666666666666666
                ],
                [
                    0.45454545454545453,
                    0.7222222222222222
                ],
                [
                    0.2727272727272727,
                    0.9444444444444444
                ]
            ],
            "edge_distances": [
                0.5,
                0.5
            ],
            "dx": 0.36363636363636365,
            "dy": 0.2222222222222222,
            "move_angle": 0.5485494024505281,
            "move_distance": 0.426162083024828,
            "angle_difference": 2.507664447417891,
            "hold_type": 0.5
        },
        {
            "problemId": 315733,
            "description": "F14",
            "isStart": false,
            "isEnd": false,
            "normalized_coordinates": [
                0.45454545454545453,
                0.7222222222222222
            ],
            "neighbors": [
                [
                    0.2727272727272727,
                    0.9444444444444444
                ],
                [
                    0.09090909090909091,
                    0.5
                ],
                [
                    0.18181818181818182,
                    0.16666666666666666
                ]
            ],
            "edge_distances": [
                0.7222222222222222,
                0.2777777777777778
            ],
            "hold_type": 0.0
        }
    ],
    "data.apiId": 315733,
    "hold_presence": [
        0.0,
        0.0,
        0.0,
        0.0,
        0.0,
        0.0,
        0.0,
        0.0,
        0.0,
        0.0,
        0.0,
        0.0,
        0.0,
        0.0,
        0.0,
        0.0,
        0.0,
        0.0,
        0.0,
        0.0,
        0.0,
        0.0,
        0.0,
        0.0,
        0.0,
        0.0,
        0.0,
        0.0,
        0.0,
        0.0,
        0.0,
        0.0,
        0.0,
        0.0,
        0.0,
        1.0,
        0.0,
        0.0,
        0.0,
        0.0,
        0.0,
        0.0,
        0.0,
        0.0,
        0.0,
        0.0,
        0.0,
        0.0,
        0.0,
        0.0,
        0.0,
        0.0,
        0.0,
        0.0,
        0.0,
        0.0,
        0.0,
        0.0,
        0.0,
        0.0,
        0.0,
        0.0,
        0.0,
        0.0,
        0.0,
        0.0,
        0.0,
        0.0,
        0.0,
        0.0,
        0.0,
        0.0,
        0.0,
        0.0,
        0.0,
        0.0,
        0.0,
        0.0,
        0.0,
        0.0,
        0.0,
        0.0,
        0.0,
        0.0,
        0.0,
        0.0,
        0.0,
        0.0,
        0.0,
        0.0,
        0.0,
        0.0,
        0.0,
        0.0,
        0.0,
        0.0,
        0.0,
        0.0,
        0.0,
        0.0,
        1.0,
        0.0,
        0.0,
        0.0,
        0.0,
        0.0,
        0.0,
        0.0,
        0.0,
        0.0,
        0.0,
        0.0,
        0.0,
        0.0,
        0.0,
        0.0,
        0.0,
        0.0,
        0.0,
        0.0,
        0.0,
        0.0,
        0.0,
        0.0,
        0.0,
        0.0,
        0.0,
        0.0,
        0.0,
        0.0,
        0.0,
        0.0,
        0.0,
        0.0,
        0.0,
        0.0,
        0.0,
        0.0,
        0.0,
        0.0,
        0.0,
        0.0,
        0.0,
        0.0,
        0.0,
        0.0,
        0.0,
        0.0,
        1.0,
        0.0,
        0.0,
        0.0,
        0.0,
        0.0,
        0.0,
        0.0,
        0.0,
        0.0,
        0.0,
        0.0,
        0.0,
        0.0,
        0.0,
        0.0,
        0.0,
        0.0,
        0.0,
        0.0,
        0.0,
        0.0,
        0.0,
        0.0,
        0.0,
        0.0,
        0.0,
        0.0,
        0.0,
        0.0,
        0.0,
        0.0,
        0.0,
        0.0,
        0.0,
        0.0,
        0.0,
        0.0,
        0.0,
        0.0,
        0.0,
        0.0,
        1.0,
        0.0,
        0.0,
        0.0,
        0.0,
        0.0,
        0.0,
        0.0
    ],
    "hold_count_norm": -2.024627867821913,
    "hold_density": 0.19696969696969693,
    "vertical_progress": 0.1851851851851852
}