{
    "data.grade": "7C",
    "data.userGrade": null,
    "data.method": "Feet follow hands",
    "data.userRating": 0.0,
    "data.repeats": 0.0,
    "data.moves": [
        {
            "problemId": 323249,
            "description": "F2",
            "isStart": true,
            "isEnd": false,
            "normalized_coordinates": [
                0.45454545454545453,
                0.05555555555555555
            ],
            "neighbors": [
                [
                    0.45454545454545453,
                    0.1111111111111111
                ],
                [
                    0.2727272727272727,
                    0.3888888888888889
                ],
                [
                    0.7272727272727273,
                    0.5
                ]
            ],
            "edge_distances": [
                0.05555555555555555,
                0.9444444444444444
            ],
            "dx": 0.0,
            "dy": 0.05555555555555555,
            "move_angle": 1.5707963267948966,
            "move_distance": 0.05555555555555555,
            "hold_type": 1.0
        },
        {
            "problemId": 323249,
            "description": "F3",
            "isStart": true,
            "isEnd": false,
            "normalized_coordinates": [
                0.45454545454545453,
                0.1111111111111111
            ],
            "neighbors": [
                [
                    0.45454545454545453,
                    0.05555555555555555
                ],
                [
                    0.2727272727272727,
                    0.3888888888888889
                ],
                [
                    0.7272727272727273,
                    0.5
                ]
            ],
            "edge_distances": [
                0.1111111111111111,
                0.8888888888888888
            ],
            "dx": -0.18181818181818182,
            "dy": 0.2777777777777778,
            "move_angle": 2.1503603120882198,
            "move_distance": 0.3319914834251474,
            "angle_difference": 0.5795639852933232,
            "hold_type": 0.75
        },
        {
            "problemId": 323249,
            "description": "D8",
            "isStart": false,
            "isEnd": false,
            "normalized_coordinates": [
                0.2727272727272727,
                0.3888888888888889
            ],
            "neighbors": [
                [
                    0.45454545454545453,
                    0.1111111111111111
                ],
                [
                    0.45454545454545453,
                    0.6666666666666666
                ],
                [
                    0.45454545454545453,
                    0.05555555555555555
                ]
            ],
            "edge_distances": [
                0.3888888888888889,
                0.6111111111111112
            ],
            "dx": 0.4545454545454546,
            "dy": 0.1111111111111111,
            "move_angle": 0.23974310887045655,
            "move_distance": 0.46792867967274626,
            "angle_difference": -1.9106172032177633,
            "hold_type": 1.0
        },
        {
            "problemId": 323249,
            "description": "I10",
            "isStart": false,
            "isEnd": false,
            "normalized_coordinates": [
                0.7272727272727273,
                0.5
            ],
            "neighbors": [
                [
                    0.6363636363636364,
                    0.6111111111111112
                ],
                [
                    0.45454545454545453,
                    0.6666666666666666
                ],
                [
                    0.2727272727272727,
                    0.3888888888888889
                ]
            ],
            "edge_distances": [
                0.5,
                0.5
            ],
            "dx": -0.09090909090909094,
            "dy": 0.11111111111111116,
            "move_angle": 2.256525837701183,
            "move_distance": 0.14356232730860508,
            "angle_difference": 2.0167827288307265,
            "hold_type": 0.5
        },
        {
            "problemId": 323249,
            "description": "H12",
            "isStart": false,
            "isEnd": false,
            "normalized_coordinates": [
                0.6363636363636364,
                0.6111111111111112
            ],
            "neighbors": [
                [
                    0.7272727272727273,
                    0.5
                ],
                [
                    0.45454545454545453,
                    0.6666666666666666
                ],
                [
                    0.2727272727272727,
                    0.3888888888888889
                ]
            ],
            "edge_distances": [
                0.6111111111111112,
                0.38888888888888884
            ],
            "dx": -0.18181818181818182,
            "dy": 0.05555555555555547,
            "move_angle": 2.8450468445200934,
            "move_distance": 0.19011646691635062,
            "angle_difference": 0.5885210068189104,
            "hold_type": 0.75
        },
        {
            "problemId": 323249,
            "description": "F13",
            "isStart": false,
            "isEnd": false,
            "normalized_coordinates": [
                0.45454545454545453,
                0.6666666666666666
            ],
            "neighbors": [
                [
                    0.6363636363636364,
                    0.6111111111111112
                ],
                [
                    0.18181818181818182,
                    0.7777777777777778
                ],
                [
                    0.7272727272727273,
                    0.5
                ]
            ],
            "edge_distances": [
                0.6666666666666666,
                0.33333333333333337
            ],
            "dx": -0.2727272727272727,
            "dy": 0.11111111111111116,
            "move_angle": 2.754716935858765,
            "move_distance": 0.29449251994168185,
            "angle_difference": -0.0903299086613285,
            "hold_type": 1.0
        },
        {
            "problemId": 323249,
            "description": "C15",
            "isStart": false,
            "isEnd": false,
            "normalized_coordinates": [
                0.18181818181818182,
                0.7777777777777778
            ],
            "neighbors": [
                [
                    0.0,
                    0.9444444444444444
                ],
                [
                    0.45454545454545453,
                    0.6666666666666666
                ],
                [
                    0.2727272727272727,
                    0.3888888888888889
                ]
            ],
            "edge_distances": [
                0.7777777777777778,
                0.2222222222222222
            ],
            "dx": -0.18181818181818182,
            "dy": 0.16666666666666663,
            "move_angle": 2.399645385583876,
            "move_distance": 0.24664879691060157,
            "angle_difference": -0.3550715502748889,
            "hold_type": 1.0
        },
        {
            "problemId": 323249,
            "description": "A18",
            "isStart": false,
            "isEnd": true,
            "normalized_coordinates": [
                0.0,
                0.9444444444444444
            ],
            "neighbors": [
                [
                    0.18181818181818182,
                    0.7777777777777778
                ],
                [
                    0.45454545454545453,
                    0.6666666666666666
                ],
                [
                    0.2727272727272727,
                    0.3888888888888889
                ]
            ],
            "edge_distances": [
                0.9444444444444444,
                0.05555555555555558
            ],
            "hold_type": 1.0
        }
    ],
    "data.apiId": 323249,
    "hold_presence": [
        0.0,
        0.0,
        0.0,
        0.0,
        0.0,
        0.0,
        0.0,
        0.0,
        0.0,
        0.0,
        0.0,
        0.0,
        0.0,
        0.0,
        0.0,
        0.0,
        1.0,
        0.0,
        0.0,
        0.0,
        0.0,
        0.0,
        0.0,
        0.0,
        0.0,
        0.0,
        0.0,
        1.0,
        0.0,
        0.0,
        0.0,
        0.0,
        0.0,
        0.0,
        0.0,
        0.0,
        0.0,
        0.0,
        0.0,
        0.0,
        0.0,
        0.0,
        0.0,
        0.0,
        0.0,
        0.0,
        0.0,
        0.0,
        0.0,
        0.0,
        0.0,
        0.0,
        0.0,
        0.0,
        0.0,
        0.0,
        0.0,
        0.0,
        0.0,
        0.0,
        0.0,
        0.0,
        0.0,
        0.0,
        0.0,
        0.0,
        0.0,
        0.0,
        0.0,
        0.0,
        0.0,
        0.0,
        0.0,
        0.0,
        0.0,
        0.0,
        0.0,
        0.0,
        0.0,
        0.0,
        1.0,
        0.0,
        0.0,
        0.0,
        0.0,
        0.0,
        0.0,
        0.0,
        0.0,
        0.0,
        0.0,
        0.0,
        0.0,
        0.0,
        0.0,
        0.0,
        0.0,
        0.0,
        0.0,
        0.0,
        0.0,
        0.0,
        0.0,
        0.0,
        0.0,
        0.0,
        0.0,
        1.0,
        0.0,
        0.0,
        0.0,
        0.0,
        0.0,
        0.0,
        0.0,
        0.0,
        0.0,
        0.0,
        0.0,
        0.0,
        0.0,
        0.0,
        0.0,
        0.0,
        0.0,
        0.0,
        0.0,
        0.0,
        1.0,
        0.0,
        0.0,
        0.0,
        0.0,
        0.0,
        0.0,
        0.0,
        0.0,
        1.0,
        0.0,
        0.0,
        0.0,
        0.0,
        0.0,
        0.0,
        0.0,
        0.0,
        0.0,
        0.0,
        0.0,
        0.0,
        0.0,
        0.0,
        0.0,
        0.0,
        0.0,
        0.0,
        1.0,
        0.0,
        0.0,
        0.0,
        0.0,
        0.0,
        0.0,
        0.0,
        0.0,
        0.0,
        0.0,
        0.0,
        0.0,
        0.0,
        0.0,
        0.0,
        0.0,
        0.0,
        0.0,
        0.0,
        0.0,
        0.0,
        0.0,
        0.0,
        0.0,
        0.0,
        0.0,
        0.0,
        0.0,
        0.0,
        0.0,
        1.0,
        0.0,
        0.0,
        0.0,
        0.0,
        0.0,
        0.0,
        0.0,
        0.0,
        0.0,
        0.0
    ],
    "hold_count_norm": 0.09972664227977365,
    "hold_density": 0.2824675324675324,
    "vertical_progress": 0.12698412698412698
}