{
    "data.grade": "7C",
    "data.userGrade": "7A+",
    "data.method": "Feet follow hands",
    "data.userRating": 1.3862943611198906,
    "data.repeats": 2.1972245773362196,
    "data.moves": [
        {
            "problemId": 430157,
            "description": "F4",
            "isStart": true,
            "isEnd": false,
            "normalized_coordinates": [
                0.45454545454545453,
                0.16666666666666666
            ],
            "neighbors": [
                [
                    0.6363636363636364,
                    0.0
                ],
                [
                    0.2727272727272727,
                    0.4444444444444444
                ],
                [
                    0.5454545454545454,
                    0.5
                ]
            ],
            "edge_distances": [
                0.16666666666666666,
                0.8333333333333334
            ],
            "dx": 0.18181818181818182,
            "dy": -0.16666666666666666,
            "move_angle": -0.7419472680059174,
            "move_distance": 0.2466487969106016,
            "hold_type": 0.0
        },
        {
            "problemId": 430157,
            "description": "H1",
            "isStart": true,
            "isEnd": false,
            "normalized_coordinates": [
                0.6363636363636364,
                0.0
            ],
            "neighbors": [
                [
                    0.45454545454545453,
                    0.16666666666666666
                ],
                [
                    0.9090909090909091,
                    0.2222222222222222
                ],
                [
                    0.8181818181818182,
                    0.3888888888888889
                ]
            ],
            "edge_distances": [
                0.0,
                1.0
            ],
            "dx": 0.2727272727272727,
            "dy": 0.4444444444444444,
            "move_angle": 1.0204103791181054,
            "move_distance": 0.5214508888541538,
            "angle_difference": 1.7623576471240228,
            "hold_type": 0.5
        },
        {
            "problemId": 430157,
            "description": "K9",
            "isStart": false,
            "isEnd": false,
            "normalized_coordinates": [
                0.9090909090909091,
                0.4444444444444444
            ],
            "neighbors": [
                [
                    0.8181818181818182,
                    0.3888888888888889
                ],
                [
                    0.9090909090909091,
                    0.2222222222222222
                ],
                [
                    0.7272727272727273,
                    0.7222222222222222
                ]
            ],
            "edge_distances": [
                0.4444444444444444,
                0.5555555555555556
            ],
            "dx": -0.6363636363636364,
            "dy": 0.0,
            "move_angle": 3.141592653589793,
            "move_distance": 0.6363636363636364,
            "angle_difference": 2.1211822744716877,
            "hold_type": 0.5
        },
        {
            "problemId": 430157,
            "description": "D9",
            "isStart": false,
            "isEnd": false,
            "normalized_coordinates": [
                0.2727272727272727,
                0.4444444444444444
            ],
            "neighbors": [
                [
                    0.5454545454545454,
                    0.5
                ],
                [
                    0.45454545454545453,
                    0.6666666666666666
                ],
                [
                    0.45454545454545453,
                    0.16666666666666666
                ]
            ],
            "edge_distances": [
                0.4444444444444444,
                0.5555555555555556
            ],
            "dx": 0.2727272727272727,
            "dy": 0.05555555555555558,
            "move_angle": 0.2009542636880971,
            "move_distance": 0.2783281966354516,
            "angle_difference": -2.940638389901696,
            "hold_type": 1.0
        },
        {
            "problemId": 430157,
            "description": "G10",
            "isStart": false,
            "isEnd": false,
            "normalized_coordinates": [
                0.5454545454545454,
                0.5
            ],
            "neighbors": [
                [
                    0.45454545454545453,
                    0.6666666666666666
                ],
                [
                    0.2727272727272727,
                    0.4444444444444444
                ],
                [
                    0.7272727272727273,
                    0.7222222222222222
                ]
            ],
            "edge_distances": [
                0.5,
                0.5
            ],
            "dx": -0.09090909090909088,
            "dy": 0.16666666666666663,
            "move_angle": 2.0701430484750265,
            "move_distance": 0.18984794069911615,
            "angle_difference": 1.8691887847869295,
            "hold_type": 0.5
        },
        {
            "problemId": 430157,
            "description": "F13",
            "isStart": false,
            "isEnd": false,
            "normalized_coordinates": [
                0.45454545454545453,
                0.6666666666666666
            ],
            "neighbors": [
                [
                    0.5454545454545454,
                    0.5
                ],
                [
                    0.7272727272727273,
                    0.7222222222222222
                ],
                [
                    0.2727272727272727,
                    0.4444444444444444
                ]
            ],
            "edge_distances": [
                0.6666666666666666,
                0.33333333333333337
            ],
            "dx": 0.27272727272727276,
            "dy": 0.05555555555555558,
            "move_angle": 0.20095426368809707,
            "move_distance": 0.27832819663545166,
            "angle_difference": -1.8691887847869295,
            "hold_type": 1.0
        },
        {
            "problemId": 430157,
            "description": "I14",
            "isStart": false,
            "isEnd": false,
            "normalized_coordinates": [
                0.7272727272727273,
                0.7222222222222222
            ],
            "neighbors": [
                [
                    0.6363636363636364,
                    0.8888888888888888
                ],
                [
                    0.45454545454545453,
                    0.6666666666666666
                ],
                [
                    0.9090909090909091,
                    0.9444444444444444
                ]
            ],
            "edge_distances": [
                0.7222222222222222,
                0.2777777777777778
            ],
            "dx": -0.09090909090909094,
            "dy": 0.16666666666666663,
            "move_angle": 2.070143048475027,
            "move_distance": 0.18984794069911615,
            "angle_difference": 1.86918878478693,
            "hold_type": 0.0
        },
        {
            "problemId": 430157,
            "description": "H17",
            "isStart": false,
            "isEnd": false,
            "normalized_coordinates": [
                0.6363636363636364,
                0.8888888888888888
            ],
            "neighbors": [
                [
                    0.7272727272727273,
                    0.7222222222222222
                ],
                [
                    0.9090909090909091,
                    0.9444444444444444
                ],
                [
                    0.45454545454545453,
                    0.6666666666666666
                ]
            ],
            "edge_distances": [
                0.8888888888888888,
                0.11111111111111116
            ],
            "dx": 0.2727272727272727,
            "dy": 0.05555555555555558,
            "move_angle": 0.2009542636880971,
            "move_distance": 0.2783281966354516,
            "angle_difference": -1.86918878478693,
            "hold_type": 0.0
        },
        {
            "problemId": 430157,
            "description": "K18",
            "isStart": false,
            "isEnd": true,
            "normalized_coordinates": [
                0.9090909090909091,
                0.9444444444444444
            ],
            "neighbors": [
                [
                    0.6363636363636364,
                    0.8888888888888888
                ],
                [
                    0.7272727272727273,
                    0.7222222222222222
                ],
                [
                    0.9090909090909091,
                    0.4444444444444444
                ]
            ],
            "edge_distances": [
                0.9444444444444444,
                0.05555555555555558
            ],
            "dx": -0.09090909090909083,
            "dy": -0.5555555555555556,
            "move_angle": -1.732995160258279,
            "move_distance": 0.5629444360845565,
            "angle_difference": -1.933949423946376,
            "hold_type": 0.0
        },
        {
            "problemId": 430157,
            "description": "J8",
            "isStart": false,
            "isEnd": false,
            "normalized_coordinates": [
                0.8181818181818182,
                0.3888888888888889
            ],
            "neighbors": [
                [
                    0.9090909090909091,
                    0.4444444444444444
                ],
                [
                    0.9090909090909091,
                    0.2222222222222222
                ],
                [
                    0.5454545454545454,
                    0.5
                ]
            ],
            "edge_distances": [
                0.3888888888888889,
                0.6111111111111112
            ],
            "dx": 0.09090909090909083,
            "dy": -0.16666666666666669,
            "move_angle": -1.071449605114767,
            "move_distance": 0.18984794069911615,
            "angle_difference": 0.6615455551435119,
            "hold_type": 0.0
        },
        {
            "problemId": 430157,
            "description": "K5",
            "isStart": false,
            "isEnd": false,
            "normalized_coordinates": [
                0.9090909090909091,
                0.2222222222222222
            ],
            "neighbors": [
                [
                    0.8181818181818182,
                    0.3888888888888889
                ],
                [
                    0.9090909090909091,
                    0.4444444444444444
                ],
                [
                    0.6363636363636364,
                    0.0
                ]
            ],
            "edge_distances": [
                0.2222222222222222,
                0.7777777777777778
            ],
            "hold_type": 1.0
        }
    ],
    "data.apiId": 430157,
    "hold_presence": [
        0.0,
        0.0,
        0.0,
        0.0,
        0.0,
        0.0,
        0.0,
        1.0,
        0.0,
        0.0,
        0.0,
        0.0,
        0.0,
        0.0,
        0.0,
        0.0,
        0.0,
        0.0,
        0.0,
        0.0,
        0.0,
        0.0,
        0.0,
        0.0,
        0.0,
        0.0,
        0.0,
        0.0,
        0.0,
        0.0,
        0.0,
        0.0,
        0.0,
        0.0,
        0.0,
        0.0,
        0.0,
        0.0,
        1.0,
        0.0,
        0.0,
        0.0,
        0.0,
        0.0,
        0.0,
        0.0,
        0.0,
        0.0,
        0.0,
        0.0,
        0.0,
        0.0,
        0.0,
        0.0,
        1.0,
        0.0,
        0.0,
        0.0,
        0.0,
        0.0,
        0.0,
        0.0,
        0.0,
        0.0,
        0.0,
        0.0,
        0.0,
        0.0,
        0.0,
        0.0,
        0.0,
        0.0,
        0.0,
        0.0,
        0.0,
        0.0,
        0.0,
        0.0,
        0.0,
        0.0,
        0.0,
        0.0,
        0.0,
        0.0,
        0.0,
        0.0,
        1.0,
        0.0,
        0.0,
        0.0,
        0.0,
        1.0,
        0.0,
        0.0,
        0.0,
        0.0,
        0.0,
        0.0,
        1.0,
        0.0,
        0.0,
        0.0,
        0.0,
        0.0,
        0.0,
        1.0,
        0.0,
        0.0,
        0.0,
        0.0,
        0.0,
        0.0,
        0.0,
        0.0,
        0.0,
        0.0,
        0.0,
        0.0,
        0.0,
        0.0,
        0.0,
        0.0,
        0.0,
        0.0,
        0.0,
        0.0,
        0.0,
        0.0,
        0.0,
        0.0,
        0.0,
        0.0,
        0.0,
        0.0,
        0.0,
        0.0,
        0.0,
        1.0,
        0.0,
        0.0,
        0.0,
        0.0,
        0.0,
        0.0,
        0.0,
        0.0,
        0.0,
        0.0,
        0.0,
        0.0,
        0.0,
        1.0,
        0.0,
        0.0,
        0.0,
        0.0,
        0.0,
        0.0,
        0.0,
        0.0,
        0.0,
        0.0,
        0.0,
        0.0,
        0.0,
        0.0,
        0.0,
        0.0,
        0.0,
        0.0,
        0.0,
        0.0,
        0.0,
        0.0,
        0.0,
        0.0,
        0.0,
        0.0,
        0.0,
        0.0,
        0.0,
        0.0,
        0.0,
        1.0,
        0.0,
        0.0,
        0.0,
        0.0,
        0.0,
        0.0,
        0.0,
        0.0,
        0.0,
        0.0,
        0.0,
        0.0,
        0.0,
        1.0
    ],
    "hold_count_norm": 1.6929925248560387,
    "hold_density": 0.25454545454545463,
    "vertical_progress": 0.005555555555555552
}