{
    "data.grade": "7C",
    "data.userGrade": null,
    "data.method": "Feet follow hands + screw ons",
    "data.userRating": 1.791759469228055,
    "data.repeats": 1.6094379124341003,
    "data.moves": [
        {
            "problemId": 316585,
            "description": "H3",
            "isStart": true,
            "isEnd": false,
            "normalized_coordinates": [
                0.6363636363636364,
                0.1111111111111111
            ],
            "neighbors": [
                [
                    0.5454545454545454,
                    0.2777777777777778
                ],
                [
                    0.36363636363636365,
                    0.16666666666666666
                ],
                [
                    0.09090909090909091,
                    0.3888888888888889
                ]
            ],
            "edge_distances": [
                0.1111111111111111,
                0.8888888888888888
            ],
            "dx": -0.2727272727272727,
            "dy": 0.05555555555555555,
            "move_angle": 2.940638389901696,
            "move_distance": 0.2783281966354516,
            "hold_type": 0.25
        },
        {
            "problemId": 316585,
            "description": "E4",
            "isStart": true,
            "isEnd": false,
            "normalized_coordinates": [
                0.36363636363636365,
                0.16666666666666666
            ],
            "neighbors": [
                [
                    0.5454545454545454,
                    0.2777777777777778
                ],
                [
                    0.6363636363636364,
                    0.1111111111111111
                ],
                [
                    0.09090909090909091,
                    0.3888888888888889
                ]
            ],
            "edge_distances": [
                0.16666666666666666,
                0.8333333333333334
            ],
            "dx": -0.2727272727272727,
            "dy": 0.22222222222222224,
            "move_angle": 2.457883341955422,
            "move_distance": 0.35179949024783835,
            "angle_difference": -0.4827550479462741,
            "hold_type": 0.25
        },
        {
            "problemId": 316585,
            "description": "B8",
            "isStart": false,
            "isEnd": false,
            "normalized_coordinates": [
                0.09090909090909091,
                0.3888888888888889
            ],
            "neighbors": [
                [
                    0.09090909090909091,
                    0.6666666666666666
                ],
                [
                    0.36363636363636365,
                    0.16666666666666666
                ],
                [
                    0.5454545454545454,
                    0.2777777777777778
                ]
            ],
            "edge_distances": [
                0.3888888888888889,
                0.6111111111111112
            ],
            "dx": 0.4545454545454545,
            "dy": -0.1111111111111111,
            "move_angle": -0.2397431088704566,
            "move_distance": 0.46792867967274615,
            "angle_difference": -2.6976264508258785,
            "hold_type": 0.5
        },
        {
            "problemId": 316585,
            "description": "G6",
            "isStart": false,
            "isEnd": false,
            "normalized_coordinates": [
                0.5454545454545454,
                0.2777777777777778
            ],
            "neighbors": [
                [
                    0.6363636363636364,
                    0.1111111111111111
                ],
                [
                    0.36363636363636365,
                    0.16666666666666666
                ],
                [
                    0.09090909090909091,
                    0.3888888888888889
                ]
            ],
            "edge_distances": [
                0.2777777777777778,
                0.7222222222222222
            ],
            "dx": -0.4545454545454545,
            "dy": 0.38888888888888884,
            "move_angle": 2.4338821321218913,
            "move_distance": 0.5982024223865767,
            "angle_difference": 2.6736252409923478,
            "hold_type": 0.0
        },
        {
            "problemId": 316585,
            "description": "B13",
            "isStart": false,
            "isEnd": false,
            "normalized_coordinates": [
                0.09090909090909091,
                0.6666666666666666
            ],
            "neighbors": [
                [
                    0.09090909090909091,
                    0.3888888888888889
                ],
                [
                    0.0,
                    0.9444444444444444
                ],
                [
                    0.36363636363636365,
                    0.16666666666666666
                ]
            ],
            "edge_distances": [
                0.6666666666666666,
                0.33333333333333337
            ],
            "dx": -0.09090909090909091,
            "dy": 0.2777777777777778,
            "move_angle": 1.887082454707051,
            "move_distance": 0.292275480731925,
            "angle_difference": -0.5467996774148403,
            "hold_type": 0.75
        },
        {
            "problemId": 316585,
            "description": "A18",
            "isStart": false,
            "isEnd": true,
            "normalized_coordinates": [
                0.0,
                0.9444444444444444
            ],
            "neighbors": [
                [
                    0.09090909090909091,
                    0.6666666666666666
                ],
                [
                    0.09090909090909091,
                    0.3888888888888889
                ],
                [
                    0.36363636363636365,
                    0.16666666666666666
                ]
            ],
            "edge_distances": [
                0.9444444444444444,
                0.05555555555555558
            ],
            "hold_type": 1.0
        }
    ],
    "data.apiId": 316585,
    "hold_presence": [
        0.0,
        0.0,
        0.0,
        0.0,
        0.0,
        0.0,
        0.0,
        0.0,
        0.0,
        0.0,
        0.0,
        0.0,
        0.0,
        0.0,
        0.0,
        0.0,
        0.0,
        0.0,
        0.0,
        0.0,
        0.0,
        0.0,
        0.0,
        0.0,
        0.0,
        0.0,
        0.0,
        0.0,
        0.0,
        1.0,
        0.0,
        0.0,
        0.0,
        0.0,
        0.0,
        0.0,
        0.0,
        1.0,
        0.0,
        0.0,
        0.0,
        0.0,
        0.0,
        0.0,
        0.0,
        0.0,
        0.0,
        0.0,
        0.0,
        0.0,
        0.0,
        0.0,
        0.0,
        0.0,
        0.0,
        0.0,
        0.0,
        0.0,
        0.0,
        0.0,
        0.0,
        1.0,
        0.0,
        0.0,
        0.0,
        0.0,
        0.0,
        0.0,
        0.0,
        0.0,
        0.0,
        0.0,
        0.0,
        0.0,
        0.0,
        0.0,
        0.0,
        0.0,
        1.0,
        0.0,
        0.0,
        0.0,
        0.0,
        0.0,
        0.0,
        0.0,
        0.0,
        0.0,
        0.0,
        0.0,
        0.0,
        0.0,
        0.0,
        0.0,
        0.0,
        0.0,
        0.0,
        0.0,
        0.0,
        0.0,
        0.0,
        0.0,
        0.0,
        0.0,
        0.0,
        0.0,
        0.0,
        0.0,
        0.0,
        0.0,
        0.0,
        0.0,
        0.0,
        0.0,
        0.0,
        0.0,
        0.0,
        0.0,
        0.0,
        0.0,
        0.0,
        0.0,
        0.0,
        0.0,
        0.0,
        0.0,
        0.0,
        0.0,
        0.0,
        0.0,
        0.0,
        0.0,
        0.0,
        1.0,
        0.0,
        0.0,
        0.0,
        0.0,
        0.0,
        0.0,
        0.0,
        0.0,
        0.0,
        0.0,
        0.0,
        0.0,
        0.0,
        0.0,
        0.0,
        0.0,
        0.0,
        0.0,
        0.0,
        0.0,
        0.0,
        0.0,
        0.0,
        0.0,
        0.0,
        0.0,
        0.0,
        0.0,
        0.0,
        0.0,
        0.0,
        0.0,
        0.0,
        0.0,
        0.0,
        0.0,
        0.0,
        0.0,
        0.0,
        0.0,
        0.0,
        0.0,
        0.0,
        0.0,
        0.0,
        0.0,
        0.0,
        0.0,
        0.0,
        0.0,
        0.0,
        0.0,
        0.0,
        1.0,
        0.0,
        0.0,
        0.0,
        0.0,
        0.0,
        0.0,
        0.0,
        0.0,
        0.0,
        0.0
    ],
    "hold_count_norm": -0.9624506127710697,
    "hold_density": 0.32121212121212117,
    "vertical_progress": 0.16666666666666669
}