{
    "data.grade": "7C",
    "data.userGrade": "7C",
    "data.method": "Feet follow hands",
    "data.userRating": 1.791759469228055,
    "data.repeats": 1.6094379124341003,
    "data.moves": [
        {
            "problemId": 424668,
            "description": "H6",
            "isStart": true,
            "isEnd": false,
            "normalized_coordinates": [
                0.6363636363636364,
                0.2777777777777778
            ],
            "neighbors": [
                [
                    0.6363636363636364,
                    0.16666666666666666
                ],
                [
                    0.8181818181818182,
                    0.5
                ],
                [
                    0.45454545454545453,
                    0.6666666666666666
                ]
            ],
            "edge_distances": [
                0.2777777777777778,
                0.7222222222222222
            ],
            "dx": 0.0,
            "dy": -0.11111111111111113,
            "move_angle": -1.5707963267948966,
            "move_distance": 0.11111111111111113,
            "hold_type": 0.0
        },
        {
            "problemId": 424668,
            "description": "H4",
            "isStart": true,
            "isEnd": false,
            "normalized_coordinates": [
                0.6363636363636364,
                0.16666666666666666
            ],
            "neighbors": [
                [
                    0.6363636363636364,
                    0.2777777777777778
                ],
                [
                    0.8181818181818182,
                    0.5
                ],
                [
                    0.45454545454545453,
                    0.6666666666666666
                ]
            ],
            "edge_distances": [
                0.16666666666666666,
                0.8333333333333334
            ],
            "dx": -0.45454545454545453,
            "dy": 0.2777777777777778,
            "move_angle": 2.593043251139265,
            "move_distance": 0.532702603781035,
            "angle_difference": 4.163839577934162,
            "hold_type": 0.5
        },
        {
            "problemId": 424668,
            "description": "C9",
            "isStart": false,
            "isEnd": false,
            "normalized_coordinates": [
                0.18181818181818182,
                0.4444444444444444
            ],
            "neighbors": [
                [
                    0.0,
                    0.16666666666666666
                ],
                [
                    0.45454545454545453,
                    0.6666666666666666
                ],
                [
                    0.45454545454545453,
                    0.8333333333333334
                ]
            ],
            "edge_distances": [
                0.4444444444444444,
                0.5555555555555556
            ],
            "dx": 0.2727272727272727,
            "dy": 0.2222222222222222,
            "move_angle": 0.6837093116343713,
            "move_distance": 0.35179949024783835,
            "angle_difference": -1.9093339395048938,
            "hold_type": 0.5
        },
        {
            "problemId": 424668,
            "description": "F13",
            "isStart": false,
            "isEnd": false,
            "normalized_coordinates": [
                0.45454545454545453,
                0.6666666666666666
            ],
            "neighbors": [
                [
                    0.45454545454545453,
                    0.8333333333333334
                ],
                [
                    0.18181818181818182,
                    0.4444444444444444
                ],
                [
                    0.7272727272727273,
                    0.9444444444444444
                ]
            ],
            "edge_distances": [
                0.6666666666666666,
                0.33333333333333337
            ],
            "dx": 0.0,
            "dy": 0.16666666666666674,
            "move_angle": 1.5707963267948966,
            "move_distance": 0.16666666666666674,
            "angle_difference": 0.8870870151605252,
            "hold_type": 1.0
        },
        {
            "problemId": 424668,
            "description": "F16",
            "isStart": false,
            "isEnd": false,
            "normalized_coordinates": [
                0.45454545454545453,
                0.8333333333333334
            ],
            "neighbors": [
                [
                    0.45454545454545453,
                    0.6666666666666666
                ],
                [
                    0.7272727272727273,
                    0.9444444444444444
                ],
                [
                    0.18181818181818182,
                    0.4444444444444444
                ]
            ],
            "edge_distances": [
                0.8333333333333334,
                0.16666666666666663
            ],
            "dx": 0.27272727272727276,
            "dy": 0.11111111111111105,
            "move_angle": 0.38687571773102786,
            "move_distance": 0.29449251994168185,
            "angle_difference": -1.1839206090638688,
            "hold_type": 0.0
        },
        {
            "problemId": 424668,
            "description": "I18",
            "isStart": false,
            "isEnd": true,
            "normalized_coordinates": [
                0.7272727272727273,
                0.9444444444444444
            ],
            "neighbors": [
                [
                    0.45454545454545453,
                    0.8333333333333334
                ],
                [
                    0.45454545454545453,
                    0.6666666666666666
                ],
                [
                    0.8181818181818182,
                    0.5
                ]
            ],
            "edge_distances": [
                0.9444444444444444,
                0.05555555555555558
            ],
            "dx": -0.7272727272727273,
            "dy": -0.7777777777777778,
            "move_angle": -2.3226500306306663,
            "move_distance": 1.0648304519685983,
            "angle_difference": -2.709525748361694,
            "hold_type": 0.5
        },
        {
            "problemId": 424668,
            "description": "A4",
            "isStart": false,
            "isEnd": false,
            "normalized_coordinates": [
                0.0,
                0.16666666666666666
            ],
            "neighbors": [
                [
                    0.18181818181818182,
                    0.4444444444444444
                ],
                [
                    0.6363636363636364,
                    0.16666666666666666
                ],
                [
                    0.6363636363636364,
                    0.2777777777777778
                ]
            ],
            "edge_distances": [
                0.16666666666666666,
                0.8333333333333334
            ],
            "dx": 0.8181818181818182,
            "dy": 0.33333333333333337,
            "move_angle": 0.3868757177310281,
            "move_distance": 0.8834775598250456,
            "angle_difference": 2.7095257483616946,
            "hold_type": 1.0
        },
        {
            "problemId": 424668,
            "description": "J10",
            "isStart": false,
            "isEnd": false,
            "normalized_coordinates": [
                0.8181818181818182,
                0.5
            ],
            "neighbors": [
                [
                    0.6363636363636364,
                    0.2777777777777778
                ],
                [
                    0.6363636363636364,
                    0.16666666666666666
                ],
                [
                    0.45454545454545453,
                    0.6666666666666666
                ]
            ],
            "edge_distances": [
                0.5,
                0.5
            ],
            "hold_type": 0.0
        }
    ],
    "data.apiId": 424668,
    "hold_presence": [
        0.0,
        0.0,
        0.0,
        0.0,
        0.0,
        0.0,
        0.0,
        0.0,
        0.0,
        0.0,
        0.0,
        0.0,
        0.0,
        0.0,
        0.0,
        0.0,
        0.0,
        0.0,
        0.0,
        0.0,
        0.0,
        0.0,
        0.0,
        0.0,
        0.0,
        0.0,
        0.0,
        0.0,
        0.0,
        0.0,
        0.0,
        0.0,
        0.0,
        1.0,
        0.0,
        0.0,
        0.0,
        0.0,
        0.0,
        0.0,
        1.0,
        0.0,
        0.0,
        0.0,
        0.0,
        0.0,
        0.0,
        0.0,
        0.0,
        0.0,
        0.0,
        0.0,
        0.0,
        0.0,
        0.0,
        0.0,
        0.0,
        0.0,
        0.0,
        0.0,
        0.0,
        0.0,
        1.0,
        0.0,
        0.0,
        0.0,
        0.0,
        0.0,
        0.0,
        0.0,
        0.0,
        0.0,
        0.0,
        0.0,
        0.0,
        0.0,
        0.0,
        0.0,
        0.0,
        0.0,
        0.0,
        0.0,
        0.0,
        0.0,
        0.0,
        0.0,
        0.0,
        0.0,
        0.0,
        0.0,
        1.0,
        0.0,
        0.0,
        0.0,
        0.0,
        0.0,
        0.0,
        0.0,
        0.0,
        0.0,
        0.0,
        0.0,
        0.0,
        0.0,
        0.0,
        0.0,
        0.0,
        0.0,
        1.0,
        0.0,
        0.0,
        0.0,
        0.0,
        0.0,
        0.0,
        0.0,
        0.0,
        0.0,
        0.0,
        0.0,
        0.0,
        0.0,
        0.0,
        0.0,
        0.0,
        0.0,
        0.0,
        0.0,
        0.0,
        0.0,
        0.0,
        0.0,
        0.0,
        0.0,
        0.0,
        0.0,
        0.0,
        1.0,
        0.0,
        0.0,
        0.0,
        0.0,
        0.0,
        0.0,
        0.0,
        0.0,
        0.0,
        0.0,
        0.0,
        0.0,
        0.0,
        0.0,
        0.0,
        0.0,
        0.0,
        0.0,
        0.0,
        0.0,
        0.0,
        0.0,
        0.0,
        0.0,
        0.0,
        0.0,
        0.0,
        0.0,
        0.0,
        0.0,
        0.0,
        0.0,
        1.0,
        0.0,
        0.0,
        0.0,
        0.0,
        0.0,
        0.0,
        0.0,
        0.0,
        0.0,
        0.0,
        0.0,
        0.0,
        0.0,
        0.0,
        0.0,
        0.0,
        0.0,
        0.0,
        0.0,
        0.0,
        0.0,
        0.0,
        0.0,
        0.0,
        1.0,
        0.0,
        0.0
    ],
    "hold_count_norm": 0.09972664227977365,
    "hold_density": 0.32792207792207784,
    "vertical_progress": 0.031746031746031744
}