{
    "data.grade": "7C",
    "data.userGrade": null,
    "data.method": "Feet follow hands",
    "data.userRating": 0.0,
    "data.repeats": 0.0,
    "data.moves": [
        {
            "problemId": 458680,
            "description": "B5",
            "isStart": true,
            "isEnd": false,
            "normalized_coordinates": [
                0.09090909090909091,
                0.2222222222222222
            ],
            "neighbors": [
                [
                    0.5454545454545454,
                    0.3888888888888889
                ],
                [
                    0.5454545454545454,
                    0.4444444444444444
                ],
                [
                    0.2727272727272727,
                    0.8333333333333334
                ]
            ],
            "edge_distances": [
                0.2222222222222222,
                0.7777777777777778
            ],
            "dx": 0.4545454545454545,
            "dy": 0.16666666666666669,
            "move_angle": 0.3514447940035518,
            "move_distance": 0.48413773662637744,
            "hold_type": 0.5
        },
        {
            "problemId": 458680,
            "description": "G8",
            "isStart": false,
            "isEnd": false,
            "normalized_coordinates": [
                0.5454545454545454,
                0.3888888888888889
            ],
            "neighbors": [
                [
                    0.5454545454545454,
                    0.4444444444444444
                ],
                [
                    0.7272727272727273,
                    0.6111111111111112
                ],
                [
                    0.6363636363636364,
                    0.6666666666666666
                ]
            ],
            "edge_distances": [
                0.3888888888888889,
                0.6111111111111112
            ],
            "dx": 0.0,
            "dy": 0.055555555555555525,
            "move_angle": 1.5707963267948966,
            "move_distance": 0.055555555555555525,
            "angle_difference": 1.219351532791345,
            "hold_type": 0.5
        },
        {
            "problemId": 458680,
            "description": "G9",
            "isStart": false,
            "isEnd": false,
            "normalized_coordinates": [
                0.5454545454545454,
                0.4444444444444444
            ],
            "neighbors": [
                [
                    0.5454545454545454,
                    0.3888888888888889
                ],
                [
                    0.6363636363636364,
                    0.6666666666666666
                ],
                [
                    0.7272727272727273,
                    0.6111111111111112
                ]
            ],
            "edge_distances": [
                0.4444444444444444,
                0.5555555555555556
            ],
            "dx": 0.18181818181818188,
            "dy": 0.16666666666666674,
            "move_angle": 0.7419472680059175,
            "move_distance": 0.2466487969106017,
            "angle_difference": -0.8288490587889791,
            "hold_type": 0.0
        },
        {
            "problemId": 458680,
            "description": "I12",
            "isStart": false,
            "isEnd": false,
            "normalized_coordinates": [
                0.7272727272727273,
                0.6111111111111112
            ],
            "neighbors": [
                [
                    0.6363636363636364,
                    0.6666666666666666
                ],
                [
                    0.5454545454545454,
                    0.7777777777777778
                ],
                [
                    0.5454545454545454,
                    0.4444444444444444
                ]
            ],
            "edge_distances": [
                0.6111111111111112,
                0.38888888888888884
            ],
            "dx": -0.09090909090909094,
            "dy": 0.05555555555555547,
            "move_angle": 2.593043251139266,
            "move_distance": 0.10654052075620699,
            "angle_difference": 1.8510959831333484,
            "hold_type": 0.5
        },
        {
            "problemId": 458680,
            "description": "H13",
            "isStart": false,
            "isEnd": false,
            "normalized_coordinates": [
                0.6363636363636364,
                0.6666666666666666
            ],
            "neighbors": [
                [
                    0.7272727272727273,
                    0.6111111111111112
                ],
                [
                    0.5454545454545454,
                    0.7777777777777778
                ],
                [
                    0.5454545454545454,
                    0.4444444444444444
                ]
            ],
            "edge_distances": [
                0.6666666666666666,
                0.33333333333333337
            ],
            "dx": 0.18181818181818188,
            "dy": -0.4444444444444444,
            "move_angle": -1.1824776086224305,
            "move_distance": 0.4801965383436248,
            "angle_difference": -3.7755208597616967,
            "hold_type": 0.0
        },
        {
            "problemId": 458680,
            "description": "J5",
            "isStart": false,
            "isEnd": false,
            "normalized_coordinates": [
                0.8181818181818182,
                0.2222222222222222
            ],
            "neighbors": [
                [
                    0.5454545454545454,
                    0.3888888888888889
                ],
                [
                    0.5454545454545454,
                    0.4444444444444444
                ],
                [
                    0.7272727272727273,
                    0.6111111111111112
                ]
            ],
            "edge_distances": [
                0.2222222222222222,
                0.7777777777777778
            ],
            "dx": -0.2727272727272728,
            "dy": 0.5555555555555556,
            "move_angle": 2.027144795352006,
            "move_distance": 0.6188878255369855,
            "angle_difference": 3.2096224039744365,
            "hold_type": 0.5
        },
        {
            "problemId": 458680,
            "description": "G15",
            "isStart": false,
            "isEnd": false,
            "normalized_coordinates": [
                0.5454545454545454,
                0.7777777777777778
            ],
            "neighbors": [
                [
                    0.6363636363636364,
                    0.6666666666666666
                ],
                [
                    0.7272727272727273,
                    0.6111111111111112
                ],
                [
                    0.2727272727272727,
                    0.8333333333333334
                ]
            ],
            "edge_distances": [
                0.7777777777777778,
                0.2222222222222222
            ],
            "dx": -0.2727272727272727,
            "dy": 0.05555555555555558,
            "move_angle": 2.940638389901696,
            "move_distance": 0.2783281966354516,
            "angle_difference": 0.9134935945496903,
            "hold_type": 1.0
        },
        {
            "problemId": 458680,
            "description": "D16",
            "isStart": false,
            "isEnd": false,
            "normalized_coordinates": [
                0.2727272727272727,
                0.8333333333333334
            ],
            "neighbors": [
                [
                    0.09090909090909091,
                    0.9444444444444444
                ],
                [
                    0.5454545454545454,
                    0.7777777777777778
                ],
                [
                    0.6363636363636364,
                    0.6666666666666666
                ]
            ],
            "edge_distances": [
                0.8333333333333334,
                0.16666666666666663
            ],
            "dx": -0.1818181818181818,
            "dy": 0.11111111111111105,
            "move_angle": 2.593043251139265,
            "move_distance": 0.21308104151241394,
            "angle_difference": -0.347595138762431,
            "hold_type": 0.0
        },
        {
            "problemId": 458680,
            "description": "B18",
            "isStart": false,
            "isEnd": true,
            "normalized_coordinates": [
                0.09090909090909091,
                0.9444444444444444
            ],
            "neighbors": [
                [
                    0.2727272727272727,
                    0.8333333333333334
                ],
                [
                    0.5454545454545454,
                    0.7777777777777778
                ],
                [
                    0.6363636363636364,
                    0.6666666666666666
                ]
            ],
            "edge_distances": [
                0.9444444444444444,
                0.05555555555555558
            ],
            "hold_type": 0.75
        }
    ],
    "data.apiId": 458680,
    "hold_presence": [
        0.0,
        0.0,
        0.0,
        0.0,
        0.0,
        0.0,
        0.0,
        0.0,
        0.0,
        0.0,
        0.0,
        0.0,
        0.0,
        0.0,
        0.0,
        0.0,
        0.0,
        0.0,
        0.0,
        0.0,
        0.0,
        0.0,
        0.0,
        0.0,
        0.0,
        0.0,
        0.0,
        0.0,
        0.0,
        0.0,
        0.0,
        0.0,
        0.0,
        0.0,
        0.0,
        0.0,
        0.0,
        0.0,
        0.0,
        0.0,
        0.0,
        0.0,
        0.0,
        0.0,
        0.0,
        1.0,
        0.0,
        0.0,
        0.0,
        0.0,
        0.0,
        0.0,
        0.0,
        1.0,
        0.0,
        0.0,
        0.0,
        0.0,
        0.0,
        0.0,
        0.0,
        0.0,
        0.0,
        0.0,
        0.0,
        0.0,
        0.0,
        0.0,
        0.0,
        0.0,
        0.0,
        0.0,
        0.0,
        0.0,
        0.0,
        0.0,
        0.0,
        0.0,
        0.0,
        0.0,
        0.0,
        0.0,
        0.0,
        1.0,
        0.0,
        0.0,
        0.0,
        0.0,
        0.0,
        0.0,
        0.0,
        0.0,
        0.0,
        0.0,
        1.0,
        0.0,
        0.0,
        0.0,
        0.0,
        0.0,
        0.0,
        0.0,
        0.0,
        0.0,
        0.0,
        0.0,
        0.0,
        0.0,
        0.0,
        0.0,
        0.0,
        0.0,
        0.0,
        0.0,
        0.0,
        0.0,
        0.0,
        0.0,
        0.0,
        0.0,
        0.0,
        0.0,
        0.0,
        0.0,
        0.0,
        0.0,
        0.0,
        0.0,
        0.0,
        1.0,
        0.0,
        0.0,
        0.0,
        0.0,
        0.0,
        0.0,
        0.0,
        0.0,
        0.0,
        1.0,
        0.0,
        0.0,
        0.0,
        0.0,
        0.0,
        0.0,
        0.0,
        0.0,
        0.0,
        0.0,
        0.0,
        0.0,
        0.0,
        0.0,
        0.0,
        0.0,
        0.0,
        0.0,
        0.0,
        0.0,
        1.0,
        0.0,
        0.0,
        0.0,
        0.0,
        0.0,
        0.0,
        0.0,
        1.0,
        0.0,
        0.0,
        0.0,
        0.0,
        0.0,
        0.0,
        0.0,
        0.0,
        0.0,
        0.0,
        0.0,
        0.0,
        0.0,
        0.0,
        0.0,
        0.0,
        0.0,
        0.0,
        0.0,
        1.0,
        0.0,
        0.0,
        0.0,
        0.0,
        0.0,
        0.0,
        0.0,
        0.0,
        0.0
    ],
    "hold_count_norm": 0.6308152698051953,
    "hold_density": 0.30808080808080807,
    "vertical_progress": 0.09027777777777778
}