{
    "data.grade": "7C",
    "data.userGrade": "7C",
    "data.method": "Feet follow hands",
    "data.userRating": 1.0986122886681096,
    "data.repeats": 2.0794415416798357,
    "data.moves": [
        {
            "problemId": 415269,
            "description": "G3",
            "isStart": true,
            "isEnd": false,
            "normalized_coordinates": [
                0.5454545454545454,
                0.1111111111111111
            ],
            "neighbors": [
                [
                    0.45454545454545453,
                    0.2222222222222222
                ],
                [
                    0.5454545454545454,
                    0.3888888888888889
                ],
                [
                    0.45454545454545453,
                    0.3888888888888889
                ]
            ],
            "edge_distances": [
                0.1111111111111111,
                0.8888888888888888
            ],
            "dx": -0.3636363636363636,
            "dy": 0.0,
            "move_angle": 3.141592653589793,
            "move_distance": 0.3636363636363636,
            "hold_type": 0.0
        },
        {
            "problemId": 415269,
            "description": "C3",
            "isStart": true,
            "isEnd": false,
            "normalized_coordinates": [
                0.18181818181818182,
                0.1111111111111111
            ],
            "neighbors": [
                [
                    0.45454545454545453,
                    0.2222222222222222
                ],
                [
                    0.5454545454545454,
                    0.1111111111111111
                ],
                [
                    0.45454545454545453,
                    0.3888888888888889
                ]
            ],
            "edge_distances": [
                0.1111111111111111,
                0.8888888888888888
            ],
            "dx": 0.2727272727272727,
            "dy": 0.2777777777777778,
            "move_angle": 0.7945722179425584,
            "move_distance": 0.3892822358089522,
            "angle_difference": -2.347020435647235,
            "hold_type": 0.0
        },
        {
            "problemId": 415269,
            "description": "F8",
            "isStart": false,
            "isEnd": false,
            "normalized_coordinates": [
                0.45454545454545453,
                0.3888888888888889
            ],
            "neighbors": [
                [
                    0.5454545454545454,
                    0.3888888888888889
                ],
                [
                    0.36363636363636365,
                    0.5
                ],
                [
                    0.45454545454545453,
                    0.2222222222222222
                ]
            ],
            "edge_distances": [
                0.3888888888888889,
                0.6111111111111112
            ],
            "dx": 0.09090909090909088,
            "dy": 0.0,
            "move_angle": 0.0,
            "move_distance": 0.09090909090909088,
            "angle_difference": -0.7945722179425584,
            "hold_type": 0.75
        },
        {
            "problemId": 415269,
            "description": "G8",
            "isStart": false,
            "isEnd": false,
            "normalized_coordinates": [
                0.5454545454545454,
                0.3888888888888889
            ],
            "neighbors": [
                [
                    0.45454545454545453,
                    0.3888888888888889
                ],
                [
                    0.45454545454545453,
                    0.2222222222222222
                ],
                [
                    0.36363636363636365,
                    0.5
                ]
            ],
            "edge_distances": [
                0.3888888888888889,
                0.6111111111111112
            ],
            "dx": -0.09090909090909088,
            "dy": -0.16666666666666669,
            "move_angle": -2.0701430484750265,
            "move_distance": 0.18984794069911617,
            "angle_difference": -2.0701430484750265,
            "hold_type": 0.5
        },
        {
            "problemId": 415269,
            "description": "F5",
            "isStart": false,
            "isEnd": false,
            "normalized_coordinates": [
                0.45454545454545453,
                0.2222222222222222
            ],
            "neighbors": [
                [
                    0.5454545454545454,
                    0.1111111111111111
                ],
                [
                    0.45454545454545453,
                    0.3888888888888889
                ],
                [
                    0.5454545454545454,
                    0.3888888888888889
                ]
            ],
            "edge_distances": [
                0.2222222222222222,
                0.7777777777777778
            ],
            "dx": -0.09090909090909088,
            "dy": 0.2777777777777778,
            "move_angle": 1.887082454707051,
            "move_distance": 0.292275480731925,
            "angle_difference": 3.9572255031820776,
            "hold_type": 0.5
        },
        {
            "problemId": 415269,
            "description": "E10",
            "isStart": false,
            "isEnd": false,
            "normalized_coordinates": [
                0.36363636363636365,
                0.5
            ],
            "neighbors": [
                [
                    0.45454545454545453,
                    0.3888888888888889
                ],
                [
                    0.45454545454545453,
                    0.6111111111111112
                ],
                [
                    0.36363636363636365,
                    0.6666666666666666
                ]
            ],
            "edge_distances": [
                0.5,
                0.5
            ],
            "dx": 0.09090909090909088,
            "dy": 0.11111111111111116,
            "move_angle": 0.8850668158886107,
            "move_distance": 0.14356232730860502,
            "angle_difference": -1.0020156388184405,
            "hold_type": 0.75
        },
        {
            "problemId": 415269,
            "description": "F12",
            "isStart": false,
            "isEnd": false,
            "normalized_coordinates": [
                0.45454545454545453,
                0.6111111111111112
            ],
            "neighbors": [
                [
                    0.36363636363636365,
                    0.6666666666666666
                ],
                [
                    0.36363636363636365,
                    0.5
                ],
                [
                    0.45454545454545453,
                    0.7777777777777778
                ]
            ],
            "edge_distances": [
                0.6111111111111112,
                0.38888888888888884
            ],
            "dx": -0.09090909090909088,
            "dy": 0.05555555555555547,
            "move_angle": 2.5930432511392656,
            "move_distance": 0.10654052075620694,
            "angle_difference": 1.707976435250655,
            "hold_type": 0.5
        },
        {
            "problemId": 415269,
            "description": "E13",
            "isStart": false,
            "isEnd": false,
            "normalized_coordinates": [
                0.36363636363636365,
                0.6666666666666666
            ],
            "neighbors": [
                [
                    0.45454545454545453,
                    0.6111111111111112
                ],
                [
                    0.45454545454545453,
                    0.7777777777777778
                ],
                [
                    0.36363636363636365,
                    0.5
                ]
            ],
            "edge_distances": [
                0.6666666666666666,
                0.33333333333333337
            ],
            "dx": 0.09090909090909088,
            "dy": 0.11111111111111116,
            "move_angle": 0.8850668158886107,
            "move_distance": 0.14356232730860502,
            "angle_difference": -1.707976435250655,
            "hold_type": 1.0
        },
        {
            "problemId": 415269,
            "description": "F15",
            "isStart": false,
            "isEnd": false,
            "normalized_coordinates": [
                0.45454545454545453,
                0.7777777777777778
            ],
            "neighbors": [
                [
                    0.45454545454545453,
                    0.8333333333333334
                ],
                [
                    0.45454545454545453,
                    0.8888888888888888
                ],
                [
                    0.36363636363636365,
                    0.6666666666666666
                ]
            ],
            "edge_distances": [
                0.7777777777777778,
                0.2222222222222222
            ],
            "dx": 0.0,
            "dy": 0.05555555555555558,
            "move_angle": 1.5707963267948966,
            "move_distance": 0.05555555555555558,
            "angle_difference": 0.6857295109062859,
            "hold_type": 0.5
        },
        {
            "problemId": 415269,
            "description": "F16",
            "isStart": false,
            "isEnd": false,
            "normalized_coordinates": [
                0.45454545454545453,
                0.8333333333333334
            ],
            "neighbors": [
                [
                    0.45454545454545453,
                    0.8888888888888888
                ],
                [
                    0.45454545454545453,
                    0.7777777777777778
                ],
                [
                    0.45454545454545453,
                    0.9444444444444444
                ]
            ],
            "edge_distances": [
                0.8333333333333334,
                0.16666666666666663
            ],
            "dx": 0.0,
            "dy": 0.05555555555555547,
            "move_angle": 1.5707963267948966,
            "move_distance": 0.05555555555555547,
            "angle_difference": 0.0,
            "hold_type": 0.0
        },
        {
            "problemId": 415269,
            "description": "F17",
            "isStart": false,
            "isEnd": false,
            "normalized_coordinates": [
                0.45454545454545453,
                0.8888888888888888
            ],
            "neighbors": [
                [
                    0.45454545454545453,
                    0.8333333333333334
                ],
                [
                    0.45454545454545453,
                    0.9444444444444444
                ],
                [
                    0.45454545454545453,
                    0.7777777777777778
                ]
            ],
            "edge_distances": [
                0.8888888888888888,
                0.11111111111111116
            ],
            "dx": 0.0,
            "dy": 0.05555555555555558,
            "move_angle": 1.5707963267948966,
            "move_distance": 0.05555555555555558,
            "angle_difference": 0.0,
            "hold_type": 0.75
        },
        {
            "problemId": 415269,
            "description": "F18",
            "isStart": false,
            "isEnd": true,
            "normalized_coordinates": [
                0.45454545454545453,
                0.9444444444444444
            ],
            "neighbors": [
                [
                    0.45454545454545453,
                    0.8888888888888888
                ],
                [
                    0.45454545454545453,
                    0.8333333333333334
                ],
                [
                    0.45454545454545453,
                    0.7777777777777778
                ]
            ],
            "edge_distances": [
                0.9444444444444444,
                0.05555555555555558
            ],
            "dx": 0.27272727272727276,
            "dy": 0.0,
            "move_angle": 0.0,
            "move_distance": 0.27272727272727276,
            "angle_difference": -1.5707963267948966,
            "hold_type": 0.75
        },
        {
            "problemId": 415269,
            "description": "I18",
            "isStart": false,
            "isEnd": true,
            "normalized_coordinates": [
                0.7272727272727273,
                0.9444444444444444
            ],
            "neighbors": [
                [
                    0.45454545454545453,
                    0.9444444444444444
                ],
                [
                    0.45454545454545453,
                    0.8888888888888888
                ],
                [
                    0.45454545454545453,
                    0.8333333333333334
                ]
            ],
            "edge_distances": [
                0.9444444444444444,
                0.05555555555555558
            ],
            "hold_type": 0.5
        }
    ],
    "data.apiId": 415269,
    "hold_presence": [
        0.0,
        0.0,
        0.0,
        0.0,
        0.0,
        0.0,
        0.0,
        0.0,
        0.0,
        0.0,
        0.0,
        0.0,
        0.0,
        0.0,
        0.0,
        0.0,
        0.0,
        0.0,
        0.0,
        0.0,
        0.0,
        0.0,
        0.0,
        0.0,
        1.0,
        0.0,
        0.0,
        0.0,
        1.0,
        0.0,
        0.0,
        0.0,
        0.0,
        0.0,
        0.0,
        0.0,
        0.0,
        0.0,
        0.0,
        0.0,
        0.0,
        0.0,
        0.0,
        0.0,
        0.0,
        0.0,
        0.0,
        0.0,
        0.0,
        1.0,
        0.0,
        0.0,
        0.0,
        0.0,
        0.0,
        0.0,
        0.0,
        0.0,
        0.0,
        0.0,
        0.0,
        0.0,
        0.0,
        0.0,
        0.0,
        0.0,
        0.0,
        0.0,
        0.0,
        0.0,
        0.0,
        0.0,
        0.0,
        0.0,
        0.0,
        0.0,
        0.0,
        0.0,
        0.0,
        0.0,
        0.0,
        0.0,
        1.0,
        1.0,
        0.0,
        0.0,
        0.0,
        0.0,
        0.0,
        0.0,
        0.0,
        0.0,
        0.0,
        0.0,
        0.0,
        0.0,
        0.0,
        0.0,
        0.0,
        0.0,
        0.0,
        0.0,
        0.0,
        1.0,
        0.0,
        0.0,
        0.0,
        0.0,
        0.0,
        0.0,
        0.0,
        0.0,
        0.0,
        0.0,
        0.0,
        0.0,
        0.0,
        0.0,
        0.0,
        0.0,
        0.0,
        0.0,
        0.0,
        0.0,
        0.0,
        0.0,
        1.0,
        0.0,
        0.0,
        0.0,
        0.0,
        0.0,
        0.0,
        0.0,
        0.0,
        0.0,
        1.0,
        0.0,
        0.0,
        0.0,
        0.0,
        0.0,
        0.0,
        0.0,
        0.0,
        0.0,
        0.0,
        0.0,
        0.0,
        0.0,
        0.0,
        0.0,
        0.0,
        0.0,
        0.0,
        0.0,
        0.0,
        0.0,
        0.0,
        1.0,
        0.0,
        0.0,
        0.0,
        0.0,
        0.0,
        0.0,
        0.0,
        0.0,
        0.0,
        0.0,
        1.0,
        0.0,
        0.0,
        0.0,
        0.0,
        0.0,
        0.0,
        0.0,
        0.0,
        0.0,
        0.0,
        1.0,
        0.0,
        0.0,
        0.0,
        0.0,
        0.0,
        0.0,
        0.0,
        0.0,
        0.0,
        0.0,
        1.0,
        0.0,
        0.0,
        1.0,
        0.0,
        0.0
    ],
    "hold_count_norm": 2.755169779906882,
    "hold_density": 0.1258741258741259,
    "vertical_progress": 0.06944444444444445
}