{
    "data.grade": "7C",
    "data.userGrade": null,
    "data.method": "Feet follow hands",
    "data.userRating": 0.0,
    "data.repeats": 0.0,
    "data.moves": [
        {
            "problemId": 346104,
            "description": "E2",
            "isStart": true,
            "isEnd": false,
            "normalized_coordinates": [
                0.36363636363636365,
                0.05555555555555555
            ],
            "neighbors": [
                [
                    0.18181818181818182,
                    0.2222222222222222
                ],
                [
                    0.7272727272727273,
                    0.2777777777777778
                ],
                [
                    0.8181818181818182,
                    0.3333333333333333
                ]
            ],
            "edge_distances": [
                0.05555555555555555,
                0.9444444444444444
            ],
            "dx": -0.18181818181818182,
            "dy": 0.16666666666666666,
            "move_angle": 2.399645385583876,
            "move_distance": 0.2466487969106016,
            "hold_type": 0.0
        },
        {
            "problemId": 346104,
            "description": "C5",
            "isStart": true,
            "isEnd": false,
            "normalized_coordinates": [
                0.18181818181818182,
                0.2222222222222222
            ],
            "neighbors": [
                [
                    0.36363636363636365,
                    0.05555555555555555
                ],
                [
                    0.2727272727272727,
                    0.6111111111111112
                ],
                [
                    0.7272727272727273,
                    0.2777777777777778
                ]
            ],
            "edge_distances": [
                0.2222222222222222,
                0.7777777777777778
            ],
            "dx": 0.5454545454545454,
            "dy": 0.05555555555555558,
            "move_angle": 0.10150183100595327,
            "move_distance": 0.5482764639395997,
            "angle_difference": -2.2981435545779227,
            "hold_type": 0.0
        },
        {
            "problemId": 346104,
            "description": "I6",
            "isStart": false,
            "isEnd": false,
            "normalized_coordinates": [
                0.7272727272727273,
                0.2777777777777778
            ],
            "neighbors": [
                [
                    0.8181818181818182,
                    0.3333333333333333
                ],
                [
                    0.9090909090909091,
                    0.5555555555555556
                ],
                [
                    0.36363636363636365,
                    0.05555555555555555
                ]
            ],
            "edge_distances": [
                0.2777777777777778,
                0.7222222222222222
            ],
            "dx": 0.09090909090909094,
            "dy": 0.055555555555555525,
            "move_angle": 0.5485494024505276,
            "move_distance": 0.10654052075620701,
            "angle_difference": 0.44704757144457435,
            "hold_type": 0.0
        },
        {
            "problemId": 346104,
            "description": "J7",
            "isStart": false,
            "isEnd": false,
            "normalized_coordinates": [
                0.8181818181818182,
                0.3333333333333333
            ],
            "neighbors": [
                [
                    0.7272727272727273,
                    0.2777777777777778
                ],
                [
                    0.9090909090909091,
                    0.5555555555555556
                ],
                [
                    0.36363636363636365,
                    0.05555555555555555
                ]
            ],
            "edge_distances": [
                0.3333333333333333,
                0.6666666666666667
            ],
            "dx": 0.09090909090909083,
            "dy": 0.22222222222222227,
            "move_angle": 1.182477608622431,
            "move_distance": 0.2400982691718124,
            "angle_difference": 0.6339282061719033,
            "hold_type": 0.5
        },
        {
            "problemId": 346104,
            "description": "K11",
            "isStart": false,
            "isEnd": false,
            "normalized_coordinates": [
                0.9090909090909091,
                0.5555555555555556
            ],
            "neighbors": [
                [
                    0.8181818181818182,
                    0.3333333333333333
                ],
                [
                    0.7272727272727273,
                    0.2777777777777778
                ],
                [
                    0.45454545454545453,
                    0.7777777777777778
                ]
            ],
            "edge_distances": [
                0.5555555555555556,
                0.4444444444444444
            ],
            "dx": -0.6363636363636364,
            "dy": 0.05555555555555558,
            "move_angle": 3.054511849173772,
            "move_distance": 0.638784077321153,
            "angle_difference": 1.872034240551341,
            "hold_type": 1.0
        },
        {
            "problemId": 346104,
            "description": "D12",
            "isStart": false,
            "isEnd": false,
            "normalized_coordinates": [
                0.2727272727272727,
                0.6111111111111112
            ],
            "neighbors": [
                [
                    0.45454545454545453,
                    0.7777777777777778
                ],
                [
                    0.09090909090909091,
                    0.8333333333333334
                ],
                [
                    0.18181818181818182,
                    0.9444444444444444
                ]
            ],
            "edge_distances": [
                0.6111111111111112,
                0.38888888888888884
            ],
            "dx": -0.09090909090909088,
            "dy": 0.33333333333333326,
            "move_angle": 1.837048375945822,
            "move_distance": 0.3455077045754963,
            "angle_difference": -1.21746347322795,
            "hold_type": 0.5
        },
        {
            "problemId": 346104,
            "description": "C18",
            "isStart": false,
            "isEnd": true,
            "normalized_coordinates": [
                0.18181818181818182,
                0.9444444444444444
            ],
            "neighbors": [
                [
                    0.09090909090909091,
                    0.8333333333333334
                ],
                [
                    0.45454545454545453,
                    0.7777777777777778
                ],
                [
                    0.2727272727272727,
                    0.6111111111111112
                ]
            ],
            "edge_distances": [
                0.9444444444444444,
                0.05555555555555558
            ],
            "dx": 0.2727272727272727,
            "dy": -0.16666666666666663,
            "move_angle": -0.548549402450528,
            "move_distance": 0.319621562268621,
            "angle_difference": -2.38559777839635,
            "hold_type": 0.5
        },
        {
            "problemId": 346104,
            "description": "F15",
            "isStart": false,
            "isEnd": false,
            "normalized_coordinates": [
                0.45454545454545453,
                0.7777777777777778
            ],
            "neighbors": [
                [
                    0.2727272727272727,
                    0.6111111111111112
                ],
                [
                    0.18181818181818182,
                    0.9444444444444444
                ],
                [
                    0.09090909090909091,
                    0.8333333333333334
                ]
            ],
            "edge_distances": [
                0.7777777777777778,
                0.2222222222222222
            ],
            "dx": -0.36363636363636365,
            "dy": 0.05555555555555558,
            "move_angle": 2.9899871661515203,
            "move_distance": 0.36785571181071,
            "angle_difference": 3.5385365686020482,
            "hold_type": 0.5
        },
        {
            "problemId": 346104,
            "description": "B16",
            "isStart": false,
            "isEnd": false,
            "normalized_coordinates": [
                0.09090909090909091,
                0.8333333333333334
            ],
            "neighbors": [
                [
                    0.18181818181818182,
                    0.9444444444444444
                ],
                [
                    0.2727272727272727,
                    0.6111111111111112
                ],
                [
                    0.45454545454545453,
                    0.7777777777777778
                ]
            ],
            "edge_distances": [
                0.8333333333333334,
                0.16666666666666663
            ],
            "hold_type": 0.0
        }
    ],
    "data.apiId": 346104,
    "hold_presence": [
        0.0,
        0.0,
        0.0,
        0.0,
        0.0,
        0.0,
        0.0,
        0.0,
        0.0,
        0.0,
        0.0,
        0.0,
        0.0,
        0.0,
        0.0,
        1.0,
        0.0,
        0.0,
        0.0,
        0.0,
        0.0,
        0.0,
        0.0,
        0.0,
        0.0,
        0.0,
        0.0,
        0.0,
        0.0,
        0.0,
        0.0,
        0.0,
        0.0,
        0.0,
        0.0,
        0.0,
        0.0,
        0.0,
        0.0,
        0.0,
        0.0,
        0.0,
        0.0,
        0.0,
        0.0,
        0.0,
        1.0,
        0.0,
        0.0,
        0.0,
        0.0,
        0.0,
        0.0,
        0.0,
        0.0,
        0.0,
        0.0,
        0.0,
        0.0,
        0.0,
        0.0,
        0.0,
        0.0,
        1.0,
        0.0,
        0.0,
        0.0,
        0.0,
        0.0,
        0.0,
        0.0,
        0.0,
        0.0,
        0.0,
        0.0,
        1.0,
        0.0,
        0.0,
        0.0,
        0.0,
        0.0,
        0.0,
        0.0,
        0.0,
        0.0,
        0.0,
        0.0,
        0.0,
        0.0,
        0.0,
        0.0,
        0.0,
        0.0,
        0.0,
        0.0,
        0.0,
        0.0,
        0.0,
        0.0,
        0.0,
        0.0,
        0.0,
        0.0,
        0.0,
        0.0,
        0.0,
        0.0,
        0.0,
        0.0,
        0.0,
        0.0,
        0.0,
        0.0,
        0.0,
        0.0,
        0.0,
        0.0,
        0.0,
        0.0,
        0.0,
        1.0,
        0.0,
        0.0,
        0.0,
        1.0,
        0.0,
        0.0,
        0.0,
        0.0,
        0.0,
        0.0,
        0.0,
        0.0,
        0.0,
        0.0,
        0.0,
        0.0,
        0.0,
        0.0,
        0.0,
        0.0,
        0.0,
        0.0,
        0.0,
        0.0,
        0.0,
        0.0,
        0.0,
        0.0,
        0.0,
        0.0,
        0.0,
        0.0,
        0.0,
        0.0,
        0.0,
        0.0,
        0.0,
        0.0,
        1.0,
        0.0,
        0.0,
        0.0,
        0.0,
        0.0,
        0.0,
        1.0,
        0.0,
        0.0,
        0.0,
        0.0,
        0.0,
        0.0,
        0.0,
        0.0,
        0.0,
        0.0,
        0.0,
        0.0,
        0.0,
        0.0,
        0.0,
        0.0,
        0.0,
        0.0,
        0.0,
        0.0,
        0.0,
        0.0,
        1.0,
        0.0,
        0.0,
        0.0,
        0.0,
        0.0,
        0.0,
        0.0,
        0.0
    ],
    "hold_count_norm": 0.6308152698051953,
    "hold_density": 0.3585858585858586,
    "vertical_progress": 0.09722222222222222
}