{
    "data.grade": "7C",
    "data.userGrade": "7C",
    "data.method": "Feet follow hands",
    "data.userRating": 1.791759469228055,
    "data.repeats": 0.6931471805599453,
    "data.moves": [
        {
            "problemId": 429633,
            "description": "E4",
            "isStart": true,
            "isEnd": false,
            "normalized_coordinates": [
                0.36363636363636365,
                0.16666666666666666
            ],
            "neighbors": [
                [
                    0.6363636363636364,
                    0.0
                ],
                [
                    0.2727272727272727,
                    0.6111111111111112
                ],
                [
                    0.7272727272727273,
                    0.5
                ]
            ],
            "edge_distances": [
                0.16666666666666666,
                0.8333333333333334
            ],
            "dx": 0.2727272727272727,
            "dy": -0.16666666666666666,
            "move_angle": -0.5485494024505281,
            "move_distance": 0.319621562268621,
            "hold_type": 0.25
        },
        {
            "problemId": 429633,
            "description": "H1",
            "isStart": true,
            "isEnd": false,
            "normalized_coordinates": [
                0.6363636363636364,
                0.0
            ],
            "neighbors": [
                [
                    0.36363636363636365,
                    0.16666666666666666
                ],
                [
                    0.8181818181818182,
                    0.3888888888888889
                ],
                [
                    0.7272727272727273,
                    0.5
                ]
            ],
            "edge_distances": [
                0.0,
                1.0
            ],
            "dx": 0.18181818181818188,
            "dy": 0.3888888888888889,
            "move_angle": 1.1334584350470125,
            "move_distance": 0.42929292929292934,
            "angle_difference": 1.6820078374975407,
            "hold_type": 0.5
        },
        {
            "problemId": 429633,
            "description": "J8",
            "isStart": false,
            "isEnd": false,
            "normalized_coordinates": [
                0.8181818181818182,
                0.3888888888888889
            ],
            "neighbors": [
                [
                    0.7272727272727273,
                    0.5
                ],
                [
                    0.7272727272727273,
                    0.6666666666666666
                ],
                [
                    0.6363636363636364,
                    0.0
                ]
            ],
            "edge_distances": [
                0.3888888888888889,
                0.6111111111111112
            ],
            "dx": -0.09090909090909094,
            "dy": 0.1111111111111111,
            "move_angle": 2.256525837701183,
            "move_distance": 0.14356232730860502,
            "angle_difference": 1.1230674026541705,
            "hold_type": 0.0
        },
        {
            "problemId": 429633,
            "description": "I10",
            "isStart": false,
            "isEnd": false,
            "normalized_coordinates": [
                0.7272727272727273,
                0.5
            ],
            "neighbors": [
                [
                    0.8181818181818182,
                    0.3888888888888889
                ],
                [
                    0.7272727272727273,
                    0.6666666666666666
                ],
                [
                    0.7272727272727273,
                    0.9444444444444444
                ]
            ],
            "edge_distances": [
                0.5,
                0.5
            ],
            "dx": -0.4545454545454546,
            "dy": 0.11111111111111116,
            "move_angle": 2.9018495447193366,
            "move_distance": 0.46792867967274626,
            "angle_difference": 0.6453237070181537,
            "hold_type": 0.5
        },
        {
            "problemId": 429633,
            "description": "D12",
            "isStart": false,
            "isEnd": false,
            "normalized_coordinates": [
                0.2727272727272727,
                0.6111111111111112
            ],
            "neighbors": [
                [
                    0.36363636363636365,
                    0.16666666666666666
                ],
                [
                    0.7272727272727273,
                    0.6666666666666666
                ],
                [
                    0.7272727272727273,
                    0.5
                ]
            ],
            "edge_distances": [
                0.6111111111111112,
                0.38888888888888884
            ],
            "dx": 0.4545454545454546,
            "dy": 0.05555555555555547,
            "move_angle": 0.12161902326134638,
            "move_distance": 0.4579279310120975,
            "angle_difference": -2.78023052145799,
            "hold_type": 0.5
        },
        {
            "problemId": 429633,
            "description": "I13",
            "isStart": false,
            "isEnd": false,
            "normalized_coordinates": [
                0.7272727272727273,
                0.6666666666666666
            ],
            "neighbors": [
                [
                    0.7272727272727273,
                    0.5
                ],
                [
                    0.7272727272727273,
                    0.9444444444444444
                ],
                [
                    0.8181818181818182,
                    0.3888888888888889
                ]
            ],
            "edge_distances": [
                0.6666666666666666,
                0.33333333333333337
            ],
            "dx": 0.0,
            "dy": 0.2777777777777778,
            "move_angle": 1.5707963267948966,
            "move_distance": 0.2777777777777778,
            "angle_difference": 1.4491773035335502,
            "hold_type": 0.75
        },
        {
            "problemId": 429633,
            "description": "I18",
            "isStart": false,
            "isEnd": true,
            "normalized_coordinates": [
                0.7272727272727273,
                0.9444444444444444
            ],
            "neighbors": [
                [
                    0.7272727272727273,
                    0.6666666666666666
                ],
                [
                    0.7272727272727273,
                    0.5
                ],
                [
                    0.8181818181818182,
                    0.3888888888888889
                ]
            ],
            "edge_distances": [
                0.9444444444444444,
                0.05555555555555558
            ],
            "hold_type": 0.5
        }
    ],
    "data.apiId": 429633,
    "hold_presence": [
        0.0,
        0.0,
        0.0,
        0.0,
        0.0,
        0.0,
        0.0,
        1.0,
        0.0,
        0.0,
        0.0,
        0.0,
        0.0,
        0.0,
        0.0,
        0.0,
        0.0,
        0.0,
        0.0,
        0.0,
        0.0,
        0.0,
        0.0,
        0.0,
        0.0,
        0.0,
        0.0,
        0.0,
        0.0,
        0.0,
        0.0,
        0.0,
        0.0,
        0.0,
        0.0,
        0.0,
        0.0,
        1.0,
        0.0,
        0.0,
        0.0,
        0.0,
        0.0,
        0.0,
        0.0,
        0.0,
        0.0,
        0.0,
        0.0,
        0.0,
        0.0,
        0.0,
        0.0,
        0.0,
        0.0,
        0.0,
        0.0,
        0.0,
        0.0,
        0.0,
        0.0,
        0.0,
        0.0,
        0.0,
        0.0,
        0.0,
        0.0,
        0.0,
        0.0,
        0.0,
        0.0,
        0.0,
        0.0,
        0.0,
        0.0,
        0.0,
        0.0,
        0.0,
        0.0,
        0.0,
        0.0,
        0.0,
        0.0,
        0.0,
        0.0,
        0.0,
        1.0,
        0.0,
        0.0,
        0.0,
        0.0,
        0.0,
        0.0,
        0.0,
        0.0,
        0.0,
        0.0,
        0.0,
        0.0,
        0.0,
        0.0,
        0.0,
        0.0,
        0.0,
        0.0,
        0.0,
        0.0,
        1.0,
        0.0,
        0.0,
        0.0,
        0.0,
        0.0,
        0.0,
        0.0,
        0.0,
        0.0,
        0.0,
        0.0,
        0.0,
        0.0,
        0.0,
        0.0,
        0.0,
        1.0,
        0.0,
        0.0,
        0.0,
        0.0,
        0.0,
        0.0,
        0.0,
        0.0,
        0.0,
        0.0,
        0.0,
        0.0,
        0.0,
        0.0,
        0.0,
        1.0,
        0.0,
        0.0,
        0.0,
        0.0,
        0.0,
        0.0,
        0.0,
        0.0,
        0.0,
        0.0,
        0.0,
        0.0,
        0.0,
        0.0,
        0.0,
        0.0,
        0.0,
        0.0,
        0.0,
        0.0,
        0.0,
        0.0,
        0.0,
        0.0,
        0.0,
        0.0,
        0.0,
        0.0,
        0.0,
        0.0,
        0.0,
        0.0,
        0.0,
        0.0,
        0.0,
        0.0,
        0.0,
        0.0,
        0.0,
        0.0,
        0.0,
        0.0,
        0.0,
        0.0,
        0.0,
        0.0,
        0.0,
        0.0,
        0.0,
        0.0,
        0.0,
        0.0,
        0.0,
        0.0,
        1.0,
        0.0,
        0.0
    ],
    "hold_count_norm": -0.431361985245648,
    "hold_density": 0.23376623376623373,
    "vertical_progress": 0.12962962962962962
}