{
    "data.grade": "7C",
    "data.userGrade": null,
    "data.method": "Feet follow hands",
    "data.userRating": 1.791759469228055,
    "data.repeats": 1.3862943611198906,
    "data.moves": [
        {
            "problemId": 351347,
            "description": "D7",
            "isStart": false,
            "isEnd": false,
            "normalized_coordinates": [
                0.2727272727272727,
                0.3333333333333333
            ],
            "neighbors": [
                [
                    0.5454545454545454,
                    0.16666666666666666
                ],
                [
                    0.45454545454545453,
                    0.7222222222222222
                ],
                [
                    0.7272727272727273,
                    0.16666666666666666
                ]
            ],
            "edge_distances": [
                0.3333333333333333,
                0.6666666666666667
            ],
            "dx": 0.4545454545454546,
            "dy": 0.16666666666666669,
            "move_angle": 0.3514447940035517,
            "move_distance": 0.48413773662637755,
            "hold_type": 0.25
        },
        {
            "problemId": 351347,
            "description": "I10",
            "isStart": false,
            "isEnd": false,
            "normalized_coordinates": [
                0.7272727272727273,
                0.5
            ],
            "neighbors": [
                [
                    0.7272727272727273,
                    0.16666666666666666
                ],
                [
                    0.45454545454545453,
                    0.7222222222222222
                ],
                [
                    0.5454545454545454,
                    0.16666666666666666
                ]
            ],
            "edge_distances": [
                0.5,
                0.5
            ],
            "dx": -0.27272727272727276,
            "dy": 0.2222222222222222,
            "move_angle": 2.457883341955422,
            "move_distance": 0.35179949024783835,
            "angle_difference": 2.1064385479518704,
            "hold_type": 0.5
        },
        {
            "problemId": 351347,
            "description": "F14",
            "isStart": false,
            "isEnd": false,
            "normalized_coordinates": [
                0.45454545454545453,
                0.7222222222222222
            ],
            "neighbors": [
                [
                    0.7272727272727273,
                    0.5
                ],
                [
                    0.8181818181818182,
                    0.9444444444444444
                ],
                [
                    0.2727272727272727,
                    0.3333333333333333
                ]
            ],
            "edge_distances": [
                0.7222222222222222,
                0.2777777777777778
            ],
            "dx": 0.3636363636363637,
            "dy": 0.2222222222222222,
            "move_angle": 0.548549402450528,
            "move_distance": 0.42616208302482805,
            "angle_difference": -1.909333939504894,
            "hold_type": 0.0
        },
        {
            "problemId": 351347,
            "description": "J18",
            "isStart": false,
            "isEnd": true,
            "normalized_coordinates": [
                0.8181818181818182,
                0.9444444444444444
            ],
            "neighbors": [
                [
                    0.45454545454545453,
                    0.7222222222222222
                ],
                [
                    0.7272727272727273,
                    0.5
                ],
                [
                    0.7272727272727273,
                    0.16666666666666666
                ]
            ],
            "edge_distances": [
                0.9444444444444444,
                0.05555555555555558
            ],
            "dx": -0.2727272727272728,
            "dy": -0.7777777777777778,
            "move_angle": -1.9080495151165553,
            "move_distance": 0.8242077631848627,
            "angle_difference": -2.4565989175670833,
            "hold_type": 0.75
        },
        {
            "problemId": 351347,
            "description": "G4",
            "isStart": true,
            "isEnd": false,
            "normalized_coordinates": [
                0.5454545454545454,
                0.16666666666666666
            ],
            "neighbors": [
                [
                    0.7272727272727273,
                    0.16666666666666666
                ],
                [
                    0.2727272727272727,
                    0.3333333333333333
                ],
                [
                    0.7272727272727273,
                    0.5
                ]
            ],
            "edge_distances": [
                0.16666666666666666,
                0.8333333333333334
            ],
            "dx": 0.18181818181818188,
            "dy": 0.0,
            "move_angle": 0.0,
            "move_distance": 0.18181818181818188,
            "angle_difference": 1.9080495151165553,
            "hold_type": 0.0
        },
        {
            "problemId": 351347,
            "description": "I4",
            "isStart": true,
            "isEnd": false,
            "normalized_coordinates": [
                0.7272727272727273,
                0.16666666666666666
            ],
            "neighbors": [
                [
                    0.5454545454545454,
                    0.16666666666666666
                ],
                [
                    0.7272727272727273,
                    0.5
                ],
                [
                    0.2727272727272727,
                    0.3333333333333333
                ]
            ],
            "edge_distances": [
                0.16666666666666666,
                0.8333333333333334
            ],
            "hold_type": 0.0
        }
    ],
    "data.apiId": 351347,
    "hold_presence": [
        0.0,
        0.0,
        0.0,
        0.0,
        0.0,
        0.0,
        0.0,
        0.0,
        0.0,
        0.0,
        0.0,
        0.0,
        0.0,
        0.0,
        0.0,
        0.0,
        0.0,
        0.0,
        0.0,
        0.0,
        0.0,
        0.0,
        0.0,
        0.0,
        0.0,
        0.0,
        0.0,
        0.0,
        0.0,
        0.0,
        0.0,
        0.0,
        0.0,
        0.0,
        0.0,
        0.0,
        0.0,
        0.0,
        0.0,
        1.0,
        0.0,
        1.0,
        0.0,
        0.0,
        0.0,
        0.0,
        0.0,
        0.0,
        0.0,
        0.0,
        0.0,
        0.0,
        0.0,
        0.0,
        0.0,
        0.0,
        0.0,
        0.0,
        0.0,
        0.0,
        0.0,
        0.0,
        0.0,
        0.0,
        0.0,
        0.0,
        0.0,
        0.0,
        0.0,
        1.0,
        0.0,
        0.0,
        0.0,
        0.0,
        0.0,
        0.0,
        0.0,
        0.0,
        0.0,
        0.0,
        0.0,
        0.0,
        0.0,
        0.0,
        0.0,
        0.0,
        0.0,
        0.0,
        0.0,
        0.0,
        0.0,
        0.0,
        0.0,
        0.0,
        0.0,
        0.0,
        0.0,
        0.0,
        0.0,
        0.0,
        0.0,
        0.0,
        0.0,
        0.0,
        0.0,
        0.0,
        0.0,
        1.0,
        0.0,
        0.0,
        0.0,
        0.0,
        0.0,
        0.0,
        0.0,
        0.0,
        0.0,
        0.0,
        0.0,
        0.0,
        0.0,
        0.0,
        0.0,
        0.0,
        0.0,
        0.0,
        0.0,
        0.0,
        0.0,
        0.0,
        0.0,
        0.0,
        0.0,
        0.0,
        0.0,
        0.0,
        0.0,
        0.0,
        0.0,
        0.0,
        0.0,
        0.0,
        0.0,
        0.0,
        0.0,
        0.0,
        0.0,
        0.0,
        1.0,
        0.0,
        0.0,
        0.0,
        0.0,
        0.0,
        0.0,
        0.0,
        0.0,
        0.0,
        0.0,
        0.0,
        0.0,
        0.0,
        0.0,
        0.0,
        0.0,
        0.0,
        0.0,
        0.0,
        0.0,
        0.0,
        0.0,
        0.0,
        0.0,
        0.0,
        0.0,
        0.0,
        0.0,
        0.0,
        0.0,
        0.0,
        0.0,
        0.0,
        0.0,
        0.0,
        0.0,
        0.0,
        0.0,
        0.0,
        0.0,
        0.0,
        0.0,
        0.0,
        0.0,
        0.0,
        0.0,
        0.0,
        1.0,
        0.0
    ],
    "hold_count_norm": -0.9624506127710697,
    "hold_density": 0.24848484848484856,
    "vertical_progress": -0.033333333333333326
}