{
    "data.grade": "7C",
    "data.userGrade": "7C",
    "data.method": "Feet follow hands",
    "data.userRating": 1.6094379124341003,
    "data.repeats": 2.639057329615259,
    "data.moves": [
        {
            "problemId": 310344,
            "description": "H2",
            "isStart": true,
            "isEnd": false,
            "normalized_coordinates": [
                0.6363636363636364,
                0.05555555555555555
            ],
            "neighbors": [
                [
                    0.6363636363636364,
                    0.2777777777777778
                ],
                [
                    0.45454545454545453,
                    0.5555555555555556
                ],
                [
                    0.18181818181818182,
                    0.3888888888888889
                ]
            ],
            "edge_distances": [
                0.05555555555555555,
                0.9444444444444444
            ],
            "dx": 0.0,
            "dy": 0.22222222222222224,
            "move_angle": 1.5707963267948966,
            "move_distance": 0.22222222222222224,
            "hold_type": 0.75
        },
        {
            "problemId": 310344,
            "description": "H6",
            "isStart": false,
            "isEnd": false,
            "normalized_coordinates": [
                0.6363636363636364,
                0.2777777777777778
            ],
            "neighbors": [
                [
                    0.6363636363636364,
                    0.05555555555555555
                ],
                [
                    0.45454545454545453,
                    0.5555555555555556
                ],
                [
                    0.18181818181818182,
                    0.3888888888888889
                ]
            ],
            "edge_distances": [
                0.2777777777777778,
                0.7222222222222222
            ],
            "dx": -0.45454545454545453,
            "dy": 0.1111111111111111,
            "move_angle": 2.9018495447193366,
            "move_distance": 0.4679286796727462,
            "angle_difference": 1.33105321792444,
            "hold_type": 0.0
        },
        {
            "problemId": 310344,
            "description": "C8",
            "isStart": false,
            "isEnd": false,
            "normalized_coordinates": [
                0.18181818181818182,
                0.3888888888888889
            ],
            "neighbors": [
                [
                    0.45454545454545453,
                    0.5555555555555556
                ],
                [
                    0.18181818181818182,
                    0.7777777777777778
                ],
                [
                    0.6363636363636364,
                    0.2777777777777778
                ]
            ],
            "edge_distances": [
                0.3888888888888889,
                0.6111111111111112
            ],
            "dx": 0.2727272727272727,
            "dy": 0.16666666666666669,
            "move_angle": 0.5485494024505282,
            "move_distance": 0.319621562268621,
            "angle_difference": -2.3533001422688082,
            "hold_type": 0.0
        },
        {
            "problemId": 310344,
            "description": "F11",
            "isStart": false,
            "isEnd": false,
            "normalized_coordinates": [
                0.45454545454545453,
                0.5555555555555556
            ],
            "neighbors": [
                [
                    0.18181818181818182,
                    0.3888888888888889
                ],
                [
                    0.6363636363636364,
                    0.2777777777777778
                ],
                [
                    0.18181818181818182,
                    0.7777777777777778
                ]
            ],
            "edge_distances": [
                0.5555555555555556,
                0.4444444444444444
            ],
            "dx": -0.2727272727272727,
            "dy": 0.2222222222222222,
            "move_angle": 2.457883341955422,
            "move_distance": 0.35179949024783835,
            "angle_difference": 1.9093339395048938,
            "hold_type": 1.0
        },
        {
            "problemId": 310344,
            "description": "C15",
            "isStart": false,
            "isEnd": false,
            "normalized_coordinates": [
                0.18181818181818182,
                0.7777777777777778
            ],
            "neighbors": [
                [
                    0.45454545454545453,
                    0.5555555555555556
                ],
                [
                    0.18181818181818182,
                    0.3888888888888889
                ],
                [
                    0.5454545454545454,
                    0.9444444444444444
                ]
            ],
            "edge_distances": [
                0.7777777777777778,
                0.2222222222222222
            ],
            "dx": 0.3636363636363636,
            "dy": 0.16666666666666663,
            "move_angle": 0.42976227909668846,
            "move_distance": 0.40001147825588135,
            "angle_difference": -2.0281210628587334,
            "hold_type": 1.0
        },
        {
            "problemId": 310344,
            "description": "G18",
            "isStart": false,
            "isEnd": true,
            "normalized_coordinates": [
                0.5454545454545454,
                0.9444444444444444
            ],
            "neighbors": [
                [
                    0.45454545454545453,
                    0.5555555555555556
                ],
                [
                    0.18181818181818182,
                    0.7777777777777778
                ],
                [
                    0.18181818181818182,
                    0.3888888888888889
                ]
            ],
            "edge_distances": [
                0.9444444444444444,
                0.05555555555555558
            ],
            "hold_type": 0.0
        }
    ],
    "data.apiId": 310344,
    "hold_presence": [
        0.0,
        0.0,
        0.0,
        0.0,
        0.0,
        0.0,
        0.0,
        0.0,
        0.0,
        0.0,
        0.0,
        0.0,
        0.0,
        0.0,
        0.0,
        0.0,
        0.0,
        0.0,
        1.0,
        0.0,
        0.0,
        0.0,
        0.0,
        0.0,
        0.0,
        0.0,
        0.0,
        0.0,
        0.0,
        0.0,
        0.0,
        0.0,
        0.0,
        0.0,
        0.0,
        0.0,
        0.0,
        0.0,
        0.0,
        0.0,
        0.0,
        0.0,
        0.0,
        0.0,
        0.0,
        0.0,
        0.0,
        0.0,
        0.0,
        0.0,
        0.0,
        0.0,
        0.0,
        0.0,
        0.0,
        0.0,
        0.0,
        0.0,
        0.0,
        0.0,
        0.0,
        0.0,
        1.0,
        0.0,
        0.0,
        0.0,
        0.0,
        0.0,
        0.0,
        0.0,
        0.0,
        0.0,
        0.0,
        0.0,
        0.0,
        0.0,
        0.0,
        0.0,
        0.0,
        1.0,
        0.0,
        0.0,
        0.0,
        0.0,
        0.0,
        0.0,
        0.0,
        0.0,
        0.0,
        0.0,
        0.0,
        0.0,
        0.0,
        0.0,
        0.0,
        0.0,
        0.0,
        0.0,
        0.0,
        0.0,
        0.0,
        0.0,
        0.0,
        0.0,
        0.0,
        0.0,
        0.0,
        0.0,
        0.0,
        0.0,
        0.0,
        0.0,
        0.0,
        0.0,
        0.0,
        1.0,
        0.0,
        0.0,
        0.0,
        0.0,
        0.0,
        0.0,
        0.0,
        0.0,
        0.0,
        0.0,
        0.0,
        0.0,
        0.0,
        0.0,
        0.0,
        0.0,
        0.0,
        0.0,
        0.0,
        0.0,
        0.0,
        0.0,
        0.0,
        0.0,
        0.0,
        0.0,
        0.0,
        0.0,
        0.0,
        0.0,
        0.0,
        0.0,
        0.0,
        0.0,
        0.0,
        0.0,
        0.0,
        0.0,
        0.0,
        0.0,
        1.0,
        0.0,
        0.0,
        0.0,
        0.0,
        0.0,
        0.0,
        0.0,
        0.0,
        0.0,
        0.0,
        0.0,
        0.0,
        0.0,
        0.0,
        0.0,
        0.0,
        0.0,
        0.0,
        0.0,
        0.0,
        0.0,
        0.0,
        0.0,
        0.0,
        0.0,
        0.0,
        0.0,
        0.0,
        0.0,
        0.0,
        0.0,
        0.0,
        0.0,
        0.0,
        0.0,
        0.0,
        1.0,
        0.0,
        0.0,
        0.0,
        0.0
    ],
    "hold_count_norm": -0.9624506127710697,
    "hold_density": 0.24848484848484848,
    "vertical_progress": 0.17777777777777776
}