{
    "data.grade": "7C",
    "data.userGrade": null,
    "data.method": "Feet follow hands",
    "data.userRating": 0.0,
    "data.repeats": 0.0,
    "data.moves": [
        {
            "problemId": 330609,
            "description": "I5",
            "isStart": true,
            "isEnd": false,
            "normalized_coordinates": [
                0.7272727272727273,
                0.2222222222222222
            ],
            "neighbors": [
                [
                    0.45454545454545453,
                    0.1111111111111111
                ],
                [
                    0.8181818181818182,
                    0.6666666666666666
                ],
                [
                    0.2727272727272727,
                    0.5
                ]
            ],
            "edge_distances": [
                0.2222222222222222,
                0.7777777777777778
            ],
            "dx": -0.27272727272727276,
            "dy": -0.1111111111111111,
            "move_angle": -2.7547169358587653,
            "move_distance": 0.29449251994168185,
            "hold_type": 0.5
        },
        {
            "problemId": 330609,
            "description": "F3",
            "isStart": true,
            "isEnd": false,
            "normalized_coordinates": [
                0.45454545454545453,
                0.1111111111111111
            ],
            "neighbors": [
                [
                    0.7272727272727273,
                    0.2222222222222222
                ],
                [
                    0.2727272727272727,
                    0.5
                ],
                [
                    0.8181818181818182,
                    0.6666666666666666
                ]
            ],
            "edge_distances": [
                0.1111111111111111,
                0.8888888888888888
            ],
            "dx": -0.18181818181818182,
            "dy": 0.3888888888888889,
            "move_angle": 2.0081342185427804,
            "move_distance": 0.4292929292929293,
            "angle_difference": 4.762851154401545,
            "hold_type": 0.75
        },
        {
            "problemId": 330609,
            "description": "D10",
            "isStart": false,
            "isEnd": false,
            "normalized_coordinates": [
                0.2727272727272727,
                0.5
            ],
            "neighbors": [
                [
                    0.18181818181818182,
                    0.8333333333333334
                ],
                [
                    0.45454545454545453,
                    0.1111111111111111
                ],
                [
                    0.7272727272727273,
                    0.2222222222222222
                ]
            ],
            "edge_distances": [
                0.5,
                0.5
            ],
            "dx": 0.5454545454545455,
            "dy": 0.16666666666666663,
            "move_angle": 0.29654580906970035,
            "move_distance": 0.5703494007490519,
            "angle_difference": -1.71158840947308,
            "hold_type": 0.75
        },
        {
            "problemId": 330609,
            "description": "J13",
            "isStart": false,
            "isEnd": false,
            "normalized_coordinates": [
                0.8181818181818182,
                0.6666666666666666
            ],
            "neighbors": [
                [
                    0.8181818181818182,
                    0.9444444444444444
                ],
                [
                    0.7272727272727273,
                    0.2222222222222222
                ],
                [
                    0.2727272727272727,
                    0.5
                ]
            ],
            "edge_distances": [
                0.6666666666666666,
                0.33333333333333337
            ],
            "dx": -0.6363636363636365,
            "dy": 0.16666666666666674,
            "move_angle": 2.88544127102419,
            "move_distance": 0.6578270710937095,
            "angle_difference": 2.5888954619544897,
            "hold_type": 0.0
        },
        {
            "problemId": 330609,
            "description": "C16",
            "isStart": false,
            "isEnd": false,
            "normalized_coordinates": [
                0.18181818181818182,
                0.8333333333333334
            ],
            "neighbors": [
                [
                    0.2727272727272727,
                    0.5
                ],
                [
                    0.8181818181818182,
                    0.9444444444444444
                ],
                [
                    0.8181818181818182,
                    0.6666666666666666
                ]
            ],
            "edge_distances": [
                0.8333333333333334,
                0.16666666666666663
            ],
            "dx": 0.6363636363636365,
            "dy": 0.11111111111111105,
            "move_angle": 0.17286060678714482,
            "move_distance": 0.6459909880937166,
            "angle_difference": -2.712580664237045,
            "hold_type": 0.75
        },
        {
            "problemId": 330609,
            "description": "J18",
            "isStart": false,
            "isEnd": true,
            "normalized_coordinates": [
                0.8181818181818182,
                0.9444444444444444
            ],
            "neighbors": [
                [
                    0.8181818181818182,
                    0.6666666666666666
                ],
                [
                    0.18181818181818182,
                    0.8333333333333334
                ],
                [
                    0.2727272727272727,
                    0.5
                ]
            ],
            "edge_distances": [
                0.9444444444444444,
                0.05555555555555558
            ],
            "hold_type": 0.75
        }
    ],
    "data.apiId": 330609,
    "hold_presence": [
        0.0,
        0.0,
        0.0,
        0.0,
        0.0,
        0.0,
        0.0,
        0.0,
        0.0,
        0.0,
        0.0,
        0.0,
        0.0,
        0.0,
        0.0,
        0.0,
        0.0,
        0.0,
        0.0,
        0.0,
        0.0,
        0.0,
        0.0,
        0.0,
        0.0,
        0.0,
        0.0,
        1.0,
        0.0,
        0.0,
        0.0,
        0.0,
        0.0,
        0.0,
        0.0,
        0.0,
        0.0,
        0.0,
        0.0,
        0.0,
        0.0,
        0.0,
        0.0,
        0.0,
        0.0,
        0.0,
        0.0,
        0.0,
        0.0,
        0.0,
        0.0,
        0.0,
        1.0,
        0.0,
        0.0,
        0.0,
        0.0,
        0.0,
        0.0,
        0.0,
        0.0,
        0.0,
        0.0,
        0.0,
        0.0,
        0.0,
        0.0,
        0.0,
        0.0,
        0.0,
        0.0,
        0.0,
        0.0,
        0.0,
        0.0,
        0.0,
        0.0,
        0.0,
        0.0,
        0.0,
        0.0,
        0.0,
        0.0,
        0.0,
        0.0,
        0.0,
        0.0,
        0.0,
        0.0,
        0.0,
        0.0,
        0.0,
        0.0,
        0.0,
        0.0,
        0.0,
        0.0,
        0.0,
        0.0,
        0.0,
        0.0,
        0.0,
        1.0,
        0.0,
        0.0,
        0.0,
        0.0,
        0.0,
        0.0,
        0.0,
        0.0,
        0.0,
        0.0,
        0.0,
        0.0,
        0.0,
        0.0,
        0.0,
        0.0,
        0.0,
        0.0,
        0.0,
        0.0,
        0.0,
        0.0,
        0.0,
        0.0,
        0.0,
        0.0,
        0.0,
        0.0,
        0.0,
        0.0,
        0.0,
        0.0,
        0.0,
        0.0,
        0.0,
        0.0,
        0.0,
        0.0,
        1.0,
        0.0,
        0.0,
        0.0,
        0.0,
        0.0,
        0.0,
        0.0,
        0.0,
        0.0,
        0.0,
        0.0,
        0.0,
        0.0,
        0.0,
        0.0,
        0.0,
        0.0,
        0.0,
        0.0,
        0.0,
        0.0,
        0.0,
        0.0,
        0.0,
        0.0,
        1.0,
        0.0,
        0.0,
        0.0,
        0.0,
        0.0,
        0.0,
        0.0,
        0.0,
        0.0,
        0.0,
        0.0,
        0.0,
        0.0,
        0.0,
        0.0,
        0.0,
        0.0,
        0.0,
        0.0,
        0.0,
        0.0,
        0.0,
        0.0,
        0.0,
        0.0,
        0.0,
        0.0,
        0.0,
        1.0,
        0.0
    ],
    "hold_count_norm": -0.9624506127710697,
    "hold_density": 0.3393939393939394,
    "vertical_progress": 0.14444444444444443
}