{
    "data.grade": "7C",
    "data.userGrade": null,
    "data.method": "Feet follow hands",
    "data.userRating": 1.791759469228055,
    "data.repeats": 0.6931471805599453,
    "data.moves": [
        {
            "problemId": 337098,
            "description": "D5",
            "isStart": true,
            "isEnd": false,
            "normalized_coordinates": [
                0.2727272727272727,
                0.2222222222222222
            ],
            "neighbors": [
                [
                    0.6363636363636364,
                    0.1111111111111111
                ],
                [
                    0.7272727272727273,
                    0.3888888888888889
                ],
                [
                    0.6363636363636364,
                    0.6666666666666666
                ]
            ],
            "edge_distances": [
                0.2222222222222222,
                0.7777777777777778
            ],
            "dx": 0.4545454545454546,
            "dy": 0.16666666666666669,
            "move_angle": 0.3514447940035517,
            "move_distance": 0.48413773662637755,
            "hold_type": 0.5
        },
        {
            "problemId": 337098,
            "description": "I8",
            "isStart": false,
            "isEnd": false,
            "normalized_coordinates": [
                0.7272727272727273,
                0.3888888888888889
            ],
            "neighbors": [
                [
                    0.6363636363636364,
                    0.6666666666666666
                ],
                [
                    0.6363636363636364,
                    0.1111111111111111
                ],
                [
                    0.2727272727272727,
                    0.2222222222222222
                ]
            ],
            "edge_distances": [
                0.3888888888888889,
                0.6111111111111112
            ],
            "dx": -0.09090909090909094,
            "dy": 0.27777777777777773,
            "move_angle": 1.8870824547070513,
            "move_distance": 0.29227548073192494,
            "angle_difference": 1.5356376607034996,
            "hold_type": 1.0
        },
        {
            "problemId": 337098,
            "description": "H13",
            "isStart": false,
            "isEnd": false,
            "normalized_coordinates": [
                0.6363636363636364,
                0.6666666666666666
            ],
            "neighbors": [
                [
                    0.6363636363636364,
                    0.9444444444444444
                ],
                [
                    0.7272727272727273,
                    0.3888888888888889
                ],
                [
                    0.6363636363636364,
                    0.1111111111111111
                ]
            ],
            "edge_distances": [
                0.6666666666666666,
                0.33333333333333337
            ],
            "dx": 0.0,
            "dy": 0.2777777777777778,
            "move_angle": 1.5707963267948966,
            "move_distance": 0.2777777777777778,
            "angle_difference": -0.3162861279121547,
            "hold_type": 0.0
        },
        {
            "problemId": 337098,
            "description": "H18",
            "isStart": false,
            "isEnd": true,
            "normalized_coordinates": [
                0.6363636363636364,
                0.9444444444444444
            ],
            "neighbors": [
                [
                    0.6363636363636364,
                    0.6666666666666666
                ],
                [
                    0.7272727272727273,
                    0.3888888888888889
                ],
                [
                    0.2727272727272727,
                    0.2222222222222222
                ]
            ],
            "edge_distances": [
                0.9444444444444444,
                0.05555555555555558
            ],
            "dx": 0.0,
            "dy": -0.8333333333333333,
            "move_angle": -1.5707963267948966,
            "move_distance": 0.8333333333333333,
            "angle_difference": -3.141592653589793,
            "hold_type": 1.0
        },
        {
            "problemId": 337098,
            "description": "H3",
            "isStart": true,
            "isEnd": false,
            "normalized_coordinates": [
                0.6363636363636364,
                0.1111111111111111
            ],
            "neighbors": [
                [
                    0.7272727272727273,
                    0.3888888888888889
                ],
                [
                    0.2727272727272727,
                    0.2222222222222222
                ],
                [
                    0.6363636363636364,
                    0.6666666666666666
                ]
            ],
            "edge_distances": [
                0.1111111111111111,
                0.8888888888888888
            ],
            "hold_type": 0.25
        }
    ],
    "data.apiId": 337098,
    "hold_presence": [
        0.0,
        0.0,
        0.0,
        0.0,
        0.0,
        0.0,
        0.0,
        0.0,
        0.0,
        0.0,
        0.0,
        0.0,
        0.0,
        0.0,
        0.0,
        0.0,
        0.0,
        0.0,
        0.0,
        0.0,
        0.0,
        0.0,
        0.0,
        0.0,
        0.0,
        0.0,
        0.0,
        0.0,
        0.0,
        1.0,
        0.0,
        0.0,
        0.0,
        0.0,
        0.0,
        0.0,
        0.0,
        0.0,
        0.0,
        0.0,
        0.0,
        0.0,
        0.0,
        0.0,
        0.0,
        0.0,
        0.0,
        1.0,
        0.0,
        0.0,
        0.0,
        0.0,
        0.0,
        0.0,
        0.0,
        0.0,
        0.0,
        0.0,
        0.0,
        0.0,
        0.0,
        0.0,
        0.0,
        0.0,
        0.0,
        0.0,
        0.0,
        0.0,
        0.0,
        0.0,
        0.0,
        0.0,
        0.0,
        0.0,
        0.0,
        0.0,
        0.0,
        0.0,
        0.0,
        0.0,
        0.0,
        0.0,
        0.0,
        0.0,
        0.0,
        1.0,
        0.0,
        0.0,
        0.0,
        0.0,
        0.0,
        0.0,
        0.0,
        0.0,
        0.0,
        0.0,
        0.0,
        0.0,
        0.0,
        0.0,
        0.0,
        0.0,
        0.0,
        0.0,
        0.0,
        0.0,
        0.0,
        0.0,
        0.0,
        0.0,
        0.0,
        0.0,
        0.0,
        0.0,
        0.0,
        0.0,
        0.0,
        0.0,
        0.0,
        0.0,
        0.0,
        0.0,
        0.0,
        0.0,
        0.0,
        0.0,
        0.0,
        0.0,
        0.0,
        0.0,
        0.0,
        0.0,
        0.0,
        0.0,
        0.0,
        0.0,
        0.0,
        0.0,
        0.0,
        1.0,
        0.0,
        0.0,
        0.0,
        0.0,
        0.0,
        0.0,
        0.0,
        0.0,
        0.0,
        0.0,
        0.0,
        0.0,
        0.0,
        0.0,
        0.0,
        0.0,
        0.0,
        0.0,
        0.0,
        0.0,
        0.0,
        0.0,
        0.0,
        0.0,
        0.0,
        0.0,
        0.0,
        0.0,
        0.0,
        0.0,
        0.0,
        0.0,
        0.0,
        0.0,
        0.0,
        0.0,
        0.0,
        0.0,
        0.0,
        0.0,
        0.0,
        0.0,
        0.0,
        0.0,
        0.0,
        0.0,
        0.0,
        0.0,
        0.0,
        0.0,
        0.0,
        0.0,
        0.0,
        0.0,
        1.0,
        0.0,
        0.0,
        0.0
    ],
    "hold_count_norm": -1.4935392402964913,
    "hold_density": 0.1818181818181818,
    "vertical_progress": -0.027777777777777762
}