{
    "data.grade": "7C",
    "data.userGrade": "7C",
    "data.method": "Feet follow hands",
    "data.userRating": 1.6094379124341003,
    "data.repeats": 2.833213344056216,
    "data.moves": [
        {
            "problemId": 319766,
            "description": "J5",
            "isStart": true,
            "isEnd": false,
            "normalized_coordinates": [
                0.8181818181818182,
                0.2222222222222222
            ],
            "neighbors": [
                [
                    0.7272727272727273,
                    0.2777777777777778
                ],
                [
                    0.6363636363636364,
                    0.3333333333333333
                ],
                [
                    0.5454545454545454,
                    0.4444444444444444
                ]
            ],
            "edge_distances": [
                0.2222222222222222,
                0.7777777777777778
            ],
            "dx": -0.09090909090909094,
            "dy": 0.05555555555555558,
            "move_angle": 2.593043251139265,
            "move_distance": 0.10654052075620704,
            "hold_type": 0.5
        },
        {
            "problemId": 319766,
            "description": "I6",
            "isStart": true,
            "isEnd": false,
            "normalized_coordinates": [
                0.7272727272727273,
                0.2777777777777778
            ],
            "neighbors": [
                [
                    0.8181818181818182,
                    0.2222222222222222
                ],
                [
                    0.6363636363636364,
                    0.3333333333333333
                ],
                [
                    0.5454545454545454,
                    0.4444444444444444
                ]
            ],
            "edge_distances": [
                0.2777777777777778,
                0.7222222222222222
            ],
            "dx": -0.09090909090909094,
            "dy": 0.055555555555555525,
            "move_angle": 2.5930432511392656,
            "move_distance": 0.10654052075620701,
            "angle_difference": 4.440892098500626e-16,
            "hold_type": 0.0
        },
        {
            "problemId": 319766,
            "description": "H7",
            "isStart": false,
            "isEnd": false,
            "normalized_coordinates": [
                0.6363636363636364,
                0.3333333333333333
            ],
            "neighbors": [
                [
                    0.7272727272727273,
                    0.2777777777777778
                ],
                [
                    0.5454545454545454,
                    0.4444444444444444
                ],
                [
                    0.8181818181818182,
                    0.2222222222222222
                ]
            ],
            "edge_distances": [
                0.3333333333333333,
                0.6666666666666667
            ],
            "dx": -0.09090909090909094,
            "dy": 0.1111111111111111,
            "move_angle": 2.256525837701183,
            "move_distance": 0.14356232730860502,
            "angle_difference": -0.3365174134380826,
            "hold_type": 0.25
        },
        {
            "problemId": 319766,
            "description": "G9",
            "isStart": false,
            "isEnd": false,
            "normalized_coordinates": [
                0.5454545454545454,
                0.4444444444444444
            ],
            "neighbors": [
                [
                    0.6363636363636364,
                    0.3333333333333333
                ],
                [
                    0.7272727272727273,
                    0.2777777777777778
                ],
                [
                    0.36363636363636365,
                    0.6111111111111112
                ]
            ],
            "edge_distances": [
                0.4444444444444444,
                0.5555555555555556
            ],
            "dx": -0.18181818181818177,
            "dy": 0.16666666666666674,
            "move_angle": 2.3996453855838755,
            "move_distance": 0.24664879691060163,
            "angle_difference": 0.14311954788269254,
            "hold_type": 0.0
        },
        {
            "problemId": 319766,
            "description": "E12",
            "isStart": false,
            "isEnd": false,
            "normalized_coordinates": [
                0.36363636363636365,
                0.6111111111111112
            ],
            "neighbors": [
                [
                    0.2727272727272727,
                    0.6666666666666666
                ],
                [
                    0.5454545454545454,
                    0.4444444444444444
                ],
                [
                    0.09090909090909091,
                    0.7777777777777778
                ]
            ],
            "edge_distances": [
                0.6111111111111112,
                0.38888888888888884
            ],
            "dx": -0.09090909090909094,
            "dy": 0.05555555555555547,
            "move_angle": 2.593043251139266,
            "move_distance": 0.10654052075620699,
            "angle_difference": 0.1933978655553905,
            "hold_type": 0.0
        },
        {
            "problemId": 319766,
            "description": "D13",
            "isStart": false,
            "isEnd": false,
            "normalized_coordinates": [
                0.2727272727272727,
                0.6666666666666666
            ],
            "neighbors": [
                [
                    0.36363636363636365,
                    0.6111111111111112
                ],
                [
                    0.09090909090909091,
                    0.7777777777777778
                ],
                [
                    0.18181818181818182,
                    0.9444444444444444
                ]
            ],
            "edge_distances": [
                0.6666666666666666,
                0.33333333333333337
            ],
            "dx": -0.1818181818181818,
            "dy": 0.11111111111111116,
            "move_angle": 2.5930432511392647,
            "move_distance": 0.21308104151241403,
            "angle_difference": -1.3322676295501878e-15,
            "hold_type": 0.0
        },
        {
            "problemId": 319766,
            "description": "B15",
            "isStart": false,
            "isEnd": false,
            "normalized_coordinates": [
                0.09090909090909091,
                0.7777777777777778
            ],
            "neighbors": [
                [
                    0.18181818181818182,
                    0.9444444444444444
                ],
                [
                    0.2727272727272727,
                    0.6666666666666666
                ],
                [
                    0.36363636363636365,
                    0.6111111111111112
                ]
            ],
            "edge_distances": [
                0.7777777777777778,
                0.2222222222222222
            ],
            "dx": 0.09090909090909091,
            "dy": 0.16666666666666663,
            "move_angle": 1.0714496051147664,
            "move_distance": 0.18984794069911615,
            "angle_difference": -1.5215936460244983,
            "hold_type": 0.5
        },
        {
            "problemId": 319766,
            "description": "C18",
            "isStart": false,
            "isEnd": true,
            "normalized_coordinates": [
                0.18181818181818182,
                0.9444444444444444
            ],
            "neighbors": [
                [
                    0.09090909090909091,
                    0.7777777777777778
                ],
                [
                    0.2727272727272727,
                    0.6666666666666666
                ],
                [
                    0.36363636363636365,
                    0.6111111111111112
                ]
            ],
            "edge_distances": [
                0.9444444444444444,
                0.05555555555555558
            ],
            "hold_type": 0.5
        }
    ],
    "data.apiId": 319766,
    "hold_presence": [
        0.0,
        0.0,
        0.0,
        0.0,
        0.0,
        0.0,
        0.0,
        0.0,
        0.0,
        0.0,
        0.0,
        0.0,
        0.0,
        0.0,
        0.0,
        0.0,
        0.0,
        0.0,
        0.0,
        0.0,
        0.0,
        0.0,
        0.0,
        0.0,
        0.0,
        0.0,
        0.0,
        0.0,
        0.0,
        0.0,
        0.0,
        0.0,
        0.0,
        0.0,
        0.0,
        0.0,
        0.0,
        0.0,
        0.0,
        0.0,
        0.0,
        0.0,
        0.0,
        0.0,
        0.0,
        0.0,
        0.0,
        0.0,
        0.0,
        0.0,
        0.0,
        0.0,
        0.0,
        1.0,
        0.0,
        0.0,
        0.0,
        0.0,
        0.0,
        0.0,
        0.0,
        0.0,
        0.0,
        1.0,
        0.0,
        0.0,
        0.0,
        0.0,
        0.0,
        0.0,
        0.0,
        0.0,
        0.0,
        1.0,
        0.0,
        0.0,
        0.0,
        0.0,
        0.0,
        0.0,
        0.0,
        0.0,
        0.0,
        0.0,
        0.0,
        0.0,
        0.0,
        0.0,
        0.0,
        0.0,
        0.0,
        0.0,
        0.0,
        0.0,
        1.0,
        0.0,
        0.0,
        0.0,
        0.0,
        0.0,
        0.0,
        0.0,
        0.0,
        0.0,
        0.0,
        0.0,
        0.0,
        0.0,
        0.0,
        0.0,
        0.0,
        0.0,
        0.0,
        0.0,
        0.0,
        0.0,
        0.0,
        0.0,
        0.0,
        0.0,
        0.0,
        0.0,
        0.0,
        0.0,
        0.0,
        1.0,
        0.0,
        0.0,
        0.0,
        0.0,
        0.0,
        0.0,
        0.0,
        0.0,
        0.0,
        1.0,
        0.0,
        0.0,
        0.0,
        0.0,
        0.0,
        0.0,
        0.0,
        0.0,
        0.0,
        0.0,
        0.0,
        0.0,
        0.0,
        0.0,
        0.0,
        0.0,
        0.0,
        0.0,
        0.0,
        1.0,
        0.0,
        0.0,
        0.0,
        0.0,
        0.0,
        0.0,
        0.0,
        0.0,
        0.0,
        0.0,
        0.0,
        0.0,
        0.0,
        0.0,
        0.0,
        0.0,
        0.0,
        0.0,
        0.0,
        0.0,
        0.0,
        0.0,
        0.0,
        0.0,
        0.0,
        0.0,
        0.0,
        0.0,
        0.0,
        0.0,
        0.0,
        0.0,
        0.0,
        1.0,
        0.0,
        0.0,
        0.0,
        0.0,
        0.0,
        0.0,
        0.0,
        0.0
    ],
    "hold_count_norm": 0.09972664227977365,
    "hold_density": 0.3246753246753248,
    "vertical_progress": 0.10317460317460317
}