{
    "data.grade": "7C",
    "data.userGrade": "7C",
    "data.method": "Feet follow hands",
    "data.userRating": 1.791759469228055,
    "data.repeats": 0.6931471805599453,
    "data.moves": [
        {
            "problemId": 458774,
            "description": "I6",
            "isStart": true,
            "isEnd": false,
            "normalized_coordinates": [
                0.7272727272727273,
                0.2777777777777778
            ],
            "neighbors": [
                [
                    0.8181818181818182,
                    0.1111111111111111
                ],
                [
                    0.5454545454545454,
                    0.4444444444444444
                ],
                [
                    0.7272727272727273,
                    0.6111111111111112
                ]
            ],
            "edge_distances": [
                0.2777777777777778,
                0.7222222222222222
            ],
            "dx": 0.09090909090909094,
            "dy": -0.16666666666666669,
            "move_angle": -1.0714496051147664,
            "move_distance": 0.1898479406991162,
            "hold_type": 0.0
        },
        {
            "problemId": 458774,
            "description": "J3",
            "isStart": true,
            "isEnd": false,
            "normalized_coordinates": [
                0.8181818181818182,
                0.1111111111111111
            ],
            "neighbors": [
                [
                    0.7272727272727273,
                    0.2777777777777778
                ],
                [
                    0.5454545454545454,
                    0.4444444444444444
                ],
                [
                    0.7272727272727273,
                    0.6111111111111112
                ]
            ],
            "edge_distances": [
                0.1111111111111111,
                0.8888888888888888
            ],
            "dx": -0.2727272727272728,
            "dy": 0.3333333333333333,
            "move_angle": 2.256525837701183,
            "move_distance": 0.43068698192581506,
            "angle_difference": 3.3279754428159496,
            "hold_type": 0.0
        },
        {
            "problemId": 458774,
            "description": "G9",
            "isStart": false,
            "isEnd": false,
            "normalized_coordinates": [
                0.5454545454545454,
                0.4444444444444444
            ],
            "neighbors": [
                [
                    0.6363636363636364,
                    0.6111111111111112
                ],
                [
                    0.7272727272727273,
                    0.2777777777777778
                ],
                [
                    0.7272727272727273,
                    0.6111111111111112
                ]
            ],
            "edge_distances": [
                0.4444444444444444,
                0.5555555555555556
            ],
            "dx": 0.18181818181818188,
            "dy": 0.16666666666666674,
            "move_angle": 0.7419472680059175,
            "move_distance": 0.2466487969106017,
            "angle_difference": -1.5145785696952654,
            "hold_type": 0.0
        },
        {
            "problemId": 458774,
            "description": "I12",
            "isStart": false,
            "isEnd": false,
            "normalized_coordinates": [
                0.7272727272727273,
                0.6111111111111112
            ],
            "neighbors": [
                [
                    0.7272727272727273,
                    0.6666666666666666
                ],
                [
                    0.6363636363636364,
                    0.6111111111111112
                ],
                [
                    0.5454545454545454,
                    0.4444444444444444
                ]
            ],
            "edge_distances": [
                0.6111111111111112,
                0.38888888888888884
            ],
            "dx": -0.09090909090909094,
            "dy": 0.0,
            "move_angle": 3.141592653589793,
            "move_distance": 0.09090909090909094,
            "angle_difference": 2.3996453855838755,
            "hold_type": 0.5
        },
        {
            "problemId": 458774,
            "description": "H12",
            "isStart": false,
            "isEnd": false,
            "normalized_coordinates": [
                0.6363636363636364,
                0.6111111111111112
            ],
            "neighbors": [
                [
                    0.7272727272727273,
                    0.6111111111111112
                ],
                [
                    0.7272727272727273,
                    0.6666666666666666
                ],
                [
                    0.5454545454545454,
                    0.4444444444444444
                ]
            ],
            "edge_distances": [
                0.6111111111111112,
                0.38888888888888884
            ],
            "dx": 0.09090909090909094,
            "dy": 0.05555555555555547,
            "move_angle": 0.5485494024505272,
            "move_distance": 0.10654052075620699,
            "angle_difference": -2.593043251139266,
            "hold_type": 0.75
        },
        {
            "problemId": 458774,
            "description": "I13",
            "isStart": false,
            "isEnd": false,
            "normalized_coordinates": [
                0.7272727272727273,
                0.6666666666666666
            ],
            "neighbors": [
                [
                    0.7272727272727273,
                    0.6111111111111112
                ],
                [
                    0.6363636363636364,
                    0.6111111111111112
                ],
                [
                    0.5454545454545454,
                    0.4444444444444444
                ]
            ],
            "edge_distances": [
                0.6666666666666666,
                0.33333333333333337
            ],
            "dx": -0.4545454545454546,
            "dy": 0.16666666666666674,
            "move_angle": 2.7901478595862415,
            "move_distance": 0.48413773662637755,
            "angle_difference": 2.2415984571357144,
            "hold_type": 0.75
        },
        {
            "problemId": 458774,
            "description": "D16",
            "isStart": false,
            "isEnd": false,
            "normalized_coordinates": [
                0.2727272727272727,
                0.8333333333333334
            ],
            "neighbors": [
                [
                    0.18181818181818182,
                    0.8888888888888888
                ],
                [
                    0.0,
                    0.9444444444444444
                ],
                [
                    0.0,
                    0.6111111111111112
                ]
            ],
            "edge_distances": [
                0.8333333333333334,
                0.16666666666666663
            ],
            "dx": -0.09090909090909088,
            "dy": 0.05555555555555547,
            "move_angle": 2.5930432511392656,
            "move_distance": 0.10654052075620694,
            "angle_difference": -0.19710460844697586,
            "hold_type": 0.0
        },
        {
            "problemId": 458774,
            "description": "C17",
            "isStart": false,
            "isEnd": false,
            "normalized_coordinates": [
                0.18181818181818182,
                0.8888888888888888
            ],
            "neighbors": [
                [
                    0.2727272727272727,
                    0.8333333333333334
                ],
                [
                    0.0,
                    0.9444444444444444
                ],
                [
                    0.0,
                    0.6111111111111112
                ]
            ],
            "edge_distances": [
                0.8888888888888888,
                0.11111111111111116
            ],
            "dx": -0.18181818181818182,
            "dy": 0.05555555555555558,
            "move_angle": 2.8450468445200925,
            "move_distance": 0.19011646691635062,
            "angle_difference": 0.2520035933808269,
            "hold_type": 0.75
        },
        {
            "problemId": 458774,
            "description": "A18",
            "isStart": false,
            "isEnd": true,
            "normalized_coordinates": [
                0.0,
                0.9444444444444444
            ],
            "neighbors": [
                [
                    0.18181818181818182,
                    0.8888888888888888
                ],
                [
                    0.2727272727272727,
                    0.8333333333333334
                ],
                [
                    0.0,
                    0.6111111111111112
                ]
            ],
            "edge_distances": [
                0.9444444444444444,
                0.05555555555555558
            ],
            "dx": 0.0,
            "dy": -0.33333333333333326,
            "move_angle": -1.5707963267948966,
            "move_distance": 0.33333333333333326,
            "angle_difference": -4.4158431713149895,
            "hold_type": 1.0
        },
        {
            "problemId": 458774,
            "description": "A12",
            "isStart": false,
            "isEnd": false,
            "normalized_coordinates": [
                0.0,
                0.6111111111111112
            ],
            "neighbors": [
                [
                    0.18181818181818182,
                    0.8888888888888888
                ],
                [
                    0.0,
                    0.9444444444444444
                ],
                [
                    0.2727272727272727,
                    0.8333333333333334
                ]
            ],
            "edge_distances": [
                0.6111111111111112,
                0.38888888888888884
            ],
            "hold_type": 0.75
        }
    ],
    "data.apiId": 458774,
    "hold_presence": [
        0.0,
        0.0,
        0.0,
        0.0,
        0.0,
        0.0,
        0.0,
        0.0,
        0.0,
        0.0,
        0.0,
        0.0,
        0.0,
        0.0,
        0.0,
        0.0,
        0.0,
        0.0,
        0.0,
        0.0,
        0.0,
        0.0,
        0.0,
        0.0,
        0.0,
        0.0,
        0.0,
        0.0,
        0.0,
        0.0,
        0.0,
        1.0,
        0.0,
        0.0,
        0.0,
        0.0,
        0.0,
        0.0,
        0.0,
        0.0,
        0.0,
        0.0,
        0.0,
        0.0,
        0.0,
        0.0,
        0.0,
        0.0,
        0.0,
        0.0,
        0.0,
        0.0,
        0.0,
        0.0,
        0.0,
        0.0,
        0.0,
        0.0,
        0.0,
        0.0,
        0.0,
        0.0,
        0.0,
        1.0,
        0.0,
        0.0,
        0.0,
        0.0,
        0.0,
        0.0,
        0.0,
        0.0,
        0.0,
        0.0,
        0.0,
        0.0,
        0.0,
        0.0,
        0.0,
        0.0,
        0.0,
        0.0,
        0.0,
        0.0,
        0.0,
        0.0,
        0.0,
        0.0,
        0.0,
        0.0,
        0.0,
        0.0,
        0.0,
        0.0,
        1.0,
        0.0,
        0.0,
        0.0,
        0.0,
        0.0,
        0.0,
        0.0,
        0.0,
        0.0,
        0.0,
        0.0,
        0.0,
        0.0,
        0.0,
        0.0,
        0.0,
        0.0,
        0.0,
        0.0,
        0.0,
        0.0,
        0.0,
        0.0,
        0.0,
        0.0,
        0.0,
        1.0,
        0.0,
        0.0,
        0.0,
        0.0,
        0.0,
        0.0,
        1.0,
        1.0,
        0.0,
        0.0,
        0.0,
        0.0,
        0.0,
        0.0,
        0.0,
        0.0,
        0.0,
        0.0,
        1.0,
        0.0,
        0.0,
        0.0,
        0.0,
        0.0,
        0.0,
        0.0,
        0.0,
        0.0,
        0.0,
        0.0,
        0.0,
        0.0,
        0.0,
        0.0,
        0.0,
        0.0,
        0.0,
        0.0,
        0.0,
        0.0,
        0.0,
        0.0,
        0.0,
        0.0,
        0.0,
        0.0,
        1.0,
        0.0,
        0.0,
        0.0,
        0.0,
        0.0,
        0.0,
        0.0,
        0.0,
        0.0,
        1.0,
        0.0,
        0.0,
        0.0,
        0.0,
        0.0,
        0.0,
        0.0,
        0.0,
        1.0,
        0.0,
        0.0,
        0.0,
        0.0,
        0.0,
        0.0,
        0.0,
        0.0,
        0.0,
        0.0
    ],
    "hold_count_norm": 1.161903897330617,
    "hold_density": 0.3696969696969698,
    "vertical_progress": 0.03703703703703704
}