{
    "data.grade": "7C",
    "data.userGrade": "7C",
    "data.method": "Feet follow hands",
    "data.userRating": 1.791759469228055,
    "data.repeats": 2.9444389791664403,
    "data.moves": [
        {
            "problemId": 319765,
            "description": "B5",
            "isStart": true,
            "isEnd": false,
            "normalized_coordinates": [
                0.09090909090909091,
                0.2222222222222222
            ],
            "neighbors": [
                [
                    0.18181818181818182,
                    0.2777777777777778
                ],
                [
                    0.2727272727272727,
                    0.3333333333333333
                ],
                [
                    0.36363636363636365,
                    0.4444444444444444
                ]
            ],
            "edge_distances": [
                0.2222222222222222,
                0.7777777777777778
            ],
            "dx": 0.09090909090909091,
            "dy": 0.05555555555555558,
            "move_angle": 0.5485494024505283,
            "move_distance": 0.10654052075620701,
            "hold_type": 0.5
        },
        {
            "problemId": 319765,
            "description": "C6",
            "isStart": true,
            "isEnd": false,
            "normalized_coordinates": [
                0.18181818181818182,
                0.2777777777777778
            ],
            "neighbors": [
                [
                    0.2727272727272727,
                    0.3333333333333333
                ],
                [
                    0.09090909090909091,
                    0.2222222222222222
                ],
                [
                    0.36363636363636365,
                    0.4444444444444444
                ]
            ],
            "edge_distances": [
                0.2777777777777778,
                0.7222222222222222
            ],
            "dx": 0.09090909090909088,
            "dy": 0.055555555555555525,
            "move_angle": 0.548549402450528,
            "move_distance": 0.10654052075620696,
            "angle_difference": -3.3306690738754696e-16,
            "hold_type": 0.0
        },
        {
            "problemId": 319765,
            "description": "D7",
            "isStart": false,
            "isEnd": false,
            "normalized_coordinates": [
                0.2727272727272727,
                0.3333333333333333
            ],
            "neighbors": [
                [
                    0.18181818181818182,
                    0.2777777777777778
                ],
                [
                    0.36363636363636365,
                    0.4444444444444444
                ],
                [
                    0.09090909090909091,
                    0.2222222222222222
                ]
            ],
            "edge_distances": [
                0.3333333333333333,
                0.6666666666666667
            ],
            "dx": 0.09090909090909094,
            "dy": 0.1111111111111111,
            "move_angle": 0.8850668158886101,
            "move_distance": 0.14356232730860502,
            "angle_difference": 0.33651741343808217,
            "hold_type": 0.25
        },
        {
            "problemId": 319765,
            "description": "E9",
            "isStart": false,
            "isEnd": false,
            "normalized_coordinates": [
                0.36363636363636365,
                0.4444444444444444
            ],
            "neighbors": [
                [
                    0.2727272727272727,
                    0.3333333333333333
                ],
                [
                    0.18181818181818182,
                    0.2777777777777778
                ],
                [
                    0.5454545454545454,
                    0.6111111111111112
                ]
            ],
            "edge_distances": [
                0.4444444444444444,
                0.5555555555555556
            ],
            "dx": 0.18181818181818177,
            "dy": 0.16666666666666674,
            "move_angle": 0.7419472680059178,
            "move_distance": 0.24664879691060163,
            "angle_difference": -0.14311954788269232,
            "hold_type": 0.0
        },
        {
            "problemId": 319765,
            "description": "G12",
            "isStart": false,
            "isEnd": false,
            "normalized_coordinates": [
                0.5454545454545454,
                0.6111111111111112
            ],
            "neighbors": [
                [
                    0.6363636363636364,
                    0.6666666666666666
                ],
                [
                    0.36363636363636365,
                    0.4444444444444444
                ],
                [
                    0.8181818181818182,
                    0.7777777777777778
                ]
            ],
            "edge_distances": [
                0.6111111111111112,
                0.38888888888888884
            ],
            "dx": 0.09090909090909094,
            "dy": 0.05555555555555547,
            "move_angle": 0.5485494024505272,
            "move_distance": 0.10654052075620699,
            "angle_difference": -0.19339786555539062,
            "hold_type": 0.0
        },
        {
            "problemId": 319765,
            "description": "H13",
            "isStart": false,
            "isEnd": false,
            "normalized_coordinates": [
                0.6363636363636364,
                0.6666666666666666
            ],
            "neighbors": [
                [
                    0.5454545454545454,
                    0.6111111111111112
                ],
                [
                    0.8181818181818182,
                    0.7777777777777778
                ],
                [
                    0.7272727272727273,
                    0.9444444444444444
                ]
            ],
            "edge_distances": [
                0.6666666666666666,
                0.33333333333333337
            ],
            "dx": 0.18181818181818188,
            "dy": 0.11111111111111116,
            "move_angle": 0.5485494024505281,
            "move_distance": 0.21308104151241408,
            "angle_difference": 8.881784197001252e-16,
            "hold_type": 0.0
        },
        {
            "problemId": 319765,
            "description": "J15",
            "isStart": false,
            "isEnd": false,
            "normalized_coordinates": [
                0.8181818181818182,
                0.7777777777777778
            ],
            "neighbors": [
                [
                    0.7272727272727273,
                    0.9444444444444444
                ],
                [
                    0.6363636363636364,
                    0.6666666666666666
                ],
                [
                    0.5454545454545454,
                    0.6111111111111112
                ]
            ],
            "edge_distances": [
                0.7777777777777778,
                0.2222222222222222
            ],
            "dx": -0.09090909090909094,
            "dy": 0.16666666666666663,
            "move_angle": 2.070143048475027,
            "move_distance": 0.18984794069911615,
            "angle_difference": 1.521593646024499,
            "hold_type": 0.5
        },
        {
            "problemId": 319765,
            "description": "I18",
            "isStart": false,
            "isEnd": true,
            "normalized_coordinates": [
                0.7272727272727273,
                0.9444444444444444
            ],
            "neighbors": [
                [
                    0.8181818181818182,
                    0.7777777777777778
                ],
                [
                    0.6363636363636364,
                    0.6666666666666666
                ],
                [
                    0.5454545454545454,
                    0.6111111111111112
                ]
            ],
            "edge_distances": [
                0.9444444444444444,
                0.05555555555555558
            ],
            "hold_type": 0.5
        }
    ],
    "data.apiId": 319765,
    "hold_presence": [
        0.0,
        0.0,
        0.0,
        0.0,
        0.0,
        0.0,
        0.0,
        0.0,
        0.0,
        0.0,
        0.0,
        0.0,
        0.0,
        0.0,
        0.0,
        0.0,
        0.0,
        0.0,
        0.0,
        0.0,
        0.0,
        0.0,
        0.0,
        0.0,
        0.0,
        0.0,
        0.0,
        0.0,
        0.0,
        0.0,
        0.0,
        0.0,
        0.0,
        0.0,
        0.0,
        0.0,
        0.0,
        0.0,
        0.0,
        0.0,
        0.0,
        0.0,
        0.0,
        0.0,
        0.0,
        1.0,
        0.0,
        0.0,
        0.0,
        0.0,
        0.0,
        0.0,
        0.0,
        0.0,
        0.0,
        0.0,
        0.0,
        1.0,
        0.0,
        0.0,
        0.0,
        0.0,
        0.0,
        0.0,
        0.0,
        0.0,
        0.0,
        0.0,
        0.0,
        1.0,
        0.0,
        0.0,
        0.0,
        0.0,
        0.0,
        0.0,
        0.0,
        0.0,
        0.0,
        0.0,
        0.0,
        0.0,
        0.0,
        0.0,
        0.0,
        0.0,
        0.0,
        0.0,
        0.0,
        0.0,
        0.0,
        0.0,
        1.0,
        0.0,
        0.0,
        0.0,
        0.0,
        0.0,
        0.0,
        0.0,
        0.0,
        0.0,
        0.0,
        0.0,
        0.0,
        0.0,
        0.0,
        0.0,
        0.0,
        0.0,
        0.0,
        0.0,
        0.0,
        0.0,
        0.0,
        0.0,
        0.0,
        0.0,
        0.0,
        0.0,
        0.0,
        0.0,
        0.0,
        0.0,
        0.0,
        0.0,
        0.0,
        1.0,
        0.0,
        0.0,
        0.0,
        0.0,
        0.0,
        0.0,
        0.0,
        0.0,
        0.0,
        0.0,
        0.0,
        1.0,
        0.0,
        0.0,
        0.0,
        0.0,
        0.0,
        0.0,
        0.0,
        0.0,
        0.0,
        0.0,
        0.0,
        0.0,
        0.0,
        0.0,
        0.0,
        0.0,
        0.0,
        0.0,
        0.0,
        0.0,
        0.0,
        0.0,
        0.0,
        1.0,
        0.0,
        0.0,
        0.0,
        0.0,
        0.0,
        0.0,
        0.0,
        0.0,
        0.0,
        0.0,
        0.0,
        0.0,
        0.0,
        0.0,
        0.0,
        0.0,
        0.0,
        0.0,
        0.0,
        0.0,
        0.0,
        0.0,
        0.0,
        0.0,
        0.0,
        0.0,
        0.0,
        0.0,
        0.0,
        0.0,
        0.0,
        1.0,
        0.0,
        0.0
    ],
    "hold_count_norm": 0.09972664227977365,
    "hold_density": 0.32467532467532473,
    "vertical_progress": 0.10317460317460317
}