{
    "data.grade": "7C",
    "data.userGrade": "7C",
    "data.method": "Feet follow hands",
    "data.userRating": 1.791759469228055,
    "data.repeats": 1.791759469228055,
    "data.moves": [
        {
            "problemId": 315800,
            "description": "K5",
            "isStart": true,
            "isEnd": false,
            "normalized_coordinates": [
                0.9090909090909091,
                0.2222222222222222
            ],
            "neighbors": [
                [
                    0.8181818181818182,
                    0.3888888888888889
                ],
                [
                    0.8181818181818182,
                    0.5
                ],
                [
                    0.7272727272727273,
                    0.7222222222222222
                ]
            ],
            "edge_distances": [
                0.2222222222222222,
                0.7777777777777778
            ],
            "dx": -0.09090909090909083,
            "dy": 0.16666666666666669,
            "move_angle": 2.0701430484750265,
            "move_distance": 0.18984794069911615,
            "hold_type": 1.0
        },
        {
            "problemId": 315800,
            "description": "J8",
            "isStart": false,
            "isEnd": false,
            "normalized_coordinates": [
                0.8181818181818182,
                0.3888888888888889
            ],
            "neighbors": [
                [
                    0.8181818181818182,
                    0.5
                ],
                [
                    0.9090909090909091,
                    0.2222222222222222
                ],
                [
                    0.7272727272727273,
                    0.7222222222222222
                ]
            ],
            "edge_distances": [
                0.3888888888888889,
                0.6111111111111112
            ],
            "dx": 0.0,
            "dy": 0.1111111111111111,
            "move_angle": 1.5707963267948966,
            "move_distance": 0.1111111111111111,
            "angle_difference": -0.49934672168012995,
            "hold_type": 0.0
        },
        {
            "problemId": 315800,
            "description": "J10",
            "isStart": false,
            "isEnd": false,
            "normalized_coordinates": [
                0.8181818181818182,
                0.5
            ],
            "neighbors": [
                [
                    0.8181818181818182,
                    0.3888888888888889
                ],
                [
                    0.7272727272727273,
                    0.7222222222222222
                ],
                [
                    0.9090909090909091,
                    0.2222222222222222
                ]
            ],
            "edge_distances": [
                0.5,
                0.5
            ],
            "dx": -0.3636363636363637,
            "dy": 0.05555555555555558,
            "move_angle": 2.9899871661515203,
            "move_distance": 0.3678557118107101,
            "angle_difference": 1.4191908393566237,
            "hold_type": 0.0
        },
        {
            "problemId": 315800,
            "description": "F11",
            "isStart": false,
            "isEnd": false,
            "normalized_coordinates": [
                0.45454545454545453,
                0.5555555555555556
            ],
            "neighbors": [
                [
                    0.7272727272727273,
                    0.7222222222222222
                ],
                [
                    0.8181818181818182,
                    0.5
                ],
                [
                    0.8181818181818182,
                    0.3888888888888889
                ]
            ],
            "edge_distances": [
                0.5555555555555556,
                0.4444444444444444
            ],
            "dx": 0.27272727272727276,
            "dy": 0.16666666666666663,
            "move_angle": 0.5485494024505279,
            "move_distance": 0.319621562268621,
            "angle_difference": -2.4414377637009923,
            "hold_type": 1.0
        },
        {
            "problemId": 315800,
            "description": "I14",
            "isStart": false,
            "isEnd": false,
            "normalized_coordinates": [
                0.7272727272727273,
                0.7222222222222222
            ],
            "neighbors": [
                [
                    0.8181818181818182,
                    0.5
                ],
                [
                    0.9090909090909091,
                    0.9444444444444444
                ],
                [
                    0.45454545454545453,
                    0.5555555555555556
                ]
            ],
            "edge_distances": [
                0.7222222222222222,
                0.2777777777777778
            ],
            "dx": 0.18181818181818177,
            "dy": 0.2222222222222222,
            "move_angle": 0.8850668158886105,
            "move_distance": 0.28712465461721,
            "angle_difference": 0.3365174134380826,
            "hold_type": 0.0
        },
        {
            "problemId": 315800,
            "description": "K18",
            "isStart": false,
            "isEnd": true,
            "normalized_coordinates": [
                0.9090909090909091,
                0.9444444444444444
            ],
            "neighbors": [
                [
                    0.7272727272727273,
                    0.7222222222222222
                ],
                [
                    0.8181818181818182,
                    0.5
                ],
                [
                    0.8181818181818182,
                    0.3888888888888889
                ]
            ],
            "edge_distances": [
                0.9444444444444444,
                0.05555555555555558
            ],
            "hold_type": 0.0
        }
    ],
    "data.apiId": 315800,
    "hold_presence": [
        0.0,
        0.0,
        0.0,
        0.0,
        0.0,
        0.0,
        0.0,
        0.0,
        0.0,
        0.0,
        0.0,
        0.0,
        0.0,
        0.0,
        0.0,
        0.0,
        0.0,
        0.0,
        0.0,
        0.0,
        0.0,
        0.0,
        0.0,
        0.0,
        0.0,
        0.0,
        0.0,
        0.0,
        0.0,
        0.0,
        0.0,
        0.0,
        0.0,
        0.0,
        0.0,
        0.0,
        0.0,
        0.0,
        0.0,
        0.0,
        0.0,
        0.0,
        0.0,
        0.0,
        0.0,
        0.0,
        0.0,
        0.0,
        0.0,
        0.0,
        0.0,
        0.0,
        0.0,
        0.0,
        1.0,
        0.0,
        0.0,
        0.0,
        0.0,
        0.0,
        0.0,
        0.0,
        0.0,
        0.0,
        0.0,
        0.0,
        0.0,
        0.0,
        0.0,
        0.0,
        0.0,
        0.0,
        0.0,
        0.0,
        0.0,
        0.0,
        0.0,
        0.0,
        0.0,
        0.0,
        0.0,
        0.0,
        0.0,
        0.0,
        0.0,
        0.0,
        1.0,
        0.0,
        0.0,
        0.0,
        0.0,
        0.0,
        0.0,
        0.0,
        0.0,
        0.0,
        0.0,
        0.0,
        0.0,
        0.0,
        0.0,
        0.0,
        0.0,
        0.0,
        0.0,
        0.0,
        0.0,
        0.0,
        1.0,
        0.0,
        0.0,
        0.0,
        0.0,
        0.0,
        0.0,
        1.0,
        0.0,
        0.0,
        0.0,
        0.0,
        0.0,
        0.0,
        0.0,
        0.0,
        0.0,
        0.0,
        0.0,
        0.0,
        0.0,
        0.0,
        0.0,
        0.0,
        0.0,
        0.0,
        0.0,
        0.0,
        0.0,
        0.0,
        0.0,
        0.0,
        0.0,
        0.0,
        0.0,
        0.0,
        0.0,
        0.0,
        0.0,
        0.0,
        0.0,
        0.0,
        0.0,
        1.0,
        0.0,
        0.0,
        0.0,
        0.0,
        0.0,
        0.0,
        0.0,
        0.0,
        0.0,
        0.0,
        0.0,
        0.0,
        0.0,
        0.0,
        0.0,
        0.0,
        0.0,
        0.0,
        0.0,
        0.0,
        0.0,
        0.0,
        0.0,
        0.0,
        0.0,
        0.0,
        0.0,
        0.0,
        0.0,
        0.0,
        0.0,
        0.0,
        0.0,
        0.0,
        0.0,
        0.0,
        0.0,
        0.0,
        0.0,
        0.0,
        0.0,
        0.0,
        0.0,
        0.0,
        0.0,
        1.0
    ],
    "hold_count_norm": -0.9624506127710697,
    "hold_density": 0.18787878787878787,
    "vertical_progress": 0.14444444444444443
}