{
    "data.grade": "7C",
    "data.userGrade": null,
    "data.method": "Feet follow hands",
    "data.userRating": 0.0,
    "data.repeats": 0.0,
    "data.moves": [
        {
            "problemId": 371445,
            "description": "D4",
            "isStart": true,
            "isEnd": false,
            "normalized_coordinates": [
                0.2727272727272727,
                0.16666666666666666
            ],
            "neighbors": [
                [
                    0.2727272727272727,
                    0.3888888888888889
                ],
                [
                    0.09090909090909091,
                    0.5555555555555556
                ],
                [
                    0.7272727272727273,
                    0.1111111111111111
                ]
            ],
            "edge_distances": [
                0.16666666666666666,
                0.8333333333333334
            ],
            "dx": 0.4545454545454546,
            "dy": -0.05555555555555555,
            "move_angle": -0.12161902326134656,
            "move_distance": 0.4579279310120975,
            "hold_type": 0.0
        },
        {
            "problemId": 371445,
            "description": "I3",
            "isStart": true,
            "isEnd": false,
            "normalized_coordinates": [
                0.7272727272727273,
                0.1111111111111111
            ],
            "neighbors": [
                [
                    0.2727272727272727,
                    0.16666666666666666
                ],
                [
                    0.5454545454545454,
                    0.5555555555555556
                ],
                [
                    0.2727272727272727,
                    0.3888888888888889
                ]
            ],
            "edge_distances": [
                0.1111111111111111,
                0.8888888888888888
            ],
            "dx": -0.4545454545454546,
            "dy": 0.2777777777777778,
            "move_angle": 2.593043251139265,
            "move_distance": 0.5327026037810351,
            "angle_difference": 2.7146622744006117,
            "hold_type": 0.25
        },
        {
            "problemId": 371445,
            "description": "D8",
            "isStart": false,
            "isEnd": false,
            "normalized_coordinates": [
                0.2727272727272727,
                0.3888888888888889
            ],
            "neighbors": [
                [
                    0.2727272727272727,
                    0.16666666666666666
                ],
                [
                    0.09090909090909091,
                    0.5555555555555556
                ],
                [
                    0.5454545454545454,
                    0.5555555555555556
                ]
            ],
            "edge_distances": [
                0.3888888888888889,
                0.6111111111111112
            ],
            "dx": -0.1818181818181818,
            "dy": 0.16666666666666669,
            "move_angle": 2.3996453855838755,
            "move_distance": 0.2466487969106016,
            "angle_difference": -0.19339786555538963,
            "hold_type": 1.0
        },
        {
            "problemId": 371445,
            "description": "B11",
            "isStart": false,
            "isEnd": false,
            "normalized_coordinates": [
                0.09090909090909091,
                0.5555555555555556
            ],
            "neighbors": [
                [
                    0.2727272727272727,
                    0.3888888888888889
                ],
                [
                    0.0,
                    0.9444444444444444
                ],
                [
                    0.45454545454545453,
                    0.7777777777777778
                ]
            ],
            "edge_distances": [
                0.5555555555555556,
                0.4444444444444444
            ],
            "dx": 0.4545454545454545,
            "dy": 0.0,
            "move_angle": 0.0,
            "move_distance": 0.4545454545454545,
            "angle_difference": -2.3996453855838755,
            "hold_type": 1.0
        },
        {
            "problemId": 371445,
            "description": "G11",
            "isStart": false,
            "isEnd": false,
            "normalized_coordinates": [
                0.5454545454545454,
                0.5555555555555556
            ],
            "neighbors": [
                [
                    0.6363636363636364,
                    0.6666666666666666
                ],
                [
                    0.45454545454545453,
                    0.7777777777777778
                ],
                [
                    0.2727272727272727,
                    0.3888888888888889
                ]
            ],
            "edge_distances": [
                0.5555555555555556,
                0.4444444444444444
            ],
            "dx": 0.09090909090909094,
            "dy": 0.11111111111111105,
            "move_angle": 0.8850668158886099,
            "move_distance": 0.143562327308605,
            "angle_difference": 0.8850668158886099,
            "hold_type": 0.0
        },
        {
            "problemId": 371445,
            "description": "H13",
            "isStart": false,
            "isEnd": false,
            "normalized_coordinates": [
                0.6363636363636364,
                0.6666666666666666
            ],
            "neighbors": [
                [
                    0.5454545454545454,
                    0.5555555555555556
                ],
                [
                    0.45454545454545453,
                    0.7777777777777778
                ],
                [
                    0.2727272727272727,
                    0.3888888888888889
                ]
            ],
            "edge_distances": [
                0.6666666666666666,
                0.33333333333333337
            ],
            "dx": -0.18181818181818182,
            "dy": 0.11111111111111116,
            "move_angle": 2.593043251139265,
            "move_distance": 0.21308104151241403,
            "angle_difference": 1.7079764352506552,
            "hold_type": 0.0
        },
        {
            "problemId": 371445,
            "description": "F15",
            "isStart": false,
            "isEnd": false,
            "normalized_coordinates": [
                0.45454545454545453,
                0.7777777777777778
            ],
            "neighbors": [
                [
                    0.6363636363636364,
                    0.6666666666666666
                ],
                [
                    0.5454545454545454,
                    0.5555555555555556
                ],
                [
                    0.09090909090909091,
                    0.5555555555555556
                ]
            ],
            "edge_distances": [
                0.7777777777777778,
                0.2222222222222222
            ],
            "dx": -0.45454545454545453,
            "dy": 0.16666666666666663,
            "move_angle": 2.7901478595862415,
            "move_distance": 0.48413773662637744,
            "angle_difference": 0.1971046084469763,
            "hold_type": 0.5
        },
        {
            "problemId": 371445,
            "description": "A18",
            "isStart": false,
            "isEnd": true,
            "normalized_coordinates": [
                0.0,
                0.9444444444444444
            ],
            "neighbors": [
                [
                    0.09090909090909091,
                    0.5555555555555556
                ],
                [
                    0.45454545454545453,
                    0.7777777777777778
                ],
                [
                    0.2727272727272727,
                    0.3888888888888889
                ]
            ],
            "edge_distances": [
                0.9444444444444444,
                0.05555555555555558
            ],
            "hold_type": 1.0
        }
    ],
    "data.apiId": 371445,
    "hold_presence": [
        0.0,
        0.0,
        0.0,
        0.0,
        0.0,
        0.0,
        0.0,
        0.0,
        0.0,
        0.0,
        0.0,
        0.0,
        0.0,
        0.0,
        0.0,
        0.0,
        0.0,
        0.0,
        0.0,
        0.0,
        0.0,
        0.0,
        0.0,
        0.0,
        0.0,
        0.0,
        0.0,
        0.0,
        0.0,
        0.0,
        1.0,
        0.0,
        0.0,
        0.0,
        0.0,
        0.0,
        1.0,
        0.0,
        0.0,
        0.0,
        0.0,
        0.0,
        0.0,
        0.0,
        0.0,
        0.0,
        0.0,
        0.0,
        0.0,
        0.0,
        0.0,
        0.0,
        0.0,
        0.0,
        0.0,
        0.0,
        0.0,
        0.0,
        0.0,
        0.0,
        0.0,
        0.0,
        0.0,
        0.0,
        0.0,
        0.0,
        0.0,
        0.0,
        0.0,
        0.0,
        0.0,
        0.0,
        0.0,
        0.0,
        0.0,
        0.0,
        0.0,
        0.0,
        0.0,
        0.0,
        1.0,
        0.0,
        0.0,
        0.0,
        0.0,
        0.0,
        0.0,
        0.0,
        0.0,
        0.0,
        0.0,
        0.0,
        0.0,
        0.0,
        0.0,
        0.0,
        0.0,
        0.0,
        0.0,
        0.0,
        0.0,
        0.0,
        0.0,
        0.0,
        0.0,
        0.0,
        0.0,
        0.0,
        0.0,
        0.0,
        0.0,
        1.0,
        0.0,
        0.0,
        0.0,
        0.0,
        1.0,
        0.0,
        0.0,
        0.0,
        0.0,
        0.0,
        0.0,
        0.0,
        0.0,
        0.0,
        0.0,
        0.0,
        0.0,
        0.0,
        0.0,
        0.0,
        0.0,
        0.0,
        0.0,
        0.0,
        0.0,
        0.0,
        0.0,
        1.0,
        0.0,
        0.0,
        0.0,
        0.0,
        0.0,
        0.0,
        0.0,
        0.0,
        0.0,
        0.0,
        0.0,
        0.0,
        0.0,
        0.0,
        0.0,
        0.0,
        0.0,
        0.0,
        0.0,
        1.0,
        0.0,
        0.0,
        0.0,
        0.0,
        0.0,
        0.0,
        0.0,
        0.0,
        0.0,
        0.0,
        0.0,
        0.0,
        0.0,
        0.0,
        0.0,
        0.0,
        0.0,
        0.0,
        0.0,
        0.0,
        0.0,
        0.0,
        0.0,
        0.0,
        0.0,
        0.0,
        0.0,
        1.0,
        0.0,
        0.0,
        0.0,
        0.0,
        0.0,
        0.0,
        0.0,
        0.0,
        0.0,
        0.0
    ],
    "hold_count_norm": 0.09972664227977365,
    "hold_density": 0.3149350649350649,
    "vertical_progress": 0.11111111111111112
}