{
    "data.grade": "7C",
    "data.userGrade": null,
    "data.method": "Feet follow hands",
    "data.userRating": 1.791759469228055,
    "data.repeats": 1.3862943611198906,
    "data.moves": [
        {
            "problemId": 340869,
            "description": "B2",
            "isStart": true,
            "isEnd": false,
            "normalized_coordinates": [
                0.09090909090909091,
                0.05555555555555555
            ],
            "neighbors": [
                [
                    0.45454545454545453,
                    0.1111111111111111
                ],
                [
                    0.09090909090909091,
                    0.5
                ],
                [
                    0.5454545454545454,
                    0.3888888888888889
                ]
            ],
            "edge_distances": [
                0.05555555555555555,
                0.9444444444444444
            ],
            "dx": 0.36363636363636365,
            "dy": 0.05555555555555555,
            "move_angle": 0.15160548743827282,
            "move_distance": 0.36785571181071,
            "hold_type": 1.0
        },
        {
            "problemId": 340869,
            "description": "F3",
            "isStart": true,
            "isEnd": false,
            "normalized_coordinates": [
                0.45454545454545453,
                0.1111111111111111
            ],
            "neighbors": [
                [
                    0.5454545454545454,
                    0.3888888888888889
                ],
                [
                    0.09090909090909091,
                    0.05555555555555555
                ],
                [
                    0.2727272727272727,
                    0.6111111111111112
                ]
            ],
            "edge_distances": [
                0.1111111111111111,
                0.8888888888888888
            ],
            "dx": 0.09090909090909088,
            "dy": 0.2777777777777778,
            "move_angle": 1.2545101988827423,
            "move_distance": 0.292275480731925,
            "angle_difference": 1.1029047114444694,
            "hold_type": 0.75
        },
        {
            "problemId": 340869,
            "description": "G8",
            "isStart": false,
            "isEnd": false,
            "normalized_coordinates": [
                0.5454545454545454,
                0.3888888888888889
            ],
            "neighbors": [
                [
                    0.45454545454545453,
                    0.1111111111111111
                ],
                [
                    0.2727272727272727,
                    0.6111111111111112
                ],
                [
                    0.8181818181818182,
                    0.6666666666666666
                ]
            ],
            "edge_distances": [
                0.3888888888888889,
                0.6111111111111112
            ],
            "dx": -0.4545454545454545,
            "dy": 0.1111111111111111,
            "move_angle": 2.9018495447193366,
            "move_distance": 0.46792867967274615,
            "angle_difference": 1.6473393458365944,
            "hold_type": 0.5
        },
        {
            "problemId": 340869,
            "description": "B10",
            "isStart": false,
            "isEnd": false,
            "normalized_coordinates": [
                0.09090909090909091,
                0.5
            ],
            "neighbors": [
                [
                    0.2727272727272727,
                    0.6111111111111112
                ],
                [
                    0.18181818181818182,
                    0.7777777777777778
                ],
                [
                    0.09090909090909091,
                    0.05555555555555555
                ]
            ],
            "edge_distances": [
                0.5,
                0.5
            ],
            "dx": 0.1818181818181818,
            "dy": 0.11111111111111116,
            "move_angle": 0.5485494024505283,
            "move_distance": 0.21308104151241403,
            "angle_difference": -2.3533001422688082,
            "hold_type": 0.5
        },
        {
            "problemId": 340869,
            "description": "D12",
            "isStart": false,
            "isEnd": false,
            "normalized_coordinates": [
                0.2727272727272727,
                0.6111111111111112
            ],
            "neighbors": [
                [
                    0.18181818181818182,
                    0.7777777777777778
                ],
                [
                    0.09090909090909091,
                    0.5
                ],
                [
                    0.18181818181818182,
                    0.9444444444444444
                ]
            ],
            "edge_distances": [
                0.6111111111111112,
                0.38888888888888884
            ],
            "dx": 0.5454545454545455,
            "dy": 0.05555555555555547,
            "move_angle": 0.10150183100595304,
            "move_distance": 0.5482764639395998,
            "angle_difference": -0.44704757144457524,
            "hold_type": 0.5
        },
        {
            "problemId": 340869,
            "description": "J13",
            "isStart": false,
            "isEnd": false,
            "normalized_coordinates": [
                0.8181818181818182,
                0.6666666666666666
            ],
            "neighbors": [
                [
                    0.5454545454545454,
                    0.3888888888888889
                ],
                [
                    0.2727272727272727,
                    0.6111111111111112
                ],
                [
                    0.18181818181818182,
                    0.7777777777777778
                ]
            ],
            "edge_distances": [
                0.6666666666666666,
                0.33333333333333337
            ],
            "dx": -0.6363636363636365,
            "dy": 0.11111111111111116,
            "move_angle": 2.968732046802648,
            "move_distance": 0.6459909880937166,
            "angle_difference": 2.867230215796695,
            "hold_type": 0.0
        },
        {
            "problemId": 340869,
            "description": "C15",
            "isStart": false,
            "isEnd": false,
            "normalized_coordinates": [
                0.18181818181818182,
                0.7777777777777778
            ],
            "neighbors": [
                [
                    0.18181818181818182,
                    0.9444444444444444
                ],
                [
                    0.2727272727272727,
                    0.6111111111111112
                ],
                [
                    0.09090909090909091,
                    0.5
                ]
            ],
            "edge_distances": [
                0.7777777777777778,
                0.2222222222222222
            ],
            "dx": 0.0,
            "dy": 0.16666666666666663,
            "move_angle": 1.5707963267948966,
            "move_distance": 0.16666666666666663,
            "angle_difference": -1.3979357200077516,
            "hold_type": 1.0
        },
        {
            "problemId": 340869,
            "description": "C18",
            "isStart": false,
            "isEnd": true,
            "normalized_coordinates": [
                0.18181818181818182,
                0.9444444444444444
            ],
            "neighbors": [
                [
                    0.18181818181818182,
                    0.7777777777777778
                ],
                [
                    0.2727272727272727,
                    0.6111111111111112
                ],
                [
                    0.09090909090909091,
                    0.5
                ]
            ],
            "edge_distances": [
                0.9444444444444444,
                0.05555555555555558
            ],
            "hold_type": 0.5
        }
    ],
    "data.apiId": 340869,
    "hold_presence": [
        0.0,
        0.0,
        0.0,
        0.0,
        0.0,
        0.0,
        0.0,
        0.0,
        0.0,
        0.0,
        0.0,
        0.0,
        1.0,
        0.0,
        0.0,
        0.0,
        0.0,
        0.0,
        0.0,
        0.0,
        0.0,
        0.0,
        0.0,
        0.0,
        0.0,
        0.0,
        0.0,
        1.0,
        0.0,
        0.0,
        0.0,
        0.0,
        0.0,
        0.0,
        0.0,
        0.0,
        0.0,
        0.0,
        0.0,
        0.0,
        0.0,
        0.0,
        0.0,
        0.0,
        0.0,
        0.0,
        0.0,
        0.0,
        0.0,
        0.0,
        0.0,
        0.0,
        0.0,
        0.0,
        0.0,
        0.0,
        0.0,
        0.0,
        0.0,
        0.0,
        0.0,
        0.0,
        0.0,
        0.0,
        0.0,
        0.0,
        0.0,
        0.0,
        0.0,
        0.0,
        0.0,
        0.0,
        0.0,
        0.0,
        0.0,
        0.0,
        0.0,
        0.0,
        0.0,
        0.0,
        0.0,
        0.0,
        0.0,
        1.0,
        0.0,
        0.0,
        0.0,
        0.0,
        0.0,
        0.0,
        0.0,
        0.0,
        0.0,
        0.0,
        0.0,
        0.0,
        0.0,
        0.0,
        0.0,
        0.0,
        1.0,
        0.0,
        0.0,
        0.0,
        0.0,
        0.0,
        0.0,
        0.0,
        0.0,
        0.0,
        0.0,
        0.0,
        0.0,
        0.0,
        0.0,
        0.0,
        0.0,
        0.0,
        0.0,
        0.0,
        0.0,
        0.0,
        0.0,
        0.0,
        1.0,
        0.0,
        0.0,
        0.0,
        0.0,
        0.0,
        0.0,
        0.0,
        0.0,
        0.0,
        0.0,
        0.0,
        0.0,
        0.0,
        0.0,
        0.0,
        0.0,
        1.0,
        0.0,
        0.0,
        0.0,
        0.0,
        0.0,
        0.0,
        0.0,
        0.0,
        0.0,
        0.0,
        0.0,
        0.0,
        0.0,
        0.0,
        1.0,
        0.0,
        0.0,
        0.0,
        0.0,
        0.0,
        0.0,
        0.0,
        0.0,
        0.0,
        0.0,
        0.0,
        0.0,
        0.0,
        0.0,
        0.0,
        0.0,
        0.0,
        0.0,
        0.0,
        0.0,
        0.0,
        0.0,
        0.0,
        0.0,
        0.0,
        0.0,
        0.0,
        0.0,
        0.0,
        0.0,
        0.0,
        0.0,
        1.0,
        0.0,
        0.0,
        0.0,
        0.0,
        0.0,
        0.0,
        0.0,
        0.0
    ],
    "hold_count_norm": 0.09972664227977365,
    "hold_density": 0.2954545454545454,
    "vertical_progress": 0.12698412698412698
}