{
    "data.grade": "7C",
    "data.userGrade": null,
    "data.method": "Feet follow hands",
    "data.userRating": 1.791759469228055,
    "data.repeats": 1.3862943611198906,
    "data.moves": [
        {
            "problemId": 336131,
            "description": "A6",
            "isStart": true,
            "isEnd": false,
            "normalized_coordinates": [
                0.0,
                0.2777777777777778
            ],
            "neighbors": [
                [
                    0.18181818181818182,
                    0.6111111111111112
                ],
                [
                    0.6363636363636364,
                    0.2777777777777778
                ],
                [
                    0.18181818181818182,
                    0.9444444444444444
                ]
            ],
            "edge_distances": [
                0.2777777777777778,
                0.7222222222222222
            ],
            "dx": 0.6363636363636364,
            "dy": 0.0,
            "move_angle": 0.0,
            "move_distance": 0.6363636363636364,
            "hold_type": 1.0
        },
        {
            "problemId": 336131,
            "description": "H6",
            "isStart": false,
            "isEnd": false,
            "normalized_coordinates": [
                0.6363636363636364,
                0.2777777777777778
            ],
            "neighbors": [
                [
                    0.8181818181818182,
                    0.2777777777777778
                ],
                [
                    0.9090909090909091,
                    0.5555555555555556
                ],
                [
                    0.6363636363636364,
                    0.7222222222222222
                ]
            ],
            "edge_distances": [
                0.2777777777777778,
                0.7222222222222222
            ],
            "dx": 0.18181818181818188,
            "dy": 0.0,
            "move_angle": 0.0,
            "move_distance": 0.18181818181818188,
            "angle_difference": 0.0,
            "hold_type": 0.0
        },
        {
            "problemId": 336131,
            "description": "J6",
            "isStart": false,
            "isEnd": false,
            "normalized_coordinates": [
                0.8181818181818182,
                0.2777777777777778
            ],
            "neighbors": [
                [
                    0.6363636363636364,
                    0.2777777777777778
                ],
                [
                    0.9090909090909091,
                    0.5555555555555556
                ],
                [
                    0.6363636363636364,
                    0.7222222222222222
                ]
            ],
            "edge_distances": [
                0.2777777777777778,
                0.7222222222222222
            ],
            "dx": 0.09090909090909083,
            "dy": 0.2777777777777778,
            "move_angle": 1.2545101988827425,
            "move_distance": 0.292275480731925,
            "angle_difference": 1.2545101988827425,
            "hold_type": 1.0
        },
        {
            "problemId": 336131,
            "description": "K11",
            "isStart": false,
            "isEnd": false,
            "normalized_coordinates": [
                0.9090909090909091,
                0.5555555555555556
            ],
            "neighbors": [
                [
                    0.8181818181818182,
                    0.2777777777777778
                ],
                [
                    0.6363636363636364,
                    0.7222222222222222
                ],
                [
                    0.6363636363636364,
                    0.2777777777777778
                ]
            ],
            "edge_distances": [
                0.5555555555555556,
                0.4444444444444444
            ],
            "dx": -0.2727272727272727,
            "dy": 0.16666666666666663,
            "move_angle": 2.593043251139265,
            "move_distance": 0.319621562268621,
            "angle_difference": 1.3385330522565226,
            "hold_type": 1.0
        },
        {
            "problemId": 336131,
            "description": "H14",
            "isStart": false,
            "isEnd": false,
            "normalized_coordinates": [
                0.6363636363636364,
                0.7222222222222222
            ],
            "neighbors": [
                [
                    0.5454545454545454,
                    0.8333333333333334
                ],
                [
                    0.9090909090909091,
                    0.5555555555555556
                ],
                [
                    0.6363636363636364,
                    0.2777777777777778
                ]
            ],
            "edge_distances": [
                0.7222222222222222,
                0.2777777777777778
            ],
            "dx": -0.09090909090909094,
            "dy": 0.11111111111111116,
            "move_angle": 2.256525837701183,
            "move_distance": 0.14356232730860508,
            "angle_difference": -0.33651741343808217,
            "hold_type": 0.5
        },
        {
            "problemId": 336131,
            "description": "G16",
            "isStart": false,
            "isEnd": false,
            "normalized_coordinates": [
                0.5454545454545454,
                0.8333333333333334
            ],
            "neighbors": [
                [
                    0.6363636363636364,
                    0.7222222222222222
                ],
                [
                    0.18181818181818182,
                    0.9444444444444444
                ],
                [
                    0.18181818181818182,
                    0.6111111111111112
                ]
            ],
            "edge_distances": [
                0.8333333333333334,
                0.16666666666666663
            ],
            "dx": -0.3636363636363636,
            "dy": -0.2222222222222222,
            "move_angle": -2.593043251139265,
            "move_distance": 0.426162083024828,
            "angle_difference": -4.849569088840449,
            "hold_type": 0.75
        },
        {
            "problemId": 336131,
            "description": "C12",
            "isStart": false,
            "isEnd": false,
            "normalized_coordinates": [
                0.18181818181818182,
                0.6111111111111112
            ],
            "neighbors": [
                [
                    0.18181818181818182,
                    0.9444444444444444
                ],
                [
                    0.0,
                    0.2777777777777778
                ],
                [
                    0.5454545454545454,
                    0.8333333333333334
                ]
            ],
            "edge_distances": [
                0.6111111111111112,
                0.38888888888888884
            ],
            "dx": 0.0,
            "dy": 0.33333333333333326,
            "move_angle": 1.5707963267948966,
            "move_distance": 0.33333333333333326,
            "angle_difference": 4.163839577934162,
            "hold_type": 1.0
        },
        {
            "problemId": 336131,
            "description": "C18",
            "isStart": false,
            "isEnd": true,
            "normalized_coordinates": [
                0.18181818181818182,
                0.9444444444444444
            ],
            "neighbors": [
                [
                    0.18181818181818182,
                    0.6111111111111112
                ],
                [
                    0.5454545454545454,
                    0.8333333333333334
                ],
                [
                    0.6363636363636364,
                    0.7222222222222222
                ]
            ],
            "edge_distances": [
                0.9444444444444444,
                0.05555555555555558
            ],
            "hold_type": 0.5
        }
    ],
    "data.apiId": 336131,
    "hold_presence": [
        0.0,
        0.0,
        0.0,
        0.0,
        0.0,
        0.0,
        0.0,
        0.0,
        0.0,
        0.0,
        0.0,
        0.0,
        0.0,
        0.0,
        0.0,
        0.0,
        0.0,
        0.0,
        0.0,
        0.0,
        0.0,
        0.0,
        0.0,
        0.0,
        0.0,
        0.0,
        0.0,
        0.0,
        0.0,
        0.0,
        0.0,
        0.0,
        0.0,
        0.0,
        0.0,
        0.0,
        0.0,
        0.0,
        0.0,
        0.0,
        0.0,
        0.0,
        0.0,
        0.0,
        0.0,
        0.0,
        0.0,
        0.0,
        0.0,
        0.0,
        0.0,
        0.0,
        0.0,
        0.0,
        0.0,
        1.0,
        0.0,
        0.0,
        0.0,
        0.0,
        0.0,
        0.0,
        1.0,
        0.0,
        1.0,
        0.0,
        0.0,
        0.0,
        0.0,
        0.0,
        0.0,
        0.0,
        0.0,
        0.0,
        0.0,
        0.0,
        0.0,
        0.0,
        0.0,
        0.0,
        0.0,
        0.0,
        0.0,
        0.0,
        0.0,
        0.0,
        0.0,
        0.0,
        0.0,
        0.0,
        0.0,
        0.0,
        0.0,
        0.0,
        0.0,
        0.0,
        0.0,
        0.0,
        0.0,
        0.0,
        0.0,
        0.0,
        0.0,
        0.0,
        0.0,
        0.0,
        0.0,
        0.0,
        0.0,
        0.0,
        0.0,
        0.0,
        0.0,
        0.0,
        0.0,
        0.0,
        0.0,
        0.0,
        0.0,
        0.0,
        1.0,
        0.0,
        0.0,
        1.0,
        0.0,
        0.0,
        0.0,
        0.0,
        0.0,
        0.0,
        0.0,
        0.0,
        0.0,
        0.0,
        0.0,
        0.0,
        0.0,
        0.0,
        0.0,
        0.0,
        0.0,
        0.0,
        0.0,
        0.0,
        0.0,
        0.0,
        0.0,
        0.0,
        0.0,
        0.0,
        1.0,
        0.0,
        0.0,
        0.0,
        0.0,
        0.0,
        0.0,
        0.0,
        0.0,
        0.0,
        0.0,
        0.0,
        0.0,
        0.0,
        0.0,
        0.0,
        0.0,
        0.0,
        0.0,
        0.0,
        0.0,
        1.0,
        0.0,
        0.0,
        0.0,
        0.0,
        0.0,
        0.0,
        0.0,
        0.0,
        0.0,
        0.0,
        0.0,
        0.0,
        0.0,
        0.0,
        0.0,
        0.0,
        0.0,
        1.0,
        0.0,
        0.0,
        0.0,
        0.0,
        0.0,
        0.0,
        0.0,
        0.0
    ],
    "hold_count_norm": 0.09972664227977365,
    "hold_density": 0.3928571428571428,
    "vertical_progress": 0.09523809523809523
}