{
    "data.grade": "7C",
    "data.userGrade": "7C",
    "data.method": "Feet follow hands",
    "data.userRating": 0.0,
    "data.repeats": 0.0,
    "data.moves": [
        {
            "problemId": 416460,
            "description": "K5",
            "isStart": true,
            "isEnd": false,
            "normalized_coordinates": [
                0.9090909090909091,
                0.2222222222222222
            ],
            "neighbors": [
                [
                    0.8181818181818182,
                    0.3888888888888889
                ],
                [
                    0.8181818181818182,
                    0.5
                ],
                [
                    0.2727272727272727,
                    0.5555555555555556
                ]
            ],
            "edge_distances": [
                0.2222222222222222,
                0.7777777777777778
            ],
            "dx": -0.09090909090909083,
            "dy": 0.16666666666666669,
            "move_angle": 2.0701430484750265,
            "move_distance": 0.18984794069911615,
            "hold_type": 1.0
        },
        {
            "problemId": 416460,
            "description": "J8",
            "isStart": false,
            "isEnd": false,
            "normalized_coordinates": [
                0.8181818181818182,
                0.3888888888888889
            ],
            "neighbors": [
                [
                    0.8181818181818182,
                    0.5
                ],
                [
                    0.9090909090909091,
                    0.2222222222222222
                ],
                [
                    0.2727272727272727,
                    0.5555555555555556
                ]
            ],
            "edge_distances": [
                0.3888888888888889,
                0.6111111111111112
            ],
            "dx": 0.0,
            "dy": 0.1111111111111111,
            "move_angle": 1.5707963267948966,
            "move_distance": 0.1111111111111111,
            "angle_difference": -0.49934672168012995,
            "hold_type": 0.0
        },
        {
            "problemId": 416460,
            "description": "J10",
            "isStart": false,
            "isEnd": false,
            "normalized_coordinates": [
                0.8181818181818182,
                0.5
            ],
            "neighbors": [
                [
                    0.8181818181818182,
                    0.3888888888888889
                ],
                [
                    0.9090909090909091,
                    0.2222222222222222
                ],
                [
                    0.2727272727272727,
                    0.5555555555555556
                ]
            ],
            "edge_distances": [
                0.5,
                0.5
            ],
            "dx": -0.5454545454545455,
            "dy": 0.05555555555555558,
            "move_angle": 3.04009082258384,
            "move_distance": 0.5482764639395998,
            "angle_difference": 1.4692944957889433,
            "hold_type": 0.0
        },
        {
            "problemId": 416460,
            "description": "D11",
            "isStart": false,
            "isEnd": false,
            "normalized_coordinates": [
                0.2727272727272727,
                0.5555555555555556
            ],
            "neighbors": [
                [
                    0.2727272727272727,
                    0.7777777777777778
                ],
                [
                    0.0,
                    0.9444444444444444
                ],
                [
                    0.8181818181818182,
                    0.5
                ]
            ],
            "edge_distances": [
                0.5555555555555556,
                0.4444444444444444
            ],
            "dx": 0.0,
            "dy": 0.2222222222222222,
            "move_angle": 1.5707963267948966,
            "move_distance": 0.2222222222222222,
            "angle_difference": -1.4692944957889433,
            "hold_type": 0.5
        },
        {
            "problemId": 416460,
            "description": "D15",
            "isStart": false,
            "isEnd": false,
            "normalized_coordinates": [
                0.2727272727272727,
                0.7777777777777778
            ],
            "neighbors": [
                [
                    0.2727272727272727,
                    0.5555555555555556
                ],
                [
                    0.0,
                    0.9444444444444444
                ],
                [
                    0.8181818181818182,
                    0.5
                ]
            ],
            "edge_distances": [
                0.7777777777777778,
                0.2222222222222222
            ],
            "dx": -0.2727272727272727,
            "dy": 0.16666666666666663,
            "move_angle": 2.593043251139265,
            "move_distance": 0.319621562268621,
            "angle_difference": 1.0222469243443686,
            "hold_type": 1.0
        },
        {
            "problemId": 416460,
            "description": "A18",
            "isStart": false,
            "isEnd": true,
            "normalized_coordinates": [
                0.0,
                0.9444444444444444
            ],
            "neighbors": [
                [
                    0.2727272727272727,
                    0.7777777777777778
                ],
                [
                    0.2727272727272727,
                    0.5555555555555556
                ],
                [
                    0.8181818181818182,
                    0.5
                ]
            ],
            "edge_distances": [
                0.9444444444444444,
                0.05555555555555558
            ],
            "hold_type": 1.0
        }
    ],
    "data.apiId": 416460,
    "hold_presence": [
        0.0,
        0.0,
        0.0,
        0.0,
        0.0,
        0.0,
        0.0,
        0.0,
        0.0,
        0.0,
        0.0,
        0.0,
        0.0,
        0.0,
        0.0,
        0.0,
        0.0,
        0.0,
        0.0,
        0.0,
        0.0,
        0.0,
        0.0,
        0.0,
        0.0,
        0.0,
        0.0,
        0.0,
        0.0,
        0.0,
        0.0,
        0.0,
        0.0,
        0.0,
        0.0,
        0.0,
        0.0,
        0.0,
        0.0,
        0.0,
        0.0,
        0.0,
        0.0,
        0.0,
        0.0,
        0.0,
        0.0,
        0.0,
        0.0,
        0.0,
        0.0,
        0.0,
        0.0,
        0.0,
        1.0,
        0.0,
        0.0,
        0.0,
        0.0,
        0.0,
        0.0,
        0.0,
        0.0,
        0.0,
        0.0,
        0.0,
        0.0,
        0.0,
        0.0,
        0.0,
        0.0,
        0.0,
        0.0,
        0.0,
        0.0,
        0.0,
        0.0,
        0.0,
        0.0,
        0.0,
        0.0,
        0.0,
        0.0,
        0.0,
        0.0,
        0.0,
        1.0,
        0.0,
        0.0,
        0.0,
        0.0,
        0.0,
        0.0,
        0.0,
        0.0,
        0.0,
        0.0,
        0.0,
        0.0,
        0.0,
        0.0,
        0.0,
        0.0,
        0.0,
        0.0,
        0.0,
        0.0,
        0.0,
        1.0,
        0.0,
        0.0,
        0.0,
        0.0,
        1.0,
        0.0,
        0.0,
        0.0,
        0.0,
        0.0,
        0.0,
        0.0,
        0.0,
        0.0,
        0.0,
        0.0,
        0.0,
        0.0,
        0.0,
        0.0,
        0.0,
        0.0,
        0.0,
        0.0,
        0.0,
        0.0,
        0.0,
        0.0,
        0.0,
        0.0,
        0.0,
        0.0,
        0.0,
        0.0,
        0.0,
        0.0,
        0.0,
        0.0,
        0.0,
        0.0,
        0.0,
        0.0,
        0.0,
        0.0,
        0.0,
        0.0,
        0.0,
        0.0,
        1.0,
        0.0,
        0.0,
        0.0,
        0.0,
        0.0,
        0.0,
        0.0,
        0.0,
        0.0,
        0.0,
        0.0,
        0.0,
        0.0,
        0.0,
        0.0,
        0.0,
        0.0,
        0.0,
        0.0,
        0.0,
        0.0,
        0.0,
        0.0,
        0.0,
        0.0,
        0.0,
        0.0,
        0.0,
        0.0,
        1.0,
        0.0,
        0.0,
        0.0,
        0.0,
        0.0,
        0.0,
        0.0,
        0.0,
        0.0,
        0.0
    ],
    "hold_count_norm": -0.9624506127710697,
    "hold_density": 0.4484848484848485,
    "vertical_progress": 0.14444444444444443
}