{
    "data.grade": "7C",
    "data.userGrade": null,
    "data.method": "Feet follow hands",
    "data.userRating": 0.0,
    "data.repeats": 0.0,
    "data.moves": [
        {
            "problemId": 354058,
            "description": "D3",
            "isStart": true,
            "isEnd": false,
            "normalized_coordinates": [
                0.2727272727272727,
                0.1111111111111111
            ],
            "neighbors": [
                [
                    0.2727272727272727,
                    0.3888888888888889
                ],
                [
                    0.6363636363636364,
                    0.1111111111111111
                ],
                [
                    0.45454545454545453,
                    0.5555555555555556
                ]
            ],
            "edge_distances": [
                0.1111111111111111,
                0.8888888888888888
            ],
            "dx": 0.0,
            "dy": 0.2777777777777778,
            "move_angle": 1.5707963267948966,
            "move_distance": 0.2777777777777778,
            "hold_type": 0.75
        },
        {
            "problemId": 354058,
            "description": "D8",
            "isStart": false,
            "isEnd": false,
            "normalized_coordinates": [
                0.2727272727272727,
                0.3888888888888889
            ],
            "neighbors": [
                [
                    0.45454545454545453,
                    0.5555555555555556
                ],
                [
                    0.2727272727272727,
                    0.1111111111111111
                ],
                [
                    0.2727272727272727,
                    0.7222222222222222
                ]
            ],
            "edge_distances": [
                0.3888888888888889,
                0.6111111111111112
            ],
            "dx": 0.18181818181818182,
            "dy": 0.16666666666666669,
            "move_angle": 0.7419472680059175,
            "move_distance": 0.24664879691060163,
            "angle_difference": -0.8288490587889791,
            "hold_type": 1.0
        },
        {
            "problemId": 354058,
            "description": "F11",
            "isStart": false,
            "isEnd": false,
            "normalized_coordinates": [
                0.45454545454545453,
                0.5555555555555556
            ],
            "neighbors": [
                [
                    0.2727272727272727,
                    0.7222222222222222
                ],
                [
                    0.2727272727272727,
                    0.3888888888888889
                ],
                [
                    0.18181818181818182,
                    0.8888888888888888
                ]
            ],
            "edge_distances": [
                0.5555555555555556,
                0.4444444444444444
            ],
            "dx": -0.45454545454545453,
            "dy": 0.05555555555555558,
            "move_angle": 3.0199736303284466,
            "move_distance": 0.45792793101209744,
            "angle_difference": 2.278026362322529,
            "hold_type": 1.0
        },
        {
            "problemId": 354058,
            "description": "A12",
            "isStart": false,
            "isEnd": false,
            "normalized_coordinates": [
                0.0,
                0.6111111111111112
            ],
            "neighbors": [
                [
                    0.2727272727272727,
                    0.7222222222222222
                ],
                [
                    0.18181818181818182,
                    0.8888888888888888
                ],
                [
                    0.2727272727272727,
                    0.3888888888888889
                ]
            ],
            "edge_distances": [
                0.6111111111111112,
                0.38888888888888884
            ],
            "dx": 0.2727272727272727,
            "dy": 0.11111111111111105,
            "move_angle": 0.3868757177310279,
            "move_distance": 0.2944925199416818,
            "angle_difference": -2.6330979125974188,
            "hold_type": 0.75
        },
        {
            "problemId": 354058,
            "description": "D14",
            "isStart": false,
            "isEnd": false,
            "normalized_coordinates": [
                0.2727272727272727,
                0.7222222222222222
            ],
            "neighbors": [
                [
                    0.18181818181818182,
                    0.8888888888888888
                ],
                [
                    0.45454545454545453,
                    0.5555555555555556
                ],
                [
                    0.0,
                    0.6111111111111112
                ]
            ],
            "edge_distances": [
                0.7222222222222222,
                0.2777777777777778
            ],
            "dx": -0.09090909090909088,
            "dy": 0.16666666666666663,
            "move_angle": 2.0701430484750265,
            "move_distance": 0.18984794069911615,
            "angle_difference": 1.6832673307439987,
            "hold_type": 0.75
        },
        {
            "problemId": 354058,
            "description": "C17",
            "isStart": false,
            "isEnd": false,
            "normalized_coordinates": [
                0.18181818181818182,
                0.8888888888888888
            ],
            "neighbors": [
                [
                    0.2727272727272727,
                    0.7222222222222222
                ],
                [
                    0.0,
                    0.6111111111111112
                ],
                [
                    0.45454545454545453,
                    0.5555555555555556
                ]
            ],
            "edge_distances": [
                0.8888888888888888,
                0.11111111111111116
            ],
            "dx": 0.5454545454545454,
            "dy": 0.05555555555555558,
            "move_angle": 0.10150183100595327,
            "move_distance": 0.5482764639395997,
            "angle_difference": -1.9686412174690733,
            "hold_type": 0.75
        },
        {
            "problemId": 354058,
            "description": "I18",
            "isStart": false,
            "isEnd": true,
            "normalized_coordinates": [
                0.7272727272727273,
                0.9444444444444444
            ],
            "neighbors": [
                [
                    0.45454545454545453,
                    0.5555555555555556
                ],
                [
                    0.2727272727272727,
                    0.7222222222222222
                ],
                [
                    0.18181818181818182,
                    0.8888888888888888
                ]
            ],
            "edge_distances": [
                0.9444444444444444,
                0.05555555555555558
            ],
            "dx": -0.09090909090909094,
            "dy": -0.8333333333333333,
            "move_angle": -1.6794575426354845,
            "move_distance": 0.8382773450680637,
            "angle_difference": -1.7809593736414377,
            "hold_type": 0.5
        },
        {
            "problemId": 354058,
            "description": "H3",
            "isStart": true,
            "isEnd": false,
            "normalized_coordinates": [
                0.6363636363636364,
                0.1111111111111111
            ],
            "neighbors": [
                [
                    0.2727272727272727,
                    0.1111111111111111
                ],
                [
                    0.2727272727272727,
                    0.3888888888888889
                ],
                [
                    0.45454545454545453,
                    0.5555555555555556
                ]
            ],
            "edge_distances": [
                0.1111111111111111,
                0.8888888888888888
            ],
            "hold_type": 0.25
        }
    ],
    "data.apiId": 354058,
    "hold_presence": [
        0.0,
        0.0,
        0.0,
        0.0,
        0.0,
        0.0,
        0.0,
        0.0,
        0.0,
        0.0,
        0.0,
        0.0,
        0.0,
        0.0,
        0.0,
        0.0,
        0.0,
        0.0,
        0.0,
        0.0,
        0.0,
        0.0,
        0.0,
        0.0,
        0.0,
        1.0,
        0.0,
        0.0,
        0.0,
        1.0,
        0.0,
        0.0,
        0.0,
        0.0,
        0.0,
        0.0,
        0.0,
        0.0,
        0.0,
        0.0,
        0.0,
        0.0,
        0.0,
        0.0,
        0.0,
        0.0,
        0.0,
        0.0,
        0.0,
        0.0,
        0.0,
        0.0,
        0.0,
        0.0,
        0.0,
        0.0,
        0.0,
        0.0,
        0.0,
        0.0,
        0.0,
        0.0,
        0.0,
        0.0,
        0.0,
        0.0,
        0.0,
        0.0,
        0.0,
        0.0,
        0.0,
        0.0,
        0.0,
        0.0,
        0.0,
        0.0,
        0.0,
        0.0,
        0.0,
        0.0,
        1.0,
        0.0,
        0.0,
        0.0,
        0.0,
        0.0,
        0.0,
        0.0,
        0.0,
        0.0,
        0.0,
        0.0,
        0.0,
        0.0,
        0.0,
        0.0,
        0.0,
        0.0,
        0.0,
        0.0,
        0.0,
        0.0,
        0.0,
        0.0,
        0.0,
        0.0,
        0.0,
        0.0,
        0.0,
        0.0,
        0.0,
        0.0,
        0.0,
        0.0,
        0.0,
        1.0,
        0.0,
        0.0,
        0.0,
        0.0,
        0.0,
        1.0,
        0.0,
        0.0,
        0.0,
        0.0,
        0.0,
        0.0,
        0.0,
        0.0,
        0.0,
        0.0,
        0.0,
        0.0,
        0.0,
        0.0,
        0.0,
        0.0,
        0.0,
        0.0,
        0.0,
        0.0,
        0.0,
        0.0,
        0.0,
        0.0,
        1.0,
        0.0,
        0.0,
        0.0,
        0.0,
        0.0,
        0.0,
        0.0,
        0.0,
        0.0,
        0.0,
        0.0,
        0.0,
        0.0,
        0.0,
        0.0,
        0.0,
        0.0,
        0.0,
        0.0,
        0.0,
        0.0,
        0.0,
        0.0,
        0.0,
        0.0,
        0.0,
        0.0,
        0.0,
        0.0,
        0.0,
        0.0,
        1.0,
        0.0,
        0.0,
        0.0,
        0.0,
        0.0,
        0.0,
        0.0,
        0.0,
        0.0,
        0.0,
        0.0,
        0.0,
        0.0,
        0.0,
        0.0,
        0.0,
        1.0,
        0.0,
        0.0
    ],
    "hold_count_norm": 0.09972664227977365,
    "hold_density": 0.2824675324675324,
    "vertical_progress": 0.0
}