{
    "data.grade": "7C",
    "data.userGrade": null,
    "data.method": "Feet follow hands",
    "data.userRating": 1.791759469228055,
    "data.repeats": 1.0986122886681096,
    "data.moves": [
        {
            "problemId": 337296,
            "description": "C5",
            "isStart": true,
            "isEnd": false,
            "normalized_coordinates": [
                0.18181818181818182,
                0.2222222222222222
            ],
            "neighbors": [
                [
                    0.36363636363636365,
                    0.05555555555555555
                ],
                [
                    0.45454545454545453,
                    0.5
                ],
                [
                    0.6363636363636364,
                    0.2777777777777778
                ]
            ],
            "edge_distances": [
                0.2222222222222222,
                0.7777777777777778
            ],
            "dx": 0.18181818181818182,
            "dy": -0.16666666666666666,
            "move_angle": -0.7419472680059174,
            "move_distance": 0.2466487969106016,
            "hold_type": 0.0
        },
        {
            "problemId": 337296,
            "description": "E2",
            "isStart": true,
            "isEnd": false,
            "normalized_coordinates": [
                0.36363636363636365,
                0.05555555555555555
            ],
            "neighbors": [
                [
                    0.18181818181818182,
                    0.2222222222222222
                ],
                [
                    0.6363636363636364,
                    0.2777777777777778
                ],
                [
                    0.45454545454545453,
                    0.5
                ]
            ],
            "edge_distances": [
                0.05555555555555555,
                0.9444444444444444
            ],
            "dx": 0.2727272727272727,
            "dy": 0.22222222222222224,
            "move_angle": 0.6837093116343713,
            "move_distance": 0.35179949024783835,
            "angle_difference": 1.4256565796402887,
            "hold_type": 0.0
        },
        {
            "problemId": 337296,
            "description": "H6",
            "isStart": false,
            "isEnd": false,
            "normalized_coordinates": [
                0.6363636363636364,
                0.2777777777777778
            ],
            "neighbors": [
                [
                    0.45454545454545453,
                    0.5
                ],
                [
                    0.36363636363636365,
                    0.05555555555555555
                ],
                [
                    0.7272727272727273,
                    0.7222222222222222
                ]
            ],
            "edge_distances": [
                0.2777777777777778,
                0.7222222222222222
            ],
            "dx": -0.18181818181818182,
            "dy": 0.2222222222222222,
            "move_angle": 2.256525837701183,
            "move_distance": 0.28712465461721,
            "angle_difference": 1.5728165260668117,
            "hold_type": 0.0
        },
        {
            "problemId": 337296,
            "description": "F10",
            "isStart": false,
            "isEnd": false,
            "normalized_coordinates": [
                0.45454545454545453,
                0.5
            ],
            "neighbors": [
                [
                    0.6363636363636364,
                    0.2777777777777778
                ],
                [
                    0.7272727272727273,
                    0.7222222222222222
                ],
                [
                    0.18181818181818182,
                    0.2222222222222222
                ]
            ],
            "edge_distances": [
                0.5,
                0.5
            ],
            "dx": 0.27272727272727276,
            "dy": 0.2222222222222222,
            "move_angle": 0.6837093116343712,
            "move_distance": 0.35179949024783835,
            "angle_difference": -1.5728165260668119,
            "hold_type": 0.5
        },
        {
            "problemId": 337296,
            "description": "I14",
            "isStart": false,
            "isEnd": false,
            "normalized_coordinates": [
                0.7272727272727273,
                0.7222222222222222
            ],
            "neighbors": [
                [
                    0.45454545454545453,
                    0.5
                ],
                [
                    0.36363636363636365,
                    0.9444444444444444
                ],
                [
                    0.6363636363636364,
                    0.2777777777777778
                ]
            ],
            "edge_distances": [
                0.7222222222222222,
                0.2777777777777778
            ],
            "dx": -0.5454545454545454,
            "dy": 0.05555555555555558,
            "move_angle": 3.04009082258384,
            "move_distance": 0.5482764639395997,
            "angle_difference": 2.356381510949469,
            "hold_type": 0.0
        },
        {
            "problemId": 337296,
            "description": "C15",
            "isStart": false,
            "isEnd": false,
            "normalized_coordinates": [
                0.18181818181818182,
                0.7777777777777778
            ],
            "neighbors": [
                [
                    0.36363636363636365,
                    0.9444444444444444
                ],
                [
                    0.45454545454545453,
                    0.5
                ],
                [
                    0.7272727272727273,
                    0.7222222222222222
                ]
            ],
            "edge_distances": [
                0.7777777777777778,
                0.2222222222222222
            ],
            "dx": 0.18181818181818182,
            "dy": 0.16666666666666663,
            "move_angle": 0.7419472680059174,
            "move_distance": 0.24664879691060157,
            "angle_difference": -2.2981435545779227,
            "hold_type": 1.0
        },
        {
            "problemId": 337296,
            "description": "E18",
            "isStart": false,
            "isEnd": true,
            "normalized_coordinates": [
                0.36363636363636365,
                0.9444444444444444
            ],
            "neighbors": [
                [
                    0.18181818181818182,
                    0.7777777777777778
                ],
                [
                    0.7272727272727273,
                    0.7222222222222222
                ],
                [
                    0.45454545454545453,
                    0.5
                ]
            ],
            "edge_distances": [
                0.9444444444444444,
                0.05555555555555558
            ],
            "hold_type": 1.0
        }
    ],
    "data.apiId": 337296,
    "hold_presence": [
        0.0,
        0.0,
        0.0,
        0.0,
        0.0,
        0.0,
        0.0,
        0.0,
        0.0,
        0.0,
        0.0,
        0.0,
        0.0,
        0.0,
        0.0,
        1.0,
        0.0,
        0.0,
        0.0,
        0.0,
        0.0,
        0.0,
        0.0,
        0.0,
        0.0,
        0.0,
        0.0,
        0.0,
        0.0,
        0.0,
        0.0,
        0.0,
        0.0,
        0.0,
        0.0,
        0.0,
        0.0,
        0.0,
        0.0,
        0.0,
        0.0,
        0.0,
        0.0,
        0.0,
        0.0,
        0.0,
        1.0,
        0.0,
        0.0,
        0.0,
        0.0,
        0.0,
        0.0,
        0.0,
        0.0,
        0.0,
        0.0,
        0.0,
        0.0,
        0.0,
        0.0,
        0.0,
        1.0,
        0.0,
        0.0,
        0.0,
        0.0,
        0.0,
        0.0,
        0.0,
        0.0,
        0.0,
        0.0,
        0.0,
        0.0,
        0.0,
        0.0,
        0.0,
        0.0,
        0.0,
        0.0,
        0.0,
        0.0,
        0.0,
        0.0,
        0.0,
        0.0,
        0.0,
        0.0,
        0.0,
        0.0,
        0.0,
        0.0,
        0.0,
        0.0,
        0.0,
        0.0,
        0.0,
        0.0,
        0.0,
        0.0,
        0.0,
        0.0,
        0.0,
        1.0,
        0.0,
        0.0,
        0.0,
        0.0,
        0.0,
        0.0,
        0.0,
        0.0,
        0.0,
        0.0,
        0.0,
        0.0,
        0.0,
        0.0,
        0.0,
        0.0,
        0.0,
        0.0,
        0.0,
        0.0,
        0.0,
        0.0,
        0.0,
        0.0,
        0.0,
        0.0,
        0.0,
        0.0,
        0.0,
        0.0,
        0.0,
        0.0,
        0.0,
        0.0,
        0.0,
        0.0,
        0.0,
        0.0,
        0.0,
        0.0,
        0.0,
        0.0,
        0.0,
        0.0,
        0.0,
        0.0,
        1.0,
        0.0,
        0.0,
        0.0,
        0.0,
        1.0,
        0.0,
        0.0,
        0.0,
        0.0,
        0.0,
        0.0,
        0.0,
        0.0,
        0.0,
        0.0,
        0.0,
        0.0,
        0.0,
        0.0,
        0.0,
        0.0,
        0.0,
        0.0,
        0.0,
        0.0,
        0.0,
        0.0,
        0.0,
        0.0,
        0.0,
        0.0,
        0.0,
        0.0,
        0.0,
        0.0,
        0.0,
        0.0,
        0.0,
        0.0,
        1.0,
        0.0,
        0.0,
        0.0,
        0.0,
        0.0,
        0.0
    ],
    "hold_count_norm": -0.431361985245648,
    "hold_density": 0.251082251082251,
    "vertical_progress": 0.12037037037037036
}