{
    "data.grade": "7C",
    "data.userGrade": "7C",
    "data.method": "Feet follow hands",
    "data.userRating": 1.6094379124341003,
    "data.repeats": 1.791759469228055,
    "data.moves": [
        {
            "problemId": 364101,
            "description": "E5",
            "isStart": true,
            "isEnd": false,
            "normalized_coordinates": [
                0.36363636363636365,
                0.2222222222222222
            ],
            "neighbors": [
                [
                    0.18181818181818182,
                    0.2777777777777778
                ],
                [
                    0.36363636363636365,
                    0.4444444444444444
                ],
                [
                    0.0,
                    0.16666666666666666
                ]
            ],
            "edge_distances": [
                0.2222222222222222,
                0.7777777777777778
            ],
            "dx": -0.18181818181818182,
            "dy": 0.05555555555555558,
            "move_angle": 2.8450468445200925,
            "move_distance": 0.19011646691635062,
            "hold_type": 0.0
        },
        {
            "problemId": 364101,
            "description": "C6",
            "isStart": true,
            "isEnd": false,
            "normalized_coordinates": [
                0.18181818181818182,
                0.2777777777777778
            ],
            "neighbors": [
                [
                    0.36363636363636365,
                    0.2222222222222222
                ],
                [
                    0.0,
                    0.16666666666666666
                ],
                [
                    0.36363636363636365,
                    0.4444444444444444
                ]
            ],
            "edge_distances": [
                0.2777777777777778,
                0.7222222222222222
            ],
            "dx": -0.18181818181818182,
            "dy": -0.11111111111111113,
            "move_angle": -2.593043251139265,
            "move_distance": 0.21308104151241403,
            "angle_difference": -5.438090095659358,
            "hold_type": 0.0
        },
        {
            "problemId": 364101,
            "description": "A4",
            "isStart": false,
            "isEnd": false,
            "normalized_coordinates": [
                0.0,
                0.16666666666666666
            ],
            "neighbors": [
                [
                    0.18181818181818182,
                    0.2777777777777778
                ],
                [
                    0.36363636363636365,
                    0.2222222222222222
                ],
                [
                    0.09090909090909091,
                    0.6111111111111112
                ]
            ],
            "edge_distances": [
                0.16666666666666666,
                0.8333333333333334
            ],
            "dx": 0.36363636363636365,
            "dy": 0.2777777777777778,
            "move_angle": 0.6523309013888914,
            "move_distance": 0.4575935956564932,
            "angle_difference": 3.2453741525281563,
            "hold_type": 1.0
        },
        {
            "problemId": 364101,
            "description": "E9",
            "isStart": false,
            "isEnd": false,
            "normalized_coordinates": [
                0.36363636363636365,
                0.4444444444444444
            ],
            "neighbors": [
                [
                    0.36363636363636365,
                    0.2222222222222222
                ],
                [
                    0.18181818181818182,
                    0.2777777777777778
                ],
                [
                    0.09090909090909091,
                    0.6111111111111112
                ]
            ],
            "edge_distances": [
                0.4444444444444444,
                0.5555555555555556
            ],
            "dx": -0.2727272727272727,
            "dy": 0.16666666666666674,
            "move_angle": 2.593043251139265,
            "move_distance": 0.31962156226862104,
            "angle_difference": 1.9407123497503738,
            "hold_type": 0.0
        },
        {
            "problemId": 364101,
            "description": "B12",
            "isStart": false,
            "isEnd": false,
            "normalized_coordinates": [
                0.09090909090909091,
                0.6111111111111112
            ],
            "neighbors": [
                [
                    0.36363636363636365,
                    0.7777777777777778
                ],
                [
                    0.36363636363636365,
                    0.4444444444444444
                ],
                [
                    0.18181818181818182,
                    0.2777777777777778
                ]
            ],
            "edge_distances": [
                0.6111111111111112,
                0.38888888888888884
            ],
            "dx": 0.4545454545454545,
            "dy": 0.16666666666666663,
            "move_angle": 0.35144479400355166,
            "move_distance": 0.4841377366263774,
            "angle_difference": -2.2415984571357135,
            "hold_type": 0.5
        },
        {
            "problemId": 364101,
            "description": "G15",
            "isStart": false,
            "isEnd": false,
            "normalized_coordinates": [
                0.5454545454545454,
                0.7777777777777778
            ],
            "neighbors": [
                [
                    0.36363636363636365,
                    0.7777777777777778
                ],
                [
                    0.7272727272727273,
                    0.9444444444444444
                ],
                [
                    0.36363636363636365,
                    0.4444444444444444
                ]
            ],
            "edge_distances": [
                0.7777777777777778,
                0.2222222222222222
            ],
            "dx": -0.18181818181818177,
            "dy": 0.0,
            "move_angle": 3.141592653589793,
            "move_distance": 0.18181818181818177,
            "angle_difference": 2.7901478595862415,
            "hold_type": 1.0
        },
        {
            "problemId": 364101,
            "description": "E15",
            "isStart": false,
            "isEnd": false,
            "normalized_coordinates": [
                0.36363636363636365,
                0.7777777777777778
            ],
            "neighbors": [
                [
                    0.5454545454545454,
                    0.7777777777777778
                ],
                [
                    0.09090909090909091,
                    0.6111111111111112
                ],
                [
                    0.36363636363636365,
                    0.4444444444444444
                ]
            ],
            "edge_distances": [
                0.7777777777777778,
                0.2222222222222222
            ],
            "dx": 0.36363636363636365,
            "dy": 0.16666666666666663,
            "move_angle": 0.4297622790966884,
            "move_distance": 0.40001147825588135,
            "angle_difference": -2.711830374493105,
            "hold_type": 1.0
        },
        {
            "problemId": 364101,
            "description": "I18",
            "isStart": false,
            "isEnd": true,
            "normalized_coordinates": [
                0.7272727272727273,
                0.9444444444444444
            ],
            "neighbors": [
                [
                    0.5454545454545454,
                    0.7777777777777778
                ],
                [
                    0.36363636363636365,
                    0.7777777777777778
                ],
                [
                    0.36363636363636365,
                    0.4444444444444444
                ]
            ],
            "edge_distances": [
                0.9444444444444444,
                0.05555555555555558
            ],
            "dx": 0.18181818181818177,
            "dy": -0.8333333333333333,
            "move_angle": -1.355980926393238,
            "move_distance": 0.8529374512143981,
            "angle_difference": -1.7857432054899265,
            "hold_type": 0.5
        },
        {
            "problemId": 364101,
            "description": "K3",
            "isStart": false,
            "isEnd": false,
            "normalized_coordinates": [
                0.9090909090909091,
                0.1111111111111111
            ],
            "neighbors": [
                [
                    0.36363636363636365,
                    0.2222222222222222
                ],
                [
                    0.36363636363636365,
                    0.4444444444444444
                ],
                [
                    0.18181818181818182,
                    0.2777777777777778
                ]
            ],
            "edge_distances": [
                0.1111111111111111,
                0.8888888888888888
            ],
            "hold_type": 0.75
        }
    ],
    "data.apiId": 364101,
    "hold_presence": [
        0.0,
        0.0,
        0.0,
        0.0,
        0.0,
        0.0,
        0.0,
        0.0,
        0.0,
        0.0,
        0.0,
        0.0,
        0.0,
        0.0,
        0.0,
        0.0,
        0.0,
        0.0,
        0.0,
        0.0,
        0.0,
        0.0,
        0.0,
        0.0,
        0.0,
        0.0,
        0.0,
        0.0,
        0.0,
        0.0,
        0.0,
        0.0,
        1.0,
        1.0,
        0.0,
        0.0,
        0.0,
        0.0,
        0.0,
        0.0,
        0.0,
        0.0,
        0.0,
        0.0,
        0.0,
        0.0,
        0.0,
        0.0,
        1.0,
        0.0,
        0.0,
        0.0,
        0.0,
        0.0,
        0.0,
        0.0,
        0.0,
        1.0,
        0.0,
        0.0,
        0.0,
        0.0,
        0.0,
        0.0,
        0.0,
        0.0,
        0.0,
        0.0,
        0.0,
        0.0,
        0.0,
        0.0,
        0.0,
        0.0,
        0.0,
        0.0,
        0.0,
        0.0,
        0.0,
        0.0,
        0.0,
        0.0,
        0.0,
        0.0,
        0.0,
        0.0,
        0.0,
        0.0,
        0.0,
        0.0,
        0.0,
        0.0,
        1.0,
        0.0,
        0.0,
        0.0,
        0.0,
        0.0,
        0.0,
        0.0,
        0.0,
        0.0,
        0.0,
        0.0,
        0.0,
        0.0,
        0.0,
        0.0,
        0.0,
        0.0,
        0.0,
        0.0,
        0.0,
        0.0,
        0.0,
        0.0,
        0.0,
        0.0,
        0.0,
        0.0,
        0.0,
        0.0,
        1.0,
        0.0,
        0.0,
        0.0,
        0.0,
        0.0,
        0.0,
        0.0,
        0.0,
        0.0,
        0.0,
        0.0,
        0.0,
        0.0,
        0.0,
        0.0,
        0.0,
        0.0,
        0.0,
        0.0,
        0.0,
        0.0,
        0.0,
        0.0,
        0.0,
        0.0,
        0.0,
        0.0,
        0.0,
        0.0,
        0.0,
        0.0,
        0.0,
        0.0,
        0.0,
        0.0,
        1.0,
        0.0,
        1.0,
        0.0,
        0.0,
        0.0,
        0.0,
        0.0,
        0.0,
        0.0,
        0.0,
        0.0,
        0.0,
        0.0,
        0.0,
        0.0,
        0.0,
        0.0,
        0.0,
        0.0,
        0.0,
        0.0,
        0.0,
        0.0,
        0.0,
        0.0,
        0.0,
        0.0,
        0.0,
        0.0,
        0.0,
        0.0,
        0.0,
        0.0,
        0.0,
        0.0,
        0.0,
        1.0,
        0.0,
        0.0
    ],
    "hold_count_norm": 0.6308152698051953,
    "hold_density": 0.34848484848484845,
    "vertical_progress": -0.013888888888888881
}