{
    "data.grade": "7C",
    "data.userGrade": "7C",
    "data.method": "Feet follow hands",
    "data.userRating": 1.791759469228055,
    "data.repeats": 1.791759469228055,
    "data.moves": [
        {
            "problemId": 328906,
            "description": "J5",
            "isStart": true,
            "isEnd": false,
            "normalized_coordinates": [
                0.8181818181818182,
                0.2222222222222222
            ],
            "neighbors": [
                [
                    0.9090909090909091,
                    0.3333333333333333
                ],
                [
                    0.5454545454545454,
                    0.2222222222222222
                ],
                [
                    0.7272727272727273,
                    0.5555555555555556
                ]
            ],
            "edge_distances": [
                0.2222222222222222,
                0.7777777777777778
            ],
            "dx": -0.2727272727272728,
            "dy": 0.0,
            "move_angle": 3.141592653589793,
            "move_distance": 0.2727272727272728,
            "hold_type": 0.5
        },
        {
            "problemId": 328906,
            "description": "G5",
            "isStart": true,
            "isEnd": false,
            "normalized_coordinates": [
                0.5454545454545454,
                0.2222222222222222
            ],
            "neighbors": [
                [
                    0.8181818181818182,
                    0.2222222222222222
                ],
                [
                    0.7272727272727273,
                    0.5555555555555556
                ],
                [
                    0.9090909090909091,
                    0.3333333333333333
                ]
            ],
            "edge_distances": [
                0.2222222222222222,
                0.7777777777777778
            ],
            "dx": 0.36363636363636365,
            "dy": 0.1111111111111111,
            "move_angle": 0.29654580906970046,
            "move_distance": 0.38023293383270124,
            "angle_difference": -2.8450468445200925,
            "hold_type": 0.0
        },
        {
            "problemId": 328906,
            "description": "K7",
            "isStart": false,
            "isEnd": false,
            "normalized_coordinates": [
                0.9090909090909091,
                0.3333333333333333
            ],
            "neighbors": [
                [
                    0.8181818181818182,
                    0.2222222222222222
                ],
                [
                    0.7272727272727273,
                    0.5555555555555556
                ],
                [
                    0.5454545454545454,
                    0.2222222222222222
                ]
            ],
            "edge_distances": [
                0.3333333333333333,
                0.6666666666666667
            ],
            "dx": -0.18181818181818177,
            "dy": 0.22222222222222227,
            "move_angle": 2.2565258377011825,
            "move_distance": 0.28712465461721,
            "angle_difference": 1.9599800286314821,
            "hold_type": 0.0
        },
        {
            "problemId": 328906,
            "description": "I11",
            "isStart": false,
            "isEnd": false,
            "normalized_coordinates": [
                0.7272727272727273,
                0.5555555555555556
            ],
            "neighbors": [
                [
                    0.6363636363636364,
                    0.6666666666666666
                ],
                [
                    0.9090909090909091,
                    0.3333333333333333
                ],
                [
                    0.8181818181818182,
                    0.2222222222222222
                ]
            ],
            "edge_distances": [
                0.5555555555555556,
                0.4444444444444444
            ],
            "dx": -0.09090909090909094,
            "dy": 0.11111111111111105,
            "move_angle": 2.2565258377011834,
            "move_distance": 0.143562327308605,
            "angle_difference": 8.881784197001252e-16,
            "hold_type": 0.75
        },
        {
            "problemId": 328906,
            "description": "H13",
            "isStart": false,
            "isEnd": false,
            "normalized_coordinates": [
                0.6363636363636364,
                0.6666666666666666
            ],
            "neighbors": [
                [
                    0.7272727272727273,
                    0.5555555555555556
                ],
                [
                    0.7272727272727273,
                    0.9444444444444444
                ],
                [
                    0.36363636363636365,
                    0.7777777777777778
                ]
            ],
            "edge_distances": [
                0.6666666666666666,
                0.33333333333333337
            ],
            "dx": -0.2727272727272727,
            "dy": 0.11111111111111116,
            "move_angle": 2.754716935858765,
            "move_distance": 0.29449251994168185,
            "angle_difference": 0.49819109815758145,
            "hold_type": 0.0
        },
        {
            "problemId": 328906,
            "description": "E15",
            "isStart": false,
            "isEnd": false,
            "normalized_coordinates": [
                0.36363636363636365,
                0.7777777777777778
            ],
            "neighbors": [
                [
                    0.6363636363636364,
                    0.6666666666666666
                ],
                [
                    0.7272727272727273,
                    0.9444444444444444
                ],
                [
                    0.7272727272727273,
                    0.5555555555555556
                ]
            ],
            "edge_distances": [
                0.7777777777777778,
                0.2222222222222222
            ],
            "dx": 0.36363636363636365,
            "dy": 0.16666666666666663,
            "move_angle": 0.4297622790966884,
            "move_distance": 0.40001147825588135,
            "angle_difference": -2.3249546567620767,
            "hold_type": 1.0
        },
        {
            "problemId": 328906,
            "description": "I18",
            "isStart": false,
            "isEnd": true,
            "normalized_coordinates": [
                0.7272727272727273,
                0.9444444444444444
            ],
            "neighbors": [
                [
                    0.6363636363636364,
                    0.6666666666666666
                ],
                [
                    0.7272727272727273,
                    0.5555555555555556
                ],
                [
                    0.36363636363636365,
                    0.7777777777777778
                ]
            ],
            "edge_distances": [
                0.9444444444444444,
                0.05555555555555558
            ],
            "hold_type": 0.5
        }
    ],
    "data.apiId": 328906,
    "hold_presence": [
        0.0,
        0.0,
        0.0,
        0.0,
        0.0,
        0.0,
        0.0,
        0.0,
        0.0,
        0.0,
        0.0,
        0.0,
        0.0,
        0.0,
        0.0,
        0.0,
        0.0,
        0.0,
        0.0,
        0.0,
        0.0,
        0.0,
        0.0,
        0.0,
        0.0,
        0.0,
        0.0,
        0.0,
        0.0,
        0.0,
        0.0,
        0.0,
        0.0,
        0.0,
        0.0,
        0.0,
        0.0,
        0.0,
        0.0,
        0.0,
        0.0,
        0.0,
        0.0,
        0.0,
        0.0,
        0.0,
        0.0,
        0.0,
        0.0,
        0.0,
        1.0,
        0.0,
        0.0,
        1.0,
        0.0,
        0.0,
        0.0,
        0.0,
        0.0,
        0.0,
        0.0,
        0.0,
        0.0,
        0.0,
        0.0,
        0.0,
        0.0,
        0.0,
        0.0,
        0.0,
        0.0,
        0.0,
        0.0,
        0.0,
        0.0,
        0.0,
        1.0,
        0.0,
        0.0,
        0.0,
        0.0,
        0.0,
        0.0,
        0.0,
        0.0,
        0.0,
        0.0,
        0.0,
        0.0,
        0.0,
        0.0,
        0.0,
        0.0,
        0.0,
        0.0,
        0.0,
        0.0,
        0.0,
        0.0,
        0.0,
        0.0,
        0.0,
        0.0,
        0.0,
        0.0,
        0.0,
        0.0,
        0.0,
        0.0,
        0.0,
        0.0,
        0.0,
        0.0,
        0.0,
        0.0,
        0.0,
        0.0,
        0.0,
        1.0,
        0.0,
        0.0,
        0.0,
        0.0,
        0.0,
        0.0,
        0.0,
        0.0,
        0.0,
        0.0,
        0.0,
        0.0,
        0.0,
        0.0,
        0.0,
        0.0,
        0.0,
        0.0,
        0.0,
        0.0,
        1.0,
        0.0,
        0.0,
        0.0,
        0.0,
        0.0,
        0.0,
        0.0,
        0.0,
        0.0,
        0.0,
        0.0,
        0.0,
        0.0,
        0.0,
        0.0,
        0.0,
        0.0,
        0.0,
        1.0,
        0.0,
        0.0,
        0.0,
        0.0,
        0.0,
        0.0,
        0.0,
        0.0,
        0.0,
        0.0,
        0.0,
        0.0,
        0.0,
        0.0,
        0.0,
        0.0,
        0.0,
        0.0,
        0.0,
        0.0,
        0.0,
        0.0,
        0.0,
        0.0,
        0.0,
        0.0,
        0.0,
        0.0,
        0.0,
        0.0,
        0.0,
        0.0,
        0.0,
        0.0,
        0.0,
        0.0,
        1.0,
        0.0,
        0.0
    ],
    "hold_count_norm": -0.431361985245648,
    "hold_density": 0.21645021645021642,
    "vertical_progress": 0.12037037037037036
}