{
    "data.grade": "7C",
    "data.userGrade": null,
    "data.method": "Feet follow hands",
    "data.userRating": 0.0,
    "data.repeats": 0.0,
    "data.moves": [
        {
            "problemId": 420533,
            "description": "C5",
            "isStart": true,
            "isEnd": false,
            "normalized_coordinates": [
                0.18181818181818182,
                0.2222222222222222
            ],
            "neighbors": [
                [
                    0.2727272727272727,
                    0.5555555555555556
                ],
                [
                    0.6363636363636364,
                    0.16666666666666666
                ],
                [
                    0.7272727272727273,
                    0.4444444444444444
                ]
            ],
            "edge_distances": [
                0.2222222222222222,
                0.7777777777777778
            ],
            "dx": 0.45454545454545453,
            "dy": -0.05555555555555555,
            "move_angle": -0.12161902326134658,
            "move_distance": 0.45792793101209744,
            "hold_type": 0.0
        },
        {
            "problemId": 420533,
            "description": "H4",
            "isStart": true,
            "isEnd": false,
            "normalized_coordinates": [
                0.6363636363636364,
                0.16666666666666666
            ],
            "neighbors": [
                [
                    0.7272727272727273,
                    0.4444444444444444
                ],
                [
                    0.18181818181818182,
                    0.2222222222222222
                ],
                [
                    0.2727272727272727,
                    0.5555555555555556
                ]
            ],
            "edge_distances": [
                0.16666666666666666,
                0.8333333333333334
            ],
            "dx": 0.09090909090909094,
            "dy": 0.2777777777777778,
            "move_angle": 1.254510198882742,
            "move_distance": 0.292275480731925,
            "angle_difference": 1.3761292221440886,
            "hold_type": 0.5
        },
        {
            "problemId": 420533,
            "description": "I9",
            "isStart": false,
            "isEnd": false,
            "normalized_coordinates": [
                0.7272727272727273,
                0.4444444444444444
            ],
            "neighbors": [
                [
                    0.6363636363636364,
                    0.16666666666666666
                ],
                [
                    0.5454545454545454,
                    0.7777777777777778
                ],
                [
                    0.2727272727272727,
                    0.5555555555555556
                ]
            ],
            "edge_distances": [
                0.4444444444444444,
                0.5555555555555556
            ],
            "dx": -0.4545454545454546,
            "dy": 0.11111111111111116,
            "move_angle": 2.9018495447193366,
            "move_distance": 0.46792867967274626,
            "angle_difference": 1.6473393458365946,
            "hold_type": 0.5
        },
        {
            "problemId": 420533,
            "description": "D11",
            "isStart": false,
            "isEnd": false,
            "normalized_coordinates": [
                0.2727272727272727,
                0.5555555555555556
            ],
            "neighbors": [
                [
                    0.18181818181818182,
                    0.2222222222222222
                ],
                [
                    0.5454545454545454,
                    0.7777777777777778
                ],
                [
                    0.2727272727272727,
                    0.9444444444444444
                ]
            ],
            "edge_distances": [
                0.5555555555555556,
                0.4444444444444444
            ],
            "dx": 0.2727272727272727,
            "dy": 0.2222222222222222,
            "move_angle": 0.6837093116343713,
            "move_distance": 0.35179949024783835,
            "angle_difference": -2.2181402330849656,
            "hold_type": 0.5
        },
        {
            "problemId": 420533,
            "description": "G15",
            "isStart": false,
            "isEnd": false,
            "normalized_coordinates": [
                0.5454545454545454,
                0.7777777777777778
            ],
            "neighbors": [
                [
                    0.2727272727272727,
                    0.9444444444444444
                ],
                [
                    0.2727272727272727,
                    0.5555555555555556
                ],
                [
                    0.7272727272727273,
                    0.4444444444444444
                ]
            ],
            "edge_distances": [
                0.7777777777777778,
                0.2222222222222222
            ],
            "dx": -0.2727272727272727,
            "dy": 0.16666666666666663,
            "move_angle": 2.593043251139265,
            "move_distance": 0.319621562268621,
            "angle_difference": 1.9093339395048938,
            "hold_type": 1.0
        },
        {
            "problemId": 420533,
            "description": "D18",
            "isStart": false,
            "isEnd": true,
            "normalized_coordinates": [
                0.2727272727272727,
                0.9444444444444444
            ],
            "neighbors": [
                [
                    0.5454545454545454,
                    0.7777777777777778
                ],
                [
                    0.2727272727272727,
                    0.5555555555555556
                ],
                [
                    0.7272727272727273,
                    0.4444444444444444
                ]
            ],
            "edge_distances": [
                0.9444444444444444,
                0.05555555555555558
            ],
            "hold_type": 1.0
        }
    ],
    "data.apiId": 420533,
    "hold_presence": [
        0.0,
        0.0,
        0.0,
        0.0,
        0.0,
        0.0,
        0.0,
        0.0,
        0.0,
        0.0,
        0.0,
        0.0,
        0.0,
        0.0,
        0.0,
        0.0,
        0.0,
        0.0,
        0.0,
        0.0,
        0.0,
        0.0,
        0.0,
        0.0,
        0.0,
        0.0,
        0.0,
        0.0,
        0.0,
        0.0,
        0.0,
        0.0,
        0.0,
        0.0,
        0.0,
        0.0,
        0.0,
        0.0,
        0.0,
        0.0,
        1.0,
        0.0,
        0.0,
        0.0,
        0.0,
        0.0,
        1.0,
        0.0,
        0.0,
        0.0,
        0.0,
        0.0,
        0.0,
        0.0,
        0.0,
        0.0,
        0.0,
        0.0,
        0.0,
        0.0,
        0.0,
        0.0,
        0.0,
        0.0,
        0.0,
        0.0,
        0.0,
        0.0,
        0.0,
        0.0,
        0.0,
        0.0,
        0.0,
        0.0,
        0.0,
        0.0,
        0.0,
        0.0,
        0.0,
        0.0,
        0.0,
        0.0,
        0.0,
        0.0,
        0.0,
        0.0,
        0.0,
        0.0,
        0.0,
        0.0,
        0.0,
        0.0,
        0.0,
        0.0,
        0.0,
        0.0,
        1.0,
        0.0,
        0.0,
        0.0,
        0.0,
        0.0,
        0.0,
        0.0,
        0.0,
        0.0,
        0.0,
        0.0,
        0.0,
        0.0,
        0.0,
        0.0,
        0.0,
        1.0,
        0.0,
        0.0,
        0.0,
        0.0,
        0.0,
        0.0,
        0.0,
        0.0,
        0.0,
        0.0,
        0.0,
        0.0,
        0.0,
        0.0,
        0.0,
        0.0,
        0.0,
        0.0,
        0.0,
        0.0,
        0.0,
        0.0,
        0.0,
        0.0,
        0.0,
        0.0,
        0.0,
        0.0,
        0.0,
        0.0,
        0.0,
        0.0,
        0.0,
        0.0,
        0.0,
        0.0,
        0.0,
        0.0,
        0.0,
        0.0,
        0.0,
        0.0,
        0.0,
        0.0,
        0.0,
        0.0,
        1.0,
        0.0,
        0.0,
        0.0,
        0.0,
        0.0,
        0.0,
        0.0,
        0.0,
        0.0,
        0.0,
        0.0,
        0.0,
        0.0,
        0.0,
        0.0,
        0.0,
        0.0,
        0.0,
        0.0,
        0.0,
        0.0,
        0.0,
        0.0,
        0.0,
        0.0,
        0.0,
        0.0,
        0.0,
        0.0,
        1.0,
        0.0,
        0.0,
        0.0,
        0.0,
        0.0,
        0.0,
        0.0
    ],
    "hold_count_norm": -0.9624506127710697,
    "hold_density": 0.2727272727272727,
    "vertical_progress": 0.14444444444444443
}