{
    "data.grade": "7C",
    "data.userGrade": null,
    "data.method": "Feet follow hands",
    "data.userRating": 1.3862943611198906,
    "data.repeats": 1.3862943611198906,
    "data.moves": [
        {
            "problemId": 333505,
            "description": "A4",
            "isStart": true,
            "isEnd": false,
            "normalized_coordinates": [
                0.0,
                0.16666666666666666
            ],
            "neighbors": [
                [
                    0.09090909090909091,
                    0.5
                ],
                [
                    0.36363636363636365,
                    0.3333333333333333
                ],
                [
                    0.2727272727272727,
                    0.6666666666666666
                ]
            ],
            "edge_distances": [
                0.16666666666666666,
                0.8333333333333334
            ],
            "dx": 0.36363636363636365,
            "dy": 0.16666666666666666,
            "move_angle": 0.42976227909668846,
            "move_distance": 0.4000114782558814,
            "hold_type": 1.0
        },
        {
            "problemId": 333505,
            "description": "E7",
            "isStart": false,
            "isEnd": false,
            "normalized_coordinates": [
                0.36363636363636365,
                0.3333333333333333
            ],
            "neighbors": [
                [
                    0.09090909090909091,
                    0.5
                ],
                [
                    0.2727272727272727,
                    0.6666666666666666
                ],
                [
                    0.2727272727272727,
                    0.7222222222222222
                ]
            ],
            "edge_distances": [
                0.3333333333333333,
                0.6666666666666667
            ],
            "dx": -0.2727272727272727,
            "dy": 0.16666666666666669,
            "move_angle": 2.593043251139265,
            "move_distance": 0.319621562268621,
            "angle_difference": 2.1632809720425765,
            "hold_type": 0.75
        },
        {
            "problemId": 333505,
            "description": "B10",
            "isStart": false,
            "isEnd": false,
            "normalized_coordinates": [
                0.09090909090909091,
                0.5
            ],
            "neighbors": [
                [
                    0.2727272727272727,
                    0.6666666666666666
                ],
                [
                    0.2727272727272727,
                    0.7222222222222222
                ],
                [
                    0.36363636363636365,
                    0.3333333333333333
                ]
            ],
            "edge_distances": [
                0.5,
                0.5
            ],
            "dx": 0.1818181818181818,
            "dy": 0.16666666666666663,
            "move_angle": 0.7419472680059174,
            "move_distance": 0.24664879691060157,
            "angle_difference": -1.8510959831333478,
            "hold_type": 0.5
        },
        {
            "problemId": 333505,
            "description": "D13",
            "isStart": false,
            "isEnd": false,
            "normalized_coordinates": [
                0.2727272727272727,
                0.6666666666666666
            ],
            "neighbors": [
                [
                    0.2727272727272727,
                    0.7222222222222222
                ],
                [
                    0.09090909090909091,
                    0.5
                ],
                [
                    0.5454545454545454,
                    0.8333333333333334
                ]
            ],
            "edge_distances": [
                0.6666666666666666,
                0.33333333333333337
            ],
            "dx": 0.0,
            "dy": 0.05555555555555558,
            "move_angle": 1.5707963267948966,
            "move_distance": 0.05555555555555558,
            "angle_difference": 0.8288490587889792,
            "hold_type": 0.0
        },
        {
            "problemId": 333505,
            "description": "D14",
            "isStart": false,
            "isEnd": false,
            "normalized_coordinates": [
                0.2727272727272727,
                0.7222222222222222
            ],
            "neighbors": [
                [
                    0.2727272727272727,
                    0.6666666666666666
                ],
                [
                    0.09090909090909091,
                    0.5
                ],
                [
                    0.5454545454545454,
                    0.8333333333333334
                ]
            ],
            "edge_distances": [
                0.7222222222222222,
                0.2777777777777778
            ],
            "dx": 0.2727272727272727,
            "dy": 0.11111111111111116,
            "move_angle": 0.38687571773102825,
            "move_distance": 0.29449251994168185,
            "angle_difference": -1.1839206090638683,
            "hold_type": 0.75
        },
        {
            "problemId": 333505,
            "description": "G16",
            "isStart": false,
            "isEnd": false,
            "normalized_coordinates": [
                0.5454545454545454,
                0.8333333333333334
            ],
            "neighbors": [
                [
                    0.7272727272727273,
                    0.9444444444444444
                ],
                [
                    0.2727272727272727,
                    0.7222222222222222
                ],
                [
                    0.2727272727272727,
                    0.6666666666666666
                ]
            ],
            "edge_distances": [
                0.8333333333333334,
                0.16666666666666663
            ],
            "dx": 0.18181818181818188,
            "dy": 0.11111111111111105,
            "move_angle": 0.5485494024505276,
            "move_distance": 0.21308104151241403,
            "angle_difference": 0.1616736847194994,
            "hold_type": 0.75
        },
        {
            "problemId": 333505,
            "description": "I18",
            "isStart": false,
            "isEnd": true,
            "normalized_coordinates": [
                0.7272727272727273,
                0.9444444444444444
            ],
            "neighbors": [
                [
                    0.5454545454545454,
                    0.8333333333333334
                ],
                [
                    0.2727272727272727,
                    0.7222222222222222
                ],
                [
                    0.2727272727272727,
                    0.6666666666666666
                ]
            ],
            "edge_distances": [
                0.9444444444444444,
                0.05555555555555558
            ],
            "hold_type": 0.5
        }
    ],
    "data.apiId": 333505,
    "hold_presence": [
        0.0,
        0.0,
        0.0,
        0.0,
        0.0,
        0.0,
        0.0,
        0.0,
        0.0,
        0.0,
        0.0,
        0.0,
        0.0,
        0.0,
        0.0,
        0.0,
        0.0,
        0.0,
        0.0,
        0.0,
        0.0,
        0.0,
        0.0,
        0.0,
        0.0,
        0.0,
        0.0,
        0.0,
        0.0,
        0.0,
        0.0,
        0.0,
        0.0,
        1.0,
        0.0,
        0.0,
        0.0,
        0.0,
        0.0,
        0.0,
        0.0,
        0.0,
        0.0,
        0.0,
        0.0,
        0.0,
        0.0,
        0.0,
        0.0,
        0.0,
        0.0,
        0.0,
        0.0,
        0.0,
        0.0,
        0.0,
        0.0,
        0.0,
        0.0,
        0.0,
        0.0,
        0.0,
        0.0,
        0.0,
        0.0,
        0.0,
        0.0,
        0.0,
        0.0,
        0.0,
        1.0,
        0.0,
        0.0,
        0.0,
        0.0,
        0.0,
        0.0,
        0.0,
        0.0,
        0.0,
        0.0,
        0.0,
        0.0,
        0.0,
        0.0,
        0.0,
        0.0,
        0.0,
        0.0,
        0.0,
        0.0,
        0.0,
        0.0,
        0.0,
        0.0,
        0.0,
        0.0,
        0.0,
        0.0,
        0.0,
        1.0,
        0.0,
        0.0,
        0.0,
        0.0,
        0.0,
        0.0,
        0.0,
        0.0,
        0.0,
        0.0,
        0.0,
        0.0,
        0.0,
        0.0,
        0.0,
        0.0,
        0.0,
        0.0,
        0.0,
        0.0,
        0.0,
        0.0,
        0.0,
        0.0,
        0.0,
        0.0,
        0.0,
        0.0,
        0.0,
        0.0,
        0.0,
        0.0,
        0.0,
        0.0,
        1.0,
        0.0,
        0.0,
        0.0,
        0.0,
        0.0,
        0.0,
        0.0,
        0.0,
        0.0,
        0.0,
        1.0,
        0.0,
        0.0,
        0.0,
        0.0,
        0.0,
        0.0,
        0.0,
        0.0,
        0.0,
        0.0,
        0.0,
        0.0,
        0.0,
        0.0,
        0.0,
        0.0,
        0.0,
        0.0,
        0.0,
        0.0,
        0.0,
        0.0,
        0.0,
        0.0,
        1.0,
        0.0,
        0.0,
        0.0,
        0.0,
        0.0,
        0.0,
        0.0,
        0.0,
        0.0,
        0.0,
        0.0,
        0.0,
        0.0,
        0.0,
        0.0,
        0.0,
        0.0,
        0.0,
        0.0,
        0.0,
        0.0,
        0.0,
        0.0,
        1.0,
        0.0,
        0.0
    ],
    "hold_count_norm": -0.431361985245648,
    "hold_density": 0.3030303030303029,
    "vertical_progress": 0.12962962962962962
}