{
    "data.grade": "7C",
    "data.userGrade": "7C",
    "data.method": "Feet follow hands",
    "data.userRating": 1.791759469228055,
    "data.repeats": 1.6094379124341003,
    "data.moves": [
        {
            "problemId": 320287,
            "description": "D5",
            "isStart": true,
            "isEnd": false,
            "normalized_coordinates": [
                0.2727272727272727,
                0.2222222222222222
            ],
            "neighbors": [
                [
                    0.45454545454545453,
                    0.5
                ],
                [
                    0.36363636363636365,
                    0.5555555555555556
                ],
                [
                    0.6363636363636364,
                    0.1111111111111111
                ]
            ],
            "edge_distances": [
                0.2222222222222222,
                0.7777777777777778
            ],
            "dx": 0.36363636363636365,
            "dy": -0.1111111111111111,
            "move_angle": -0.29654580906970046,
            "move_distance": 0.38023293383270124,
            "hold_type": 0.5
        },
        {
            "problemId": 320287,
            "description": "H3",
            "isStart": true,
            "isEnd": false,
            "normalized_coordinates": [
                0.6363636363636364,
                0.1111111111111111
            ],
            "neighbors": [
                [
                    0.2727272727272727,
                    0.2222222222222222
                ],
                [
                    0.45454545454545453,
                    0.5
                ],
                [
                    0.36363636363636365,
                    0.5555555555555556
                ]
            ],
            "edge_distances": [
                0.1111111111111111,
                0.8888888888888888
            ],
            "dx": -0.18181818181818182,
            "dy": 0.3888888888888889,
            "move_angle": 2.0081342185427804,
            "move_distance": 0.4292929292929293,
            "angle_difference": 2.304680027612481,
            "hold_type": 0.25
        },
        {
            "problemId": 320287,
            "description": "F10",
            "isStart": false,
            "isEnd": false,
            "normalized_coordinates": [
                0.45454545454545453,
                0.5
            ],
            "neighbors": [
                [
                    0.36363636363636365,
                    0.5555555555555556
                ],
                [
                    0.7272727272727273,
                    0.6666666666666666
                ],
                [
                    0.2727272727272727,
                    0.2222222222222222
                ]
            ],
            "edge_distances": [
                0.5,
                0.5
            ],
            "dx": -0.09090909090909088,
            "dy": 0.05555555555555558,
            "move_angle": 2.5930432511392647,
            "move_distance": 0.106540520756207,
            "angle_difference": 0.5849090325964843,
            "hold_type": 0.5
        },
        {
            "problemId": 320287,
            "description": "E11",
            "isStart": false,
            "isEnd": false,
            "normalized_coordinates": [
                0.36363636363636365,
                0.5555555555555556
            ],
            "neighbors": [
                [
                    0.45454545454545453,
                    0.5
                ],
                [
                    0.45454545454545453,
                    0.8888888888888888
                ],
                [
                    0.2727272727272727,
                    0.2222222222222222
                ]
            ],
            "edge_distances": [
                0.5555555555555556,
                0.4444444444444444
            ],
            "dx": 0.36363636363636365,
            "dy": 0.11111111111111105,
            "move_angle": 0.2965458090697003,
            "move_distance": 0.38023293383270124,
            "angle_difference": -2.2964974420695645,
            "hold_type": 0.0
        },
        {
            "problemId": 320287,
            "description": "I13",
            "isStart": false,
            "isEnd": false,
            "normalized_coordinates": [
                0.7272727272727273,
                0.6666666666666666
            ],
            "neighbors": [
                [
                    0.8181818181818182,
                    0.9444444444444444
                ],
                [
                    0.45454545454545453,
                    0.5
                ],
                [
                    0.45454545454545453,
                    0.8888888888888888
                ]
            ],
            "edge_distances": [
                0.6666666666666666,
                0.33333333333333337
            ],
            "dx": -0.27272727272727276,
            "dy": 0.2222222222222222,
            "move_angle": 2.457883341955422,
            "move_distance": 0.35179949024783835,
            "angle_difference": 2.161337532885722,
            "hold_type": 0.75
        },
        {
            "problemId": 320287,
            "description": "F17",
            "isStart": false,
            "isEnd": false,
            "normalized_coordinates": [
                0.45454545454545453,
                0.8888888888888888
            ],
            "neighbors": [
                [
                    0.36363636363636365,
                    0.5555555555555556
                ],
                [
                    0.7272727272727273,
                    0.6666666666666666
                ],
                [
                    0.8181818181818182,
                    0.9444444444444444
                ]
            ],
            "edge_distances": [
                0.8888888888888888,
                0.11111111111111116
            ],
            "dx": 0.3636363636363637,
            "dy": 0.05555555555555558,
            "move_angle": 0.15160548743827287,
            "move_distance": 0.3678557118107101,
            "angle_difference": -2.306277854517149,
            "hold_type": 0.75
        },
        {
            "problemId": 320287,
            "description": "J18",
            "isStart": false,
            "isEnd": true,
            "normalized_coordinates": [
                0.8181818181818182,
                0.9444444444444444
            ],
            "neighbors": [
                [
                    0.7272727272727273,
                    0.6666666666666666
                ],
                [
                    0.45454545454545453,
                    0.8888888888888888
                ],
                [
                    0.45454545454545453,
                    0.5
                ]
            ],
            "edge_distances": [
                0.9444444444444444,
                0.05555555555555558
            ],
            "hold_type": 0.75
        }
    ],
    "data.apiId": 320287,
    "hold_presence": [
        0.0,
        0.0,
        0.0,
        0.0,
        0.0,
        0.0,
        0.0,
        0.0,
        0.0,
        0.0,
        0.0,
        0.0,
        0.0,
        0.0,
        0.0,
        0.0,
        0.0,
        0.0,
        0.0,
        0.0,
        0.0,
        0.0,
        0.0,
        0.0,
        0.0,
        0.0,
        0.0,
        0.0,
        0.0,
        1.0,
        0.0,
        0.0,
        0.0,
        0.0,
        0.0,
        0.0,
        0.0,
        0.0,
        0.0,
        0.0,
        0.0,
        0.0,
        0.0,
        0.0,
        0.0,
        0.0,
        0.0,
        1.0,
        0.0,
        0.0,
        0.0,
        0.0,
        0.0,
        0.0,
        0.0,
        0.0,
        0.0,
        0.0,
        0.0,
        0.0,
        0.0,
        0.0,
        0.0,
        0.0,
        0.0,
        0.0,
        0.0,
        0.0,
        0.0,
        0.0,
        0.0,
        0.0,
        0.0,
        0.0,
        0.0,
        0.0,
        0.0,
        0.0,
        0.0,
        0.0,
        0.0,
        0.0,
        0.0,
        0.0,
        0.0,
        0.0,
        0.0,
        0.0,
        0.0,
        0.0,
        0.0,
        0.0,
        0.0,
        0.0,
        0.0,
        0.0,
        0.0,
        0.0,
        0.0,
        0.0,
        0.0,
        0.0,
        0.0,
        0.0,
        1.0,
        0.0,
        0.0,
        0.0,
        0.0,
        0.0,
        0.0,
        0.0,
        0.0,
        0.0,
        1.0,
        0.0,
        0.0,
        0.0,
        0.0,
        0.0,
        0.0,
        0.0,
        0.0,
        0.0,
        0.0,
        0.0,
        0.0,
        0.0,
        0.0,
        0.0,
        0.0,
        0.0,
        0.0,
        0.0,
        0.0,
        0.0,
        0.0,
        0.0,
        0.0,
        0.0,
        1.0,
        0.0,
        0.0,
        0.0,
        0.0,
        0.0,
        0.0,
        0.0,
        0.0,
        0.0,
        0.0,
        0.0,
        0.0,
        0.0,
        0.0,
        0.0,
        0.0,
        0.0,
        0.0,
        0.0,
        0.0,
        0.0,
        0.0,
        0.0,
        0.0,
        0.0,
        0.0,
        0.0,
        0.0,
        0.0,
        0.0,
        0.0,
        0.0,
        0.0,
        0.0,
        0.0,
        0.0,
        0.0,
        0.0,
        0.0,
        0.0,
        1.0,
        0.0,
        0.0,
        0.0,
        0.0,
        0.0,
        0.0,
        0.0,
        0.0,
        0.0,
        0.0,
        0.0,
        0.0,
        0.0,
        0.0,
        1.0,
        0.0
    ],
    "hold_count_norm": -0.431361985245648,
    "hold_density": 0.24242424242424238,
    "vertical_progress": 0.12037037037037036
}