{
    "data.grade": "7C",
    "data.userGrade": null,
    "data.method": "Feet follow hands",
    "data.userRating": 0.0,
    "data.repeats": 0.0,
    "data.moves": [
        {
            "problemId": 346162,
            "description": "F3",
            "isStart": true,
            "isEnd": false,
            "normalized_coordinates": [
                0.45454545454545453,
                0.1111111111111111
            ],
            "neighbors": [
                [
                    0.09090909090909091,
                    0.2777777777777778
                ],
                [
                    0.18181818181818182,
                    0.5555555555555556
                ],
                [
                    0.09090909090909091,
                    0.5
                ]
            ],
            "edge_distances": [
                0.1111111111111111,
                0.8888888888888888
            ],
            "dx": -0.36363636363636365,
            "dy": 0.16666666666666669,
            "move_angle": 2.7118303744931045,
            "move_distance": 0.4000114782558814,
            "hold_type": 0.75
        },
        {
            "problemId": 346162,
            "description": "B6",
            "isStart": true,
            "isEnd": false,
            "normalized_coordinates": [
                0.09090909090909091,
                0.2777777777777778
            ],
            "neighbors": [
                [
                    0.09090909090909091,
                    0.5
                ],
                [
                    0.18181818181818182,
                    0.5555555555555556
                ],
                [
                    0.45454545454545453,
                    0.1111111111111111
                ]
            ],
            "edge_distances": [
                0.2777777777777778,
                0.7222222222222222
            ],
            "dx": 0.09090909090909091,
            "dy": 0.2777777777777778,
            "move_angle": 1.254510198882742,
            "move_distance": 0.292275480731925,
            "angle_difference": -1.4573201756103624,
            "hold_type": 0.0
        },
        {
            "problemId": 346162,
            "description": "C11",
            "isStart": false,
            "isEnd": false,
            "normalized_coordinates": [
                0.18181818181818182,
                0.5555555555555556
            ],
            "neighbors": [
                [
                    0.09090909090909091,
                    0.5
                ],
                [
                    0.09090909090909091,
                    0.2777777777777778
                ],
                [
                    0.2727272727272727,
                    0.9444444444444444
                ]
            ],
            "edge_distances": [
                0.5555555555555556,
                0.4444444444444444
            ],
            "dx": -0.09090909090909091,
            "dy": -0.05555555555555558,
            "move_angle": -2.593043251139265,
            "move_distance": 0.10654052075620701,
            "angle_difference": -3.847553450022007,
            "hold_type": 0.75
        },
        {
            "problemId": 346162,
            "description": "B10",
            "isStart": false,
            "isEnd": false,
            "normalized_coordinates": [
                0.09090909090909091,
                0.5
            ],
            "neighbors": [
                [
                    0.18181818181818182,
                    0.5555555555555556
                ],
                [
                    0.09090909090909091,
                    0.2777777777777778
                ],
                [
                    0.2727272727272727,
                    0.9444444444444444
                ]
            ],
            "edge_distances": [
                0.5,
                0.5
            ],
            "dx": 0.6363636363636364,
            "dy": 0.11111111111111116,
            "move_angle": 0.17286060678714502,
            "move_distance": 0.6459909880937165,
            "angle_difference": 2.76590385792641,
            "hold_type": 0.5
        },
        {
            "problemId": 346162,
            "description": "I12",
            "isStart": false,
            "isEnd": false,
            "normalized_coordinates": [
                0.7272727272727273,
                0.6111111111111112
            ],
            "neighbors": [
                [
                    0.7272727272727273,
                    0.7777777777777778
                ],
                [
                    0.7272727272727273,
                    0.8888888888888888
                ],
                [
                    0.18181818181818182,
                    0.5555555555555556
                ]
            ],
            "edge_distances": [
                0.6111111111111112,
                0.38888888888888884
            ],
            "dx": 0.0,
            "dy": 0.16666666666666663,
            "move_angle": 1.5707963267948966,
            "move_distance": 0.16666666666666663,
            "angle_difference": 1.3979357200077516,
            "hold_type": 0.5
        },
        {
            "problemId": 346162,
            "description": "I15",
            "isStart": false,
            "isEnd": false,
            "normalized_coordinates": [
                0.7272727272727273,
                0.7777777777777778
            ],
            "neighbors": [
                [
                    0.7272727272727273,
                    0.8888888888888888
                ],
                [
                    0.7272727272727273,
                    0.6111111111111112
                ],
                [
                    0.2727272727272727,
                    0.9444444444444444
                ]
            ],
            "edge_distances": [
                0.7777777777777778,
                0.2222222222222222
            ],
            "dx": 0.0,
            "dy": 0.11111111111111105,
            "move_angle": 1.5707963267948966,
            "move_distance": 0.11111111111111105,
            "angle_difference": 0.0,
            "hold_type": 0.25
        },
        {
            "problemId": 346162,
            "description": "I17",
            "isStart": false,
            "isEnd": false,
            "normalized_coordinates": [
                0.7272727272727273,
                0.8888888888888888
            ],
            "neighbors": [
                [
                    0.7272727272727273,
                    0.7777777777777778
                ],
                [
                    0.7272727272727273,
                    0.6111111111111112
                ],
                [
                    0.2727272727272727,
                    0.9444444444444444
                ]
            ],
            "edge_distances": [
                0.8888888888888888,
                0.11111111111111116
            ],
            "dx": -0.4545454545454546,
            "dy": 0.05555555555555558,
            "move_angle": 3.0199736303284466,
            "move_distance": 0.4579279310120975,
            "angle_difference": 1.44917730353355,
            "hold_type": 0.0
        },
        {
            "problemId": 346162,
            "description": "D18",
            "isStart": false,
            "isEnd": true,
            "normalized_coordinates": [
                0.2727272727272727,
                0.9444444444444444
            ],
            "neighbors": [
                [
                    0.18181818181818182,
                    0.5555555555555556
                ],
                [
                    0.7272727272727273,
                    0.8888888888888888
                ],
                [
                    0.09090909090909091,
                    0.5
                ]
            ],
            "edge_distances": [
                0.9444444444444444,
                0.05555555555555558
            ],
            "hold_type": 1.0
        }
    ],
    "data.apiId": 346162,
    "hold_presence": [
        0.0,
        0.0,
        0.0,
        0.0,
        0.0,
        0.0,
        0.0,
        0.0,
        0.0,
        0.0,
        0.0,
        0.0,
        0.0,
        0.0,
        0.0,
        0.0,
        0.0,
        0.0,
        0.0,
        0.0,
        0.0,
        0.0,
        0.0,
        0.0,
        0.0,
        0.0,
        0.0,
        1.0,
        0.0,
        0.0,
        0.0,
        0.0,
        0.0,
        0.0,
        0.0,
        0.0,
        0.0,
        0.0,
        0.0,
        0.0,
        0.0,
        0.0,
        0.0,
        0.0,
        0.0,
        0.0,
        0.0,
        0.0,
        0.0,
        0.0,
        0.0,
        0.0,
        0.0,
        0.0,
        0.0,
        0.0,
        1.0,
        0.0,
        0.0,
        0.0,
        0.0,
        0.0,
        0.0,
        0.0,
        0.0,
        0.0,
        0.0,
        0.0,
        0.0,
        0.0,
        0.0,
        0.0,
        0.0,
        0.0,
        0.0,
        0.0,
        0.0,
        0.0,
        0.0,
        0.0,
        0.0,
        0.0,
        0.0,
        0.0,
        0.0,
        0.0,
        0.0,
        0.0,
        0.0,
        0.0,
        0.0,
        0.0,
        0.0,
        0.0,
        0.0,
        0.0,
        0.0,
        0.0,
        0.0,
        0.0,
        1.0,
        0.0,
        0.0,
        0.0,
        0.0,
        0.0,
        0.0,
        0.0,
        0.0,
        0.0,
        0.0,
        0.0,
        1.0,
        0.0,
        0.0,
        0.0,
        0.0,
        0.0,
        0.0,
        0.0,
        0.0,
        0.0,
        0.0,
        0.0,
        0.0,
        0.0,
        0.0,
        0.0,
        0.0,
        1.0,
        0.0,
        0.0,
        0.0,
        0.0,
        0.0,
        0.0,
        0.0,
        0.0,
        0.0,
        0.0,
        0.0,
        0.0,
        0.0,
        0.0,
        0.0,
        0.0,
        0.0,
        0.0,
        0.0,
        0.0,
        0.0,
        0.0,
        0.0,
        0.0,
        0.0,
        0.0,
        0.0,
        0.0,
        0.0,
        0.0,
        0.0,
        0.0,
        1.0,
        0.0,
        0.0,
        0.0,
        0.0,
        0.0,
        0.0,
        0.0,
        0.0,
        0.0,
        0.0,
        0.0,
        0.0,
        0.0,
        0.0,
        0.0,
        0.0,
        0.0,
        0.0,
        0.0,
        0.0,
        0.0,
        1.0,
        0.0,
        0.0,
        0.0,
        0.0,
        0.0,
        1.0,
        0.0,
        0.0,
        0.0,
        0.0,
        0.0,
        0.0,
        0.0
    ],
    "hold_count_norm": 0.09972664227977365,
    "hold_density": 0.3376623376623377,
    "vertical_progress": 0.11904761904761904
}