{
    "data.grade": "7C",
    "data.userGrade": "7C",
    "data.method": "Feet follow hands",
    "data.userRating": 1.6094379124341003,
    "data.repeats": 1.3862943611198906,
    "data.moves": [
        {
            "problemId": 453496,
            "description": "D5",
            "isStart": true,
            "isEnd": false,
            "normalized_coordinates": [
                0.2727272727272727,
                0.2222222222222222
            ],
            "neighbors": [
                [
                    0.45454545454545453,
                    0.5555555555555556
                ],
                [
                    0.18181818181818182,
                    0.6111111111111112
                ],
                [
                    0.36363636363636365,
                    0.7222222222222222
                ]
            ],
            "edge_distances": [
                0.2222222222222222,
                0.7777777777777778
            ],
            "dx": 0.18181818181818182,
            "dy": 0.33333333333333337,
            "move_angle": 1.0714496051147666,
            "move_distance": 0.3796958813982324,
            "hold_type": 0.5
        },
        {
            "problemId": 453496,
            "description": "F11",
            "isStart": false,
            "isEnd": false,
            "normalized_coordinates": [
                0.45454545454545453,
                0.5555555555555556
            ],
            "neighbors": [
                [
                    0.36363636363636365,
                    0.7222222222222222
                ],
                [
                    0.18181818181818182,
                    0.6111111111111112
                ],
                [
                    0.2727272727272727,
                    0.2222222222222222
                ]
            ],
            "edge_distances": [
                0.5555555555555556,
                0.4444444444444444
            ],
            "dx": -0.2727272727272727,
            "dy": 0.05555555555555558,
            "move_angle": 2.940638389901696,
            "move_distance": 0.2783281966354516,
            "angle_difference": 1.8691887847869295,
            "hold_type": 1.0
        },
        {
            "problemId": 453496,
            "description": "C12",
            "isStart": false,
            "isEnd": false,
            "normalized_coordinates": [
                0.18181818181818182,
                0.6111111111111112
            ],
            "neighbors": [
                [
                    0.36363636363636365,
                    0.7222222222222222
                ],
                [
                    0.18181818181818182,
                    0.8888888888888888
                ],
                [
                    0.45454545454545453,
                    0.5555555555555556
                ]
            ],
            "edge_distances": [
                0.6111111111111112,
                0.38888888888888884
            ],
            "dx": 0.18181818181818182,
            "dy": 0.11111111111111105,
            "move_angle": 0.5485494024505279,
            "move_distance": 0.21308104151241397,
            "angle_difference": -2.392088987451168,
            "hold_type": 1.0
        },
        {
            "problemId": 453496,
            "description": "E14",
            "isStart": false,
            "isEnd": false,
            "normalized_coordinates": [
                0.36363636363636365,
                0.7222222222222222
            ],
            "neighbors": [
                [
                    0.45454545454545453,
                    0.5555555555555556
                ],
                [
                    0.18181818181818182,
                    0.6111111111111112
                ],
                [
                    0.18181818181818182,
                    0.8888888888888888
                ]
            ],
            "edge_distances": [
                0.7222222222222222,
                0.2777777777777778
            ],
            "dx": -0.18181818181818182,
            "dy": 0.16666666666666663,
            "move_angle": 2.399645385583876,
            "move_distance": 0.24664879691060157,
            "angle_difference": 1.851095983133348,
            "hold_type": 1.0
        },
        {
            "problemId": 453496,
            "description": "C17",
            "isStart": false,
            "isEnd": false,
            "normalized_coordinates": [
                0.18181818181818182,
                0.8888888888888888
            ],
            "neighbors": [
                [
                    0.36363636363636365,
                    0.7222222222222222
                ],
                [
                    0.18181818181818182,
                    0.6111111111111112
                ],
                [
                    0.5454545454545454,
                    0.9444444444444444
                ]
            ],
            "edge_distances": [
                0.8888888888888888,
                0.11111111111111116
            ],
            "dx": 0.3636363636363636,
            "dy": 0.05555555555555558,
            "move_angle": 0.1516054874382729,
            "move_distance": 0.36785571181071,
            "angle_difference": -2.248039898145603,
            "hold_type": 0.75
        },
        {
            "problemId": 453496,
            "description": "G18",
            "isStart": false,
            "isEnd": true,
            "normalized_coordinates": [
                0.5454545454545454,
                0.9444444444444444
            ],
            "neighbors": [
                [
                    0.36363636363636365,
                    0.7222222222222222
                ],
                [
                    0.18181818181818182,
                    0.8888888888888888
                ],
                [
                    0.45454545454545453,
                    0.5555555555555556
                ]
            ],
            "edge_distances": [
                0.9444444444444444,
                0.05555555555555558
            ],
            "hold_type": 0.0
        }
    ],
    "data.apiId": 453496,
    "hold_presence": [
        0.0,
        0.0,
        0.0,
        0.0,
        0.0,
        0.0,
        0.0,
        0.0,
        0.0,
        0.0,
        0.0,
        0.0,
        0.0,
        0.0,
        0.0,
        0.0,
        0.0,
        0.0,
        0.0,
        0.0,
        0.0,
        0.0,
        0.0,
        0.0,
        0.0,
        0.0,
        0.0,
        0.0,
        0.0,
        0.0,
        0.0,
        0.0,
        0.0,
        0.0,
        0.0,
        0.0,
        0.0,
        0.0,
        0.0,
        0.0,
        0.0,
        0.0,
        0.0,
        0.0,
        0.0,
        0.0,
        0.0,
        1.0,
        0.0,
        0.0,
        0.0,
        0.0,
        0.0,
        0.0,
        0.0,
        0.0,
        0.0,
        0.0,
        0.0,
        0.0,
        0.0,
        0.0,
        0.0,
        0.0,
        0.0,
        0.0,
        0.0,
        0.0,
        0.0,
        0.0,
        0.0,
        0.0,
        0.0,
        0.0,
        0.0,
        0.0,
        0.0,
        0.0,
        0.0,
        0.0,
        0.0,
        0.0,
        0.0,
        0.0,
        0.0,
        0.0,
        0.0,
        0.0,
        0.0,
        0.0,
        0.0,
        0.0,
        0.0,
        0.0,
        0.0,
        0.0,
        0.0,
        0.0,
        0.0,
        0.0,
        0.0,
        0.0,
        0.0,
        0.0,
        0.0,
        0.0,
        0.0,
        0.0,
        0.0,
        0.0,
        0.0,
        0.0,
        0.0,
        0.0,
        0.0,
        1.0,
        0.0,
        0.0,
        0.0,
        0.0,
        0.0,
        0.0,
        0.0,
        1.0,
        0.0,
        0.0,
        0.0,
        0.0,
        0.0,
        0.0,
        0.0,
        0.0,
        0.0,
        0.0,
        0.0,
        0.0,
        0.0,
        0.0,
        0.0,
        0.0,
        0.0,
        0.0,
        0.0,
        0.0,
        0.0,
        0.0,
        0.0,
        1.0,
        0.0,
        0.0,
        0.0,
        0.0,
        0.0,
        0.0,
        0.0,
        0.0,
        0.0,
        0.0,
        0.0,
        0.0,
        0.0,
        0.0,
        0.0,
        0.0,
        0.0,
        0.0,
        0.0,
        0.0,
        0.0,
        0.0,
        0.0,
        0.0,
        0.0,
        0.0,
        0.0,
        0.0,
        0.0,
        0.0,
        1.0,
        0.0,
        0.0,
        0.0,
        0.0,
        0.0,
        0.0,
        0.0,
        0.0,
        0.0,
        0.0,
        0.0,
        0.0,
        0.0,
        0.0,
        1.0,
        0.0,
        0.0,
        0.0,
        0.0
    ],
    "hold_count_norm": -0.9624506127710697,
    "hold_density": 0.1818181818181818,
    "vertical_progress": 0.14444444444444443
}