{
    "data.grade": "7C",
    "data.userGrade": null,
    "data.method": "Feet follow hands",
    "data.userRating": 0.0,
    "data.repeats": 0.0,
    "data.moves": [
        {
            "problemId": 313422,
            "description": "C13",
            "isStart": false,
            "isEnd": false,
            "normalized_coordinates": [
                0.18181818181818182,
                0.6666666666666666
            ],
            "neighbors": [
                [
                    0.5454545454545454,
                    0.3333333333333333
                ],
                [
                    0.09090909090909091,
                    0.16666666666666666
                ],
                [
                    0.6363636363636364,
                    0.9444444444444444
                ]
            ],
            "edge_distances": [
                0.6666666666666666,
                0.33333333333333337
            ],
            "dx": 0.3636363636363636,
            "dy": -0.5555555555555556,
            "move_angle": -0.9912323415015736,
            "move_distance": 0.6639829668502948,
            "hold_type": 1.0
        },
        {
            "problemId": 313422,
            "description": "G3",
            "isStart": false,
            "isEnd": false,
            "normalized_coordinates": [
                0.5454545454545454,
                0.1111111111111111
            ],
            "neighbors": [
                [
                    0.5454545454545454,
                    0.3333333333333333
                ],
                [
                    0.09090909090909091,
                    0.16666666666666666
                ],
                [
                    0.18181818181818182,
                    0.6666666666666666
                ]
            ],
            "edge_distances": [
                0.1111111111111111,
                0.8888888888888888
            ],
            "dx": 0.0,
            "dy": 0.2222222222222222,
            "move_angle": 1.5707963267948966,
            "move_distance": 0.2222222222222222,
            "angle_difference": 2.5620286682964704,
            "hold_type": 0.0
        },
        {
            "problemId": 313422,
            "description": "G7",
            "isStart": false,
            "isEnd": false,
            "normalized_coordinates": [
                0.5454545454545454,
                0.3333333333333333
            ],
            "neighbors": [
                [
                    0.5454545454545454,
                    0.1111111111111111
                ],
                [
                    0.09090909090909091,
                    0.16666666666666666
                ],
                [
                    0.18181818181818182,
                    0.6666666666666666
                ]
            ],
            "edge_distances": [
                0.3333333333333333,
                0.6666666666666667
            ],
            "dx": -0.4545454545454545,
            "dy": -0.16666666666666666,
            "move_angle": -2.7901478595862415,
            "move_distance": 0.48413773662637744,
            "angle_difference": -4.360944186381138,
            "hold_type": 0.25
        },
        {
            "problemId": 313422,
            "description": "B4",
            "isStart": true,
            "isEnd": false,
            "normalized_coordinates": [
                0.09090909090909091,
                0.16666666666666666
            ],
            "neighbors": [
                [
                    0.5454545454545454,
                    0.1111111111111111
                ],
                [
                    0.5454545454545454,
                    0.3333333333333333
                ],
                [
                    0.18181818181818182,
                    0.6666666666666666
                ]
            ],
            "edge_distances": [
                0.16666666666666666,
                0.8333333333333334
            ],
            "dx": 0.5454545454545454,
            "dy": 0.7777777777777778,
            "move_angle": 0.9591992824866347,
            "move_distance": 0.9499783854183015,
            "angle_difference": 3.7493471420728763,
            "hold_type": 0.0
        },
        {
            "problemId": 313422,
            "description": "H18",
            "isStart": false,
            "isEnd": true,
            "normalized_coordinates": [
                0.6363636363636364,
                0.9444444444444444
            ],
            "neighbors": [
                [
                    0.18181818181818182,
                    0.6666666666666666
                ],
                [
                    0.5454545454545454,
                    0.3333333333333333
                ],
                [
                    0.5454545454545454,
                    0.1111111111111111
                ]
            ],
            "edge_distances": [
                0.9444444444444444,
                0.05555555555555558
            ],
            "hold_type": 1.0
        }
    ],
    "data.apiId": 313422,
    "hold_presence": [
        0.0,
        0.0,
        0.0,
        0.0,
        0.0,
        0.0,
        0.0,
        0.0,
        0.0,
        0.0,
        0.0,
        0.0,
        0.0,
        0.0,
        0.0,
        0.0,
        0.0,
        0.0,
        0.0,
        0.0,
        0.0,
        0.0,
        0.0,
        0.0,
        0.0,
        0.0,
        0.0,
        0.0,
        1.0,
        0.0,
        0.0,
        0.0,
        0.0,
        0.0,
        1.0,
        0.0,
        0.0,
        0.0,
        0.0,
        0.0,
        0.0,
        0.0,
        0.0,
        0.0,
        0.0,
        0.0,
        0.0,
        0.0,
        0.0,
        0.0,
        0.0,
        0.0,
        0.0,
        0.0,
        0.0,
        0.0,
        0.0,
        0.0,
        0.0,
        0.0,
        0.0,
        0.0,
        0.0,
        0.0,
        0.0,
        0.0,
        0.0,
        0.0,
        0.0,
        0.0,
        0.0,
        0.0,
        1.0,
        0.0,
        0.0,
        0.0,
        0.0,
        0.0,
        0.0,
        0.0,
        0.0,
        0.0,
        0.0,
        0.0,
        0.0,
        0.0,
        0.0,
        0.0,
        0.0,
        0.0,
        0.0,
        0.0,
        0.0,
        0.0,
        0.0,
        0.0,
        0.0,
        0.0,
        0.0,
        0.0,
        0.0,
        0.0,
        0.0,
        0.0,
        0.0,
        0.0,
        0.0,
        0.0,
        0.0,
        0.0,
        0.0,
        0.0,
        0.0,
        0.0,
        0.0,
        0.0,
        0.0,
        0.0,
        0.0,
        0.0,
        0.0,
        0.0,
        0.0,
        0.0,
        0.0,
        0.0,
        0.0,
        0.0,
        0.0,
        0.0,
        0.0,
        0.0,
        0.0,
        0.0,
        1.0,
        0.0,
        0.0,
        0.0,
        0.0,
        0.0,
        0.0,
        0.0,
        0.0,
        0.0,
        0.0,
        0.0,
        0.0,
        0.0,
        0.0,
        0.0,
        0.0,
        0.0,
        0.0,
        0.0,
        0.0,
        0.0,
        0.0,
        0.0,
        0.0,
        0.0,
        0.0,
        0.0,
        0.0,
        0.0,
        0.0,
        0.0,
        0.0,
        0.0,
        0.0,
        0.0,
        0.0,
        0.0,
        0.0,
        0.0,
        0.0,
        0.0,
        0.0,
        0.0,
        0.0,
        0.0,
        0.0,
        0.0,
        0.0,
        0.0,
        0.0,
        0.0,
        0.0,
        0.0,
        0.0,
        0.0,
        0.0,
        0.0,
        0.0,
        0.0,
        1.0,
        0.0,
        0.0,
        0.0
    ],
    "hold_count_norm": -1.4935392402964913,
    "hold_density": 0.2909090909090909,
    "vertical_progress": 0.06944444444444445
}