{
    "data.grade": "7C",
    "data.userGrade": "7C",
    "data.method": "Feet follow hands",
    "data.userRating": 1.6094379124341003,
    "data.repeats": 0.6931471805599453,
    "data.moves": [
        {
            "problemId": 385067,
            "description": "K4",
            "isStart": true,
            "isEnd": false,
            "normalized_coordinates": [
                0.9090909090909091,
                0.16666666666666666
            ],
            "neighbors": [
                [
                    0.6363636363636364,
                    0.16666666666666666
                ],
                [
                    0.6363636363636364,
                    0.0
                ],
                [
                    0.5454545454545454,
                    0.4444444444444444
                ]
            ],
            "edge_distances": [
                0.16666666666666666,
                0.8333333333333334
            ],
            "dx": -0.2727272727272727,
            "dy": -0.16666666666666666,
            "move_angle": -2.593043251139265,
            "move_distance": 0.319621562268621,
            "hold_type": 1.0
        },
        {
            "problemId": 385067,
            "description": "H1",
            "isStart": true,
            "isEnd": false,
            "normalized_coordinates": [
                0.6363636363636364,
                0.0
            ],
            "neighbors": [
                [
                    0.6363636363636364,
                    0.16666666666666666
                ],
                [
                    0.36363636363636365,
                    0.16666666666666666
                ],
                [
                    0.9090909090909091,
                    0.16666666666666666
                ]
            ],
            "edge_distances": [
                0.0,
                1.0
            ],
            "dx": 0.0,
            "dy": 0.16666666666666666,
            "move_angle": 1.5707963267948966,
            "move_distance": 0.16666666666666666,
            "angle_difference": 4.163839577934162,
            "hold_type": 0.5
        },
        {
            "problemId": 385067,
            "description": "H4",
            "isStart": false,
            "isEnd": false,
            "normalized_coordinates": [
                0.6363636363636364,
                0.16666666666666666
            ],
            "neighbors": [
                [
                    0.6363636363636364,
                    0.0
                ],
                [
                    0.36363636363636365,
                    0.16666666666666666
                ],
                [
                    0.9090909090909091,
                    0.16666666666666666
                ]
            ],
            "edge_distances": [
                0.16666666666666666,
                0.8333333333333334
            ],
            "dx": -0.2727272727272727,
            "dy": 0.0,
            "move_angle": 3.141592653589793,
            "move_distance": 0.2727272727272727,
            "angle_difference": 1.5707963267948966,
            "hold_type": 0.5
        },
        {
            "problemId": 385067,
            "description": "E4",
            "isStart": false,
            "isEnd": false,
            "normalized_coordinates": [
                0.36363636363636365,
                0.16666666666666666
            ],
            "neighbors": [
                [
                    0.6363636363636364,
                    0.16666666666666666
                ],
                [
                    0.6363636363636364,
                    0.0
                ],
                [
                    0.5454545454545454,
                    0.4444444444444444
                ]
            ],
            "edge_distances": [
                0.16666666666666666,
                0.8333333333333334
            ],
            "dx": 0.18181818181818177,
            "dy": 0.2777777777777778,
            "move_angle": 0.9912323415015737,
            "move_distance": 0.3319914834251474,
            "angle_difference": -2.1503603120882193,
            "hold_type": 0.25
        },
        {
            "problemId": 385067,
            "description": "G9",
            "isStart": false,
            "isEnd": false,
            "normalized_coordinates": [
                0.5454545454545454,
                0.4444444444444444
            ],
            "neighbors": [
                [
                    0.6363636363636364,
                    0.16666666666666666
                ],
                [
                    0.36363636363636365,
                    0.16666666666666666
                ],
                [
                    0.5454545454545454,
                    0.7777777777777778
                ]
            ],
            "edge_distances": [
                0.4444444444444444,
                0.5555555555555556
            ],
            "dx": -0.3636363636363636,
            "dy": 0.0,
            "move_angle": 3.141592653589793,
            "move_distance": 0.3636363636363636,
            "angle_difference": 2.1503603120882193,
            "hold_type": 0.0
        },
        {
            "problemId": 385067,
            "description": "C9",
            "isStart": false,
            "isEnd": false,
            "normalized_coordinates": [
                0.18181818181818182,
                0.4444444444444444
            ],
            "neighbors": [
                [
                    0.18181818181818182,
                    0.5555555555555556
                ],
                [
                    0.0,
                    0.2777777777777778
                ],
                [
                    0.36363636363636365,
                    0.16666666666666666
                ]
            ],
            "edge_distances": [
                0.4444444444444444,
                0.5555555555555556
            ],
            "dx": 0.0,
            "dy": 0.11111111111111116,
            "move_angle": 1.5707963267948966,
            "move_distance": 0.11111111111111116,
            "angle_difference": -1.5707963267948966,
            "hold_type": 0.5
        },
        {
            "problemId": 385067,
            "description": "C11",
            "isStart": false,
            "isEnd": false,
            "normalized_coordinates": [
                0.18181818181818182,
                0.5555555555555556
            ],
            "neighbors": [
                [
                    0.18181818181818182,
                    0.4444444444444444
                ],
                [
                    0.09090909090909091,
                    0.7777777777777778
                ],
                [
                    0.0,
                    0.2777777777777778
                ]
            ],
            "edge_distances": [
                0.5555555555555556,
                0.4444444444444444
            ],
            "dx": -0.18181818181818182,
            "dy": -0.2777777777777778,
            "move_angle": -2.1503603120882198,
            "move_distance": 0.3319914834251474,
            "angle_difference": -3.7211566388831163,
            "hold_type": 0.75
        },
        {
            "problemId": 385067,
            "description": "A6",
            "isStart": false,
            "isEnd": false,
            "normalized_coordinates": [
                0.0,
                0.2777777777777778
            ],
            "neighbors": [
                [
                    0.18181818181818182,
                    0.4444444444444444
                ],
                [
                    0.18181818181818182,
                    0.5555555555555556
                ],
                [
                    0.36363636363636365,
                    0.16666666666666666
                ]
            ],
            "edge_distances": [
                0.2777777777777778,
                0.7222222222222222
            ],
            "dx": 0.09090909090909091,
            "dy": 0.5,
            "move_angle": 1.3909428270024184,
            "move_distance": 0.5081972676135885,
            "angle_difference": 3.541303139090638,
            "hold_type": 1.0
        },
        {
            "problemId": 385067,
            "description": "B15",
            "isStart": false,
            "isEnd": false,
            "normalized_coordinates": [
                0.09090909090909091,
                0.7777777777777778
            ],
            "neighbors": [
                [
                    0.18181818181818182,
                    0.5555555555555556
                ],
                [
                    0.18181818181818182,
                    0.4444444444444444
                ],
                [
                    0.45454545454545453,
                    0.7777777777777778
                ]
            ],
            "edge_distances": [
                0.7777777777777778,
                0.2222222222222222
            ],
            "dx": 0.4545454545454545,
            "dy": 0.0,
            "move_angle": 0.0,
            "move_distance": 0.4545454545454545,
            "angle_difference": -1.3909428270024184,
            "hold_type": 0.5
        },
        {
            "problemId": 385067,
            "description": "G15",
            "isStart": false,
            "isEnd": false,
            "normalized_coordinates": [
                0.5454545454545454,
                0.7777777777777778
            ],
            "neighbors": [
                [
                    0.45454545454545453,
                    0.7777777777777778
                ],
                [
                    0.7272727272727273,
                    0.8888888888888888
                ],
                [
                    0.7272727272727273,
                    0.9444444444444444
                ]
            ],
            "edge_distances": [
                0.7777777777777778,
                0.2222222222222222
            ],
            "dx": 0.36363636363636365,
            "dy": -0.05555555555555558,
            "move_angle": -0.15160548743827287,
            "move_distance": 0.36785571181071,
            "angle_difference": -0.15160548743827287,
            "hold_type": 1.0
        },
        {
            "problemId": 385067,
            "description": "K14",
            "isStart": false,
            "isEnd": false,
            "normalized_coordinates": [
                0.9090909090909091,
                0.7222222222222222
            ],
            "neighbors": [
                [
                    0.7272727272727273,
                    0.8888888888888888
                ],
                [
                    0.7272727272727273,
                    0.9444444444444444
                ],
                [
                    0.5454545454545454,
                    0.7777777777777778
                ]
            ],
            "edge_distances": [
                0.7222222222222222,
                0.2777777777777778
            ],
            "dx": -0.45454545454545453,
            "dy": 0.05555555555555558,
            "move_angle": 3.0199736303284466,
            "move_distance": 0.45792793101209744,
            "angle_difference": 3.1715791177667194,
            "hold_type": 0.75
        },
        {
            "problemId": 385067,
            "description": "F15",
            "isStart": false,
            "isEnd": false,
            "normalized_coordinates": [
                0.45454545454545453,
                0.7777777777777778
            ],
            "neighbors": [
                [
                    0.5454545454545454,
                    0.7777777777777778
                ],
                [
                    0.7272727272727273,
                    0.8888888888888888
                ],
                [
                    0.7272727272727273,
                    0.9444444444444444
                ]
            ],
            "edge_distances": [
                0.7777777777777778,
                0.2222222222222222
            ],
            "dx": 0.27272727272727276,
            "dy": 0.11111111111111105,
            "move_angle": 0.38687571773102786,
            "move_distance": 0.29449251994168185,
            "angle_difference": -2.6330979125974188,
            "hold_type": 0.5
        },
        {
            "problemId": 385067,
            "description": "I17",
            "isStart": false,
            "isEnd": false,
            "normalized_coordinates": [
                0.7272727272727273,
                0.8888888888888888
            ],
            "neighbors": [
                [
                    0.7272727272727273,
                    0.9444444444444444
                ],
                [
                    0.5454545454545454,
                    0.7777777777777778
                ],
                [
                    0.9090909090909091,
                    0.7222222222222222
                ]
            ],
            "edge_distances": [
                0.8888888888888888,
                0.11111111111111116
            ],
            "dx": 0.0,
            "dy": 0.05555555555555558,
            "move_angle": 1.5707963267948966,
            "move_distance": 0.05555555555555558,
            "angle_difference": 1.1839206090638688,
            "hold_type": 0.0
        },
        {
            "problemId": 385067,
            "description": "I18",
            "isStart": false,
            "isEnd": true,
            "normalized_coordinates": [
                0.7272727272727273,
                0.9444444444444444
            ],
            "neighbors": [
                [
                    0.7272727272727273,
                    0.8888888888888888
                ],
                [
                    0.5454545454545454,
                    0.7777777777777778
                ],
                [
                    0.9090909090909091,
                    0.7222222222222222
                ]
            ],
            "edge_distances": [
                0.9444444444444444,
                0.05555555555555558
            ],
            "hold_type": 0.5
        }
    ],
    "data.apiId": 385067,
    "hold_presence": [
        0.0,
        0.0,
        0.0,
        0.0,
        0.0,
        0.0,
        0.0,
        1.0,
        0.0,
        0.0,
        0.0,
        0.0,
        0.0,
        0.0,
        0.0,
        0.0,
        0.0,
        0.0,
        0.0,
        0.0,
        0.0,
        0.0,
        0.0,
        0.0,
        0.0,
        0.0,
        0.0,
        0.0,
        0.0,
        0.0,
        0.0,
        0.0,
        0.0,
        0.0,
        0.0,
        0.0,
        0.0,
        1.0,
        0.0,
        0.0,
        1.0,
        0.0,
        0.0,
        1.0,
        0.0,
        0.0,
        0.0,
        0.0,
        0.0,
        0.0,
        0.0,
        0.0,
        0.0,
        0.0,
        0.0,
        1.0,
        0.0,
        0.0,
        0.0,
        0.0,
        0.0,
        0.0,
        0.0,
        0.0,
        0.0,
        0.0,
        0.0,
        0.0,
        0.0,
        0.0,
        0.0,
        0.0,
        0.0,
        0.0,
        0.0,
        0.0,
        0.0,
        0.0,
        0.0,
        0.0,
        0.0,
        0.0,
        0.0,
        0.0,
        0.0,
        0.0,
        0.0,
        0.0,
        0.0,
        0.0,
        1.0,
        0.0,
        0.0,
        0.0,
        1.0,
        0.0,
        0.0,
        0.0,
        0.0,
        0.0,
        0.0,
        0.0,
        0.0,
        0.0,
        0.0,
        0.0,
        0.0,
        0.0,
        0.0,
        0.0,
        0.0,
        0.0,
        1.0,
        0.0,
        0.0,
        0.0,
        0.0,
        0.0,
        0.0,
        0.0,
        0.0,
        0.0,
        0.0,
        0.0,
        0.0,
        0.0,
        0.0,
        0.0,
        0.0,
        0.0,
        0.0,
        0.0,
        0.0,
        0.0,
        0.0,
        0.0,
        0.0,
        0.0,
        0.0,
        0.0,
        0.0,
        0.0,
        0.0,
        0.0,
        0.0,
        0.0,
        0.0,
        0.0,
        0.0,
        0.0,
        0.0,
        0.0,
        0.0,
        1.0,
        0.0,
        1.0,
        0.0,
        0.0,
        0.0,
        1.0,
        1.0,
        0.0,
        0.0,
        0.0,
        0.0,
        0.0,
        0.0,
        0.0,
        0.0,
        0.0,
        0.0,
        0.0,
        0.0,
        0.0,
        0.0,
        0.0,
        0.0,
        0.0,
        0.0,
        0.0,
        0.0,
        0.0,
        0.0,
        0.0,
        1.0,
        0.0,
        0.0,
        0.0,
        0.0,
        0.0,
        0.0,
        0.0,
        0.0,
        0.0,
        0.0,
        1.0,
        0.0,
        0.0
    ],
    "hold_count_norm": 3.2862584074323036,
    "hold_density": 0.3456543456543458,
    "vertical_progress": 0.05982905982905983
}