{
    "data.grade": "7C",
    "data.userGrade": null,
    "data.method": "Feet follow hands",
    "data.userRating": 0.0,
    "data.repeats": 0.0,
    "data.moves": [
        {
            "problemId": 359478,
            "description": "H1",
            "isStart": true,
            "isEnd": false,
            "normalized_coordinates": [
                0.6363636363636364,
                0.0
            ],
            "neighbors": [
                [
                    0.45454545454545453,
                    0.2222222222222222
                ],
                [
                    0.09090909090909091,
                    0.2777777777777778
                ],
                [
                    0.9090909090909091,
                    0.6111111111111112
                ]
            ],
            "edge_distances": [
                0.0,
                1.0
            ],
            "dx": -0.18181818181818182,
            "dy": 0.2222222222222222,
            "move_angle": 2.256525837701183,
            "move_distance": 0.28712465461721,
            "hold_type": 0.5
        },
        {
            "problemId": 359478,
            "description": "F5",
            "isStart": true,
            "isEnd": false,
            "normalized_coordinates": [
                0.45454545454545453,
                0.2222222222222222
            ],
            "neighbors": [
                [
                    0.6363636363636364,
                    0.0
                ],
                [
                    0.09090909090909091,
                    0.2777777777777778
                ],
                [
                    0.18181818181818182,
                    0.5
                ]
            ],
            "edge_distances": [
                0.2222222222222222,
                0.7777777777777778
            ],
            "dx": -0.36363636363636365,
            "dy": 0.05555555555555558,
            "move_angle": 2.9899871661515203,
            "move_distance": 0.36785571181071,
            "angle_difference": 0.7334613284503373,
            "hold_type": 0.5
        },
        {
            "problemId": 359478,
            "description": "B6",
            "isStart": false,
            "isEnd": false,
            "normalized_coordinates": [
                0.09090909090909091,
                0.2777777777777778
            ],
            "neighbors": [
                [
                    0.18181818181818182,
                    0.5
                ],
                [
                    0.45454545454545453,
                    0.2222222222222222
                ],
                [
                    0.2727272727272727,
                    0.6666666666666666
                ]
            ],
            "edge_distances": [
                0.2777777777777778,
                0.7222222222222222
            ],
            "dx": 0.09090909090909091,
            "dy": 0.2222222222222222,
            "move_angle": 1.1824776086224307,
            "move_distance": 0.24009826917181237,
            "angle_difference": -1.8075095575290896,
            "hold_type": 0.0
        },
        {
            "problemId": 359478,
            "description": "C10",
            "isStart": false,
            "isEnd": false,
            "normalized_coordinates": [
                0.18181818181818182,
                0.5
            ],
            "neighbors": [
                [
                    0.2727272727272727,
                    0.6666666666666666
                ],
                [
                    0.09090909090909091,
                    0.2777777777777778
                ],
                [
                    0.45454545454545453,
                    0.2222222222222222
                ]
            ],
            "edge_distances": [
                0.5,
                0.5
            ],
            "dx": 0.09090909090909088,
            "dy": 0.16666666666666663,
            "move_angle": 1.0714496051147666,
            "move_distance": 0.18984794069911615,
            "angle_difference": -0.11102800350766406,
            "hold_type": 0.5
        },
        {
            "problemId": 359478,
            "description": "D13",
            "isStart": false,
            "isEnd": false,
            "normalized_coordinates": [
                0.2727272727272727,
                0.6666666666666666
            ],
            "neighbors": [
                [
                    0.18181818181818182,
                    0.5
                ],
                [
                    0.5454545454545454,
                    0.7777777777777778
                ],
                [
                    0.09090909090909091,
                    0.2777777777777778
                ]
            ],
            "edge_distances": [
                0.6666666666666666,
                0.33333333333333337
            ],
            "dx": 0.2727272727272727,
            "dy": 0.11111111111111116,
            "move_angle": 0.38687571773102825,
            "move_distance": 0.29449251994168185,
            "angle_difference": -0.6845738873837384,
            "hold_type": 0.0
        },
        {
            "problemId": 359478,
            "description": "G15",
            "isStart": false,
            "isEnd": false,
            "normalized_coordinates": [
                0.5454545454545454,
                0.7777777777777778
            ],
            "neighbors": [
                [
                    0.2727272727272727,
                    0.6666666666666666
                ],
                [
                    0.8181818181818182,
                    0.9444444444444444
                ],
                [
                    0.9090909090909091,
                    0.7777777777777778
                ]
            ],
            "edge_distances": [
                0.7777777777777778,
                0.2222222222222222
            ],
            "dx": 0.36363636363636365,
            "dy": 0.0,
            "move_angle": 0.0,
            "move_distance": 0.36363636363636365,
            "angle_difference": -0.38687571773102825,
            "hold_type": 1.0
        },
        {
            "problemId": 359478,
            "description": "K15",
            "isStart": false,
            "isEnd": false,
            "normalized_coordinates": [
                0.9090909090909091,
                0.7777777777777778
            ],
            "neighbors": [
                [
                    0.9090909090909091,
                    0.6111111111111112
                ],
                [
                    0.8181818181818182,
                    0.9444444444444444
                ],
                [
                    0.5454545454545454,
                    0.7777777777777778
                ]
            ],
            "edge_distances": [
                0.7777777777777778,
                0.2222222222222222
            ],
            "dx": 0.0,
            "dy": -0.16666666666666663,
            "move_angle": -1.5707963267948966,
            "move_distance": 0.16666666666666663,
            "angle_difference": -1.5707963267948966,
            "hold_type": 1.0
        },
        {
            "problemId": 359478,
            "description": "K12",
            "isStart": false,
            "isEnd": false,
            "normalized_coordinates": [
                0.9090909090909091,
                0.6111111111111112
            ],
            "neighbors": [
                [
                    0.9090909090909091,
                    0.7777777777777778
                ],
                [
                    0.8181818181818182,
                    0.9444444444444444
                ],
                [
                    0.5454545454545454,
                    0.7777777777777778
                ]
            ],
            "edge_distances": [
                0.6111111111111112,
                0.38888888888888884
            ],
            "dx": -0.09090909090909083,
            "dy": 0.33333333333333326,
            "move_angle": 1.8370483759458218,
            "move_distance": 0.3455077045754963,
            "angle_difference": 3.4078447027407184,
            "hold_type": 0.0
        },
        {
            "problemId": 359478,
            "description": "J18",
            "isStart": false,
            "isEnd": true,
            "normalized_coordinates": [
                0.8181818181818182,
                0.9444444444444444
            ],
            "neighbors": [
                [
                    0.9090909090909091,
                    0.7777777777777778
                ],
                [
                    0.5454545454545454,
                    0.7777777777777778
                ],
                [
                    0.9090909090909091,
                    0.6111111111111112
                ]
            ],
            "edge_distances": [
                0.9444444444444444,
                0.05555555555555558
            ],
            "hold_type": 0.75
        }
    ],
    "data.apiId": 359478,
    "hold_presence": [
        0.0,
        0.0,
        0.0,
        0.0,
        0.0,
        0.0,
        0.0,
        1.0,
        0.0,
        0.0,
        0.0,
        0.0,
        0.0,
        0.0,
        0.0,
        0.0,
        0.0,
        0.0,
        0.0,
        0.0,
        0.0,
        0.0,
        0.0,
        0.0,
        0.0,
        0.0,
        0.0,
        0.0,
        0.0,
        0.0,
        0.0,
        0.0,
        0.0,
        0.0,
        0.0,
        0.0,
        0.0,
        0.0,
        0.0,
        0.0,
        0.0,
        0.0,
        0.0,
        0.0,
        0.0,
        0.0,
        0.0,
        0.0,
        0.0,
        1.0,
        0.0,
        0.0,
        0.0,
        0.0,
        0.0,
        0.0,
        1.0,
        0.0,
        0.0,
        0.0,
        0.0,
        0.0,
        0.0,
        0.0,
        0.0,
        0.0,
        0.0,
        0.0,
        0.0,
        0.0,
        0.0,
        0.0,
        0.0,
        0.0,
        0.0,
        0.0,
        0.0,
        0.0,
        0.0,
        0.0,
        0.0,
        0.0,
        0.0,
        0.0,
        0.0,
        0.0,
        0.0,
        0.0,
        0.0,
        0.0,
        0.0,
        0.0,
        0.0,
        0.0,
        0.0,
        0.0,
        0.0,
        0.0,
        0.0,
        0.0,
        0.0,
        1.0,
        0.0,
        0.0,
        0.0,
        0.0,
        0.0,
        0.0,
        0.0,
        0.0,
        0.0,
        0.0,
        0.0,
        0.0,
        0.0,
        0.0,
        0.0,
        0.0,
        0.0,
        0.0,
        0.0,
        0.0,
        0.0,
        0.0,
        0.0,
        0.0,
        0.0,
        0.0,
        0.0,
        0.0,
        0.0,
        1.0,
        0.0,
        0.0,
        0.0,
        1.0,
        0.0,
        0.0,
        0.0,
        0.0,
        0.0,
        0.0,
        0.0,
        0.0,
        0.0,
        0.0,
        0.0,
        0.0,
        0.0,
        0.0,
        0.0,
        0.0,
        0.0,
        0.0,
        0.0,
        0.0,
        0.0,
        0.0,
        0.0,
        0.0,
        1.0,
        0.0,
        0.0,
        0.0,
        1.0,
        0.0,
        0.0,
        0.0,
        0.0,
        0.0,
        0.0,
        0.0,
        0.0,
        0.0,
        0.0,
        0.0,
        0.0,
        0.0,
        0.0,
        0.0,
        0.0,
        0.0,
        0.0,
        0.0,
        0.0,
        0.0,
        0.0,
        0.0,
        0.0,
        0.0,
        0.0,
        0.0,
        0.0,
        0.0,
        0.0,
        0.0,
        1.0,
        0.0
    ],
    "hold_count_norm": 0.6308152698051953,
    "hold_density": 0.3737373737373737,
    "vertical_progress": 0.11805555555555555
}