{
    "data.grade": "7C",
    "data.userGrade": "7C",
    "data.method": "Feet follow hands",
    "data.userRating": 1.791759469228055,
    "data.repeats": 2.639057329615259,
    "data.moves": [
        {
            "problemId": 326579,
            "description": "J4",
            "isStart": true,
            "isEnd": false,
            "normalized_coordinates": [
                0.8181818181818182,
                0.16666666666666666
            ],
            "neighbors": [
                [
                    0.8181818181818182,
                    0.1111111111111111
                ],
                [
                    0.7272727272727273,
                    0.4444444444444444
                ],
                [
                    0.36363636363636365,
                    0.2777777777777778
                ]
            ],
            "edge_distances": [
                0.16666666666666666,
                0.8333333333333334
            ],
            "dx": -0.4545454545454546,
            "dy": 0.11111111111111113,
            "move_angle": 2.9018495447193366,
            "move_distance": 0.46792867967274626,
            "hold_type": 1.0
        },
        {
            "problemId": 326579,
            "description": "E6",
            "isStart": false,
            "isEnd": false,
            "normalized_coordinates": [
                0.36363636363636365,
                0.2777777777777778
            ],
            "neighbors": [
                [
                    0.2727272727272727,
                    0.5555555555555556
                ],
                [
                    0.7272727272727273,
                    0.4444444444444444
                ],
                [
                    0.8181818181818182,
                    0.16666666666666666
                ]
            ],
            "edge_distances": [
                0.2777777777777778,
                0.7222222222222222
            ],
            "dx": 0.4545454545454546,
            "dy": -0.16666666666666669,
            "move_angle": -0.3514447940035517,
            "move_distance": 0.48413773662637755,
            "angle_difference": -3.2532943387228883,
            "hold_type": 0.0
        },
        {
            "problemId": 326579,
            "description": "J3",
            "isStart": true,
            "isEnd": false,
            "normalized_coordinates": [
                0.8181818181818182,
                0.1111111111111111
            ],
            "neighbors": [
                [
                    0.8181818181818182,
                    0.16666666666666666
                ],
                [
                    0.7272727272727273,
                    0.4444444444444444
                ],
                [
                    0.36363636363636365,
                    0.2777777777777778
                ]
            ],
            "edge_distances": [
                0.1111111111111111,
                0.8888888888888888
            ],
            "dx": -0.09090909090909094,
            "dy": 0.3333333333333333,
            "move_angle": 1.837048375945822,
            "move_distance": 0.34550770457549634,
            "angle_difference": 2.188493169949374,
            "hold_type": 0.0
        },
        {
            "problemId": 326579,
            "description": "I9",
            "isStart": false,
            "isEnd": false,
            "normalized_coordinates": [
                0.7272727272727273,
                0.4444444444444444
            ],
            "neighbors": [
                [
                    0.8181818181818182,
                    0.16666666666666666
                ],
                [
                    0.8181818181818182,
                    0.1111111111111111
                ],
                [
                    0.5454545454545454,
                    0.7777777777777778
                ]
            ],
            "edge_distances": [
                0.4444444444444444,
                0.5555555555555556
            ],
            "dx": -0.4545454545454546,
            "dy": 0.11111111111111116,
            "move_angle": 2.9018495447193366,
            "move_distance": 0.46792867967274626,
            "angle_difference": 1.0648011687735146,
            "hold_type": 0.5
        },
        {
            "problemId": 326579,
            "description": "D11",
            "isStart": false,
            "isEnd": false,
            "normalized_coordinates": [
                0.2727272727272727,
                0.5555555555555556
            ],
            "neighbors": [
                [
                    0.09090909090909091,
                    0.7777777777777778
                ],
                [
                    0.36363636363636365,
                    0.2777777777777778
                ],
                [
                    0.5454545454545454,
                    0.7777777777777778
                ]
            ],
            "edge_distances": [
                0.5555555555555556,
                0.4444444444444444
            ],
            "dx": 0.2727272727272727,
            "dy": 0.2222222222222222,
            "move_angle": 0.6837093116343713,
            "move_distance": 0.35179949024783835,
            "angle_difference": -2.2181402330849656,
            "hold_type": 0.5
        },
        {
            "problemId": 326579,
            "description": "G15",
            "isStart": false,
            "isEnd": false,
            "normalized_coordinates": [
                0.5454545454545454,
                0.7777777777777778
            ],
            "neighbors": [
                [
                    0.6363636363636364,
                    0.9444444444444444
                ],
                [
                    0.2727272727272727,
                    0.5555555555555556
                ],
                [
                    0.7272727272727273,
                    0.4444444444444444
                ]
            ],
            "edge_distances": [
                0.7777777777777778,
                0.2222222222222222
            ],
            "dx": -0.4545454545454545,
            "dy": 0.0,
            "move_angle": 3.141592653589793,
            "move_distance": 0.4545454545454545,
            "angle_difference": 2.457883341955422,
            "hold_type": 1.0
        },
        {
            "problemId": 326579,
            "description": "B15",
            "isStart": false,
            "isEnd": false,
            "normalized_coordinates": [
                0.09090909090909091,
                0.7777777777777778
            ],
            "neighbors": [
                [
                    0.2727272727272727,
                    0.5555555555555556
                ],
                [
                    0.5454545454545454,
                    0.7777777777777778
                ],
                [
                    0.36363636363636365,
                    0.2777777777777778
                ]
            ],
            "edge_distances": [
                0.7777777777777778,
                0.2222222222222222
            ],
            "dx": 0.5454545454545454,
            "dy": 0.16666666666666663,
            "move_angle": 0.2965458090697004,
            "move_distance": 0.5703494007490518,
            "angle_difference": -2.845046844520093,
            "hold_type": 0.5
        },
        {
            "problemId": 326579,
            "description": "H18",
            "isStart": false,
            "isEnd": true,
            "normalized_coordinates": [
                0.6363636363636364,
                0.9444444444444444
            ],
            "neighbors": [
                [
                    0.5454545454545454,
                    0.7777777777777778
                ],
                [
                    0.7272727272727273,
                    0.4444444444444444
                ],
                [
                    0.2727272727272727,
                    0.5555555555555556
                ]
            ],
            "edge_distances": [
                0.9444444444444444,
                0.05555555555555558
            ],
            "hold_type": 1.0
        }
    ],
    "data.apiId": 326579,
    "hold_presence": [
        0.0,
        0.0,
        0.0,
        0.0,
        0.0,
        0.0,
        0.0,
        0.0,
        0.0,
        0.0,
        0.0,
        0.0,
        0.0,
        0.0,
        0.0,
        0.0,
        0.0,
        0.0,
        0.0,
        0.0,
        0.0,
        0.0,
        0.0,
        0.0,
        0.0,
        0.0,
        0.0,
        0.0,
        0.0,
        0.0,
        0.0,
        1.0,
        0.0,
        0.0,
        0.0,
        0.0,
        0.0,
        0.0,
        0.0,
        0.0,
        0.0,
        0.0,
        1.0,
        0.0,
        0.0,
        0.0,
        0.0,
        0.0,
        0.0,
        0.0,
        0.0,
        0.0,
        0.0,
        0.0,
        0.0,
        0.0,
        0.0,
        0.0,
        0.0,
        1.0,
        0.0,
        0.0,
        0.0,
        0.0,
        0.0,
        0.0,
        0.0,
        0.0,
        0.0,
        0.0,
        0.0,
        0.0,
        0.0,
        0.0,
        0.0,
        0.0,
        0.0,
        0.0,
        0.0,
        0.0,
        0.0,
        0.0,
        0.0,
        0.0,
        0.0,
        0.0,
        0.0,
        0.0,
        0.0,
        0.0,
        0.0,
        0.0,
        0.0,
        0.0,
        0.0,
        0.0,
        1.0,
        0.0,
        0.0,
        0.0,
        0.0,
        0.0,
        0.0,
        0.0,
        0.0,
        0.0,
        0.0,
        0.0,
        0.0,
        0.0,
        0.0,
        0.0,
        0.0,
        1.0,
        0.0,
        0.0,
        0.0,
        0.0,
        0.0,
        0.0,
        0.0,
        0.0,
        0.0,
        0.0,
        0.0,
        0.0,
        0.0,
        0.0,
        0.0,
        0.0,
        0.0,
        0.0,
        0.0,
        0.0,
        0.0,
        0.0,
        0.0,
        0.0,
        0.0,
        0.0,
        0.0,
        0.0,
        0.0,
        0.0,
        0.0,
        0.0,
        0.0,
        0.0,
        0.0,
        0.0,
        0.0,
        0.0,
        0.0,
        0.0,
        0.0,
        1.0,
        0.0,
        0.0,
        0.0,
        0.0,
        1.0,
        0.0,
        0.0,
        0.0,
        0.0,
        0.0,
        0.0,
        0.0,
        0.0,
        0.0,
        0.0,
        0.0,
        0.0,
        0.0,
        0.0,
        0.0,
        0.0,
        0.0,
        0.0,
        0.0,
        0.0,
        0.0,
        0.0,
        0.0,
        0.0,
        0.0,
        0.0,
        0.0,
        0.0,
        0.0,
        0.0,
        0.0,
        0.0,
        0.0,
        1.0,
        0.0,
        0.0,
        0.0
    ],
    "hold_count_norm": 0.09972664227977365,
    "hold_density": 0.32142857142857145,
    "vertical_progress": 0.11111111111111112
}