{
    "data.grade": "7C",
    "data.userGrade": null,
    "data.method": "Feet follow hands",
    "data.userRating": 1.791759469228055,
    "data.repeats": 0.6931471805599453,
    "data.moves": [
        {
            "problemId": 410860,
            "description": "K5",
            "isStart": true,
            "isEnd": false,
            "normalized_coordinates": [
                0.9090909090909091,
                0.2222222222222222
            ],
            "neighbors": [
                [
                    0.9090909090909091,
                    0.4444444444444444
                ],
                [
                    0.5454545454545454,
                    0.3333333333333333
                ],
                [
                    0.5454545454545454,
                    0.05555555555555555
                ]
            ],
            "edge_distances": [
                0.2222222222222222,
                0.7777777777777778
            ],
            "dx": 0.0,
            "dy": 0.2222222222222222,
            "move_angle": 1.5707963267948966,
            "move_distance": 0.2222222222222222,
            "hold_type": 1.0
        },
        {
            "problemId": 410860,
            "description": "K9",
            "isStart": false,
            "isEnd": false,
            "normalized_coordinates": [
                0.9090909090909091,
                0.4444444444444444
            ],
            "neighbors": [
                [
                    0.9090909090909091,
                    0.2222222222222222
                ],
                [
                    0.5454545454545454,
                    0.3333333333333333
                ],
                [
                    0.9090909090909091,
                    0.9444444444444444
                ]
            ],
            "edge_distances": [
                0.4444444444444444,
                0.5555555555555556
            ],
            "dx": -0.36363636363636365,
            "dy": -0.1111111111111111,
            "move_angle": -2.845046844520093,
            "move_distance": 0.38023293383270124,
            "angle_difference": -4.4158431713149895,
            "hold_type": 0.5
        },
        {
            "problemId": 410860,
            "description": "G7",
            "isStart": false,
            "isEnd": false,
            "normalized_coordinates": [
                0.5454545454545454,
                0.3333333333333333
            ],
            "neighbors": [
                [
                    0.5454545454545454,
                    0.05555555555555555
                ],
                [
                    0.36363636363636365,
                    0.6111111111111112
                ],
                [
                    0.9090909090909091,
                    0.2222222222222222
                ]
            ],
            "edge_distances": [
                0.3333333333333333,
                0.6666666666666667
            ],
            "dx": 0.0,
            "dy": -0.2777777777777778,
            "move_angle": -1.5707963267948966,
            "move_distance": 0.2777777777777778,
            "angle_difference": 1.2742505177251964,
            "hold_type": 0.25
        },
        {
            "problemId": 410860,
            "description": "G2",
            "isStart": false,
            "isEnd": false,
            "normalized_coordinates": [
                0.5454545454545454,
                0.05555555555555555
            ],
            "neighbors": [
                [
                    0.5454545454545454,
                    0.3333333333333333
                ],
                [
                    0.9090909090909091,
                    0.2222222222222222
                ],
                [
                    0.9090909090909091,
                    0.4444444444444444
                ]
            ],
            "edge_distances": [
                0.05555555555555555,
                0.9444444444444444
            ],
            "dx": -0.18181818181818177,
            "dy": 0.5555555555555556,
            "move_angle": 1.887082454707051,
            "move_distance": 0.58455096146385,
            "angle_difference": 3.4578787815019476,
            "hold_type": 0.75
        },
        {
            "problemId": 410860,
            "description": "E12",
            "isStart": false,
            "isEnd": false,
            "normalized_coordinates": [
                0.36363636363636365,
                0.6111111111111112
            ],
            "neighbors": [
                [
                    0.36363636363636365,
                    0.8888888888888888
                ],
                [
                    0.45454545454545453,
                    0.8888888888888888
                ],
                [
                    0.5454545454545454,
                    0.3333333333333333
                ]
            ],
            "edge_distances": [
                0.6111111111111112,
                0.38888888888888884
            ],
            "dx": -0.36363636363636365,
            "dy": 0.11111111111111105,
            "move_angle": 2.845046844520093,
            "move_distance": 0.38023293383270124,
            "angle_difference": 0.9579643898130419,
            "hold_type": 0.0
        },
        {
            "problemId": 410860,
            "description": "A14",
            "isStart": false,
            "isEnd": false,
            "normalized_coordinates": [
                0.0,
                0.7222222222222222
            ],
            "neighbors": [
                [
                    0.36363636363636365,
                    0.6111111111111112
                ],
                [
                    0.36363636363636365,
                    0.8888888888888888
                ],
                [
                    0.45454545454545453,
                    0.8888888888888888
                ]
            ],
            "edge_distances": [
                0.7222222222222222,
                0.2777777777777778
            ],
            "dx": 0.36363636363636365,
            "dy": 0.16666666666666663,
            "move_angle": 0.4297622790966884,
            "move_distance": 0.40001147825588135,
            "angle_difference": -2.4152845654234048,
            "hold_type": 0.75
        },
        {
            "problemId": 410860,
            "description": "E17",
            "isStart": false,
            "isEnd": false,
            "normalized_coordinates": [
                0.36363636363636365,
                0.8888888888888888
            ],
            "neighbors": [
                [
                    0.45454545454545453,
                    0.8888888888888888
                ],
                [
                    0.36363636363636365,
                    0.6111111111111112
                ],
                [
                    0.0,
                    0.7222222222222222
                ]
            ],
            "edge_distances": [
                0.8888888888888888,
                0.11111111111111116
            ],
            "dx": 0.09090909090909088,
            "dy": 0.0,
            "move_angle": 0.0,
            "move_distance": 0.09090909090909088,
            "angle_difference": -0.4297622790966884,
            "hold_type": 0.75
        },
        {
            "problemId": 410860,
            "description": "F17",
            "isStart": false,
            "isEnd": false,
            "normalized_coordinates": [
                0.45454545454545453,
                0.8888888888888888
            ],
            "neighbors": [
                [
                    0.36363636363636365,
                    0.8888888888888888
                ],
                [
                    0.36363636363636365,
                    0.6111111111111112
                ],
                [
                    0.9090909090909091,
                    0.9444444444444444
                ]
            ],
            "edge_distances": [
                0.8888888888888888,
                0.11111111111111116
            ],
            "dx": 0.45454545454545453,
            "dy": 0.05555555555555558,
            "move_angle": 0.12161902326134663,
            "move_distance": 0.45792793101209744,
            "angle_difference": 0.12161902326134663,
            "hold_type": 0.75
        },
        {
            "problemId": 410860,
            "description": "K18",
            "isStart": false,
            "isEnd": true,
            "normalized_coordinates": [
                0.9090909090909091,
                0.9444444444444444
            ],
            "neighbors": [
                [
                    0.45454545454545453,
                    0.8888888888888888
                ],
                [
                    0.9090909090909091,
                    0.4444444444444444
                ],
                [
                    0.36363636363636365,
                    0.8888888888888888
                ]
            ],
            "edge_distances": [
                0.9444444444444444,
                0.05555555555555558
            ],
            "hold_type": 0.0
        }
    ],
    "data.apiId": 410860,
    "hold_presence": [
        0.0,
        0.0,
        0.0,
        0.0,
        0.0,
        0.0,
        0.0,
        0.0,
        0.0,
        0.0,
        0.0,
        0.0,
        0.0,
        0.0,
        0.0,
        0.0,
        0.0,
        1.0,
        0.0,
        0.0,
        0.0,
        0.0,
        0.0,
        0.0,
        0.0,
        0.0,
        0.0,
        0.0,
        0.0,
        0.0,
        0.0,
        0.0,
        0.0,
        0.0,
        0.0,
        0.0,
        0.0,
        0.0,
        0.0,
        0.0,
        0.0,
        0.0,
        0.0,
        0.0,
        0.0,
        0.0,
        0.0,
        0.0,
        0.0,
        0.0,
        0.0,
        0.0,
        0.0,
        0.0,
        1.0,
        0.0,
        0.0,
        0.0,
        0.0,
        0.0,
        0.0,
        0.0,
        0.0,
        0.0,
        0.0,
        0.0,
        0.0,
        0.0,
        0.0,
        0.0,
        0.0,
        0.0,
        1.0,
        0.0,
        0.0,
        0.0,
        0.0,
        0.0,
        0.0,
        0.0,
        0.0,
        0.0,
        0.0,
        0.0,
        0.0,
        0.0,
        0.0,
        0.0,
        0.0,
        0.0,
        0.0,
        0.0,
        0.0,
        0.0,
        0.0,
        0.0,
        0.0,
        0.0,
        1.0,
        0.0,
        0.0,
        0.0,
        0.0,
        0.0,
        0.0,
        0.0,
        0.0,
        0.0,
        0.0,
        0.0,
        0.0,
        0.0,
        0.0,
        0.0,
        0.0,
        0.0,
        0.0,
        0.0,
        0.0,
        0.0,
        0.0,
        0.0,
        0.0,
        0.0,
        0.0,
        1.0,
        0.0,
        0.0,
        0.0,
        0.0,
        0.0,
        0.0,
        0.0,
        0.0,
        0.0,
        0.0,
        0.0,
        0.0,
        0.0,
        0.0,
        0.0,
        0.0,
        0.0,
        1.0,
        0.0,
        0.0,
        0.0,
        0.0,
        0.0,
        0.0,
        0.0,
        0.0,
        0.0,
        0.0,
        0.0,
        0.0,
        0.0,
        0.0,
        0.0,
        0.0,
        0.0,
        0.0,
        0.0,
        0.0,
        0.0,
        0.0,
        0.0,
        0.0,
        0.0,
        0.0,
        0.0,
        0.0,
        0.0,
        0.0,
        0.0,
        0.0,
        0.0,
        0.0,
        0.0,
        0.0,
        1.0,
        1.0,
        0.0,
        0.0,
        0.0,
        0.0,
        0.0,
        0.0,
        0.0,
        0.0,
        0.0,
        0.0,
        0.0,
        0.0,
        0.0,
        0.0,
        0.0,
        1.0
    ],
    "hold_count_norm": 0.6308152698051953,
    "hold_density": 0.3585858585858586,
    "vertical_progress": 0.09027777777777776
}