{
    "data.grade": "7C",
    "data.userGrade": null,
    "data.method": "Feet follow hands",
    "data.userRating": 1.791759469228055,
    "data.repeats": 0.6931471805599453,
    "data.moves": [
        {
            "problemId": 412453,
            "description": "G13",
            "isStart": false,
            "isEnd": false,
            "normalized_coordinates": [
                0.5454545454545454,
                0.6666666666666666
            ],
            "neighbors": [
                [
                    0.5454545454545454,
                    0.7222222222222222
                ],
                [
                    0.7272727272727273,
                    0.9444444444444444
                ],
                [
                    0.0,
                    0.3888888888888889
                ]
            ],
            "edge_distances": [
                0.6666666666666666,
                0.33333333333333337
            ],
            "dx": 0.0,
            "dy": 0.05555555555555558,
            "move_angle": 1.5707963267948966,
            "move_distance": 0.05555555555555558,
            "hold_type": 0.5
        },
        {
            "problemId": 412453,
            "description": "G14",
            "isStart": false,
            "isEnd": false,
            "normalized_coordinates": [
                0.5454545454545454,
                0.7222222222222222
            ],
            "neighbors": [
                [
                    0.5454545454545454,
                    0.6666666666666666
                ],
                [
                    0.7272727272727273,
                    0.9444444444444444
                ],
                [
                    0.0,
                    0.3888888888888889
                ]
            ],
            "edge_distances": [
                0.7222222222222222,
                0.2777777777777778
            ],
            "dx": -0.3636363636363636,
            "dy": -0.5555555555555556,
            "move_angle": -2.1503603120882198,
            "move_distance": 0.6639829668502948,
            "angle_difference": -3.7211566388831163,
            "hold_type": 0.0
        },
        {
            "problemId": 412453,
            "description": "C4",
            "isStart": true,
            "isEnd": false,
            "normalized_coordinates": [
                0.18181818181818182,
                0.16666666666666666
            ],
            "neighbors": [
                [
                    0.0,
                    0.3888888888888889
                ],
                [
                    0.5454545454545454,
                    0.6666666666666666
                ],
                [
                    0.5454545454545454,
                    0.7222222222222222
                ]
            ],
            "edge_distances": [
                0.16666666666666666,
                0.8333333333333334
            ],
            "dx": 0.5454545454545454,
            "dy": 0.7777777777777778,
            "move_angle": 0.9591992824866347,
            "move_distance": 0.9499783854183015,
            "angle_difference": 3.109559594574854,
            "hold_type": 1.0
        },
        {
            "problemId": 412453,
            "description": "I18",
            "isStart": false,
            "isEnd": true,
            "normalized_coordinates": [
                0.7272727272727273,
                0.9444444444444444
            ],
            "neighbors": [
                [
                    0.5454545454545454,
                    0.7222222222222222
                ],
                [
                    0.5454545454545454,
                    0.6666666666666666
                ],
                [
                    0.0,
                    0.3888888888888889
                ]
            ],
            "edge_distances": [
                0.9444444444444444,
                0.05555555555555558
            ],
            "dx": -0.7272727272727273,
            "dy": -0.5555555555555556,
            "move_angle": -2.489261752200902,
            "move_distance": 0.9151871913129864,
            "angle_difference": -3.4484610346875364,
            "hold_type": 0.5
        },
        {
            "problemId": 412453,
            "description": "A8",
            "isStart": false,
            "isEnd": false,
            "normalized_coordinates": [
                0.0,
                0.3888888888888889
            ],
            "neighbors": [
                [
                    0.18181818181818182,
                    0.16666666666666666
                ],
                [
                    0.5454545454545454,
                    0.6666666666666666
                ],
                [
                    0.5454545454545454,
                    0.7222222222222222
                ]
            ],
            "edge_distances": [
                0.3888888888888889,
                0.6111111111111112
            ],
            "hold_type": 0.75
        }
    ],
    "data.apiId": 412453,
    "hold_presence": [
        0.0,
        0.0,
        0.0,
        0.0,
        0.0,
        0.0,
        0.0,
        0.0,
        0.0,
        0.0,
        0.0,
        0.0,
        0.0,
        0.0,
        0.0,
        0.0,
        0.0,
        0.0,
        0.0,
        0.0,
        0.0,
        0.0,
        0.0,
        0.0,
        0.0,
        0.0,
        0.0,
        0.0,
        0.0,
        0.0,
        0.0,
        0.0,
        0.0,
        0.0,
        0.0,
        1.0,
        0.0,
        0.0,
        0.0,
        0.0,
        0.0,
        0.0,
        0.0,
        0.0,
        0.0,
        0.0,
        0.0,
        0.0,
        0.0,
        0.0,
        0.0,
        0.0,
        0.0,
        0.0,
        0.0,
        0.0,
        0.0,
        0.0,
        0.0,
        0.0,
        0.0,
        0.0,
        0.0,
        0.0,
        0.0,
        0.0,
        0.0,
        0.0,
        0.0,
        0.0,
        0.0,
        0.0,
        0.0,
        0.0,
        0.0,
        0.0,
        0.0,
        1.0,
        0.0,
        0.0,
        0.0,
        0.0,
        0.0,
        0.0,
        0.0,
        0.0,
        0.0,
        0.0,
        0.0,
        0.0,
        0.0,
        0.0,
        0.0,
        0.0,
        0.0,
        0.0,
        0.0,
        0.0,
        0.0,
        0.0,
        0.0,
        0.0,
        0.0,
        0.0,
        0.0,
        0.0,
        0.0,
        0.0,
        0.0,
        0.0,
        0.0,
        0.0,
        0.0,
        0.0,
        0.0,
        0.0,
        0.0,
        0.0,
        0.0,
        0.0,
        0.0,
        0.0,
        0.0,
        0.0,
        0.0,
        0.0,
        0.0,
        0.0,
        0.0,
        0.0,
        0.0,
        0.0,
        0.0,
        0.0,
        0.0,
        0.0,
        0.0,
        0.0,
        1.0,
        0.0,
        0.0,
        0.0,
        0.0,
        0.0,
        0.0,
        0.0,
        0.0,
        0.0,
        0.0,
        1.0,
        0.0,
        0.0,
        0.0,
        0.0,
        0.0,
        0.0,
        0.0,
        0.0,
        0.0,
        0.0,
        0.0,
        0.0,
        0.0,
        0.0,
        0.0,
        0.0,
        0.0,
        0.0,
        0.0,
        0.0,
        0.0,
        0.0,
        0.0,
        0.0,
        0.0,
        0.0,
        0.0,
        0.0,
        0.0,
        0.0,
        0.0,
        0.0,
        0.0,
        0.0,
        0.0,
        0.0,
        0.0,
        0.0,
        0.0,
        0.0,
        0.0,
        0.0,
        0.0,
        0.0,
        0.0,
        1.0,
        0.0,
        0.0
    ],
    "hold_count_norm": -1.4935392402964913,
    "hold_density": 0.3636363636363636,
    "vertical_progress": -0.06944444444444445
}