{
    "data.grade": "7C",
    "data.userGrade": null,
    "data.method": "Feet follow hands",
    "data.userRating": 0.0,
    "data.repeats": 0.0,
    "data.moves": [
        {
            "problemId": 335527,
            "description": "H7",
            "isStart": false,
            "isEnd": false,
            "normalized_coordinates": [
                0.6363636363636364,
                0.3333333333333333
            ],
            "neighbors": [
                [
                    0.5454545454545454,
                    0.3333333333333333
                ],
                [
                    0.8181818181818182,
                    0.1111111111111111
                ],
                [
                    0.9090909090909091,
                    0.2222222222222222
                ]
            ],
            "edge_distances": [
                0.3333333333333333,
                0.6666666666666667
            ],
            "dx": 0.18181818181818188,
            "dy": -0.2222222222222222,
            "move_angle": -0.8850668158886101,
            "move_distance": 0.28712465461721004,
            "hold_type": 0.25
        },
        {
            "problemId": 335527,
            "description": "J3",
            "isStart": true,
            "isEnd": false,
            "normalized_coordinates": [
                0.8181818181818182,
                0.1111111111111111
            ],
            "neighbors": [
                [
                    0.9090909090909091,
                    0.2222222222222222
                ],
                [
                    0.6363636363636364,
                    0.3333333333333333
                ],
                [
                    0.5454545454545454,
                    0.3333333333333333
                ]
            ],
            "edge_distances": [
                0.1111111111111111,
                0.8888888888888888
            ],
            "dx": 0.09090909090909083,
            "dy": 0.1111111111111111,
            "move_angle": 0.8850668158886107,
            "move_distance": 0.14356232730860496,
            "angle_difference": 1.7701336317772207,
            "hold_type": 0.0
        },
        {
            "problemId": 335527,
            "description": "K5",
            "isStart": true,
            "isEnd": false,
            "normalized_coordinates": [
                0.9090909090909091,
                0.2222222222222222
            ],
            "neighbors": [
                [
                    0.8181818181818182,
                    0.1111111111111111
                ],
                [
                    0.6363636363636364,
                    0.3333333333333333
                ],
                [
                    0.5454545454545454,
                    0.3333333333333333
                ]
            ],
            "edge_distances": [
                0.2222222222222222,
                0.7777777777777778
            ],
            "dx": -0.7272727272727273,
            "dy": 0.2222222222222222,
            "move_angle": 2.845046844520093,
            "move_distance": 0.7604658676654025,
            "angle_difference": 1.9599800286314824,
            "hold_type": 1.0
        },
        {
            "problemId": 335527,
            "description": "C9",
            "isStart": false,
            "isEnd": false,
            "normalized_coordinates": [
                0.18181818181818182,
                0.4444444444444444
            ],
            "neighbors": [
                [
                    0.0,
                    0.2222222222222222
                ],
                [
                    0.5454545454545454,
                    0.3333333333333333
                ],
                [
                    0.45454545454545453,
                    0.7222222222222222
                ]
            ],
            "edge_distances": [
                0.4444444444444444,
                0.5555555555555556
            ],
            "dx": -0.18181818181818182,
            "dy": -0.2222222222222222,
            "move_angle": -2.256525837701183,
            "move_distance": 0.28712465461721,
            "angle_difference": -5.101572682221276,
            "hold_type": 0.5
        },
        {
            "problemId": 335527,
            "description": "A5",
            "isStart": false,
            "isEnd": false,
            "normalized_coordinates": [
                0.0,
                0.2222222222222222
            ],
            "neighbors": [
                [
                    0.18181818181818182,
                    0.4444444444444444
                ],
                [
                    0.5454545454545454,
                    0.3333333333333333
                ],
                [
                    0.6363636363636364,
                    0.3333333333333333
                ]
            ],
            "edge_distances": [
                0.2222222222222222,
                0.7777777777777778
            ],
            "dx": 0.45454545454545453,
            "dy": 0.5,
            "move_angle": 0.8329812666744317,
            "move_distance": 0.6757303976053866,
            "angle_difference": 3.0895071043756146,
            "hold_type": 0.0
        },
        {
            "problemId": 335527,
            "description": "F14",
            "isStart": false,
            "isEnd": false,
            "normalized_coordinates": [
                0.45454545454545453,
                0.7222222222222222
            ],
            "neighbors": [
                [
                    0.5454545454545454,
                    0.7777777777777778
                ],
                [
                    0.18181818181818182,
                    0.4444444444444444
                ],
                [
                    0.5454545454545454,
                    0.3333333333333333
                ]
            ],
            "edge_distances": [
                0.7222222222222222,
                0.2777777777777778
            ],
            "dx": 0.09090909090909088,
            "dy": 0.05555555555555558,
            "move_angle": 0.5485494024505284,
            "move_distance": 0.106540520756207,
            "angle_difference": -0.2844318642239033,
            "hold_type": 0.0
        },
        {
            "problemId": 335527,
            "description": "G15",
            "isStart": false,
            "isEnd": false,
            "normalized_coordinates": [
                0.5454545454545454,
                0.7777777777777778
            ],
            "neighbors": [
                [
                    0.45454545454545453,
                    0.7222222222222222
                ],
                [
                    0.9090909090909091,
                    0.8333333333333334
                ],
                [
                    0.9090909090909091,
                    0.9444444444444444
                ]
            ],
            "edge_distances": [
                0.7777777777777778,
                0.2222222222222222
            ],
            "dx": 0.36363636363636365,
            "dy": 0.05555555555555558,
            "move_angle": 0.15160548743827287,
            "move_distance": 0.36785571181071,
            "angle_difference": -0.39694391501225557,
            "hold_type": 1.0
        },
        {
            "problemId": 335527,
            "description": "K16",
            "isStart": false,
            "isEnd": false,
            "normalized_coordinates": [
                0.9090909090909091,
                0.8333333333333334
            ],
            "neighbors": [
                [
                    0.9090909090909091,
                    0.9444444444444444
                ],
                [
                    0.5454545454545454,
                    0.7777777777777778
                ],
                [
                    0.45454545454545453,
                    0.7222222222222222
                ]
            ],
            "edge_distances": [
                0.8333333333333334,
                0.16666666666666663
            ],
            "dx": 0.0,
            "dy": 0.11111111111111105,
            "move_angle": 1.5707963267948966,
            "move_distance": 0.11111111111111105,
            "angle_difference": 1.4191908393566237,
            "hold_type": 0.75
        },
        {
            "problemId": 335527,
            "description": "K18",
            "isStart": false,
            "isEnd": true,
            "normalized_coordinates": [
                0.9090909090909091,
                0.9444444444444444
            ],
            "neighbors": [
                [
                    0.9090909090909091,
                    0.8333333333333334
                ],
                [
                    0.5454545454545454,
                    0.7777777777777778
                ],
                [
                    0.45454545454545453,
                    0.7222222222222222
                ]
            ],
            "edge_distances": [
                0.9444444444444444,
                0.05555555555555558
            ],
            "dx": -0.36363636363636365,
            "dy": -0.6111111111111112,
            "move_angle": -2.1075617629390453,
            "move_distance": 0.71111756769337,
            "angle_difference": -3.678358089733942,
            "hold_type": 0.0
        },
        {
            "problemId": 335527,
            "description": "G7",
            "isStart": false,
            "isEnd": false,
            "normalized_coordinates": [
                0.5454545454545454,
                0.3333333333333333
            ],
            "neighbors": [
                [
                    0.6363636363636364,
                    0.3333333333333333
                ],
                [
                    0.8181818181818182,
                    0.1111111111111111
                ],
                [
                    0.18181818181818182,
                    0.4444444444444444
                ]
            ],
            "edge_distances": [
                0.3333333333333333,
                0.6666666666666667
            ],
            "hold_type": 0.25
        }
    ],
    "data.apiId": 335527,
    "hold_presence": [
        0.0,
        0.0,
        0.0,
        0.0,
        0.0,
        0.0,
        0.0,
        0.0,
        0.0,
        0.0,
        0.0,
        0.0,
        0.0,
        0.0,
        0.0,
        0.0,
        0.0,
        0.0,
        0.0,
        0.0,
        0.0,
        0.0,
        0.0,
        0.0,
        0.0,
        0.0,
        0.0,
        0.0,
        0.0,
        0.0,
        0.0,
        1.0,
        0.0,
        0.0,
        0.0,
        0.0,
        0.0,
        0.0,
        0.0,
        0.0,
        0.0,
        0.0,
        0.0,
        0.0,
        1.0,
        0.0,
        0.0,
        0.0,
        0.0,
        0.0,
        0.0,
        0.0,
        0.0,
        0.0,
        1.0,
        0.0,
        0.0,
        0.0,
        0.0,
        0.0,
        0.0,
        0.0,
        0.0,
        0.0,
        0.0,
        0.0,
        0.0,
        0.0,
        0.0,
        0.0,
        0.0,
        0.0,
        1.0,
        1.0,
        0.0,
        0.0,
        0.0,
        0.0,
        0.0,
        0.0,
        0.0,
        0.0,
        0.0,
        0.0,
        0.0,
        0.0,
        0.0,
        0.0,
        0.0,
        0.0,
        1.0,
        0.0,
        0.0,
        0.0,
        0.0,
        0.0,
        0.0,
        0.0,
        0.0,
        0.0,
        0.0,
        0.0,
        0.0,
        0.0,
        0.0,
        0.0,
        0.0,
        0.0,
        0.0,
        0.0,
        0.0,
        0.0,
        0.0,
        0.0,
        0.0,
        0.0,
        0.0,
        0.0,
        0.0,
        0.0,
        0.0,
        0.0,
        0.0,
        0.0,
        0.0,
        0.0,
        0.0,
        0.0,
        0.0,
        0.0,
        0.0,
        0.0,
        0.0,
        0.0,
        0.0,
        0.0,
        0.0,
        0.0,
        0.0,
        0.0,
        0.0,
        0.0,
        0.0,
        0.0,
        0.0,
        0.0,
        0.0,
        0.0,
        1.0,
        0.0,
        0.0,
        0.0,
        0.0,
        0.0,
        0.0,
        0.0,
        0.0,
        0.0,
        0.0,
        0.0,
        1.0,
        0.0,
        0.0,
        0.0,
        0.0,
        0.0,
        0.0,
        0.0,
        0.0,
        0.0,
        0.0,
        0.0,
        0.0,
        0.0,
        0.0,
        1.0,
        0.0,
        0.0,
        0.0,
        0.0,
        0.0,
        0.0,
        0.0,
        0.0,
        0.0,
        0.0,
        0.0,
        0.0,
        0.0,
        0.0,
        0.0,
        0.0,
        0.0,
        0.0,
        0.0,
        0.0,
        0.0,
        1.0
    ],
    "hold_count_norm": 1.161903897330617,
    "hold_density": 0.3656565656565656,
    "vertical_progress": 0.0
}