{
    "data.grade": "7C",
    "data.userGrade": null,
    "data.method": "Footless + kickboard",
    "data.userRating": 0.0,
    "data.repeats": 0.0,
    "data.moves": [
        {
            "problemId": 419026,
            "description": "D18",
            "isStart": false,
            "isEnd": true,
            "normalized_coordinates": [
                0.2727272727272727,
                0.9444444444444444
            ],
            "neighbors": [
                [
                    0.2727272727272727,
                    0.8888888888888888
                ],
                [
                    0.2727272727272727,
                    0.8333333333333334
                ],
                [
                    0.2727272727272727,
                    0.7777777777777778
                ]
            ],
            "edge_distances": [
                0.9444444444444444,
                0.05555555555555558
            ],
            "dx": 0.0,
            "dy": -0.05555555555555558,
            "move_angle": -1.5707963267948966,
            "move_distance": 0.05555555555555558,
            "hold_type": 1.0
        },
        {
            "problemId": 419026,
            "description": "D17",
            "isStart": false,
            "isEnd": false,
            "normalized_coordinates": [
                0.2727272727272727,
                0.8888888888888888
            ],
            "neighbors": [
                [
                    0.2727272727272727,
                    0.8333333333333334
                ],
                [
                    0.2727272727272727,
                    0.9444444444444444
                ],
                [
                    0.2727272727272727,
                    0.7777777777777778
                ]
            ],
            "edge_distances": [
                0.8888888888888888,
                0.11111111111111116
            ],
            "dx": 0.0,
            "dy": -0.05555555555555547,
            "move_angle": -1.5707963267948966,
            "move_distance": 0.05555555555555547,
            "angle_difference": 0.0,
            "hold_type": 0.0
        },
        {
            "problemId": 419026,
            "description": "D16",
            "isStart": false,
            "isEnd": false,
            "normalized_coordinates": [
                0.2727272727272727,
                0.8333333333333334
            ],
            "neighbors": [
                [
                    0.2727272727272727,
                    0.8888888888888888
                ],
                [
                    0.2727272727272727,
                    0.7777777777777778
                ],
                [
                    0.2727272727272727,
                    0.9444444444444444
                ]
            ],
            "edge_distances": [
                0.8333333333333334,
                0.16666666666666663
            ],
            "dx": 0.0,
            "dy": -0.05555555555555558,
            "move_angle": -1.5707963267948966,
            "move_distance": 0.05555555555555558,
            "angle_difference": 0.0,
            "hold_type": 0.0
        },
        {
            "problemId": 419026,
            "description": "D15",
            "isStart": false,
            "isEnd": false,
            "normalized_coordinates": [
                0.2727272727272727,
                0.7777777777777778
            ],
            "neighbors": [
                [
                    0.2727272727272727,
                    0.8333333333333334
                ],
                [
                    0.2727272727272727,
                    0.7222222222222222
                ],
                [
                    0.2727272727272727,
                    0.8888888888888888
                ]
            ],
            "edge_distances": [
                0.7777777777777778,
                0.2222222222222222
            ],
            "dx": 0.0,
            "dy": -0.05555555555555558,
            "move_angle": -1.5707963267948966,
            "move_distance": 0.05555555555555558,
            "angle_difference": 0.0,
            "hold_type": 1.0
        },
        {
            "problemId": 419026,
            "description": "D14",
            "isStart": false,
            "isEnd": false,
            "normalized_coordinates": [
                0.2727272727272727,
                0.7222222222222222
            ],
            "neighbors": [
                [
                    0.2727272727272727,
                    0.6666666666666666
                ],
                [
                    0.2727272727272727,
                    0.7777777777777778
                ],
                [
                    0.2727272727272727,
                    0.6111111111111112
                ]
            ],
            "edge_distances": [
                0.7222222222222222,
                0.2777777777777778
            ],
            "dx": 0.0,
            "dy": -0.05555555555555558,
            "move_angle": -1.5707963267948966,
            "move_distance": 0.05555555555555558,
            "angle_difference": 0.0,
            "hold_type": 0.75
        },
        {
            "problemId": 419026,
            "description": "D13",
            "isStart": false,
            "isEnd": false,
            "normalized_coordinates": [
                0.2727272727272727,
                0.6666666666666666
            ],
            "neighbors": [
                [
                    0.2727272727272727,
                    0.6111111111111112
                ],
                [
                    0.2727272727272727,
                    0.7222222222222222
                ],
                [
                    0.2727272727272727,
                    0.5555555555555556
                ]
            ],
            "edge_distances": [
                0.6666666666666666,
                0.33333333333333337
            ],
            "dx": 0.0,
            "dy": -0.05555555555555547,
            "move_angle": -1.5707963267948966,
            "move_distance": 0.05555555555555547,
            "angle_difference": 0.0,
            "hold_type": 0.0
        },
        {
            "problemId": 419026,
            "description": "D12",
            "isStart": false,
            "isEnd": false,
            "normalized_coordinates": [
                0.2727272727272727,
                0.6111111111111112
            ],
            "neighbors": [
                [
                    0.2727272727272727,
                    0.6666666666666666
                ],
                [
                    0.2727272727272727,
                    0.5555555555555556
                ],
                [
                    0.2727272727272727,
                    0.7222222222222222
                ]
            ],
            "edge_distances": [
                0.6111111111111112,
                0.38888888888888884
            ],
            "dx": 0.0,
            "dy": -0.05555555555555558,
            "move_angle": -1.5707963267948966,
            "move_distance": 0.05555555555555558,
            "angle_difference": 0.0,
            "hold_type": 0.5
        },
        {
            "problemId": 419026,
            "description": "D11",
            "isStart": false,
            "isEnd": false,
            "normalized_coordinates": [
                0.2727272727272727,
                0.5555555555555556
            ],
            "neighbors": [
                [
                    0.2727272727272727,
                    0.5
                ],
                [
                    0.2727272727272727,
                    0.6111111111111112
                ],
                [
                    0.2727272727272727,
                    0.6666666666666666
                ]
            ],
            "edge_distances": [
                0.5555555555555556,
                0.4444444444444444
            ],
            "dx": 0.0,
            "dy": -0.05555555555555558,
            "move_angle": -1.5707963267948966,
            "move_distance": 0.05555555555555558,
            "angle_difference": 0.0,
            "hold_type": 0.5
        },
        {
            "problemId": 419026,
            "description": "D10",
            "isStart": false,
            "isEnd": false,
            "normalized_coordinates": [
                0.2727272727272727,
                0.5
            ],
            "neighbors": [
                [
                    0.2727272727272727,
                    0.5555555555555556
                ],
                [
                    0.2727272727272727,
                    0.4444444444444444
                ],
                [
                    0.2727272727272727,
                    0.3888888888888889
                ]
            ],
            "edge_distances": [
                0.5,
                0.5
            ],
            "dx": 0.0,
            "dy": -0.05555555555555558,
            "move_angle": -1.5707963267948966,
            "move_distance": 0.05555555555555558,
            "angle_difference": 0.0,
            "hold_type": 0.75
        },
        {
            "problemId": 419026,
            "description": "D9",
            "isStart": false,
            "isEnd": false,
            "normalized_coordinates": [
                0.2727272727272727,
                0.4444444444444444
            ],
            "neighbors": [
                [
                    0.2727272727272727,
                    0.3888888888888889
                ],
                [
                    0.2727272727272727,
                    0.5
                ],
                [
                    0.2727272727272727,
                    0.3333333333333333
                ]
            ],
            "edge_distances": [
                0.4444444444444444,
                0.5555555555555556
            ],
            "dx": 0.0,
            "dy": -0.055555555555555525,
            "move_angle": -1.5707963267948966,
            "move_distance": 0.055555555555555525,
            "angle_difference": 0.0,
            "hold_type": 1.0
        },
        {
            "problemId": 419026,
            "description": "D8",
            "isStart": false,
            "isEnd": false,
            "normalized_coordinates": [
                0.2727272727272727,
                0.3888888888888889
            ],
            "neighbors": [
                [
                    0.2727272727272727,
                    0.4444444444444444
                ],
                [
                    0.2727272727272727,
                    0.3333333333333333
                ],
                [
                    0.2727272727272727,
                    0.5
                ]
            ],
            "edge_distances": [
                0.3888888888888889,
                0.6111111111111112
            ],
            "dx": 0.0,
            "dy": -0.05555555555555558,
            "move_angle": -1.5707963267948966,
            "move_distance": 0.05555555555555558,
            "angle_difference": 0.0,
            "hold_type": 1.0
        },
        {
            "problemId": 419026,
            "description": "D7",
            "isStart": false,
            "isEnd": false,
            "normalized_coordinates": [
                0.2727272727272727,
                0.3333333333333333
            ],
            "neighbors": [
                [
                    0.2727272727272727,
                    0.2777777777777778
                ],
                [
                    0.2727272727272727,
                    0.3888888888888889
                ],
                [
                    0.2727272727272727,
                    0.4444444444444444
                ]
            ],
            "edge_distances": [
                0.3333333333333333,
                0.6666666666666667
            ],
            "dx": 0.0,
            "dy": -0.055555555555555525,
            "move_angle": -1.5707963267948966,
            "move_distance": 0.055555555555555525,
            "angle_difference": 0.0,
            "hold_type": 0.25
        },
        {
            "problemId": 419026,
            "description": "D6",
            "isStart": false,
            "isEnd": false,
            "normalized_coordinates": [
                0.2727272727272727,
                0.2777777777777778
            ],
            "neighbors": [
                [
                    0.2727272727272727,
                    0.3333333333333333
                ],
                [
                    0.2727272727272727,
                    0.2222222222222222
                ],
                [
                    0.2727272727272727,
                    0.3888888888888889
                ]
            ],
            "edge_distances": [
                0.2777777777777778,
                0.7222222222222222
            ],
            "dx": 0.0,
            "dy": -0.05555555555555558,
            "move_angle": -1.5707963267948966,
            "move_distance": 0.05555555555555558,
            "angle_difference": 0.0,
            "hold_type": 1.0
        },
        {
            "problemId": 419026,
            "description": "D5",
            "isStart": true,
            "isEnd": false,
            "normalized_coordinates": [
                0.2727272727272727,
                0.2222222222222222
            ],
            "neighbors": [
                [
                    0.2727272727272727,
                    0.2777777777777778
                ],
                [
                    0.2727272727272727,
                    0.3333333333333333
                ],
                [
                    0.2727272727272727,
                    0.3888888888888889
                ]
            ],
            "edge_distances": [
                0.2222222222222222,
                0.7777777777777778
            ],
            "hold_type": 0.5
        }
    ],
    "data.apiId": 419026,
    "hold_presence": [
        0.0,
        0.0,
        0.0,
        0.0,
        0.0,
        0.0,
        0.0,
        0.0,
        0.0,
        0.0,
        0.0,
        0.0,
        0.0,
        0.0,
        0.0,
        0.0,
        0.0,
        0.0,
        0.0,
        0.0,
        0.0,
        0.0,
        0.0,
        0.0,
        0.0,
        0.0,
        0.0,
        0.0,
        0.0,
        0.0,
        0.0,
        0.0,
        0.0,
        0.0,
        0.0,
        0.0,
        0.0,
        0.0,
        0.0,
        0.0,
        0.0,
        0.0,
        0.0,
        0.0,
        0.0,
        0.0,
        0.0,
        1.0,
        0.0,
        0.0,
        0.0,
        0.0,
        0.0,
        0.0,
        0.0,
        0.0,
        0.0,
        0.0,
        1.0,
        0.0,
        0.0,
        0.0,
        0.0,
        0.0,
        0.0,
        0.0,
        0.0,
        0.0,
        0.0,
        1.0,
        0.0,
        0.0,
        0.0,
        0.0,
        0.0,
        0.0,
        0.0,
        0.0,
        0.0,
        0.0,
        1.0,
        0.0,
        0.0,
        0.0,
        0.0,
        0.0,
        0.0,
        0.0,
        0.0,
        0.0,
        0.0,
        1.0,
        0.0,
        0.0,
        0.0,
        0.0,
        0.0,
        0.0,
        0.0,
        0.0,
        0.0,
        0.0,
        1.0,
        0.0,
        0.0,
        0.0,
        0.0,
        0.0,
        0.0,
        0.0,
        0.0,
        0.0,
        0.0,
        1.0,
        0.0,
        0.0,
        0.0,
        0.0,
        0.0,
        0.0,
        0.0,
        0.0,
        0.0,
        0.0,
        1.0,
        0.0,
        0.0,
        0.0,
        0.0,
        0.0,
        0.0,
        0.0,
        0.0,
        0.0,
        0.0,
        1.0,
        0.0,
        0.0,
        0.0,
        0.0,
        0.0,
        0.0,
        0.0,
        0.0,
        0.0,
        0.0,
        1.0,
        0.0,
        0.0,
        0.0,
        0.0,
        0.0,
        0.0,
        0.0,
        0.0,
        0.0,
        0.0,
        1.0,
        0.0,
        0.0,
        0.0,
        0.0,
        0.0,
        0.0,
        0.0,
        0.0,
        0.0,
        0.0,
        1.0,
        0.0,
        0.0,
        0.0,
        0.0,
        0.0,
        0.0,
        0.0,
        0.0,
        0.0,
        0.0,
        1.0,
        0.0,
        0.0,
        0.0,
        0.0,
        0.0,
        0.0,
        0.0,
        0.0,
        0.0,
        0.0,
        1.0,
        0.0,
        0.0,
        0.0,
        0.0,
        0.0,
        0.0,
        0.0
    ],
    "hold_count_norm": 3.2862584074323036,
    "hold_density": 0.0,
    "vertical_progress": -0.055555555555555566
}