{
    "data.grade": "7C",
    "data.userGrade": null,
    "data.method": "Feet follow hands",
    "data.userRating": 0.0,
    "data.repeats": 0.0,
    "data.moves": [
        {
            "problemId": 404704,
            "description": "F5",
            "isStart": true,
            "isEnd": false,
            "normalized_coordinates": [
                0.45454545454545453,
                0.2222222222222222
            ],
            "neighbors": [
                [
                    0.6363636363636364,
                    0.5
                ],
                [
                    0.5454545454545454,
                    0.8333333333333334
                ],
                [
                    0.8181818181818182,
                    0.7222222222222222
                ]
            ],
            "edge_distances": [
                0.2222222222222222,
                0.7777777777777778
            ],
            "dx": 0.18181818181818182,
            "dy": 0.2777777777777778,
            "move_angle": 0.9912323415015735,
            "move_distance": 0.3319914834251474,
            "hold_type": 0.5
        },
        {
            "problemId": 404704,
            "description": "H10",
            "isStart": false,
            "isEnd": false,
            "normalized_coordinates": [
                0.6363636363636364,
                0.5
            ],
            "neighbors": [
                [
                    0.8181818181818182,
                    0.7222222222222222
                ],
                [
                    0.45454545454545453,
                    0.2222222222222222
                ],
                [
                    0.5454545454545454,
                    0.8333333333333334
                ]
            ],
            "edge_distances": [
                0.5,
                0.5
            ],
            "dx": -0.09090909090909094,
            "dy": 0.33333333333333337,
            "move_angle": 1.837048375945822,
            "move_distance": 0.3455077045754964,
            "angle_difference": 0.8458160344442486,
            "hold_type": 0.5
        },
        {
            "problemId": 404704,
            "description": "G16",
            "isStart": false,
            "isEnd": false,
            "normalized_coordinates": [
                0.5454545454545454,
                0.8333333333333334
            ],
            "neighbors": [
                [
                    0.8181818181818182,
                    0.7222222222222222
                ],
                [
                    0.6363636363636364,
                    0.5
                ],
                [
                    0.09090909090909091,
                    0.9444444444444444
                ]
            ],
            "edge_distances": [
                0.8333333333333334,
                0.16666666666666663
            ],
            "dx": -0.4545454545454545,
            "dy": 0.11111111111111105,
            "move_angle": 2.9018495447193366,
            "move_distance": 0.46792867967274615,
            "angle_difference": 1.0648011687735146,
            "hold_type": 0.75
        },
        {
            "problemId": 404704,
            "description": "B18",
            "isStart": false,
            "isEnd": true,
            "normalized_coordinates": [
                0.09090909090909091,
                0.9444444444444444
            ],
            "neighbors": [
                [
                    0.5454545454545454,
                    0.8333333333333334
                ],
                [
                    0.6363636363636364,
                    0.5
                ],
                [
                    0.8181818181818182,
                    0.7222222222222222
                ]
            ],
            "edge_distances": [
                0.9444444444444444,
                0.05555555555555558
            ],
            "dx": 0.7272727272727273,
            "dy": -0.2222222222222222,
            "move_angle": -0.29654580906970046,
            "move_distance": 0.7604658676654025,
            "angle_difference": -3.1983953537890373,
            "hold_type": 0.75
        },
        {
            "problemId": 404704,
            "description": "J14",
            "isStart": false,
            "isEnd": false,
            "normalized_coordinates": [
                0.8181818181818182,
                0.7222222222222222
            ],
            "neighbors": [
                [
                    0.6363636363636364,
                    0.5
                ],
                [
                    0.5454545454545454,
                    0.8333333333333334
                ],
                [
                    0.45454545454545453,
                    0.2222222222222222
                ]
            ],
            "edge_distances": [
                0.7222222222222222,
                0.2777777777777778
            ],
            "hold_type": 1.0
        }
    ],
    "data.apiId": 404704,
    "hold_presence": [
        0.0,
        0.0,
        0.0,
        0.0,
        0.0,
        0.0,
        0.0,
        0.0,
        0.0,
        0.0,
        0.0,
        0.0,
        0.0,
        0.0,
        0.0,
        0.0,
        0.0,
        0.0,
        0.0,
        0.0,
        0.0,
        0.0,
        0.0,
        0.0,
        0.0,
        0.0,
        0.0,
        0.0,
        0.0,
        0.0,
        0.0,
        0.0,
        0.0,
        0.0,
        0.0,
        0.0,
        0.0,
        0.0,
        0.0,
        0.0,
        0.0,
        0.0,
        0.0,
        0.0,
        0.0,
        0.0,
        0.0,
        0.0,
        0.0,
        1.0,
        0.0,
        0.0,
        0.0,
        0.0,
        0.0,
        0.0,
        0.0,
        0.0,
        0.0,
        0.0,
        0.0,
        0.0,
        0.0,
        0.0,
        0.0,
        0.0,
        0.0,
        0.0,
        0.0,
        0.0,
        0.0,
        0.0,
        0.0,
        0.0,
        0.0,
        0.0,
        0.0,
        0.0,
        0.0,
        0.0,
        0.0,
        0.0,
        0.0,
        0.0,
        0.0,
        0.0,
        0.0,
        0.0,
        0.0,
        0.0,
        0.0,
        0.0,
        0.0,
        0.0,
        0.0,
        0.0,
        0.0,
        0.0,
        0.0,
        0.0,
        0.0,
        0.0,
        0.0,
        0.0,
        0.0,
        0.0,
        1.0,
        0.0,
        0.0,
        0.0,
        0.0,
        0.0,
        0.0,
        0.0,
        0.0,
        0.0,
        0.0,
        0.0,
        0.0,
        0.0,
        0.0,
        0.0,
        0.0,
        0.0,
        0.0,
        0.0,
        0.0,
        0.0,
        0.0,
        0.0,
        0.0,
        0.0,
        0.0,
        0.0,
        0.0,
        0.0,
        0.0,
        0.0,
        0.0,
        0.0,
        0.0,
        0.0,
        0.0,
        0.0,
        0.0,
        0.0,
        0.0,
        0.0,
        0.0,
        0.0,
        0.0,
        0.0,
        1.0,
        0.0,
        0.0,
        0.0,
        0.0,
        0.0,
        0.0,
        0.0,
        0.0,
        0.0,
        0.0,
        0.0,
        0.0,
        0.0,
        0.0,
        0.0,
        0.0,
        0.0,
        0.0,
        1.0,
        0.0,
        0.0,
        0.0,
        0.0,
        0.0,
        0.0,
        0.0,
        0.0,
        0.0,
        0.0,
        0.0,
        0.0,
        0.0,
        0.0,
        0.0,
        0.0,
        1.0,
        0.0,
        0.0,
        0.0,
        0.0,
        0.0,
        0.0,
        0.0,
        0.0,
        0.0
    ],
    "hold_count_norm": -1.4935392402964913,
    "hold_density": 0.32727272727272727,
    "vertical_progress": 0.125
}