{
    "data.grade": "7C",
    "data.userGrade": "7B+",
    "data.method": "Feet follow hands",
    "data.userRating": 1.791759469228055,
    "data.repeats": 1.791759469228055,
    "data.moves": [
        {
            "problemId": 332788,
            "description": "D5",
            "isStart": true,
            "isEnd": false,
            "normalized_coordinates": [
                0.2727272727272727,
                0.2222222222222222
            ],
            "neighbors": [
                [
                    0.5454545454545454,
                    0.05555555555555555
                ],
                [
                    0.6363636363636364,
                    0.5555555555555556
                ],
                [
                    0.8181818181818182,
                    0.3333333333333333
                ]
            ],
            "edge_distances": [
                0.2222222222222222,
                0.7777777777777778
            ],
            "dx": 0.2727272727272727,
            "dy": -0.16666666666666666,
            "move_angle": -0.5485494024505281,
            "move_distance": 0.319621562268621,
            "hold_type": 0.5
        },
        {
            "problemId": 332788,
            "description": "G2",
            "isStart": false,
            "isEnd": false,
            "normalized_coordinates": [
                0.5454545454545454,
                0.05555555555555555
            ],
            "neighbors": [
                [
                    0.2727272727272727,
                    0.2222222222222222
                ],
                [
                    0.8181818181818182,
                    0.3333333333333333
                ],
                [
                    0.6363636363636364,
                    0.5555555555555556
                ]
            ],
            "edge_distances": [
                0.05555555555555555,
                0.9444444444444444
            ],
            "dx": 0.2727272727272728,
            "dy": 0.2777777777777778,
            "move_angle": 0.7945722179425582,
            "move_distance": 0.38928223580895227,
            "angle_difference": 1.3431216203930862,
            "hold_type": 0.75
        },
        {
            "problemId": 332788,
            "description": "J7",
            "isStart": false,
            "isEnd": false,
            "normalized_coordinates": [
                0.8181818181818182,
                0.3333333333333333
            ],
            "neighbors": [
                [
                    0.6363636363636364,
                    0.5555555555555556
                ],
                [
                    0.5454545454545454,
                    0.05555555555555555
                ],
                [
                    0.9090909090909091,
                    0.7222222222222222
                ]
            ],
            "edge_distances": [
                0.3333333333333333,
                0.6666666666666667
            ],
            "dx": -0.18181818181818188,
            "dy": 0.22222222222222227,
            "move_angle": 2.256525837701183,
            "move_distance": 0.2871246546172101,
            "angle_difference": 1.4619536197586247,
            "hold_type": 0.5
        },
        {
            "problemId": 332788,
            "description": "H11",
            "isStart": false,
            "isEnd": false,
            "normalized_coordinates": [
                0.6363636363636364,
                0.5555555555555556
            ],
            "neighbors": [
                [
                    0.8181818181818182,
                    0.3333333333333333
                ],
                [
                    0.9090909090909091,
                    0.7222222222222222
                ],
                [
                    0.7272727272727273,
                    0.9444444444444444
                ]
            ],
            "edge_distances": [
                0.5555555555555556,
                0.4444444444444444
            ],
            "dx": 0.2727272727272727,
            "dy": 0.16666666666666663,
            "move_angle": 0.548549402450528,
            "move_distance": 0.319621562268621,
            "angle_difference": -1.707976435250655,
            "hold_type": 0.5
        },
        {
            "problemId": 332788,
            "description": "K14",
            "isStart": false,
            "isEnd": false,
            "normalized_coordinates": [
                0.9090909090909091,
                0.7222222222222222
            ],
            "neighbors": [
                [
                    0.7272727272727273,
                    0.9444444444444444
                ],
                [
                    0.6363636363636364,
                    0.5555555555555556
                ],
                [
                    0.8181818181818182,
                    0.3333333333333333
                ]
            ],
            "edge_distances": [
                0.7222222222222222,
                0.2777777777777778
            ],
            "dx": -0.18181818181818177,
            "dy": 0.2222222222222222,
            "move_angle": 2.256525837701183,
            "move_distance": 0.28712465461721,
            "angle_difference": 1.707976435250655,
            "hold_type": 0.75
        },
        {
            "problemId": 332788,
            "description": "I18",
            "isStart": false,
            "isEnd": true,
            "normalized_coordinates": [
                0.7272727272727273,
                0.9444444444444444
            ],
            "neighbors": [
                [
                    0.9090909090909091,
                    0.7222222222222222
                ],
                [
                    0.6363636363636364,
                    0.5555555555555556
                ],
                [
                    0.8181818181818182,
                    0.3333333333333333
                ]
            ],
            "edge_distances": [
                0.9444444444444444,
                0.05555555555555558
            ],
            "hold_type": 0.5
        }
    ],
    "data.apiId": 332788,
    "hold_presence": [
        0.0,
        0.0,
        0.0,
        0.0,
        0.0,
        0.0,
        0.0,
        0.0,
        0.0,
        0.0,
        0.0,
        0.0,
        0.0,
        0.0,
        0.0,
        0.0,
        0.0,
        1.0,
        0.0,
        0.0,
        0.0,
        0.0,
        0.0,
        0.0,
        0.0,
        0.0,
        0.0,
        0.0,
        0.0,
        0.0,
        0.0,
        0.0,
        0.0,
        0.0,
        0.0,
        0.0,
        0.0,
        0.0,
        0.0,
        0.0,
        0.0,
        0.0,
        0.0,
        0.0,
        0.0,
        0.0,
        0.0,
        1.0,
        0.0,
        0.0,
        0.0,
        0.0,
        0.0,
        0.0,
        0.0,
        0.0,
        0.0,
        0.0,
        0.0,
        0.0,
        0.0,
        0.0,
        0.0,
        0.0,
        0.0,
        0.0,
        0.0,
        0.0,
        0.0,
        0.0,
        0.0,
        0.0,
        0.0,
        0.0,
        0.0,
        1.0,
        0.0,
        0.0,
        0.0,
        0.0,
        0.0,
        0.0,
        0.0,
        0.0,
        0.0,
        0.0,
        0.0,
        0.0,
        0.0,
        0.0,
        0.0,
        0.0,
        0.0,
        0.0,
        0.0,
        0.0,
        0.0,
        0.0,
        0.0,
        0.0,
        0.0,
        0.0,
        0.0,
        0.0,
        0.0,
        0.0,
        0.0,
        0.0,
        0.0,
        0.0,
        0.0,
        0.0,
        0.0,
        0.0,
        0.0,
        0.0,
        0.0,
        1.0,
        0.0,
        0.0,
        0.0,
        0.0,
        0.0,
        0.0,
        0.0,
        0.0,
        0.0,
        0.0,
        0.0,
        0.0,
        0.0,
        0.0,
        0.0,
        0.0,
        0.0,
        0.0,
        0.0,
        0.0,
        0.0,
        0.0,
        0.0,
        0.0,
        0.0,
        0.0,
        0.0,
        0.0,
        0.0,
        0.0,
        0.0,
        0.0,
        0.0,
        0.0,
        0.0,
        1.0,
        0.0,
        0.0,
        0.0,
        0.0,
        0.0,
        0.0,
        0.0,
        0.0,
        0.0,
        0.0,
        0.0,
        0.0,
        0.0,
        0.0,
        0.0,
        0.0,
        0.0,
        0.0,
        0.0,
        0.0,
        0.0,
        0.0,
        0.0,
        0.0,
        0.0,
        0.0,
        0.0,
        0.0,
        0.0,
        0.0,
        0.0,
        0.0,
        0.0,
        0.0,
        0.0,
        0.0,
        0.0,
        0.0,
        0.0,
        0.0,
        0.0,
        1.0,
        0.0,
        0.0
    ],
    "hold_count_norm": -0.9624506127710697,
    "hold_density": 0.2727272727272727,
    "vertical_progress": 0.14444444444444443
}