{
    "data.grade": "7C",
    "data.userGrade": null,
    "data.method": "Feet follow hands",
    "data.userRating": 0.0,
    "data.repeats": 0.0,
    "data.moves": [
        {
            "problemId": 450884,
            "description": "K6",
            "isStart": true,
            "isEnd": false,
            "normalized_coordinates": [
                0.9090909090909091,
                0.2777777777777778
            ],
            "neighbors": [
                [
                    0.45454545454545453,
                    0.4444444444444444
                ],
                [
                    0.45454545454545453,
                    0.7777777777777778
                ],
                [
                    0.36363636363636365,
                    0.9444444444444444
                ]
            ],
            "edge_distances": [
                0.2777777777777778,
                0.7222222222222222
            ],
            "dx": -0.45454545454545453,
            "dy": 0.16666666666666663,
            "move_angle": 2.7901478595862415,
            "move_distance": 0.48413773662637744,
            "hold_type": 0.0
        },
        {
            "problemId": 450884,
            "description": "F9",
            "isStart": false,
            "isEnd": false,
            "normalized_coordinates": [
                0.45454545454545453,
                0.4444444444444444
            ],
            "neighbors": [
                [
                    0.45454545454545453,
                    0.7777777777777778
                ],
                [
                    0.9090909090909091,
                    0.2777777777777778
                ],
                [
                    0.0,
                    0.6111111111111112
                ]
            ],
            "edge_distances": [
                0.4444444444444444,
                0.5555555555555556
            ],
            "dx": -0.45454545454545453,
            "dy": 0.16666666666666674,
            "move_angle": 2.7901478595862415,
            "move_distance": 0.4841377366263775,
            "angle_difference": 0.0,
            "hold_type": 1.0
        },
        {
            "problemId": 450884,
            "description": "A12",
            "isStart": false,
            "isEnd": false,
            "normalized_coordinates": [
                0.0,
                0.6111111111111112
            ],
            "neighbors": [
                [
                    0.45454545454545453,
                    0.7777777777777778
                ],
                [
                    0.45454545454545453,
                    0.4444444444444444
                ],
                [
                    0.36363636363636365,
                    0.9444444444444444
                ]
            ],
            "edge_distances": [
                0.6111111111111112,
                0.38888888888888884
            ],
            "dx": 0.45454545454545453,
            "dy": 0.16666666666666663,
            "move_angle": 0.35144479400355166,
            "move_distance": 0.48413773662637744,
            "angle_difference": -2.43870306558269,
            "hold_type": 0.75
        },
        {
            "problemId": 450884,
            "description": "F15",
            "isStart": false,
            "isEnd": false,
            "normalized_coordinates": [
                0.45454545454545453,
                0.7777777777777778
            ],
            "neighbors": [
                [
                    0.36363636363636365,
                    0.9444444444444444
                ],
                [
                    0.45454545454545453,
                    0.4444444444444444
                ],
                [
                    0.0,
                    0.6111111111111112
                ]
            ],
            "edge_distances": [
                0.7777777777777778,
                0.2222222222222222
            ],
            "dx": -0.09090909090909088,
            "dy": 0.16666666666666663,
            "move_angle": 2.0701430484750265,
            "move_distance": 0.18984794069911615,
            "angle_difference": 1.7186982544714748,
            "hold_type": 0.5
        },
        {
            "problemId": 450884,
            "description": "E18",
            "isStart": false,
            "isEnd": true,
            "normalized_coordinates": [
                0.36363636363636365,
                0.9444444444444444
            ],
            "neighbors": [
                [
                    0.45454545454545453,
                    0.7777777777777778
                ],
                [
                    0.0,
                    0.6111111111111112
                ],
                [
                    0.45454545454545453,
                    0.4444444444444444
                ]
            ],
            "edge_distances": [
                0.9444444444444444,
                0.05555555555555558
            ],
            "hold_type": 1.0
        }
    ],
    "data.apiId": 450884,
    "hold_presence": [
        0.0,
        0.0,
        0.0,
        0.0,
        0.0,
        0.0,
        0.0,
        0.0,
        0.0,
        0.0,
        0.0,
        0.0,
        0.0,
        0.0,
        0.0,
        0.0,
        0.0,
        0.0,
        0.0,
        0.0,
        0.0,
        0.0,
        0.0,
        0.0,
        0.0,
        0.0,
        0.0,
        0.0,
        0.0,
        0.0,
        0.0,
        0.0,
        0.0,
        0.0,
        0.0,
        0.0,
        0.0,
        0.0,
        0.0,
        0.0,
        0.0,
        0.0,
        0.0,
        0.0,
        0.0,
        0.0,
        0.0,
        0.0,
        0.0,
        0.0,
        0.0,
        0.0,
        0.0,
        0.0,
        0.0,
        0.0,
        0.0,
        0.0,
        0.0,
        0.0,
        0.0,
        0.0,
        0.0,
        0.0,
        0.0,
        1.0,
        0.0,
        0.0,
        0.0,
        0.0,
        0.0,
        0.0,
        0.0,
        0.0,
        0.0,
        0.0,
        0.0,
        0.0,
        0.0,
        0.0,
        0.0,
        0.0,
        0.0,
        0.0,
        0.0,
        0.0,
        0.0,
        0.0,
        0.0,
        0.0,
        0.0,
        0.0,
        0.0,
        1.0,
        0.0,
        0.0,
        0.0,
        0.0,
        0.0,
        0.0,
        0.0,
        0.0,
        0.0,
        0.0,
        0.0,
        0.0,
        0.0,
        0.0,
        0.0,
        0.0,
        0.0,
        0.0,
        0.0,
        0.0,
        0.0,
        0.0,
        0.0,
        0.0,
        0.0,
        0.0,
        0.0,
        1.0,
        0.0,
        0.0,
        0.0,
        0.0,
        0.0,
        0.0,
        0.0,
        0.0,
        0.0,
        0.0,
        0.0,
        0.0,
        0.0,
        0.0,
        0.0,
        0.0,
        0.0,
        0.0,
        0.0,
        0.0,
        0.0,
        0.0,
        0.0,
        0.0,
        0.0,
        0.0,
        0.0,
        0.0,
        0.0,
        0.0,
        0.0,
        0.0,
        0.0,
        0.0,
        0.0,
        0.0,
        0.0,
        1.0,
        0.0,
        0.0,
        0.0,
        0.0,
        0.0,
        0.0,
        0.0,
        0.0,
        0.0,
        0.0,
        0.0,
        0.0,
        0.0,
        0.0,
        0.0,
        0.0,
        0.0,
        0.0,
        0.0,
        0.0,
        0.0,
        0.0,
        0.0,
        0.0,
        0.0,
        0.0,
        0.0,
        0.0,
        0.0,
        0.0,
        0.0,
        1.0,
        0.0,
        0.0,
        0.0,
        0.0,
        0.0,
        0.0
    ],
    "hold_count_norm": -1.4935392402964913,
    "hold_density": 0.3818181818181818,
    "vertical_progress": 0.16666666666666666
}