{
    "data.grade": "7C",
    "data.userGrade": "7C",
    "data.method": "Feet follow hands",
    "data.userRating": 1.791759469228055,
    "data.repeats": 0.6931471805599453,
    "data.moves": [
        {
            "problemId": 343663,
            "description": "E6",
            "isStart": true,
            "isEnd": false,
            "normalized_coordinates": [
                0.36363636363636365,
                0.2777777777777778
            ],
            "neighbors": [
                [
                    0.45454545454545453,
                    0.1111111111111111
                ],
                [
                    0.6363636363636364,
                    0.5555555555555556
                ],
                [
                    0.2727272727272727,
                    0.6666666666666666
                ]
            ],
            "edge_distances": [
                0.2777777777777778,
                0.7222222222222222
            ],
            "dx": 0.09090909090909088,
            "dy": -0.16666666666666669,
            "move_angle": -1.0714496051147666,
            "move_distance": 0.18984794069911617,
            "hold_type": 0.0
        },
        {
            "problemId": 343663,
            "description": "F3",
            "isStart": true,
            "isEnd": false,
            "normalized_coordinates": [
                0.45454545454545453,
                0.1111111111111111
            ],
            "neighbors": [
                [
                    0.36363636363636365,
                    0.2777777777777778
                ],
                [
                    0.7272727272727273,
                    0.5
                ],
                [
                    0.6363636363636364,
                    0.5555555555555556
                ]
            ],
            "edge_distances": [
                0.1111111111111111,
                0.8888888888888888
            ],
            "dx": 0.27272727272727276,
            "dy": 0.3888888888888889,
            "move_angle": 0.9591992824866346,
            "move_distance": 0.4749891927091508,
            "angle_difference": 2.030648887601401,
            "hold_type": 0.75
        },
        {
            "problemId": 343663,
            "description": "I10",
            "isStart": false,
            "isEnd": false,
            "normalized_coordinates": [
                0.7272727272727273,
                0.5
            ],
            "neighbors": [
                [
                    0.6363636363636364,
                    0.5555555555555556
                ],
                [
                    0.36363636363636365,
                    0.2777777777777778
                ],
                [
                    0.45454545454545453,
                    0.8333333333333334
                ]
            ],
            "edge_distances": [
                0.5,
                0.5
            ],
            "dx": -0.09090909090909094,
            "dy": 0.05555555555555558,
            "move_angle": 2.593043251139265,
            "move_distance": 0.10654052075620704,
            "angle_difference": 1.6338439686526307,
            "hold_type": 0.5
        },
        {
            "problemId": 343663,
            "description": "H11",
            "isStart": false,
            "isEnd": false,
            "normalized_coordinates": [
                0.6363636363636364,
                0.5555555555555556
            ],
            "neighbors": [
                [
                    0.7272727272727273,
                    0.5
                ],
                [
                    0.45454545454545453,
                    0.8333333333333334
                ],
                [
                    0.2727272727272727,
                    0.6666666666666666
                ]
            ],
            "edge_distances": [
                0.5555555555555556,
                0.4444444444444444
            ],
            "dx": -0.36363636363636365,
            "dy": 0.11111111111111105,
            "move_angle": 2.845046844520093,
            "move_distance": 0.38023293383270124,
            "angle_difference": 0.2520035933808278,
            "hold_type": 0.5
        },
        {
            "problemId": 343663,
            "description": "D13",
            "isStart": false,
            "isEnd": false,
            "normalized_coordinates": [
                0.2727272727272727,
                0.6666666666666666
            ],
            "neighbors": [
                [
                    0.45454545454545453,
                    0.8333333333333334
                ],
                [
                    0.6363636363636364,
                    0.5555555555555556
                ],
                [
                    0.5454545454545454,
                    0.9444444444444444
                ]
            ],
            "edge_distances": [
                0.6666666666666666,
                0.33333333333333337
            ],
            "dx": 0.18181818181818182,
            "dy": 0.16666666666666674,
            "move_angle": 0.7419472680059177,
            "move_distance": 0.24664879691060165,
            "angle_difference": -2.1030995765141753,
            "hold_type": 0.0
        },
        {
            "problemId": 343663,
            "description": "F16",
            "isStart": false,
            "isEnd": false,
            "normalized_coordinates": [
                0.45454545454545453,
                0.8333333333333334
            ],
            "neighbors": [
                [
                    0.5454545454545454,
                    0.9444444444444444
                ],
                [
                    0.2727272727272727,
                    0.6666666666666666
                ],
                [
                    0.6363636363636364,
                    0.5555555555555556
                ]
            ],
            "edge_distances": [
                0.8333333333333334,
                0.16666666666666663
            ],
            "dx": 0.09090909090909088,
            "dy": 0.11111111111111105,
            "move_angle": 0.8850668158886102,
            "move_distance": 0.14356232730860494,
            "angle_difference": 0.14311954788269254,
            "hold_type": 0.0
        },
        {
            "problemId": 343663,
            "description": "G18",
            "isStart": false,
            "isEnd": true,
            "normalized_coordinates": [
                0.5454545454545454,
                0.9444444444444444
            ],
            "neighbors": [
                [
                    0.45454545454545453,
                    0.8333333333333334
                ],
                [
                    0.2727272727272727,
                    0.6666666666666666
                ],
                [
                    0.6363636363636364,
                    0.5555555555555556
                ]
            ],
            "edge_distances": [
                0.9444444444444444,
                0.05555555555555558
            ],
            "hold_type": 0.0
        }
    ],
    "data.apiId": 343663,
    "hold_presence": [
        0.0,
        0.0,
        0.0,
        0.0,
        0.0,
        0.0,
        0.0,
        0.0,
        0.0,
        0.0,
        0.0,
        0.0,
        0.0,
        0.0,
        0.0,
        0.0,
        0.0,
        0.0,
        0.0,
        0.0,
        0.0,
        0.0,
        0.0,
        0.0,
        0.0,
        0.0,
        0.0,
        1.0,
        0.0,
        0.0,
        0.0,
        0.0,
        0.0,
        0.0,
        0.0,
        0.0,
        0.0,
        0.0,
        0.0,
        0.0,
        0.0,
        0.0,
        0.0,
        0.0,
        0.0,
        0.0,
        0.0,
        0.0,
        0.0,
        0.0,
        0.0,
        0.0,
        0.0,
        0.0,
        0.0,
        0.0,
        0.0,
        0.0,
        0.0,
        1.0,
        0.0,
        0.0,
        0.0,
        0.0,
        0.0,
        0.0,
        0.0,
        0.0,
        0.0,
        0.0,
        0.0,
        0.0,
        0.0,
        0.0,
        0.0,
        0.0,
        0.0,
        0.0,
        0.0,
        0.0,
        0.0,
        0.0,
        0.0,
        0.0,
        0.0,
        0.0,
        0.0,
        0.0,
        0.0,
        0.0,
        0.0,
        0.0,
        0.0,
        0.0,
        0.0,
        0.0,
        0.0,
        0.0,
        0.0,
        0.0,
        0.0,
        0.0,
        0.0,
        0.0,
        0.0,
        0.0,
        0.0,
        1.0,
        0.0,
        0.0,
        0.0,
        0.0,
        0.0,
        0.0,
        0.0,
        0.0,
        0.0,
        1.0,
        0.0,
        0.0,
        0.0,
        0.0,
        0.0,
        0.0,
        0.0,
        0.0,
        0.0,
        0.0,
        0.0,
        0.0,
        0.0,
        0.0,
        0.0,
        0.0,
        0.0,
        1.0,
        0.0,
        0.0,
        0.0,
        0.0,
        0.0,
        0.0,
        0.0,
        0.0,
        0.0,
        0.0,
        0.0,
        0.0,
        0.0,
        0.0,
        0.0,
        0.0,
        0.0,
        0.0,
        0.0,
        0.0,
        0.0,
        0.0,
        0.0,
        0.0,
        0.0,
        0.0,
        0.0,
        0.0,
        0.0,
        0.0,
        0.0,
        0.0,
        0.0,
        0.0,
        1.0,
        0.0,
        0.0,
        0.0,
        0.0,
        0.0,
        0.0,
        0.0,
        0.0,
        0.0,
        0.0,
        0.0,
        0.0,
        0.0,
        0.0,
        0.0,
        0.0,
        0.0,
        0.0,
        0.0,
        0.0,
        0.0,
        0.0,
        1.0,
        0.0,
        0.0,
        0.0,
        0.0
    ],
    "hold_count_norm": -0.431361985245648,
    "hold_density": 0.19047619047619047,
    "vertical_progress": 0.1111111111111111
}