{
    "data.grade": "7C",
    "data.userGrade": null,
    "data.method": "Feet follow hands",
    "data.userRating": 0.0,
    "data.repeats": 0.0,
    "data.moves": [
        {
            "problemId": 422896,
            "description": "I3",
            "isStart": true,
            "isEnd": false,
            "normalized_coordinates": [
                0.7272727272727273,
                0.1111111111111111
            ],
            "neighbors": [
                [
                    0.7272727272727273,
                    0.2222222222222222
                ],
                [
                    0.5454545454545454,
                    0.16666666666666666
                ],
                [
                    0.2727272727272727,
                    0.3888888888888889
                ]
            ],
            "edge_distances": [
                0.1111111111111111,
                0.8888888888888888
            ],
            "dx": -0.18181818181818188,
            "dy": 0.05555555555555555,
            "move_angle": 2.845046844520093,
            "move_distance": 0.19011646691635067,
            "hold_type": 0.25
        },
        {
            "problemId": 422896,
            "description": "G4",
            "isStart": true,
            "isEnd": false,
            "normalized_coordinates": [
                0.5454545454545454,
                0.16666666666666666
            ],
            "neighbors": [
                [
                    0.7272727272727273,
                    0.2222222222222222
                ],
                [
                    0.7272727272727273,
                    0.1111111111111111
                ],
                [
                    0.2727272727272727,
                    0.3888888888888889
                ]
            ],
            "edge_distances": [
                0.16666666666666666,
                0.8333333333333334
            ],
            "dx": -0.09090909090909088,
            "dy": 0.44444444444444453,
            "move_angle": 1.7725586711151835,
            "move_distance": 0.4536466984421338,
            "angle_difference": -1.0724881734049094,
            "hold_type": 0.0
        },
        {
            "problemId": 422896,
            "description": "F12",
            "isStart": false,
            "isEnd": false,
            "normalized_coordinates": [
                0.45454545454545453,
                0.6111111111111112
            ],
            "neighbors": [
                [
                    0.2727272727272727,
                    0.3888888888888889
                ],
                [
                    0.18181818181818182,
                    0.7777777777777778
                ],
                [
                    0.5454545454545454,
                    0.16666666666666666
                ]
            ],
            "edge_distances": [
                0.6111111111111112,
                0.38888888888888884
            ],
            "dx": -0.2727272727272727,
            "dy": 0.16666666666666663,
            "move_angle": 2.593043251139265,
            "move_distance": 0.319621562268621,
            "angle_difference": 0.8204845800240816,
            "hold_type": 0.5
        },
        {
            "problemId": 422896,
            "description": "C15",
            "isStart": false,
            "isEnd": false,
            "normalized_coordinates": [
                0.18181818181818182,
                0.7777777777777778
            ],
            "neighbors": [
                [
                    0.0,
                    0.9444444444444444
                ],
                [
                    0.45454545454545453,
                    0.6111111111111112
                ],
                [
                    0.2727272727272727,
                    0.3888888888888889
                ]
            ],
            "edge_distances": [
                0.7777777777777778,
                0.2222222222222222
            ],
            "dx": -0.18181818181818182,
            "dy": 0.16666666666666663,
            "move_angle": 2.399645385583876,
            "move_distance": 0.24664879691060157,
            "angle_difference": -0.19339786555538918,
            "hold_type": 1.0
        },
        {
            "problemId": 422896,
            "description": "A18",
            "isStart": false,
            "isEnd": true,
            "normalized_coordinates": [
                0.0,
                0.9444444444444444
            ],
            "neighbors": [
                [
                    0.18181818181818182,
                    0.7777777777777778
                ],
                [
                    0.45454545454545453,
                    0.6111111111111112
                ],
                [
                    0.2727272727272727,
                    0.3888888888888889
                ]
            ],
            "edge_distances": [
                0.9444444444444444,
                0.05555555555555558
            ],
            "dx": 0.2727272727272727,
            "dy": -0.5555555555555556,
            "move_angle": -1.1144478582377877,
            "move_distance": 0.6188878255369855,
            "angle_difference": -3.5140932438216637,
            "hold_type": 1.0
        },
        {
            "problemId": 422896,
            "description": "D8",
            "isStart": false,
            "isEnd": false,
            "normalized_coordinates": [
                0.2727272727272727,
                0.3888888888888889
            ],
            "neighbors": [
                [
                    0.45454545454545453,
                    0.6111111111111112
                ],
                [
                    0.5454545454545454,
                    0.16666666666666666
                ],
                [
                    0.18181818181818182,
                    0.7777777777777778
                ]
            ],
            "edge_distances": [
                0.3888888888888889,
                0.6111111111111112
            ],
            "dx": 0.4545454545454546,
            "dy": -0.16666666666666669,
            "move_angle": -0.3514447940035517,
            "move_distance": 0.48413773662637755,
            "angle_difference": 0.763003064234236,
            "hold_type": 1.0
        },
        {
            "problemId": 422896,
            "description": "I5",
            "isStart": false,
            "isEnd": false,
            "normalized_coordinates": [
                0.7272727272727273,
                0.2222222222222222
            ],
            "neighbors": [
                [
                    0.7272727272727273,
                    0.1111111111111111
                ],
                [
                    0.5454545454545454,
                    0.16666666666666666
                ],
                [
                    0.45454545454545453,
                    0.6111111111111112
                ]
            ],
            "edge_distances": [
                0.2222222222222222,
                0.7777777777777778
            ],
            "hold_type": 0.5
        }
    ],
    "data.apiId": 422896,
    "hold_presence": [
        0.0,
        0.0,
        0.0,
        0.0,
        0.0,
        0.0,
        0.0,
        0.0,
        0.0,
        0.0,
        0.0,
        0.0,
        0.0,
        0.0,
        0.0,
        0.0,
        0.0,
        0.0,
        0.0,
        0.0,
        0.0,
        0.0,
        0.0,
        0.0,
        0.0,
        0.0,
        0.0,
        0.0,
        0.0,
        0.0,
        1.0,
        0.0,
        0.0,
        0.0,
        0.0,
        0.0,
        0.0,
        0.0,
        0.0,
        1.0,
        0.0,
        0.0,
        0.0,
        0.0,
        0.0,
        0.0,
        0.0,
        0.0,
        0.0,
        0.0,
        0.0,
        0.0,
        1.0,
        0.0,
        0.0,
        0.0,
        0.0,
        0.0,
        0.0,
        0.0,
        0.0,
        0.0,
        0.0,
        0.0,
        0.0,
        0.0,
        0.0,
        0.0,
        0.0,
        0.0,
        0.0,
        0.0,
        0.0,
        0.0,
        0.0,
        0.0,
        0.0,
        0.0,
        0.0,
        0.0,
        1.0,
        0.0,
        0.0,
        0.0,
        0.0,
        0.0,
        0.0,
        0.0,
        0.0,
        0.0,
        0.0,
        0.0,
        0.0,
        0.0,
        0.0,
        0.0,
        0.0,
        0.0,
        0.0,
        0.0,
        0.0,
        0.0,
        0.0,
        0.0,
        0.0,
        0.0,
        0.0,
        0.0,
        0.0,
        0.0,
        0.0,
        0.0,
        0.0,
        0.0,
        0.0,
        0.0,
        0.0,
        0.0,
        0.0,
        0.0,
        0.0,
        0.0,
        0.0,
        0.0,
        0.0,
        0.0,
        1.0,
        0.0,
        0.0,
        0.0,
        0.0,
        0.0,
        0.0,
        0.0,
        0.0,
        0.0,
        0.0,
        0.0,
        0.0,
        0.0,
        0.0,
        0.0,
        0.0,
        0.0,
        0.0,
        0.0,
        0.0,
        0.0,
        0.0,
        0.0,
        0.0,
        0.0,
        0.0,
        0.0,
        0.0,
        0.0,
        1.0,
        0.0,
        0.0,
        0.0,
        0.0,
        0.0,
        0.0,
        0.0,
        0.0,
        0.0,
        0.0,
        0.0,
        0.0,
        0.0,
        0.0,
        0.0,
        0.0,
        0.0,
        0.0,
        0.0,
        0.0,
        0.0,
        0.0,
        0.0,
        0.0,
        0.0,
        0.0,
        0.0,
        0.0,
        0.0,
        0.0,
        1.0,
        0.0,
        0.0,
        0.0,
        0.0,
        0.0,
        0.0,
        0.0,
        0.0,
        0.0,
        0.0
    ],
    "hold_count_norm": -0.431361985245648,
    "hold_density": 0.3376623376623376,
    "vertical_progress": 0.018518518518518517
}