{
    "data.grade": "7C",
    "data.userGrade": null,
    "data.method": "Feet follow hands",
    "data.userRating": 1.791759469228055,
    "data.repeats": 1.6094379124341003,
    "data.moves": [
        {
            "problemId": 386350,
            "description": "E4",
            "isStart": true,
            "isEnd": false,
            "normalized_coordinates": [
                0.36363636363636365,
                0.16666666666666666
            ],
            "neighbors": [
                [
                    0.2727272727272727,
                    0.2222222222222222
                ],
                [
                    0.6363636363636364,
                    0.1111111111111111
                ],
                [
                    0.7272727272727273,
                    0.5
                ]
            ],
            "edge_distances": [
                0.16666666666666666,
                0.8333333333333334
            ],
            "dx": 0.36363636363636365,
            "dy": 0.33333333333333337,
            "move_angle": 0.7419472680059175,
            "move_distance": 0.49329759382120325,
            "hold_type": 0.25
        },
        {
            "problemId": 386350,
            "description": "I10",
            "isStart": false,
            "isEnd": false,
            "normalized_coordinates": [
                0.7272727272727273,
                0.5
            ],
            "neighbors": [
                [
                    0.6363636363636364,
                    0.7222222222222222
                ],
                [
                    0.7272727272727273,
                    0.8333333333333334
                ],
                [
                    0.6363636363636364,
                    0.1111111111111111
                ]
            ],
            "edge_distances": [
                0.5,
                0.5
            ],
            "dx": -0.09090909090909094,
            "dy": 0.2222222222222222,
            "move_angle": 1.9591150449673627,
            "move_distance": 0.2400982691718124,
            "angle_difference": 1.2171677769614453,
            "hold_type": 0.5
        },
        {
            "problemId": 386350,
            "description": "H14",
            "isStart": false,
            "isEnd": false,
            "normalized_coordinates": [
                0.6363636363636364,
                0.7222222222222222
            ],
            "neighbors": [
                [
                    0.7272727272727273,
                    0.8333333333333334
                ],
                [
                    0.7272727272727273,
                    0.5
                ],
                [
                    0.9090909090909091,
                    0.9444444444444444
                ]
            ],
            "edge_distances": [
                0.7222222222222222,
                0.2777777777777778
            ],
            "dx": 0.09090909090909094,
            "dy": 0.11111111111111116,
            "move_angle": 0.8850668158886104,
            "move_distance": 0.14356232730860508,
            "angle_difference": -1.0740482290787523,
            "hold_type": 0.5
        },
        {
            "problemId": 386350,
            "description": "I16",
            "isStart": false,
            "isEnd": false,
            "normalized_coordinates": [
                0.7272727272727273,
                0.8333333333333334
            ],
            "neighbors": [
                [
                    0.6363636363636364,
                    0.7222222222222222
                ],
                [
                    0.9090909090909091,
                    0.9444444444444444
                ],
                [
                    0.7272727272727273,
                    0.5
                ]
            ],
            "edge_distances": [
                0.8333333333333334,
                0.16666666666666663
            ],
            "dx": 0.18181818181818177,
            "dy": 0.11111111111111105,
            "move_angle": 0.548549402450528,
            "move_distance": 0.21308104151241392,
            "angle_difference": -0.3365174134380824,
            "hold_type": 1.0
        },
        {
            "problemId": 386350,
            "description": "K18",
            "isStart": false,
            "isEnd": true,
            "normalized_coordinates": [
                0.9090909090909091,
                0.9444444444444444
            ],
            "neighbors": [
                [
                    0.7272727272727273,
                    0.8333333333333334
                ],
                [
                    0.6363636363636364,
                    0.7222222222222222
                ],
                [
                    0.7272727272727273,
                    0.5
                ]
            ],
            "edge_distances": [
                0.9444444444444444,
                0.05555555555555558
            ],
            "dx": -0.2727272727272727,
            "dy": -0.8333333333333333,
            "move_angle": -1.887082454707051,
            "move_distance": 0.8768264421957749,
            "angle_difference": -2.435631857157579,
            "hold_type": 0.0
        },
        {
            "problemId": 386350,
            "description": "H3",
            "isStart": true,
            "isEnd": false,
            "normalized_coordinates": [
                0.6363636363636364,
                0.1111111111111111
            ],
            "neighbors": [
                [
                    0.36363636363636365,
                    0.16666666666666666
                ],
                [
                    0.2727272727272727,
                    0.2222222222222222
                ],
                [
                    0.7272727272727273,
                    0.5
                ]
            ],
            "edge_distances": [
                0.1111111111111111,
                0.8888888888888888
            ],
            "dx": -0.36363636363636365,
            "dy": 0.1111111111111111,
            "move_angle": 2.845046844520093,
            "move_distance": 0.38023293383270124,
            "angle_difference": 4.732129299227144,
            "hold_type": 0.25
        },
        {
            "problemId": 386350,
            "description": "D5",
            "isStart": false,
            "isEnd": false,
            "normalized_coordinates": [
                0.2727272727272727,
                0.2222222222222222
            ],
            "neighbors": [
                [
                    0.36363636363636365,
                    0.16666666666666666
                ],
                [
                    0.6363636363636364,
                    0.1111111111111111
                ],
                [
                    0.7272727272727273,
                    0.5
                ]
            ],
            "edge_distances": [
                0.2222222222222222,
                0.7777777777777778
            ],
            "hold_type": 0.5
        }
    ],
    "data.apiId": 386350,
    "hold_presence": [
        0.0,
        0.0,
        0.0,
        0.0,
        0.0,
        0.0,
        0.0,
        0.0,
        0.0,
        0.0,
        0.0,
        0.0,
        0.0,
        0.0,
        0.0,
        0.0,
        0.0,
        0.0,
        0.0,
        0.0,
        0.0,
        0.0,
        0.0,
        0.0,
        0.0,
        0.0,
        0.0,
        0.0,
        0.0,
        1.0,
        0.0,
        0.0,
        0.0,
        0.0,
        0.0,
        0.0,
        0.0,
        1.0,
        0.0,
        0.0,
        0.0,
        0.0,
        0.0,
        0.0,
        0.0,
        0.0,
        0.0,
        1.0,
        0.0,
        0.0,
        0.0,
        0.0,
        0.0,
        0.0,
        0.0,
        0.0,
        0.0,
        0.0,
        0.0,
        0.0,
        0.0,
        0.0,
        0.0,
        0.0,
        0.0,
        0.0,
        0.0,
        0.0,
        0.0,
        0.0,
        0.0,
        0.0,
        0.0,
        0.0,
        0.0,
        0.0,
        0.0,
        0.0,
        0.0,
        0.0,
        0.0,
        0.0,
        0.0,
        0.0,
        0.0,
        0.0,
        0.0,
        0.0,
        0.0,
        0.0,
        0.0,
        0.0,
        0.0,
        0.0,
        0.0,
        0.0,
        0.0,
        0.0,
        0.0,
        0.0,
        0.0,
        0.0,
        0.0,
        0.0,
        0.0,
        0.0,
        0.0,
        1.0,
        0.0,
        0.0,
        0.0,
        0.0,
        0.0,
        0.0,
        0.0,
        0.0,
        0.0,
        0.0,
        0.0,
        0.0,
        0.0,
        0.0,
        0.0,
        0.0,
        0.0,
        0.0,
        0.0,
        0.0,
        0.0,
        0.0,
        0.0,
        0.0,
        0.0,
        0.0,
        0.0,
        0.0,
        0.0,
        0.0,
        0.0,
        0.0,
        0.0,
        0.0,
        0.0,
        0.0,
        0.0,
        0.0,
        0.0,
        0.0,
        0.0,
        0.0,
        1.0,
        0.0,
        0.0,
        0.0,
        0.0,
        0.0,
        0.0,
        0.0,
        0.0,
        0.0,
        0.0,
        0.0,
        0.0,
        0.0,
        0.0,
        0.0,
        0.0,
        0.0,
        0.0,
        0.0,
        0.0,
        0.0,
        0.0,
        1.0,
        0.0,
        0.0,
        0.0,
        0.0,
        0.0,
        0.0,
        0.0,
        0.0,
        0.0,
        0.0,
        0.0,
        0.0,
        0.0,
        0.0,
        0.0,
        0.0,
        0.0,
        0.0,
        0.0,
        0.0,
        0.0,
        0.0,
        0.0,
        1.0
    ],
    "hold_count_norm": -0.431361985245648,
    "hold_density": 0.2597402597402597,
    "vertical_progress": 0.009259259259259273
}