{
    "data.grade": "7C",
    "data.userGrade": null,
    "data.method": "Feet follow hands",
    "data.userRating": 1.791759469228055,
    "data.repeats": 1.0986122886681096,
    "data.moves": [
        {
            "problemId": 387441,
            "description": "E5",
            "isStart": true,
            "isEnd": false,
            "normalized_coordinates": [
                0.36363636363636365,
                0.2222222222222222
            ],
            "neighbors": [
                [
                    0.5454545454545454,
                    0.2222222222222222
                ],
                [
                    0.5454545454545454,
                    0.4444444444444444
                ],
                [
                    0.2727272727272727,
                    0.5555555555555556
                ]
            ],
            "edge_distances": [
                0.2222222222222222,
                0.7777777777777778
            ],
            "dx": 0.18181818181818177,
            "dy": 0.0,
            "move_angle": 0.0,
            "move_distance": 0.18181818181818177,
            "hold_type": 0.0
        },
        {
            "problemId": 387441,
            "description": "G5",
            "isStart": true,
            "isEnd": false,
            "normalized_coordinates": [
                0.5454545454545454,
                0.2222222222222222
            ],
            "neighbors": [
                [
                    0.36363636363636365,
                    0.2222222222222222
                ],
                [
                    0.5454545454545454,
                    0.4444444444444444
                ],
                [
                    0.2727272727272727,
                    0.5555555555555556
                ]
            ],
            "edge_distances": [
                0.2222222222222222,
                0.7777777777777778
            ],
            "dx": 0.0,
            "dy": 0.2222222222222222,
            "move_angle": 1.5707963267948966,
            "move_distance": 0.2222222222222222,
            "angle_difference": 1.5707963267948966,
            "hold_type": 0.0
        },
        {
            "problemId": 387441,
            "description": "G9",
            "isStart": false,
            "isEnd": false,
            "normalized_coordinates": [
                0.5454545454545454,
                0.4444444444444444
            ],
            "neighbors": [
                [
                    0.5454545454545454,
                    0.2222222222222222
                ],
                [
                    0.36363636363636365,
                    0.2222222222222222
                ],
                [
                    0.2727272727272727,
                    0.5555555555555556
                ]
            ],
            "edge_distances": [
                0.4444444444444444,
                0.5555555555555556
            ],
            "dx": -0.5454545454545454,
            "dy": -0.055555555555555525,
            "move_angle": -3.04009082258384,
            "move_distance": 0.5482764639395997,
            "angle_difference": -4.610887149378737,
            "hold_type": 0.0
        },
        {
            "problemId": 387441,
            "description": "A8",
            "isStart": false,
            "isEnd": false,
            "normalized_coordinates": [
                0.0,
                0.3888888888888889
            ],
            "neighbors": [
                [
                    0.2727272727272727,
                    0.5555555555555556
                ],
                [
                    0.36363636363636365,
                    0.2222222222222222
                ],
                [
                    0.36363636363636365,
                    0.7777777777777778
                ]
            ],
            "edge_distances": [
                0.3888888888888889,
                0.6111111111111112
            ],
            "dx": 0.2727272727272727,
            "dy": 0.16666666666666669,
            "move_angle": 0.5485494024505282,
            "move_distance": 0.319621562268621,
            "angle_difference": 3.588640225034368,
            "hold_type": 0.75
        },
        {
            "problemId": 387441,
            "description": "D11",
            "isStart": false,
            "isEnd": false,
            "normalized_coordinates": [
                0.2727272727272727,
                0.5555555555555556
            ],
            "neighbors": [
                [
                    0.36363636363636365,
                    0.7777777777777778
                ],
                [
                    0.5454545454545454,
                    0.4444444444444444
                ],
                [
                    0.0,
                    0.3888888888888889
                ]
            ],
            "edge_distances": [
                0.5555555555555556,
                0.4444444444444444
            ],
            "dx": 0.09090909090909094,
            "dy": 0.2222222222222222,
            "move_angle": 1.1824776086224305,
            "move_distance": 0.2400982691718124,
            "angle_difference": 0.6339282061719023,
            "hold_type": 0.5
        },
        {
            "problemId": 387441,
            "description": "E15",
            "isStart": false,
            "isEnd": false,
            "normalized_coordinates": [
                0.36363636363636365,
                0.7777777777777778
            ],
            "neighbors": [
                [
                    0.2727272727272727,
                    0.5555555555555556
                ],
                [
                    0.09090909090909091,
                    0.9444444444444444
                ],
                [
                    0.5454545454545454,
                    0.4444444444444444
                ]
            ],
            "edge_distances": [
                0.7777777777777778,
                0.2222222222222222
            ],
            "dx": -0.2727272727272727,
            "dy": 0.16666666666666663,
            "move_angle": 2.593043251139265,
            "move_distance": 0.319621562268621,
            "angle_difference": 1.4105656425168347,
            "hold_type": 1.0
        },
        {
            "problemId": 387441,
            "description": "B18",
            "isStart": false,
            "isEnd": true,
            "normalized_coordinates": [
                0.09090909090909091,
                0.9444444444444444
            ],
            "neighbors": [
                [
                    0.36363636363636365,
                    0.7777777777777778
                ],
                [
                    0.2727272727272727,
                    0.5555555555555556
                ],
                [
                    0.0,
                    0.3888888888888889
                ]
            ],
            "edge_distances": [
                0.9444444444444444,
                0.05555555555555558
            ],
            "hold_type": 0.75
        }
    ],
    "data.apiId": 387441,
    "hold_presence": [
        0.0,
        0.0,
        0.0,
        0.0,
        0.0,
        0.0,
        0.0,
        0.0,
        0.0,
        0.0,
        0.0,
        0.0,
        0.0,
        0.0,
        0.0,
        0.0,
        0.0,
        0.0,
        0.0,
        0.0,
        0.0,
        0.0,
        0.0,
        0.0,
        0.0,
        0.0,
        0.0,
        0.0,
        0.0,
        0.0,
        0.0,
        0.0,
        0.0,
        0.0,
        0.0,
        0.0,
        0.0,
        0.0,
        0.0,
        0.0,
        0.0,
        0.0,
        0.0,
        0.0,
        0.0,
        0.0,
        0.0,
        0.0,
        1.0,
        0.0,
        1.0,
        0.0,
        0.0,
        0.0,
        0.0,
        0.0,
        0.0,
        0.0,
        0.0,
        0.0,
        0.0,
        0.0,
        0.0,
        0.0,
        0.0,
        0.0,
        0.0,
        0.0,
        0.0,
        0.0,
        0.0,
        0.0,
        0.0,
        0.0,
        0.0,
        0.0,
        0.0,
        1.0,
        0.0,
        0.0,
        0.0,
        0.0,
        0.0,
        0.0,
        0.0,
        0.0,
        0.0,
        0.0,
        0.0,
        0.0,
        0.0,
        0.0,
        0.0,
        0.0,
        1.0,
        0.0,
        0.0,
        0.0,
        0.0,
        0.0,
        0.0,
        0.0,
        0.0,
        0.0,
        0.0,
        0.0,
        0.0,
        0.0,
        0.0,
        0.0,
        0.0,
        0.0,
        0.0,
        1.0,
        0.0,
        0.0,
        0.0,
        0.0,
        0.0,
        0.0,
        0.0,
        0.0,
        0.0,
        0.0,
        0.0,
        0.0,
        0.0,
        0.0,
        0.0,
        0.0,
        0.0,
        0.0,
        0.0,
        0.0,
        0.0,
        0.0,
        0.0,
        0.0,
        0.0,
        0.0,
        0.0,
        0.0,
        0.0,
        0.0,
        0.0,
        0.0,
        0.0,
        0.0,
        0.0,
        0.0,
        0.0,
        0.0,
        0.0,
        0.0,
        0.0,
        0.0,
        0.0,
        0.0,
        1.0,
        0.0,
        0.0,
        0.0,
        0.0,
        0.0,
        0.0,
        0.0,
        0.0,
        0.0,
        0.0,
        0.0,
        0.0,
        0.0,
        0.0,
        0.0,
        0.0,
        0.0,
        0.0,
        0.0,
        0.0,
        0.0,
        0.0,
        0.0,
        0.0,
        0.0,
        0.0,
        0.0,
        0.0,
        0.0,
        1.0,
        0.0,
        0.0,
        0.0,
        0.0,
        0.0,
        0.0,
        0.0,
        0.0,
        0.0
    ],
    "hold_count_norm": -0.431361985245648,
    "hold_density": 0.251082251082251,
    "vertical_progress": 0.12037037037037036
}