{
    "data.grade": "7C",
    "data.userGrade": "7C",
    "data.method": "Feet follow hands",
    "data.userRating": 1.791759469228055,
    "data.repeats": 1.791759469228055,
    "data.moves": [
        {
            "problemId": 322345,
            "description": "H5",
            "isStart": true,
            "isEnd": false,
            "normalized_coordinates": [
                0.6363636363636364,
                0.2222222222222222
            ],
            "neighbors": [
                [
                    0.45454545454545453,
                    0.2777777777777778
                ],
                [
                    0.6363636363636364,
                    0.6111111111111112
                ],
                [
                    0.18181818181818182,
                    0.6111111111111112
                ]
            ],
            "edge_distances": [
                0.2222222222222222,
                0.7777777777777778
            ],
            "dx": 0.0,
            "dy": 0.38888888888888895,
            "move_angle": 1.5707963267948966,
            "move_distance": 0.38888888888888895,
            "hold_type": 0.75
        },
        {
            "problemId": 322345,
            "description": "H12",
            "isStart": false,
            "isEnd": false,
            "normalized_coordinates": [
                0.6363636363636364,
                0.6111111111111112
            ],
            "neighbors": [
                [
                    0.45454545454545453,
                    0.8888888888888888
                ],
                [
                    0.45454545454545453,
                    0.2777777777777778
                ],
                [
                    0.6363636363636364,
                    0.2222222222222222
                ]
            ],
            "edge_distances": [
                0.6111111111111112,
                0.38888888888888884
            ],
            "dx": -0.18181818181818182,
            "dy": -0.33333333333333337,
            "move_angle": -2.0701430484750265,
            "move_distance": 0.3796958813982324,
            "angle_difference": -3.640939375269923,
            "hold_type": 0.75
        },
        {
            "problemId": 322345,
            "description": "F6",
            "isStart": true,
            "isEnd": false,
            "normalized_coordinates": [
                0.45454545454545453,
                0.2777777777777778
            ],
            "neighbors": [
                [
                    0.6363636363636364,
                    0.2222222222222222
                ],
                [
                    0.6363636363636364,
                    0.6111111111111112
                ],
                [
                    0.18181818181818182,
                    0.6111111111111112
                ]
            ],
            "edge_distances": [
                0.2777777777777778,
                0.7222222222222222
            ],
            "dx": -0.2727272727272727,
            "dy": 0.33333333333333337,
            "move_angle": 2.256525837701183,
            "move_distance": 0.43068698192581506,
            "angle_difference": 4.3266688861762095,
            "hold_type": 1.0
        },
        {
            "problemId": 322345,
            "description": "C12",
            "isStart": false,
            "isEnd": false,
            "normalized_coordinates": [
                0.18181818181818182,
                0.6111111111111112
            ],
            "neighbors": [
                [
                    0.09090909090909091,
                    0.9444444444444444
                ],
                [
                    0.45454545454545453,
                    0.8888888888888888
                ],
                [
                    0.45454545454545453,
                    0.2777777777777778
                ]
            ],
            "edge_distances": [
                0.6111111111111112,
                0.38888888888888884
            ],
            "dx": 0.2727272727272727,
            "dy": 0.2777777777777777,
            "move_angle": 0.7945722179425582,
            "move_distance": 0.38928223580895216,
            "angle_difference": -1.4619536197586247,
            "hold_type": 1.0
        },
        {
            "problemId": 322345,
            "description": "F17",
            "isStart": false,
            "isEnd": false,
            "normalized_coordinates": [
                0.45454545454545453,
                0.8888888888888888
            ],
            "neighbors": [
                [
                    0.6363636363636364,
                    0.6111111111111112
                ],
                [
                    0.09090909090909091,
                    0.9444444444444444
                ],
                [
                    0.18181818181818182,
                    0.6111111111111112
                ]
            ],
            "edge_distances": [
                0.8888888888888888,
                0.11111111111111116
            ],
            "dx": -0.36363636363636365,
            "dy": 0.05555555555555558,
            "move_angle": 2.9899871661515203,
            "move_distance": 0.36785571181071,
            "angle_difference": 2.195414948208962,
            "hold_type": 0.75
        },
        {
            "problemId": 322345,
            "description": "B18",
            "isStart": false,
            "isEnd": true,
            "normalized_coordinates": [
                0.09090909090909091,
                0.9444444444444444
            ],
            "neighbors": [
                [
                    0.18181818181818182,
                    0.6111111111111112
                ],
                [
                    0.45454545454545453,
                    0.8888888888888888
                ],
                [
                    0.6363636363636364,
                    0.6111111111111112
                ]
            ],
            "edge_distances": [
                0.9444444444444444,
                0.05555555555555558
            ],
            "hold_type": 0.75
        }
    ],
    "data.apiId": 322345,
    "hold_presence": [
        0.0,
        0.0,
        0.0,
        0.0,
        0.0,
        0.0,
        0.0,
        0.0,
        0.0,
        0.0,
        0.0,
        0.0,
        0.0,
        0.0,
        0.0,
        0.0,
        0.0,
        0.0,
        0.0,
        0.0,
        0.0,
        0.0,
        0.0,
        0.0,
        0.0,
        0.0,
        0.0,
        0.0,
        0.0,
        0.0,
        0.0,
        0.0,
        0.0,
        0.0,
        0.0,
        0.0,
        0.0,
        0.0,
        0.0,
        0.0,
        0.0,
        0.0,
        0.0,
        0.0,
        0.0,
        0.0,
        0.0,
        0.0,
        0.0,
        0.0,
        0.0,
        1.0,
        0.0,
        0.0,
        0.0,
        0.0,
        0.0,
        0.0,
        0.0,
        0.0,
        1.0,
        0.0,
        0.0,
        0.0,
        0.0,
        0.0,
        0.0,
        0.0,
        0.0,
        0.0,
        0.0,
        0.0,
        0.0,
        0.0,
        0.0,
        0.0,
        0.0,
        0.0,
        0.0,
        0.0,
        0.0,
        0.0,
        0.0,
        0.0,
        0.0,
        0.0,
        0.0,
        0.0,
        0.0,
        0.0,
        0.0,
        0.0,
        0.0,
        0.0,
        0.0,
        0.0,
        0.0,
        0.0,
        0.0,
        0.0,
        0.0,
        0.0,
        0.0,
        0.0,
        0.0,
        0.0,
        0.0,
        0.0,
        0.0,
        0.0,
        0.0,
        0.0,
        0.0,
        0.0,
        0.0,
        0.0,
        0.0,
        0.0,
        0.0,
        0.0,
        0.0,
        0.0,
        0.0,
        1.0,
        0.0,
        0.0,
        0.0,
        0.0,
        1.0,
        0.0,
        0.0,
        0.0,
        0.0,
        0.0,
        0.0,
        0.0,
        0.0,
        0.0,
        0.0,
        0.0,
        0.0,
        0.0,
        0.0,
        0.0,
        0.0,
        0.0,
        0.0,
        0.0,
        0.0,
        0.0,
        0.0,
        0.0,
        0.0,
        0.0,
        0.0,
        0.0,
        0.0,
        0.0,
        0.0,
        0.0,
        0.0,
        0.0,
        0.0,
        0.0,
        0.0,
        0.0,
        0.0,
        0.0,
        0.0,
        0.0,
        0.0,
        0.0,
        0.0,
        0.0,
        0.0,
        0.0,
        0.0,
        0.0,
        0.0,
        0.0,
        0.0,
        1.0,
        0.0,
        0.0,
        0.0,
        0.0,
        0.0,
        0.0,
        1.0,
        0.0,
        0.0,
        0.0,
        0.0,
        0.0,
        0.0,
        0.0,
        0.0,
        0.0
    ],
    "hold_count_norm": -0.9624506127710697,
    "hold_density": 0.2727272727272727,
    "vertical_progress": 0.14444444444444443
}