{
    "data.grade": "7C",
    "data.userGrade": null,
    "data.method": "Feet follow hands + screw ons",
    "data.userRating": 0.0,
    "data.repeats": 0.0,
    "data.moves": [
        {
            "problemId": 315608,
            "description": "B7",
            "isStart": false,
            "isEnd": false,
            "normalized_coordinates": [
                0.09090909090909091,
                0.3333333333333333
            ],
            "neighbors": [
                [
                    0.36363636363636365,
                    0.16666666666666666
                ],
                [
                    0.36363636363636365,
                    0.5555555555555556
                ],
                [
                    0.45454545454545453,
                    0.1111111111111111
                ]
            ],
            "edge_distances": [
                0.3333333333333333,
                0.6666666666666667
            ],
            "dx": 0.2727272727272727,
            "dy": 0.22222222222222227,
            "move_angle": 0.6837093116343714,
            "move_distance": 0.35179949024783835,
            "hold_type": 0.0
        },
        {
            "problemId": 315608,
            "description": "E11",
            "isStart": false,
            "isEnd": false,
            "normalized_coordinates": [
                0.36363636363636365,
                0.5555555555555556
            ],
            "neighbors": [
                [
                    0.09090909090909091,
                    0.3333333333333333
                ],
                [
                    0.5454545454545454,
                    0.2222222222222222
                ],
                [
                    0.36363636363636365,
                    0.16666666666666666
                ]
            ],
            "edge_distances": [
                0.5555555555555556,
                0.4444444444444444
            ],
            "dx": 0.36363636363636365,
            "dy": 0.16666666666666663,
            "move_angle": 0.4297622790966884,
            "move_distance": 0.40001147825588135,
            "angle_difference": -0.253947032537683,
            "hold_type": 0.0
        },
        {
            "problemId": 315608,
            "description": "I14",
            "isStart": false,
            "isEnd": false,
            "normalized_coordinates": [
                0.7272727272727273,
                0.7222222222222222
            ],
            "neighbors": [
                [
                    0.8181818181818182,
                    0.9444444444444444
                ],
                [
                    0.8181818181818182,
                    0.3888888888888889
                ],
                [
                    0.36363636363636365,
                    0.5555555555555556
                ]
            ],
            "edge_distances": [
                0.7222222222222222,
                0.2777777777777778
            ],
            "dx": 0.09090909090909094,
            "dy": 0.2222222222222222,
            "move_angle": 1.1824776086224305,
            "move_distance": 0.2400982691718124,
            "angle_difference": 0.752715329525742,
            "hold_type": 0.0
        },
        {
            "problemId": 315608,
            "description": "J18",
            "isStart": false,
            "isEnd": true,
            "normalized_coordinates": [
                0.8181818181818182,
                0.9444444444444444
            ],
            "neighbors": [
                [
                    0.7272727272727273,
                    0.7222222222222222
                ],
                [
                    0.8181818181818182,
                    0.3888888888888889
                ],
                [
                    0.36363636363636365,
                    0.5555555555555556
                ]
            ],
            "edge_distances": [
                0.9444444444444444,
                0.05555555555555558
            ],
            "dx": -0.4545454545454546,
            "dy": -0.7777777777777778,
            "move_angle": -2.0996778775480216,
            "move_distance": 0.900860611777911,
            "angle_difference": -3.282155486170452,
            "hold_type": 0.75
        },
        {
            "problemId": 315608,
            "description": "E4",
            "isStart": true,
            "isEnd": false,
            "normalized_coordinates": [
                0.36363636363636365,
                0.16666666666666666
            ],
            "neighbors": [
                [
                    0.45454545454545453,
                    0.1111111111111111
                ],
                [
                    0.5454545454545454,
                    0.2222222222222222
                ],
                [
                    0.09090909090909091,
                    0.3333333333333333
                ]
            ],
            "edge_distances": [
                0.16666666666666666,
                0.8333333333333334
            ],
            "dx": 0.09090909090909088,
            "dy": -0.05555555555555555,
            "move_angle": -0.5485494024505282,
            "move_distance": 0.10654052075620697,
            "angle_difference": 1.5511284750974934,
            "hold_type": 0.25
        },
        {
            "problemId": 315608,
            "description": "F3",
            "isStart": true,
            "isEnd": false,
            "normalized_coordinates": [
                0.45454545454545453,
                0.1111111111111111
            ],
            "neighbors": [
                [
                    0.36363636363636365,
                    0.16666666666666666
                ],
                [
                    0.5454545454545454,
                    0.2222222222222222
                ],
                [
                    0.09090909090909091,
                    0.3333333333333333
                ]
            ],
            "edge_distances": [
                0.1111111111111111,
                0.8888888888888888
            ],
            "dx": 0.09090909090909088,
            "dy": 0.1111111111111111,
            "move_angle": 0.8850668158886105,
            "move_distance": 0.143562327308605,
            "angle_difference": 1.4336162183391385,
            "hold_type": 0.75
        },
        {
            "problemId": 315608,
            "description": "G5",
            "isStart": false,
            "isEnd": false,
            "normalized_coordinates": [
                0.5454545454545454,
                0.2222222222222222
            ],
            "neighbors": [
                [
                    0.45454545454545453,
                    0.1111111111111111
                ],
                [
                    0.36363636363636365,
                    0.16666666666666666
                ],
                [
                    0.8181818181818182,
                    0.3888888888888889
                ]
            ],
            "edge_distances": [
                0.2222222222222222,
                0.7777777777777778
            ],
            "dx": 0.2727272727272728,
            "dy": 0.16666666666666669,
            "move_angle": 0.548549402450528,
            "move_distance": 0.3196215622686211,
            "angle_difference": -0.3365174134380825,
            "hold_type": 0.0
        },
        {
            "problemId": 315608,
            "description": "J8",
            "isStart": false,
            "isEnd": false,
            "normalized_coordinates": [
                0.8181818181818182,
                0.3888888888888889
            ],
            "neighbors": [
                [
                    0.5454545454545454,
                    0.2222222222222222
                ],
                [
                    0.7272727272727273,
                    0.7222222222222222
                ],
                [
                    0.45454545454545453,
                    0.1111111111111111
                ]
            ],
            "edge_distances": [
                0.3888888888888889,
                0.6111111111111112
            ],
            "hold_type": 0.0
        }
    ],
    "data.apiId": 315608,
    "hold_presence": [
        0.0,
        0.0,
        0.0,
        0.0,
        0.0,
        0.0,
        0.0,
        0.0,
        0.0,
        0.0,
        0.0,
        0.0,
        0.0,
        0.0,
        0.0,
        0.0,
        0.0,
        0.0,
        0.0,
        0.0,
        0.0,
        0.0,
        0.0,
        0.0,
        0.0,
        0.0,
        0.0,
        1.0,
        0.0,
        0.0,
        0.0,
        0.0,
        0.0,
        0.0,
        0.0,
        0.0,
        0.0,
        1.0,
        0.0,
        0.0,
        0.0,
        0.0,
        0.0,
        0.0,
        0.0,
        0.0,
        0.0,
        0.0,
        0.0,
        0.0,
        1.0,
        0.0,
        0.0,
        0.0,
        0.0,
        0.0,
        0.0,
        0.0,
        0.0,
        0.0,
        0.0,
        0.0,
        0.0,
        0.0,
        0.0,
        0.0,
        0.0,
        1.0,
        0.0,
        0.0,
        0.0,
        0.0,
        0.0,
        0.0,
        0.0,
        0.0,
        0.0,
        0.0,
        0.0,
        0.0,
        0.0,
        0.0,
        0.0,
        0.0,
        0.0,
        0.0,
        1.0,
        0.0,
        0.0,
        0.0,
        0.0,
        0.0,
        0.0,
        0.0,
        0.0,
        0.0,
        0.0,
        0.0,
        0.0,
        0.0,
        0.0,
        0.0,
        0.0,
        0.0,
        0.0,
        0.0,
        0.0,
        0.0,
        0.0,
        0.0,
        0.0,
        0.0,
        0.0,
        0.0,
        1.0,
        0.0,
        0.0,
        0.0,
        0.0,
        0.0,
        0.0,
        0.0,
        0.0,
        0.0,
        0.0,
        0.0,
        0.0,
        0.0,
        0.0,
        0.0,
        0.0,
        0.0,
        0.0,
        0.0,
        0.0,
        0.0,
        0.0,
        0.0,
        0.0,
        0.0,
        0.0,
        0.0,
        0.0,
        0.0,
        0.0,
        0.0,
        0.0,
        0.0,
        0.0,
        0.0,
        0.0,
        1.0,
        0.0,
        0.0,
        0.0,
        0.0,
        0.0,
        0.0,
        0.0,
        0.0,
        0.0,
        0.0,
        0.0,
        0.0,
        0.0,
        0.0,
        0.0,
        0.0,
        0.0,
        0.0,
        0.0,
        0.0,
        0.0,
        0.0,
        0.0,
        0.0,
        0.0,
        0.0,
        0.0,
        0.0,
        0.0,
        0.0,
        0.0,
        0.0,
        0.0,
        0.0,
        0.0,
        0.0,
        0.0,
        0.0,
        0.0,
        0.0,
        0.0,
        0.0,
        0.0,
        0.0,
        1.0,
        0.0
    ],
    "hold_count_norm": 0.09972664227977365,
    "hold_density": 0.3051948051948052,
    "vertical_progress": 0.007936507936507945
}