{
    "data.grade": "7C",
    "data.userGrade": "7C",
    "data.method": "Feet follow hands",
    "data.userRating": 1.6094379124341003,
    "data.repeats": 1.3862943611198906,
    "data.moves": [
        {
            "problemId": 453499,
            "description": "F5",
            "isStart": true,
            "isEnd": false,
            "normalized_coordinates": [
                0.45454545454545453,
                0.2222222222222222
            ],
            "neighbors": [
                [
                    0.45454545454545453,
                    0.5555555555555556
                ],
                [
                    0.6363636363636364,
                    0.6111111111111112
                ],
                [
                    0.6363636363636364,
                    0.7777777777777778
                ]
            ],
            "edge_distances": [
                0.2222222222222222,
                0.7777777777777778
            ],
            "dx": 0.0,
            "dy": 0.33333333333333337,
            "move_angle": 1.5707963267948966,
            "move_distance": 0.33333333333333337,
            "hold_type": 0.5
        },
        {
            "problemId": 453499,
            "description": "F11",
            "isStart": false,
            "isEnd": false,
            "normalized_coordinates": [
                0.45454545454545453,
                0.5555555555555556
            ],
            "neighbors": [
                [
                    0.6363636363636364,
                    0.6111111111111112
                ],
                [
                    0.6363636363636364,
                    0.7777777777777778
                ],
                [
                    0.6363636363636364,
                    0.8333333333333334
                ]
            ],
            "edge_distances": [
                0.5555555555555556,
                0.4444444444444444
            ],
            "dx": 0.18181818181818182,
            "dy": 0.05555555555555558,
            "move_angle": 0.29654580906970057,
            "move_distance": 0.19011646691635062,
            "angle_difference": -1.274250517725196,
            "hold_type": 1.0
        },
        {
            "problemId": 453499,
            "description": "H12",
            "isStart": false,
            "isEnd": false,
            "normalized_coordinates": [
                0.6363636363636364,
                0.6111111111111112
            ],
            "neighbors": [
                [
                    0.6363636363636364,
                    0.7777777777777778
                ],
                [
                    0.45454545454545453,
                    0.5555555555555556
                ],
                [
                    0.6363636363636364,
                    0.8333333333333334
                ]
            ],
            "edge_distances": [
                0.6111111111111112,
                0.38888888888888884
            ],
            "dx": 0.2727272727272727,
            "dy": 0.0,
            "move_angle": 0.0,
            "move_distance": 0.2727272727272727,
            "angle_difference": -0.29654580906970057,
            "hold_type": 0.75
        },
        {
            "problemId": 453499,
            "description": "K12",
            "isStart": false,
            "isEnd": false,
            "normalized_coordinates": [
                0.9090909090909091,
                0.6111111111111112
            ],
            "neighbors": [
                [
                    0.6363636363636364,
                    0.6111111111111112
                ],
                [
                    0.6363636363636364,
                    0.7777777777777778
                ],
                [
                    0.6363636363636364,
                    0.8333333333333334
                ]
            ],
            "edge_distances": [
                0.6111111111111112,
                0.38888888888888884
            ],
            "dx": -0.2727272727272727,
            "dy": 0.16666666666666663,
            "move_angle": 2.593043251139265,
            "move_distance": 0.319621562268621,
            "angle_difference": 2.593043251139265,
            "hold_type": 0.0
        },
        {
            "problemId": 453499,
            "description": "H15",
            "isStart": false,
            "isEnd": false,
            "normalized_coordinates": [
                0.6363636363636364,
                0.7777777777777778
            ],
            "neighbors": [
                [
                    0.6363636363636364,
                    0.8333333333333334
                ],
                [
                    0.6363636363636364,
                    0.6111111111111112
                ],
                [
                    0.45454545454545453,
                    0.5555555555555556
                ]
            ],
            "edge_distances": [
                0.7777777777777778,
                0.2222222222222222
            ],
            "dx": 0.0,
            "dy": 0.05555555555555558,
            "move_angle": 1.5707963267948966,
            "move_distance": 0.05555555555555558,
            "angle_difference": -1.0222469243443686,
            "hold_type": 1.0
        },
        {
            "problemId": 453499,
            "description": "H16",
            "isStart": false,
            "isEnd": false,
            "normalized_coordinates": [
                0.6363636363636364,
                0.8333333333333334
            ],
            "neighbors": [
                [
                    0.6363636363636364,
                    0.7777777777777778
                ],
                [
                    0.6363636363636364,
                    0.6111111111111112
                ],
                [
                    0.45454545454545453,
                    0.5555555555555556
                ]
            ],
            "edge_distances": [
                0.8333333333333334,
                0.16666666666666663
            ],
            "dx": -0.5454545454545454,
            "dy": 0.11111111111111105,
            "move_angle": 2.940638389901696,
            "move_distance": 0.5566563932709032,
            "angle_difference": 1.3698420631067996,
            "hold_type": 0.0
        },
        {
            "problemId": 453499,
            "description": "B18",
            "isStart": false,
            "isEnd": true,
            "normalized_coordinates": [
                0.09090909090909091,
                0.9444444444444444
            ],
            "neighbors": [
                [
                    0.45454545454545453,
                    0.5555555555555556
                ],
                [
                    0.6363636363636364,
                    0.8333333333333334
                ],
                [
                    0.6363636363636364,
                    0.7777777777777778
                ]
            ],
            "edge_distances": [
                0.9444444444444444,
                0.05555555555555558
            ],
            "hold_type": 0.75
        }
    ],
    "data.apiId": 453499,
    "hold_presence": [
        0.0,
        0.0,
        0.0,
        0.0,
        0.0,
        0.0,
        0.0,
        0.0,
        0.0,
        0.0,
        0.0,
        0.0,
        0.0,
        0.0,
        0.0,
        0.0,
        0.0,
        0.0,
        0.0,
        0.0,
        0.0,
        0.0,
        0.0,
        0.0,
        0.0,
        0.0,
        0.0,
        0.0,
        0.0,
        0.0,
        0.0,
        0.0,
        0.0,
        0.0,
        0.0,
        0.0,
        0.0,
        0.0,
        0.0,
        0.0,
        0.0,
        0.0,
        0.0,
        0.0,
        0.0,
        0.0,
        0.0,
        0.0,
        0.0,
        1.0,
        0.0,
        0.0,
        0.0,
        0.0,
        0.0,
        0.0,
        0.0,
        0.0,
        0.0,
        0.0,
        0.0,
        0.0,
        0.0,
        0.0,
        0.0,
        0.0,
        0.0,
        0.0,
        0.0,
        0.0,
        0.0,
        0.0,
        0.0,
        0.0,
        0.0,
        0.0,
        0.0,
        0.0,
        0.0,
        0.0,
        0.0,
        0.0,
        0.0,
        0.0,
        0.0,
        0.0,
        0.0,
        0.0,
        0.0,
        0.0,
        0.0,
        0.0,
        0.0,
        0.0,
        0.0,
        0.0,
        0.0,
        0.0,
        0.0,
        0.0,
        0.0,
        0.0,
        0.0,
        0.0,
        0.0,
        0.0,
        0.0,
        0.0,
        0.0,
        0.0,
        0.0,
        0.0,
        0.0,
        0.0,
        0.0,
        1.0,
        0.0,
        0.0,
        0.0,
        0.0,
        0.0,
        0.0,
        0.0,
        0.0,
        0.0,
        0.0,
        0.0,
        0.0,
        1.0,
        0.0,
        0.0,
        1.0,
        0.0,
        0.0,
        0.0,
        0.0,
        0.0,
        0.0,
        0.0,
        0.0,
        0.0,
        0.0,
        0.0,
        0.0,
        0.0,
        0.0,
        0.0,
        0.0,
        0.0,
        0.0,
        0.0,
        0.0,
        0.0,
        0.0,
        0.0,
        0.0,
        0.0,
        0.0,
        0.0,
        0.0,
        0.0,
        1.0,
        0.0,
        0.0,
        0.0,
        0.0,
        0.0,
        0.0,
        0.0,
        0.0,
        0.0,
        0.0,
        1.0,
        0.0,
        0.0,
        0.0,
        0.0,
        0.0,
        0.0,
        0.0,
        0.0,
        0.0,
        0.0,
        0.0,
        0.0,
        0.0,
        0.0,
        0.0,
        1.0,
        0.0,
        0.0,
        0.0,
        0.0,
        0.0,
        0.0,
        0.0,
        0.0,
        0.0
    ],
    "hold_count_norm": -0.431361985245648,
    "hold_density": 0.2857142857142857,
    "vertical_progress": 0.12037037037037036
}