{
    "data.grade": "7C",
    "data.userGrade": null,
    "data.method": "Feet follow hands",
    "data.userRating": 0.0,
    "data.repeats": 0.0,
    "data.moves": [
        {
            "problemId": 410204,
            "description": "I7",
            "isStart": false,
            "isEnd": false,
            "normalized_coordinates": [
                0.7272727272727273,
                0.3333333333333333
            ],
            "neighbors": [
                [
                    0.7272727272727273,
                    0.1111111111111111
                ],
                [
                    0.6363636363636364,
                    0.1111111111111111
                ],
                [
                    0.8181818181818182,
                    0.1111111111111111
                ]
            ],
            "edge_distances": [
                0.3333333333333333,
                0.6666666666666667
            ],
            "dx": -0.27272727272727276,
            "dy": 0.3333333333333333,
            "move_angle": 2.256525837701183,
            "move_distance": 0.43068698192581506,
            "hold_type": 1.0
        },
        {
            "problemId": 410204,
            "description": "F13",
            "isStart": false,
            "isEnd": false,
            "normalized_coordinates": [
                0.45454545454545453,
                0.6666666666666666
            ],
            "neighbors": [
                [
                    0.7272727272727273,
                    0.3333333333333333
                ],
                [
                    0.09090909090909091,
                    0.9444444444444444
                ],
                [
                    0.6363636363636364,
                    0.1111111111111111
                ]
            ],
            "edge_distances": [
                0.6666666666666666,
                0.33333333333333337
            ],
            "dx": -0.36363636363636365,
            "dy": 0.2777777777777778,
            "move_angle": 2.489261752200902,
            "move_distance": 0.4575935956564932,
            "angle_difference": 0.23273591449971898,
            "hold_type": 1.0
        },
        {
            "problemId": 410204,
            "description": "B18",
            "isStart": false,
            "isEnd": true,
            "normalized_coordinates": [
                0.09090909090909091,
                0.9444444444444444
            ],
            "neighbors": [
                [
                    0.45454545454545453,
                    0.6666666666666666
                ],
                [
                    0.7272727272727273,
                    0.3333333333333333
                ],
                [
                    0.6363636363636364,
                    0.1111111111111111
                ]
            ],
            "edge_distances": [
                0.9444444444444444,
                0.05555555555555558
            ],
            "dx": 0.7272727272727273,
            "dy": -0.8333333333333333,
            "move_angle": -0.8532549862537521,
            "move_distance": 1.106060606060606,
            "angle_difference": -3.342516738454654,
            "hold_type": 0.75
        },
        {
            "problemId": 410204,
            "description": "J3",
            "isStart": false,
            "isEnd": false,
            "normalized_coordinates": [
                0.8181818181818182,
                0.1111111111111111
            ],
            "neighbors": [
                [
                    0.7272727272727273,
                    0.1111111111111111
                ],
                [
                    0.6363636363636364,
                    0.1111111111111111
                ],
                [
                    0.7272727272727273,
                    0.3333333333333333
                ]
            ],
            "edge_distances": [
                0.1111111111111111,
                0.8888888888888888
            ],
            "dx": -0.09090909090909094,
            "dy": 0.0,
            "move_angle": 3.141592653589793,
            "move_distance": 0.09090909090909094,
            "angle_difference": 3.9948476398435453,
            "hold_type": 0.0
        },
        {
            "problemId": 410204,
            "description": "I3",
            "isStart": true,
            "isEnd": false,
            "normalized_coordinates": [
                0.7272727272727273,
                0.1111111111111111
            ],
            "neighbors": [
                [
                    0.6363636363636364,
                    0.1111111111111111
                ],
                [
                    0.8181818181818182,
                    0.1111111111111111
                ],
                [
                    0.7272727272727273,
                    0.3333333333333333
                ]
            ],
            "edge_distances": [
                0.1111111111111111,
                0.8888888888888888
            ],
            "dx": -0.09090909090909094,
            "dy": 0.0,
            "move_angle": 3.141592653589793,
            "move_distance": 0.09090909090909094,
            "angle_difference": 0.0,
            "hold_type": 0.25
        },
        {
            "problemId": 410204,
            "description": "H3",
            "isStart": true,
            "isEnd": false,
            "normalized_coordinates": [
                0.6363636363636364,
                0.1111111111111111
            ],
            "neighbors": [
                [
                    0.7272727272727273,
                    0.1111111111111111
                ],
                [
                    0.8181818181818182,
                    0.1111111111111111
                ],
                [
                    0.7272727272727273,
                    0.3333333333333333
                ]
            ],
            "edge_distances": [
                0.1111111111111111,
                0.8888888888888888
            ],
            "hold_type": 0.25
        }
    ],
    "data.apiId": 410204,
    "hold_presence": [
        0.0,
        0.0,
        0.0,
        0.0,
        0.0,
        0.0,
        0.0,
        0.0,
        0.0,
        0.0,
        0.0,
        0.0,
        0.0,
        0.0,
        0.0,
        0.0,
        0.0,
        0.0,
        0.0,
        0.0,
        0.0,
        0.0,
        0.0,
        0.0,
        0.0,
        0.0,
        0.0,
        0.0,
        0.0,
        1.0,
        1.0,
        1.0,
        0.0,
        0.0,
        0.0,
        0.0,
        0.0,
        0.0,
        0.0,
        0.0,
        0.0,
        0.0,
        0.0,
        0.0,
        0.0,
        0.0,
        0.0,
        0.0,
        0.0,
        0.0,
        0.0,
        0.0,
        0.0,
        0.0,
        0.0,
        0.0,
        0.0,
        0.0,
        0.0,
        0.0,
        0.0,
        0.0,
        0.0,
        0.0,
        0.0,
        0.0,
        0.0,
        0.0,
        0.0,
        0.0,
        0.0,
        0.0,
        0.0,
        0.0,
        1.0,
        0.0,
        0.0,
        0.0,
        0.0,
        0.0,
        0.0,
        0.0,
        0.0,
        0.0,
        0.0,
        0.0,
        0.0,
        0.0,
        0.0,
        0.0,
        0.0,
        0.0,
        0.0,
        0.0,
        0.0,
        0.0,
        0.0,
        0.0,
        0.0,
        0.0,
        0.0,
        0.0,
        0.0,
        0.0,
        0.0,
        0.0,
        0.0,
        0.0,
        0.0,
        0.0,
        0.0,
        0.0,
        0.0,
        0.0,
        0.0,
        0.0,
        0.0,
        0.0,
        0.0,
        0.0,
        0.0,
        0.0,
        0.0,
        0.0,
        0.0,
        0.0,
        0.0,
        0.0,
        0.0,
        0.0,
        0.0,
        0.0,
        0.0,
        0.0,
        0.0,
        0.0,
        0.0,
        1.0,
        0.0,
        0.0,
        0.0,
        0.0,
        0.0,
        0.0,
        0.0,
        0.0,
        0.0,
        0.0,
        0.0,
        0.0,
        0.0,
        0.0,
        0.0,
        0.0,
        0.0,
        0.0,
        0.0,
        0.0,
        0.0,
        0.0,
        0.0,
        0.0,
        0.0,
        0.0,
        0.0,
        0.0,
        0.0,
        0.0,
        0.0,
        0.0,
        0.0,
        0.0,
        0.0,
        0.0,
        0.0,
        0.0,
        0.0,
        0.0,
        0.0,
        0.0,
        0.0,
        0.0,
        0.0,
        0.0,
        0.0,
        0.0,
        0.0,
        0.0,
        1.0,
        0.0,
        0.0,
        0.0,
        0.0,
        0.0,
        0.0,
        0.0,
        0.0,
        0.0
    ],
    "hold_count_norm": -0.9624506127710697,
    "hold_density": 0.303030303030303,
    "vertical_progress": -0.04444444444444442
}