{
    "data.grade": "7C",
    "data.userGrade": "7C",
    "data.method": "Feet follow hands",
    "data.userRating": 1.791759469228055,
    "data.repeats": 1.0986122886681096,
    "data.moves": [
        {
            "problemId": 355515,
            "description": "C4",
            "isStart": true,
            "isEnd": false,
            "normalized_coordinates": [
                0.18181818181818182,
                0.16666666666666666
            ],
            "neighbors": [
                [
                    0.09090909090909091,
                    0.2777777777777778
                ],
                [
                    0.18181818181818182,
                    0.5555555555555556
                ],
                [
                    0.6363636363636364,
                    0.16666666666666666
                ]
            ],
            "edge_distances": [
                0.16666666666666666,
                0.8333333333333334
            ],
            "dx": -0.09090909090909091,
            "dy": 0.11111111111111113,
            "move_angle": 2.256525837701183,
            "move_distance": 0.14356232730860502,
            "hold_type": 1.0
        },
        {
            "problemId": 355515,
            "description": "B6",
            "isStart": true,
            "isEnd": false,
            "normalized_coordinates": [
                0.09090909090909091,
                0.2777777777777778
            ],
            "neighbors": [
                [
                    0.18181818181818182,
                    0.16666666666666666
                ],
                [
                    0.18181818181818182,
                    0.5555555555555556
                ],
                [
                    0.45454545454545453,
                    0.5555555555555556
                ]
            ],
            "edge_distances": [
                0.2777777777777778,
                0.7222222222222222
            ],
            "dx": 0.09090909090909091,
            "dy": 0.2777777777777778,
            "move_angle": 1.254510198882742,
            "move_distance": 0.292275480731925,
            "angle_difference": -1.002015638818441,
            "hold_type": 0.0
        },
        {
            "problemId": 355515,
            "description": "C11",
            "isStart": false,
            "isEnd": false,
            "normalized_coordinates": [
                0.18181818181818182,
                0.5555555555555556
            ],
            "neighbors": [
                [
                    0.45454545454545453,
                    0.5555555555555556
                ],
                [
                    0.09090909090909091,
                    0.2777777777777778
                ],
                [
                    0.18181818181818182,
                    0.16666666666666666
                ]
            ],
            "edge_distances": [
                0.5555555555555556,
                0.4444444444444444
            ],
            "dx": 0.2727272727272727,
            "dy": 0.0,
            "move_angle": 0.0,
            "move_distance": 0.2727272727272727,
            "angle_difference": -1.254510198882742,
            "hold_type": 0.75
        },
        {
            "problemId": 355515,
            "description": "F11",
            "isStart": false,
            "isEnd": false,
            "normalized_coordinates": [
                0.45454545454545453,
                0.5555555555555556
            ],
            "neighbors": [
                [
                    0.18181818181818182,
                    0.5555555555555556
                ],
                [
                    0.7272727272727273,
                    0.6111111111111112
                ],
                [
                    0.6363636363636364,
                    0.16666666666666666
                ]
            ],
            "edge_distances": [
                0.5555555555555556,
                0.4444444444444444
            ],
            "dx": 0.27272727272727276,
            "dy": 0.05555555555555558,
            "move_angle": 0.20095426368809707,
            "move_distance": 0.27832819663545166,
            "angle_difference": 0.20095426368809707,
            "hold_type": 1.0
        },
        {
            "problemId": 355515,
            "description": "I12",
            "isStart": false,
            "isEnd": false,
            "normalized_coordinates": [
                0.7272727272727273,
                0.6111111111111112
            ],
            "neighbors": [
                [
                    0.9090909090909091,
                    0.6666666666666666
                ],
                [
                    0.7272727272727273,
                    0.8888888888888888
                ],
                [
                    0.45454545454545453,
                    0.5555555555555556
                ]
            ],
            "edge_distances": [
                0.6111111111111112,
                0.38888888888888884
            ],
            "dx": 0.18181818181818177,
            "dy": 0.05555555555555547,
            "move_angle": 0.29654580906970013,
            "move_distance": 0.19011646691635056,
            "angle_difference": 0.09559154538160305,
            "hold_type": 0.5
        },
        {
            "problemId": 355515,
            "description": "K13",
            "isStart": false,
            "isEnd": false,
            "normalized_coordinates": [
                0.9090909090909091,
                0.6666666666666666
            ],
            "neighbors": [
                [
                    0.7272727272727273,
                    0.6111111111111112
                ],
                [
                    0.9090909090909091,
                    0.9444444444444444
                ],
                [
                    0.7272727272727273,
                    0.8888888888888888
                ]
            ],
            "edge_distances": [
                0.6666666666666666,
                0.33333333333333337
            ],
            "dx": -0.18181818181818177,
            "dy": 0.2222222222222222,
            "move_angle": 2.256525837701183,
            "move_distance": 0.28712465461721,
            "angle_difference": 1.9599800286314828,
            "hold_type": 1.0
        },
        {
            "problemId": 355515,
            "description": "I17",
            "isStart": false,
            "isEnd": false,
            "normalized_coordinates": [
                0.7272727272727273,
                0.8888888888888888
            ],
            "neighbors": [
                [
                    0.9090909090909091,
                    0.9444444444444444
                ],
                [
                    0.7272727272727273,
                    0.6111111111111112
                ],
                [
                    0.9090909090909091,
                    0.6666666666666666
                ]
            ],
            "edge_distances": [
                0.8888888888888888,
                0.11111111111111116
            ],
            "dx": 0.18181818181818177,
            "dy": 0.05555555555555558,
            "move_angle": 0.2965458090697007,
            "move_distance": 0.19011646691635056,
            "angle_difference": -1.9599800286314824,
            "hold_type": 0.0
        },
        {
            "problemId": 355515,
            "description": "K18",
            "isStart": false,
            "isEnd": true,
            "normalized_coordinates": [
                0.9090909090909091,
                0.9444444444444444
            ],
            "neighbors": [
                [
                    0.7272727272727273,
                    0.8888888888888888
                ],
                [
                    0.9090909090909091,
                    0.6666666666666666
                ],
                [
                    0.7272727272727273,
                    0.6111111111111112
                ]
            ],
            "edge_distances": [
                0.9444444444444444,
                0.05555555555555558
            ],
            "dx": -0.2727272727272727,
            "dy": -0.7777777777777778,
            "move_angle": -1.9080495151165553,
            "move_distance": 0.8242077631848626,
            "angle_difference": -2.204595324186256,
            "hold_type": 0.0
        },
        {
            "problemId": 355515,
            "description": "H4",
            "isStart": false,
            "isEnd": false,
            "normalized_coordinates": [
                0.6363636363636364,
                0.16666666666666666
            ],
            "neighbors": [
                [
                    0.45454545454545453,
                    0.5555555555555556
                ],
                [
                    0.7272727272727273,
                    0.6111111111111112
                ],
                [
                    0.18181818181818182,
                    0.16666666666666666
                ]
            ],
            "edge_distances": [
                0.16666666666666666,
                0.8333333333333334
            ],
            "hold_type": 0.5
        }
    ],
    "data.apiId": 355515,
    "hold_presence": [
        0.0,
        0.0,
        0.0,
        0.0,
        0.0,
        0.0,
        0.0,
        0.0,
        0.0,
        0.0,
        0.0,
        0.0,
        0.0,
        0.0,
        0.0,
        0.0,
        0.0,
        0.0,
        0.0,
        0.0,
        0.0,
        0.0,
        0.0,
        0.0,
        0.0,
        0.0,
        0.0,
        0.0,
        0.0,
        0.0,
        0.0,
        0.0,
        0.0,
        0.0,
        0.0,
        1.0,
        0.0,
        0.0,
        0.0,
        0.0,
        1.0,
        0.0,
        0.0,
        0.0,
        0.0,
        0.0,
        0.0,
        0.0,
        0.0,
        0.0,
        0.0,
        0.0,
        0.0,
        0.0,
        0.0,
        0.0,
        1.0,
        0.0,
        0.0,
        0.0,
        0.0,
        0.0,
        0.0,
        0.0,
        0.0,
        0.0,
        0.0,
        0.0,
        0.0,
        0.0,
        0.0,
        0.0,
        0.0,
        0.0,
        0.0,
        0.0,
        0.0,
        0.0,
        0.0,
        0.0,
        0.0,
        0.0,
        0.0,
        0.0,
        0.0,
        0.0,
        0.0,
        0.0,
        0.0,
        0.0,
        0.0,
        0.0,
        0.0,
        0.0,
        0.0,
        0.0,
        0.0,
        0.0,
        0.0,
        0.0,
        0.0,
        0.0,
        0.0,
        0.0,
        0.0,
        0.0,
        0.0,
        0.0,
        0.0,
        0.0,
        0.0,
        0.0,
        1.0,
        0.0,
        0.0,
        1.0,
        0.0,
        0.0,
        0.0,
        0.0,
        0.0,
        0.0,
        0.0,
        0.0,
        0.0,
        0.0,
        0.0,
        0.0,
        0.0,
        1.0,
        0.0,
        0.0,
        0.0,
        0.0,
        0.0,
        0.0,
        0.0,
        0.0,
        0.0,
        0.0,
        0.0,
        0.0,
        1.0,
        0.0,
        0.0,
        0.0,
        0.0,
        0.0,
        0.0,
        0.0,
        0.0,
        0.0,
        0.0,
        0.0,
        0.0,
        0.0,
        0.0,
        0.0,
        0.0,
        0.0,
        0.0,
        0.0,
        0.0,
        0.0,
        0.0,
        0.0,
        0.0,
        0.0,
        0.0,
        0.0,
        0.0,
        0.0,
        0.0,
        0.0,
        0.0,
        0.0,
        0.0,
        0.0,
        0.0,
        0.0,
        0.0,
        0.0,
        0.0,
        0.0,
        1.0,
        0.0,
        0.0,
        0.0,
        0.0,
        0.0,
        0.0,
        0.0,
        0.0,
        0.0,
        0.0,
        0.0,
        0.0,
        1.0
    ],
    "hold_count_norm": 0.6308152698051953,
    "hold_density": 0.3787878787878789,
    "vertical_progress": 0.0
}