{
    "data.grade": "7C",
    "data.userGrade": null,
    "data.method": "Feet follow hands",
    "data.userRating": 1.791759469228055,
    "data.repeats": 2.3978952727983707,
    "data.moves": [
        {
            "problemId": 322159,
            "description": "A5",
            "isStart": true,
            "isEnd": false,
            "normalized_coordinates": [
                0.0,
                0.2222222222222222
            ],
            "neighbors": [
                [
                    0.0,
                    0.3888888888888889
                ],
                [
                    0.09090909090909091,
                    0.5
                ],
                [
                    0.2727272727272727,
                    0.6111111111111112
                ]
            ],
            "edge_distances": [
                0.2222222222222222,
                0.7777777777777778
            ],
            "dx": 0.0,
            "dy": 0.16666666666666669,
            "move_angle": 1.5707963267948966,
            "move_distance": 0.16666666666666669,
            "hold_type": 0.0
        },
        {
            "problemId": 322159,
            "description": "A8",
            "isStart": false,
            "isEnd": false,
            "normalized_coordinates": [
                0.0,
                0.3888888888888889
            ],
            "neighbors": [
                [
                    0.09090909090909091,
                    0.5
                ],
                [
                    0.0,
                    0.2222222222222222
                ],
                [
                    0.2727272727272727,
                    0.6111111111111112
                ]
            ],
            "edge_distances": [
                0.3888888888888889,
                0.6111111111111112
            ],
            "dx": 0.09090909090909091,
            "dy": 0.1111111111111111,
            "move_angle": 0.8850668158886102,
            "move_distance": 0.143562327308605,
            "angle_difference": -0.6857295109062863,
            "hold_type": 0.75
        },
        {
            "problemId": 322159,
            "description": "B10",
            "isStart": false,
            "isEnd": false,
            "normalized_coordinates": [
                0.09090909090909091,
                0.5
            ],
            "neighbors": [
                [
                    0.0,
                    0.3888888888888889
                ],
                [
                    0.2727272727272727,
                    0.6111111111111112
                ],
                [
                    0.0,
                    0.2222222222222222
                ]
            ],
            "edge_distances": [
                0.5,
                0.5
            ],
            "dx": 0.1818181818181818,
            "dy": 0.11111111111111116,
            "move_angle": 0.5485494024505283,
            "move_distance": 0.21308104151241403,
            "angle_difference": -0.33651741343808195,
            "hold_type": 0.5
        },
        {
            "problemId": 322159,
            "description": "D12",
            "isStart": false,
            "isEnd": false,
            "normalized_coordinates": [
                0.2727272727272727,
                0.6111111111111112
            ],
            "neighbors": [
                [
                    0.09090909090909091,
                    0.5
                ],
                [
                    0.0,
                    0.3888888888888889
                ],
                [
                    0.5454545454545454,
                    0.8333333333333334
                ]
            ],
            "edge_distances": [
                0.6111111111111112,
                0.38888888888888884
            ],
            "dx": 0.36363636363636365,
            "dy": -0.05555555555555558,
            "move_angle": -0.15160548743827287,
            "move_distance": 0.36785571181071,
            "angle_difference": -0.7001548898888011,
            "hold_type": 0.5
        },
        {
            "problemId": 322159,
            "description": "H11",
            "isStart": false,
            "isEnd": false,
            "normalized_coordinates": [
                0.6363636363636364,
                0.5555555555555556
            ],
            "neighbors": [
                [
                    0.8181818181818182,
                    0.6666666666666666
                ],
                [
                    0.5454545454545454,
                    0.8333333333333334
                ],
                [
                    0.2727272727272727,
                    0.6111111111111112
                ]
            ],
            "edge_distances": [
                0.5555555555555556,
                0.4444444444444444
            ],
            "dx": 0.18181818181818188,
            "dy": 0.11111111111111105,
            "move_angle": 0.5485494024505276,
            "move_distance": 0.21308104151241403,
            "angle_difference": 0.7001548898888005,
            "hold_type": 0.5
        },
        {
            "problemId": 322159,
            "description": "J13",
            "isStart": false,
            "isEnd": false,
            "normalized_coordinates": [
                0.8181818181818182,
                0.6666666666666666
            ],
            "neighbors": [
                [
                    0.6363636363636364,
                    0.5555555555555556
                ],
                [
                    0.9090909090909091,
                    0.9444444444444444
                ],
                [
                    0.5454545454545454,
                    0.8333333333333334
                ]
            ],
            "edge_distances": [
                0.6666666666666666,
                0.33333333333333337
            ],
            "dx": 0.09090909090909083,
            "dy": 0.2777777777777778,
            "move_angle": 1.2545101988827425,
            "move_distance": 0.292275480731925,
            "angle_difference": 0.7059607964322149,
            "hold_type": 0.0
        },
        {
            "problemId": 322159,
            "description": "K18",
            "isStart": false,
            "isEnd": true,
            "normalized_coordinates": [
                0.9090909090909091,
                0.9444444444444444
            ],
            "neighbors": [
                [
                    0.8181818181818182,
                    0.6666666666666666
                ],
                [
                    0.5454545454545454,
                    0.8333333333333334
                ],
                [
                    0.6363636363636364,
                    0.5555555555555556
                ]
            ],
            "edge_distances": [
                0.9444444444444444,
                0.05555555555555558
            ],
            "dx": -0.36363636363636365,
            "dy": -0.11111111111111105,
            "move_angle": -2.845046844520093,
            "move_distance": 0.38023293383270124,
            "angle_difference": -4.099557043402836,
            "hold_type": 0.0
        },
        {
            "problemId": 322159,
            "description": "G16",
            "isStart": false,
            "isEnd": false,
            "normalized_coordinates": [
                0.5454545454545454,
                0.8333333333333334
            ],
            "neighbors": [
                [
                    0.6363636363636364,
                    0.5555555555555556
                ],
                [
                    0.8181818181818182,
                    0.6666666666666666
                ],
                [
                    0.2727272727272727,
                    0.6111111111111112
                ]
            ],
            "edge_distances": [
                0.8333333333333334,
                0.16666666666666663
            ],
            "hold_type": 0.75
        }
    ],
    "data.apiId": 322159,
    "hold_presence": [
        0.0,
        0.0,
        0.0,
        0.0,
        0.0,
        0.0,
        0.0,
        0.0,
        0.0,
        0.0,
        0.0,
        0.0,
        0.0,
        0.0,
        0.0,
        0.0,
        0.0,
        0.0,
        0.0,
        0.0,
        0.0,
        0.0,
        0.0,
        0.0,
        0.0,
        0.0,
        0.0,
        0.0,
        0.0,
        0.0,
        0.0,
        0.0,
        0.0,
        0.0,
        0.0,
        0.0,
        0.0,
        0.0,
        0.0,
        0.0,
        0.0,
        0.0,
        0.0,
        0.0,
        1.0,
        0.0,
        0.0,
        0.0,
        0.0,
        0.0,
        0.0,
        0.0,
        0.0,
        0.0,
        0.0,
        0.0,
        0.0,
        0.0,
        0.0,
        0.0,
        0.0,
        0.0,
        0.0,
        0.0,
        0.0,
        0.0,
        0.0,
        0.0,
        0.0,
        0.0,
        0.0,
        0.0,
        0.0,
        0.0,
        0.0,
        0.0,
        0.0,
        1.0,
        0.0,
        0.0,
        0.0,
        0.0,
        0.0,
        0.0,
        0.0,
        0.0,
        0.0,
        0.0,
        0.0,
        0.0,
        0.0,
        0.0,
        0.0,
        0.0,
        0.0,
        0.0,
        0.0,
        0.0,
        0.0,
        0.0,
        1.0,
        0.0,
        0.0,
        0.0,
        0.0,
        0.0,
        0.0,
        0.0,
        0.0,
        0.0,
        0.0,
        0.0,
        0.0,
        0.0,
        0.0,
        0.0,
        0.0,
        1.0,
        0.0,
        0.0,
        0.0,
        0.0,
        0.0,
        0.0,
        1.0,
        0.0,
        0.0,
        0.0,
        0.0,
        0.0,
        0.0,
        0.0,
        0.0,
        0.0,
        0.0,
        0.0,
        0.0,
        0.0,
        0.0,
        0.0,
        0.0,
        1.0,
        0.0,
        0.0,
        0.0,
        0.0,
        0.0,
        0.0,
        0.0,
        0.0,
        0.0,
        0.0,
        0.0,
        0.0,
        0.0,
        0.0,
        0.0,
        0.0,
        0.0,
        0.0,
        0.0,
        0.0,
        0.0,
        0.0,
        0.0,
        0.0,
        0.0,
        0.0,
        0.0,
        0.0,
        0.0,
        1.0,
        0.0,
        0.0,
        0.0,
        0.0,
        0.0,
        0.0,
        0.0,
        0.0,
        0.0,
        0.0,
        0.0,
        0.0,
        0.0,
        0.0,
        0.0,
        0.0,
        0.0,
        0.0,
        0.0,
        0.0,
        0.0,
        0.0,
        0.0,
        0.0,
        0.0,
        1.0
    ],
    "hold_count_norm": 0.09972664227977365,
    "hold_density": 0.44155844155844165,
    "vertical_progress": 0.08730158730158731
}