{
    "data.grade": "7C",
    "data.userGrade": "7B",
    "data.method": "Feet follow hands",
    "data.userRating": 1.6094379124341003,
    "data.repeats": 2.639057329615259,
    "data.moves": [
        {
            "problemId": 436513,
            "description": "D6",
            "isStart": true,
            "isEnd": false,
            "normalized_coordinates": [
                0.2727272727272727,
                0.2777777777777778
            ],
            "neighbors": [
                [
                    0.09090909090909091,
                    0.3888888888888889
                ],
                [
                    0.0,
                    0.1111111111111111
                ],
                [
                    0.36363636363636365,
                    0.6666666666666666
                ]
            ],
            "edge_distances": [
                0.2777777777777778,
                0.7222222222222222
            ],
            "dx": -0.2727272727272727,
            "dy": -0.16666666666666669,
            "move_angle": -2.593043251139265,
            "move_distance": 0.319621562268621,
            "hold_type": 1.0
        },
        {
            "problemId": 436513,
            "description": "A3",
            "isStart": true,
            "isEnd": false,
            "normalized_coordinates": [
                0.0,
                0.1111111111111111
            ],
            "neighbors": [
                [
                    0.09090909090909091,
                    0.3888888888888889
                ],
                [
                    0.2727272727272727,
                    0.2777777777777778
                ],
                [
                    0.36363636363636365,
                    0.6666666666666666
                ]
            ],
            "edge_distances": [
                0.1111111111111111,
                0.8888888888888888
            ],
            "dx": 0.09090909090909091,
            "dy": 0.2777777777777778,
            "move_angle": 1.254510198882742,
            "move_distance": 0.292275480731925,
            "angle_difference": 3.847553450022007,
            "hold_type": 0.0
        },
        {
            "problemId": 436513,
            "description": "B8",
            "isStart": false,
            "isEnd": false,
            "normalized_coordinates": [
                0.09090909090909091,
                0.3888888888888889
            ],
            "neighbors": [
                [
                    0.2727272727272727,
                    0.2777777777777778
                ],
                [
                    0.0,
                    0.1111111111111111
                ],
                [
                    0.36363636363636365,
                    0.6666666666666666
                ]
            ],
            "edge_distances": [
                0.3888888888888889,
                0.6111111111111112
            ],
            "dx": 0.2727272727272727,
            "dy": 0.27777777777777773,
            "move_angle": 0.7945722179425583,
            "move_distance": 0.3892822358089522,
            "angle_difference": -0.4599379809401838,
            "hold_type": 0.5
        },
        {
            "problemId": 436513,
            "description": "E13",
            "isStart": false,
            "isEnd": false,
            "normalized_coordinates": [
                0.36363636363636365,
                0.6666666666666666
            ],
            "neighbors": [
                [
                    0.09090909090909091,
                    0.3888888888888889
                ],
                [
                    0.2727272727272727,
                    0.2777777777777778
                ],
                [
                    0.8181818181818182,
                    0.8333333333333334
                ]
            ],
            "edge_distances": [
                0.6666666666666666,
                0.33333333333333337
            ],
            "dx": 0.4545454545454546,
            "dy": 0.16666666666666674,
            "move_angle": 0.35144479400355183,
            "move_distance": 0.48413773662637755,
            "angle_difference": -0.44312742393900645,
            "hold_type": 1.0
        },
        {
            "problemId": 436513,
            "description": "J16",
            "isStart": false,
            "isEnd": false,
            "normalized_coordinates": [
                0.8181818181818182,
                0.8333333333333334
            ],
            "neighbors": [
                [
                    0.8181818181818182,
                    0.9444444444444444
                ],
                [
                    0.36363636363636365,
                    0.6666666666666666
                ],
                [
                    0.2727272727272727,
                    0.2777777777777778
                ]
            ],
            "edge_distances": [
                0.8333333333333334,
                0.16666666666666663
            ],
            "dx": 0.0,
            "dy": 0.11111111111111105,
            "move_angle": 1.5707963267948966,
            "move_distance": 0.11111111111111105,
            "angle_difference": 1.2193515327913447,
            "hold_type": 0.75
        },
        {
            "problemId": 436513,
            "description": "J18",
            "isStart": false,
            "isEnd": true,
            "normalized_coordinates": [
                0.8181818181818182,
                0.9444444444444444
            ],
            "neighbors": [
                [
                    0.8181818181818182,
                    0.8333333333333334
                ],
                [
                    0.36363636363636365,
                    0.6666666666666666
                ],
                [
                    0.2727272727272727,
                    0.2777777777777778
                ]
            ],
            "edge_distances": [
                0.9444444444444444,
                0.05555555555555558
            ],
            "hold_type": 0.75
        }
    ],
    "data.apiId": 436513,
    "hold_presence": [
        0.0,
        0.0,
        0.0,
        0.0,
        0.0,
        0.0,
        0.0,
        0.0,
        0.0,
        0.0,
        0.0,
        0.0,
        0.0,
        0.0,
        0.0,
        0.0,
        0.0,
        0.0,
        0.0,
        0.0,
        0.0,
        0.0,
        1.0,
        0.0,
        0.0,
        0.0,
        0.0,
        0.0,
        0.0,
        0.0,
        0.0,
        0.0,
        0.0,
        0.0,
        0.0,
        0.0,
        0.0,
        0.0,
        0.0,
        0.0,
        0.0,
        0.0,
        0.0,
        0.0,
        0.0,
        0.0,
        0.0,
        0.0,
        0.0,
        0.0,
        0.0,
        0.0,
        0.0,
        0.0,
        0.0,
        0.0,
        0.0,
        0.0,
        1.0,
        0.0,
        0.0,
        0.0,
        0.0,
        0.0,
        0.0,
        0.0,
        0.0,
        0.0,
        0.0,
        0.0,
        0.0,
        0.0,
        0.0,
        0.0,
        0.0,
        0.0,
        0.0,
        0.0,
        1.0,
        0.0,
        0.0,
        0.0,
        0.0,
        0.0,
        0.0,
        0.0,
        0.0,
        0.0,
        0.0,
        0.0,
        0.0,
        0.0,
        0.0,
        0.0,
        0.0,
        0.0,
        0.0,
        0.0,
        0.0,
        0.0,
        0.0,
        0.0,
        0.0,
        0.0,
        0.0,
        0.0,
        0.0,
        0.0,
        0.0,
        0.0,
        0.0,
        0.0,
        0.0,
        0.0,
        0.0,
        0.0,
        0.0,
        0.0,
        0.0,
        0.0,
        0.0,
        0.0,
        0.0,
        0.0,
        0.0,
        0.0,
        0.0,
        0.0,
        0.0,
        0.0,
        0.0,
        0.0,
        0.0,
        0.0,
        0.0,
        0.0,
        1.0,
        0.0,
        0.0,
        0.0,
        0.0,
        0.0,
        0.0,
        0.0,
        0.0,
        0.0,
        0.0,
        0.0,
        0.0,
        0.0,
        0.0,
        0.0,
        0.0,
        0.0,
        0.0,
        0.0,
        0.0,
        0.0,
        0.0,
        0.0,
        0.0,
        0.0,
        0.0,
        0.0,
        0.0,
        0.0,
        0.0,
        0.0,
        0.0,
        0.0,
        0.0,
        0.0,
        0.0,
        0.0,
        1.0,
        0.0,
        0.0,
        0.0,
        0.0,
        0.0,
        0.0,
        0.0,
        0.0,
        0.0,
        0.0,
        0.0,
        0.0,
        0.0,
        0.0,
        0.0,
        0.0,
        0.0,
        0.0,
        0.0,
        0.0,
        0.0,
        1.0,
        0.0
    ],
    "hold_count_norm": -0.9624506127710697,
    "hold_density": 0.42424242424242437,
    "vertical_progress": 0.13333333333333333
}