{
    "data.grade": "7C",
    "data.userGrade": "7C",
    "data.method": "Feet follow hands",
    "data.userRating": 1.6094379124341003,
    "data.repeats": 3.4339872044851463,
    "data.moves": [
        {
            "problemId": 317136,
            "description": "I4",
            "isStart": true,
            "isEnd": false,
            "normalized_coordinates": [
                0.7272727272727273,
                0.16666666666666666
            ],
            "neighbors": [
                [
                    0.7272727272727273,
                    0.2222222222222222
                ],
                [
                    0.8181818181818182,
                    0.5
                ],
                [
                    0.36363636363636365,
                    0.3333333333333333
                ]
            ],
            "edge_distances": [
                0.16666666666666666,
                0.8333333333333334
            ],
            "dx": 0.0,
            "dy": 0.05555555555555555,
            "move_angle": 1.5707963267948966,
            "move_distance": 0.05555555555555555,
            "hold_type": 0.0
        },
        {
            "problemId": 317136,
            "description": "I5",
            "isStart": true,
            "isEnd": false,
            "normalized_coordinates": [
                0.7272727272727273,
                0.2222222222222222
            ],
            "neighbors": [
                [
                    0.7272727272727273,
                    0.16666666666666666
                ],
                [
                    0.8181818181818182,
                    0.5
                ],
                [
                    0.36363636363636365,
                    0.3333333333333333
                ]
            ],
            "edge_distances": [
                0.2222222222222222,
                0.7777777777777778
            ],
            "dx": -0.36363636363636365,
            "dy": 0.1111111111111111,
            "move_angle": 2.845046844520093,
            "move_distance": 0.38023293383270124,
            "angle_difference": 1.2742505177251964,
            "hold_type": 0.5
        },
        {
            "problemId": 317136,
            "description": "E7",
            "isStart": false,
            "isEnd": false,
            "normalized_coordinates": [
                0.36363636363636365,
                0.3333333333333333
            ],
            "neighbors": [
                [
                    0.5454545454545454,
                    0.6666666666666666
                ],
                [
                    0.7272727272727273,
                    0.2222222222222222
                ],
                [
                    0.7272727272727273,
                    0.16666666666666666
                ]
            ],
            "edge_distances": [
                0.3333333333333333,
                0.6666666666666667
            ],
            "dx": 0.4545454545454546,
            "dy": 0.16666666666666669,
            "move_angle": 0.3514447940035517,
            "move_distance": 0.48413773662637755,
            "angle_difference": -2.4936020505165413,
            "hold_type": 0.75
        },
        {
            "problemId": 317136,
            "description": "J10",
            "isStart": false,
            "isEnd": false,
            "normalized_coordinates": [
                0.8181818181818182,
                0.5
            ],
            "neighbors": [
                [
                    0.7272727272727273,
                    0.2222222222222222
                ],
                [
                    0.5454545454545454,
                    0.6666666666666666
                ],
                [
                    0.7272727272727273,
                    0.16666666666666666
                ]
            ],
            "edge_distances": [
                0.5,
                0.5
            ],
            "dx": -0.2727272727272728,
            "dy": 0.16666666666666663,
            "move_angle": 2.5930432511392656,
            "move_distance": 0.31962156226862104,
            "angle_difference": 2.241598457135714,
            "hold_type": 0.0
        },
        {
            "problemId": 317136,
            "description": "G13",
            "isStart": false,
            "isEnd": false,
            "normalized_coordinates": [
                0.5454545454545454,
                0.6666666666666666
            ],
            "neighbors": [
                [
                    0.5454545454545454,
                    0.9444444444444444
                ],
                [
                    0.8181818181818182,
                    0.5
                ],
                [
                    0.36363636363636365,
                    0.3333333333333333
                ]
            ],
            "edge_distances": [
                0.6666666666666666,
                0.33333333333333337
            ],
            "dx": 0.0,
            "dy": 0.2777777777777778,
            "move_angle": 1.5707963267948966,
            "move_distance": 0.2777777777777778,
            "angle_difference": -1.022246924344369,
            "hold_type": 0.5
        },
        {
            "problemId": 317136,
            "description": "G18",
            "isStart": false,
            "isEnd": true,
            "normalized_coordinates": [
                0.5454545454545454,
                0.9444444444444444
            ],
            "neighbors": [
                [
                    0.5454545454545454,
                    0.6666666666666666
                ],
                [
                    0.9090909090909091,
                    0.9444444444444444
                ],
                [
                    0.8181818181818182,
                    0.5
                ]
            ],
            "edge_distances": [
                0.9444444444444444,
                0.05555555555555558
            ],
            "dx": 0.36363636363636365,
            "dy": 0.0,
            "move_angle": 0.0,
            "move_distance": 0.36363636363636365,
            "angle_difference": -1.5707963267948966,
            "hold_type": 0.0
        },
        {
            "problemId": 317136,
            "description": "K18",
            "isStart": false,
            "isEnd": true,
            "normalized_coordinates": [
                0.9090909090909091,
                0.9444444444444444
            ],
            "neighbors": [
                [
                    0.5454545454545454,
                    0.9444444444444444
                ],
                [
                    0.8181818181818182,
                    0.5
                ],
                [
                    0.5454545454545454,
                    0.6666666666666666
                ]
            ],
            "edge_distances": [
                0.9444444444444444,
                0.05555555555555558
            ],
            "hold_type": 0.0
        }
    ],
    "data.apiId": 317136,
    "hold_presence": [
        0.0,
        0.0,
        0.0,
        0.0,
        0.0,
        0.0,
        0.0,
        0.0,
        0.0,
        0.0,
        0.0,
        0.0,
        0.0,
        0.0,
        0.0,
        0.0,
        0.0,
        0.0,
        0.0,
        0.0,
        0.0,
        0.0,
        0.0,
        0.0,
        0.0,
        0.0,
        0.0,
        0.0,
        0.0,
        0.0,
        0.0,
        0.0,
        0.0,
        0.0,
        0.0,
        0.0,
        0.0,
        0.0,
        0.0,
        0.0,
        0.0,
        1.0,
        0.0,
        0.0,
        0.0,
        0.0,
        0.0,
        0.0,
        0.0,
        0.0,
        0.0,
        0.0,
        1.0,
        0.0,
        0.0,
        0.0,
        0.0,
        0.0,
        0.0,
        0.0,
        0.0,
        0.0,
        0.0,
        0.0,
        0.0,
        0.0,
        0.0,
        0.0,
        0.0,
        0.0,
        1.0,
        0.0,
        0.0,
        0.0,
        0.0,
        0.0,
        0.0,
        0.0,
        0.0,
        0.0,
        0.0,
        0.0,
        0.0,
        0.0,
        0.0,
        0.0,
        0.0,
        0.0,
        0.0,
        0.0,
        0.0,
        0.0,
        0.0,
        0.0,
        0.0,
        0.0,
        0.0,
        0.0,
        0.0,
        0.0,
        0.0,
        0.0,
        0.0,
        0.0,
        0.0,
        0.0,
        0.0,
        0.0,
        1.0,
        0.0,
        0.0,
        0.0,
        0.0,
        0.0,
        0.0,
        0.0,
        0.0,
        0.0,
        0.0,
        0.0,
        0.0,
        0.0,
        0.0,
        0.0,
        0.0,
        0.0,
        0.0,
        0.0,
        0.0,
        0.0,
        0.0,
        0.0,
        0.0,
        0.0,
        0.0,
        0.0,
        0.0,
        0.0,
        1.0,
        0.0,
        0.0,
        0.0,
        0.0,
        0.0,
        0.0,
        0.0,
        0.0,
        0.0,
        0.0,
        0.0,
        0.0,
        0.0,
        0.0,
        0.0,
        0.0,
        0.0,
        0.0,
        0.0,
        0.0,
        0.0,
        0.0,
        0.0,
        0.0,
        0.0,
        0.0,
        0.0,
        0.0,
        0.0,
        0.0,
        0.0,
        0.0,
        0.0,
        0.0,
        0.0,
        0.0,
        0.0,
        0.0,
        0.0,
        0.0,
        0.0,
        0.0,
        0.0,
        0.0,
        0.0,
        0.0,
        0.0,
        0.0,
        0.0,
        0.0,
        0.0,
        0.0,
        0.0,
        0.0,
        1.0,
        0.0,
        0.0,
        0.0,
        1.0
    ],
    "hold_count_norm": -0.431361985245648,
    "hold_density": 0.2251082251082251,
    "vertical_progress": 0.12962962962962962
}