{
    "data.grade": "7C",
    "data.userGrade": "7C",
    "data.method": "Feet follow hands",
    "data.userRating": 1.791759469228055,
    "data.repeats": 4.060443010546419,
    "data.moves": [
        {
            "problemId": 326949,
            "description": "A5",
            "isStart": true,
            "isEnd": false,
            "normalized_coordinates": [
                0.0,
                0.2222222222222222
            ],
            "neighbors": [
                [
                    0.36363636363636365,
                    0.5555555555555556
                ],
                [
                    0.36363636363636365,
                    0.6111111111111112
                ],
                [
                    0.5454545454545454,
                    0.6111111111111112
                ]
            ],
            "edge_distances": [
                0.2222222222222222,
                0.7777777777777778
            ],
            "dx": 0.36363636363636365,
            "dy": 0.33333333333333337,
            "move_angle": 0.7419472680059175,
            "move_distance": 0.49329759382120325,
            "hold_type": 0.0
        },
        {
            "problemId": 326949,
            "description": "E11",
            "isStart": false,
            "isEnd": false,
            "normalized_coordinates": [
                0.36363636363636365,
                0.5555555555555556
            ],
            "neighbors": [
                [
                    0.36363636363636365,
                    0.6111111111111112
                ],
                [
                    0.5454545454545454,
                    0.6111111111111112
                ],
                [
                    0.8181818181818182,
                    0.6666666666666666
                ]
            ],
            "edge_distances": [
                0.5555555555555556,
                0.4444444444444444
            ],
            "dx": 0.0,
            "dy": 0.05555555555555558,
            "move_angle": 1.5707963267948966,
            "move_distance": 0.05555555555555558,
            "angle_difference": 0.8288490587889791,
            "hold_type": 0.0
        },
        {
            "problemId": 326949,
            "description": "E12",
            "isStart": false,
            "isEnd": false,
            "normalized_coordinates": [
                0.36363636363636365,
                0.6111111111111112
            ],
            "neighbors": [
                [
                    0.36363636363636365,
                    0.5555555555555556
                ],
                [
                    0.5454545454545454,
                    0.6111111111111112
                ],
                [
                    0.6363636363636364,
                    0.9444444444444444
                ]
            ],
            "edge_distances": [
                0.6111111111111112,
                0.38888888888888884
            ],
            "dx": 0.18181818181818177,
            "dy": 0.0,
            "move_angle": 0.0,
            "move_distance": 0.18181818181818177,
            "angle_difference": -1.5707963267948966,
            "hold_type": 0.0
        },
        {
            "problemId": 326949,
            "description": "G12",
            "isStart": false,
            "isEnd": false,
            "normalized_coordinates": [
                0.5454545454545454,
                0.6111111111111112
            ],
            "neighbors": [
                [
                    0.36363636363636365,
                    0.6111111111111112
                ],
                [
                    0.36363636363636365,
                    0.5555555555555556
                ],
                [
                    0.8181818181818182,
                    0.6666666666666666
                ]
            ],
            "edge_distances": [
                0.6111111111111112,
                0.38888888888888884
            ],
            "dx": 0.2727272727272728,
            "dy": 0.05555555555555547,
            "move_angle": 0.20095426368809663,
            "move_distance": 0.27832819663545166,
            "angle_difference": 0.20095426368809663,
            "hold_type": 0.0
        },
        {
            "problemId": 326949,
            "description": "J13",
            "isStart": false,
            "isEnd": false,
            "normalized_coordinates": [
                0.8181818181818182,
                0.6666666666666666
            ],
            "neighbors": [
                [
                    0.5454545454545454,
                    0.6111111111111112
                ],
                [
                    0.9090909090909091,
                    0.3888888888888889
                ],
                [
                    0.6363636363636364,
                    0.9444444444444444
                ]
            ],
            "edge_distances": [
                0.6666666666666666,
                0.33333333333333337
            ],
            "dx": 0.09090909090909083,
            "dy": -0.27777777777777773,
            "move_angle": -1.2545101988827423,
            "move_distance": 0.29227548073192494,
            "angle_difference": -1.4554644625708388,
            "hold_type": 0.0
        },
        {
            "problemId": 326949,
            "description": "K8",
            "isStart": false,
            "isEnd": false,
            "normalized_coordinates": [
                0.9090909090909091,
                0.3888888888888889
            ],
            "neighbors": [
                [
                    0.8181818181818182,
                    0.6666666666666666
                ],
                [
                    0.5454545454545454,
                    0.6111111111111112
                ],
                [
                    0.36363636363636365,
                    0.5555555555555556
                ]
            ],
            "edge_distances": [
                0.3888888888888889,
                0.6111111111111112
            ],
            "dx": -0.2727272727272727,
            "dy": 0.5555555555555556,
            "move_angle": 2.0271447953520054,
            "move_distance": 0.6188878255369855,
            "angle_difference": 3.2816549942347475,
            "hold_type": 1.0
        },
        {
            "problemId": 326949,
            "description": "H18",
            "isStart": false,
            "isEnd": true,
            "normalized_coordinates": [
                0.6363636363636364,
                0.9444444444444444
            ],
            "neighbors": [
                [
                    0.8181818181818182,
                    0.6666666666666666
                ],
                [
                    0.5454545454545454,
                    0.6111111111111112
                ],
                [
                    0.36363636363636365,
                    0.6111111111111112
                ]
            ],
            "edge_distances": [
                0.9444444444444444,
                0.05555555555555558
            ],
            "hold_type": 1.0
        }
    ],
    "data.apiId": 326949,
    "hold_presence": [
        0.0,
        0.0,
        0.0,
        0.0,
        0.0,
        0.0,
        0.0,
        0.0,
        0.0,
        0.0,
        0.0,
        0.0,
        0.0,
        0.0,
        0.0,
        0.0,
        0.0,
        0.0,
        0.0,
        0.0,
        0.0,
        0.0,
        0.0,
        0.0,
        0.0,
        0.0,
        0.0,
        0.0,
        0.0,
        0.0,
        0.0,
        0.0,
        0.0,
        0.0,
        0.0,
        0.0,
        0.0,
        0.0,
        0.0,
        0.0,
        0.0,
        0.0,
        0.0,
        0.0,
        1.0,
        0.0,
        0.0,
        0.0,
        0.0,
        0.0,
        0.0,
        0.0,
        0.0,
        0.0,
        0.0,
        0.0,
        0.0,
        0.0,
        0.0,
        0.0,
        0.0,
        0.0,
        0.0,
        0.0,
        0.0,
        0.0,
        0.0,
        0.0,
        0.0,
        0.0,
        0.0,
        0.0,
        0.0,
        0.0,
        0.0,
        0.0,
        0.0,
        0.0,
        0.0,
        0.0,
        0.0,
        0.0,
        0.0,
        0.0,
        0.0,
        0.0,
        0.0,
        1.0,
        0.0,
        0.0,
        0.0,
        0.0,
        0.0,
        0.0,
        0.0,
        0.0,
        0.0,
        0.0,
        0.0,
        0.0,
        0.0,
        0.0,
        0.0,
        0.0,
        0.0,
        0.0,
        0.0,
        0.0,
        0.0,
        0.0,
        0.0,
        0.0,
        0.0,
        0.0,
        1.0,
        0.0,
        0.0,
        0.0,
        0.0,
        0.0,
        0.0,
        0.0,
        0.0,
        0.0,
        0.0,
        1.0,
        0.0,
        1.0,
        0.0,
        0.0,
        0.0,
        0.0,
        0.0,
        0.0,
        0.0,
        0.0,
        0.0,
        0.0,
        0.0,
        0.0,
        0.0,
        1.0,
        0.0,
        0.0,
        0.0,
        0.0,
        0.0,
        0.0,
        0.0,
        0.0,
        0.0,
        0.0,
        0.0,
        0.0,
        0.0,
        0.0,
        0.0,
        0.0,
        0.0,
        0.0,
        0.0,
        0.0,
        0.0,
        0.0,
        0.0,
        0.0,
        0.0,
        0.0,
        0.0,
        0.0,
        0.0,
        0.0,
        0.0,
        0.0,
        0.0,
        0.0,
        0.0,
        0.0,
        0.0,
        0.0,
        0.0,
        0.0,
        0.0,
        0.0,
        0.0,
        0.0,
        0.0,
        0.0,
        0.0,
        0.0,
        0.0,
        0.0,
        0.0,
        0.0,
        1.0,
        0.0,
        0.0,
        0.0
    ],
    "hold_count_norm": -0.431361985245648,
    "hold_density": 0.3722943722943722,
    "vertical_progress": 0.12037037037037039
}