{
    "data.grade": "7C",
    "data.userGrade": null,
    "data.method": "Footless + kickboard",
    "data.userRating": 0.6931471805599453,
    "data.repeats": 1.3862943611198906,
    "data.moves": [
        {
            "problemId": 416901,
            "description": "D3",
            "isStart": false,
            "isEnd": false,
            "normalized_coordinates": [
                0.2727272727272727,
                0.1111111111111111
            ],
            "neighbors": [
                [
                    0.45454545454545453,
                    0.2222222222222222
                ],
                [
                    0.09090909090909091,
                    0.3333333333333333
                ],
                [
                    0.36363636363636365,
                    0.5555555555555556
                ]
            ],
            "edge_distances": [
                0.1111111111111111,
                0.8888888888888888
            ],
            "dx": 0.18181818181818182,
            "dy": 0.1111111111111111,
            "move_angle": 0.5485494024505281,
            "move_distance": 0.213081041512414,
            "hold_type": 0.75
        },
        {
            "problemId": 416901,
            "description": "F5",
            "isStart": true,
            "isEnd": false,
            "normalized_coordinates": [
                0.45454545454545453,
                0.2222222222222222
            ],
            "neighbors": [
                [
                    0.2727272727272727,
                    0.1111111111111111
                ],
                [
                    0.7272727272727273,
                    0.05555555555555555
                ],
                [
                    0.36363636363636365,
                    0.5555555555555556
                ]
            ],
            "edge_distances": [
                0.2222222222222222,
                0.7777777777777778
            ],
            "dx": 0.27272727272727276,
            "dy": -0.16666666666666666,
            "move_angle": -0.548549402450528,
            "move_distance": 0.31962156226862104,
            "angle_difference": -1.097098804901056,
            "hold_type": 0.5
        },
        {
            "problemId": 416901,
            "description": "I2",
            "isStart": true,
            "isEnd": false,
            "normalized_coordinates": [
                0.7272727272727273,
                0.05555555555555555
            ],
            "neighbors": [
                [
                    0.45454545454545453,
                    0.2222222222222222
                ],
                [
                    0.2727272727272727,
                    0.1111111111111111
                ],
                [
                    0.36363636363636365,
                    0.5555555555555556
                ]
            ],
            "edge_distances": [
                0.05555555555555555,
                0.9444444444444444
            ],
            "dx": -0.6363636363636364,
            "dy": 0.2777777777777778,
            "move_angle": 2.7300151980554723,
            "move_distance": 0.6943480190172007,
            "angle_difference": 3.2785646005060003,
            "hold_type": 1.0
        },
        {
            "problemId": 416901,
            "description": "B7",
            "isStart": false,
            "isEnd": false,
            "normalized_coordinates": [
                0.09090909090909091,
                0.3333333333333333
            ],
            "neighbors": [
                [
                    0.2727272727272727,
                    0.1111111111111111
                ],
                [
                    0.09090909090909091,
                    0.6666666666666666
                ],
                [
                    0.36363636363636365,
                    0.5555555555555556
                ]
            ],
            "edge_distances": [
                0.3333333333333333,
                0.6666666666666667
            ],
            "dx": 0.2727272727272727,
            "dy": 0.22222222222222227,
            "move_angle": 0.6837093116343714,
            "move_distance": 0.35179949024783835,
            "angle_difference": -2.046305886421101,
            "hold_type": 0.0
        },
        {
            "problemId": 416901,
            "description": "E11",
            "isStart": false,
            "isEnd": false,
            "normalized_coordinates": [
                0.36363636363636365,
                0.5555555555555556
            ],
            "neighbors": [
                [
                    0.2727272727272727,
                    0.7777777777777778
                ],
                [
                    0.09090909090909091,
                    0.6666666666666666
                ],
                [
                    0.45454545454545453,
                    0.2222222222222222
                ]
            ],
            "edge_distances": [
                0.5555555555555556,
                0.4444444444444444
            ],
            "dx": -0.2727272727272727,
            "dy": 0.11111111111111105,
            "move_angle": 2.7547169358587653,
            "move_distance": 0.2944925199416818,
            "angle_difference": 2.0710076242243938,
            "hold_type": 0.0
        },
        {
            "problemId": 416901,
            "description": "B13",
            "isStart": false,
            "isEnd": false,
            "normalized_coordinates": [
                0.09090909090909091,
                0.6666666666666666
            ],
            "neighbors": [
                [
                    0.2727272727272727,
                    0.7777777777777778
                ],
                [
                    0.09090909090909091,
                    0.9444444444444444
                ],
                [
                    0.36363636363636365,
                    0.5555555555555556
                ]
            ],
            "edge_distances": [
                0.6666666666666666,
                0.33333333333333337
            ],
            "dx": 0.1818181818181818,
            "dy": 0.11111111111111116,
            "move_angle": 0.5485494024505283,
            "move_distance": 0.21308104151241403,
            "angle_difference": -2.206167533408237,
            "hold_type": 0.75
        },
        {
            "problemId": 416901,
            "description": "D15",
            "isStart": false,
            "isEnd": false,
            "normalized_coordinates": [
                0.2727272727272727,
                0.7777777777777778
            ],
            "neighbors": [
                [
                    0.09090909090909091,
                    0.6666666666666666
                ],
                [
                    0.36363636363636365,
                    0.5555555555555556
                ],
                [
                    0.09090909090909091,
                    0.9444444444444444
                ]
            ],
            "edge_distances": [
                0.7777777777777778,
                0.2222222222222222
            ],
            "dx": -0.1818181818181818,
            "dy": 0.16666666666666663,
            "move_angle": 2.399645385583876,
            "move_distance": 0.24664879691060157,
            "angle_difference": 1.8510959831333476,
            "hold_type": 1.0
        },
        {
            "problemId": 416901,
            "description": "B18",
            "isStart": false,
            "isEnd": true,
            "normalized_coordinates": [
                0.09090909090909091,
                0.9444444444444444
            ],
            "neighbors": [
                [
                    0.2727272727272727,
                    0.7777777777777778
                ],
                [
                    0.09090909090909091,
                    0.6666666666666666
                ],
                [
                    0.36363636363636365,
                    0.5555555555555556
                ]
            ],
            "edge_distances": [
                0.9444444444444444,
                0.05555555555555558
            ],
            "hold_type": 0.75
        }
    ],
    "data.apiId": 416901,
    "hold_presence": [
        0.0,
        0.0,
        0.0,
        0.0,
        0.0,
        0.0,
        0.0,
        0.0,
        0.0,
        0.0,
        0.0,
        0.0,
        0.0,
        0.0,
        0.0,
        0.0,
        0.0,
        0.0,
        0.0,
        1.0,
        0.0,
        0.0,
        0.0,
        0.0,
        0.0,
        1.0,
        0.0,
        0.0,
        0.0,
        0.0,
        0.0,
        0.0,
        0.0,
        0.0,
        0.0,
        0.0,
        0.0,
        0.0,
        0.0,
        0.0,
        0.0,
        0.0,
        0.0,
        0.0,
        0.0,
        0.0,
        0.0,
        0.0,
        0.0,
        1.0,
        0.0,
        0.0,
        0.0,
        0.0,
        0.0,
        0.0,
        0.0,
        0.0,
        0.0,
        0.0,
        0.0,
        0.0,
        0.0,
        0.0,
        0.0,
        0.0,
        0.0,
        1.0,
        0.0,
        0.0,
        0.0,
        0.0,
        0.0,
        0.0,
        0.0,
        0.0,
        0.0,
        0.0,
        0.0,
        0.0,
        0.0,
        0.0,
        0.0,
        0.0,
        0.0,
        0.0,
        0.0,
        0.0,
        0.0,
        0.0,
        0.0,
        0.0,
        0.0,
        0.0,
        0.0,
        0.0,
        0.0,
        0.0,
        0.0,
        0.0,
        0.0,
        0.0,
        0.0,
        0.0,
        0.0,
        0.0,
        0.0,
        0.0,
        0.0,
        0.0,
        0.0,
        0.0,
        0.0,
        0.0,
        1.0,
        0.0,
        0.0,
        0.0,
        0.0,
        0.0,
        0.0,
        0.0,
        0.0,
        0.0,
        0.0,
        0.0,
        0.0,
        0.0,
        0.0,
        0.0,
        0.0,
        0.0,
        0.0,
        1.0,
        0.0,
        0.0,
        0.0,
        0.0,
        0.0,
        0.0,
        0.0,
        0.0,
        0.0,
        0.0,
        0.0,
        0.0,
        0.0,
        0.0,
        0.0,
        0.0,
        0.0,
        0.0,
        0.0,
        0.0,
        0.0,
        0.0,
        0.0,
        1.0,
        0.0,
        0.0,
        0.0,
        0.0,
        0.0,
        0.0,
        0.0,
        0.0,
        0.0,
        0.0,
        0.0,
        0.0,
        0.0,
        0.0,
        0.0,
        0.0,
        0.0,
        0.0,
        0.0,
        0.0,
        0.0,
        0.0,
        0.0,
        0.0,
        0.0,
        0.0,
        0.0,
        0.0,
        0.0,
        0.0,
        1.0,
        0.0,
        0.0,
        0.0,
        0.0,
        0.0,
        0.0,
        0.0,
        0.0,
        0.0
    ],
    "hold_count_norm": 0.09972664227977365,
    "hold_density": 0.2532467532467532,
    "vertical_progress": 0.11904761904761905
}