{
    "data.grade": "7C",
    "data.userGrade": null,
    "data.method": "Feet follow hands",
    "data.userRating": 1.791759469228055,
    "data.repeats": 1.791759469228055,
    "data.moves": [
        {
            "problemId": 327643,
            "description": "F3",
            "isStart": true,
            "isEnd": false,
            "normalized_coordinates": [
                0.45454545454545453,
                0.1111111111111111
            ],
            "neighbors": [
                [
                    0.5454545454545454,
                    0.4444444444444444
                ],
                [
                    0.09090909090909091,
                    0.05555555555555555
                ],
                [
                    0.7272727272727273,
                    0.5555555555555556
                ]
            ],
            "edge_distances": [
                0.1111111111111111,
                0.8888888888888888
            ],
            "dx": -0.36363636363636365,
            "dy": -0.05555555555555555,
            "move_angle": -2.9899871661515203,
            "move_distance": 0.36785571181071,
            "hold_type": 0.75
        },
        {
            "problemId": 327643,
            "description": "B2",
            "isStart": true,
            "isEnd": false,
            "normalized_coordinates": [
                0.09090909090909091,
                0.05555555555555555
            ],
            "neighbors": [
                [
                    0.45454545454545453,
                    0.1111111111111111
                ],
                [
                    0.5454545454545454,
                    0.4444444444444444
                ],
                [
                    0.7272727272727273,
                    0.5555555555555556
                ]
            ],
            "edge_distances": [
                0.05555555555555555,
                0.9444444444444444
            ],
            "dx": 0.4545454545454545,
            "dy": 0.38888888888888884,
            "move_angle": 0.707710521467902,
            "move_distance": 0.5982024223865767,
            "angle_difference": 3.6976976876194225,
            "hold_type": 1.0
        },
        {
            "problemId": 327643,
            "description": "G9",
            "isStart": false,
            "isEnd": false,
            "normalized_coordinates": [
                0.5454545454545454,
                0.4444444444444444
            ],
            "neighbors": [
                [
                    0.7272727272727273,
                    0.5555555555555556
                ],
                [
                    0.45454545454545453,
                    0.1111111111111111
                ],
                [
                    0.8181818181818182,
                    0.7222222222222222
                ]
            ],
            "edge_distances": [
                0.4444444444444444,
                0.5555555555555556
            ],
            "dx": 0.18181818181818188,
            "dy": 0.11111111111111116,
            "move_angle": 0.5485494024505281,
            "move_distance": 0.21308104151241408,
            "angle_difference": -0.15916111901737395,
            "hold_type": 0.0
        },
        {
            "problemId": 327643,
            "description": "I11",
            "isStart": false,
            "isEnd": false,
            "normalized_coordinates": [
                0.7272727272727273,
                0.5555555555555556
            ],
            "neighbors": [
                [
                    0.8181818181818182,
                    0.7222222222222222
                ],
                [
                    0.5454545454545454,
                    0.4444444444444444
                ],
                [
                    0.9090909090909091,
                    0.9444444444444444
                ]
            ],
            "edge_distances": [
                0.5555555555555556,
                0.4444444444444444
            ],
            "dx": 0.09090909090909094,
            "dy": 0.16666666666666663,
            "move_angle": 1.0714496051147664,
            "move_distance": 0.18984794069911615,
            "angle_difference": 0.5229002026642383,
            "hold_type": 0.75
        },
        {
            "problemId": 327643,
            "description": "J14",
            "isStart": false,
            "isEnd": false,
            "normalized_coordinates": [
                0.8181818181818182,
                0.7222222222222222
            ],
            "neighbors": [
                [
                    0.7272727272727273,
                    0.5555555555555556
                ],
                [
                    0.9090909090909091,
                    0.9444444444444444
                ],
                [
                    0.5454545454545454,
                    0.4444444444444444
                ]
            ],
            "edge_distances": [
                0.7222222222222222,
                0.2777777777777778
            ],
            "dx": 0.09090909090909083,
            "dy": 0.2222222222222222,
            "move_angle": 1.182477608622431,
            "move_distance": 0.24009826917181235,
            "angle_difference": 0.11102800350766451,
            "hold_type": 1.0
        },
        {
            "problemId": 327643,
            "description": "K18",
            "isStart": false,
            "isEnd": true,
            "normalized_coordinates": [
                0.9090909090909091,
                0.9444444444444444
            ],
            "neighbors": [
                [
                    0.8181818181818182,
                    0.7222222222222222
                ],
                [
                    0.7272727272727273,
                    0.5555555555555556
                ],
                [
                    0.5454545454545454,
                    0.4444444444444444
                ]
            ],
            "edge_distances": [
                0.9444444444444444,
                0.05555555555555558
            ],
            "hold_type": 0.0
        }
    ],
    "data.apiId": 327643,
    "hold_presence": [
        0.0,
        0.0,
        0.0,
        0.0,
        0.0,
        0.0,
        0.0,
        0.0,
        0.0,
        0.0,
        0.0,
        0.0,
        1.0,
        0.0,
        0.0,
        0.0,
        0.0,
        0.0,
        0.0,
        0.0,
        0.0,
        0.0,
        0.0,
        0.0,
        0.0,
        0.0,
        0.0,
        1.0,
        0.0,
        0.0,
        0.0,
        0.0,
        0.0,
        0.0,
        0.0,
        0.0,
        0.0,
        0.0,
        0.0,
        0.0,
        0.0,
        0.0,
        0.0,
        0.0,
        0.0,
        0.0,
        0.0,
        0.0,
        0.0,
        0.0,
        0.0,
        0.0,
        0.0,
        0.0,
        0.0,
        0.0,
        0.0,
        0.0,
        0.0,
        0.0,
        0.0,
        0.0,
        0.0,
        0.0,
        0.0,
        0.0,
        0.0,
        0.0,
        0.0,
        0.0,
        0.0,
        0.0,
        0.0,
        0.0,
        0.0,
        0.0,
        0.0,
        0.0,
        0.0,
        0.0,
        0.0,
        0.0,
        0.0,
        0.0,
        0.0,
        0.0,
        0.0,
        0.0,
        0.0,
        0.0,
        0.0,
        0.0,
        0.0,
        0.0,
        1.0,
        0.0,
        0.0,
        0.0,
        0.0,
        0.0,
        0.0,
        0.0,
        0.0,
        0.0,
        0.0,
        0.0,
        0.0,
        0.0,
        0.0,
        0.0,
        0.0,
        0.0,
        0.0,
        0.0,
        0.0,
        0.0,
        0.0,
        0.0,
        1.0,
        0.0,
        0.0,
        0.0,
        0.0,
        0.0,
        0.0,
        0.0,
        0.0,
        0.0,
        0.0,
        0.0,
        0.0,
        0.0,
        0.0,
        0.0,
        0.0,
        0.0,
        0.0,
        0.0,
        0.0,
        0.0,
        0.0,
        0.0,
        0.0,
        0.0,
        0.0,
        0.0,
        0.0,
        0.0,
        0.0,
        0.0,
        0.0,
        0.0,
        1.0,
        0.0,
        0.0,
        0.0,
        0.0,
        0.0,
        0.0,
        0.0,
        0.0,
        0.0,
        0.0,
        0.0,
        0.0,
        0.0,
        0.0,
        0.0,
        0.0,
        0.0,
        0.0,
        0.0,
        0.0,
        0.0,
        0.0,
        0.0,
        0.0,
        0.0,
        0.0,
        0.0,
        0.0,
        0.0,
        0.0,
        0.0,
        0.0,
        0.0,
        0.0,
        0.0,
        0.0,
        0.0,
        0.0,
        0.0,
        0.0,
        0.0,
        0.0,
        0.0,
        0.0,
        1.0
    ],
    "hold_count_norm": -0.9624506127710697,
    "hold_density": 0.3575757575757575,
    "vertical_progress": 0.16666666666666666
}