{
    "data.grade": "7C",
    "data.userGrade": null,
    "data.method": "Feet follow hands",
    "data.userRating": 1.791759469228055,
    "data.repeats": 0.6931471805599453,
    "data.moves": [
        {
            "problemId": 327067,
            "description": "F3",
            "isStart": true,
            "isEnd": false,
            "normalized_coordinates": [
                0.45454545454545453,
                0.1111111111111111
            ],
            "neighbors": [
                [
                    0.2727272727272727,
                    0.1111111111111111
                ],
                [
                    0.36363636363636365,
                    0.3333333333333333
                ],
                [
                    0.2727272727272727,
                    0.5555555555555556
                ]
            ],
            "edge_distances": [
                0.1111111111111111,
                0.8888888888888888
            ],
            "dx": -0.18181818181818182,
            "dy": 0.0,
            "move_angle": 3.141592653589793,
            "move_distance": 0.18181818181818182,
            "hold_type": 0.75
        },
        {
            "problemId": 327067,
            "description": "D3",
            "isStart": true,
            "isEnd": false,
            "normalized_coordinates": [
                0.2727272727272727,
                0.1111111111111111
            ],
            "neighbors": [
                [
                    0.45454545454545453,
                    0.1111111111111111
                ],
                [
                    0.36363636363636365,
                    0.3333333333333333
                ],
                [
                    0.2727272727272727,
                    0.5555555555555556
                ]
            ],
            "edge_distances": [
                0.1111111111111111,
                0.8888888888888888
            ],
            "dx": 0.09090909090909094,
            "dy": 0.2222222222222222,
            "move_angle": 1.1824776086224305,
            "move_distance": 0.2400982691718124,
            "angle_difference": -1.9591150449673627,
            "hold_type": 0.75
        },
        {
            "problemId": 327067,
            "description": "E7",
            "isStart": false,
            "isEnd": false,
            "normalized_coordinates": [
                0.36363636363636365,
                0.3333333333333333
            ],
            "neighbors": [
                [
                    0.45454545454545453,
                    0.1111111111111111
                ],
                [
                    0.2727272727272727,
                    0.5555555555555556
                ],
                [
                    0.2727272727272727,
                    0.1111111111111111
                ]
            ],
            "edge_distances": [
                0.3333333333333333,
                0.6666666666666667
            ],
            "dx": -0.2727272727272727,
            "dy": 0.22222222222222227,
            "move_angle": 2.457883341955422,
            "move_distance": 0.35179949024783835,
            "angle_difference": 1.2754057333329916,
            "hold_type": 0.75
        },
        {
            "problemId": 327067,
            "description": "B11",
            "isStart": false,
            "isEnd": false,
            "normalized_coordinates": [
                0.09090909090909091,
                0.5555555555555556
            ],
            "neighbors": [
                [
                    0.2727272727272727,
                    0.5555555555555556
                ],
                [
                    0.18181818181818182,
                    0.7777777777777778
                ],
                [
                    0.36363636363636365,
                    0.3333333333333333
                ]
            ],
            "edge_distances": [
                0.5555555555555556,
                0.4444444444444444
            ],
            "dx": 0.1818181818181818,
            "dy": 0.0,
            "move_angle": 0.0,
            "move_distance": 0.1818181818181818,
            "angle_difference": -2.457883341955422,
            "hold_type": 1.0
        },
        {
            "problemId": 327067,
            "description": "D11",
            "isStart": false,
            "isEnd": false,
            "normalized_coordinates": [
                0.2727272727272727,
                0.5555555555555556
            ],
            "neighbors": [
                [
                    0.09090909090909091,
                    0.5555555555555556
                ],
                [
                    0.18181818181818182,
                    0.7777777777777778
                ],
                [
                    0.36363636363636365,
                    0.3333333333333333
                ]
            ],
            "edge_distances": [
                0.5555555555555556,
                0.4444444444444444
            ],
            "dx": -0.09090909090909088,
            "dy": 0.2222222222222222,
            "move_angle": 1.9591150449673624,
            "move_distance": 0.24009826917181237,
            "angle_difference": 1.9591150449673624,
            "hold_type": 0.5
        },
        {
            "problemId": 327067,
            "description": "C15",
            "isStart": false,
            "isEnd": false,
            "normalized_coordinates": [
                0.18181818181818182,
                0.7777777777777778
            ],
            "neighbors": [
                [
                    0.18181818181818182,
                    0.9444444444444444
                ],
                [
                    0.09090909090909091,
                    0.5555555555555556
                ],
                [
                    0.2727272727272727,
                    0.5555555555555556
                ]
            ],
            "edge_distances": [
                0.7777777777777778,
                0.2222222222222222
            ],
            "dx": 0.0,
            "dy": 0.16666666666666663,
            "move_angle": 1.5707963267948966,
            "move_distance": 0.16666666666666663,
            "angle_difference": -0.3883187181724659,
            "hold_type": 1.0
        },
        {
            "problemId": 327067,
            "description": "C18",
            "isStart": false,
            "isEnd": true,
            "normalized_coordinates": [
                0.18181818181818182,
                0.9444444444444444
            ],
            "neighbors": [
                [
                    0.18181818181818182,
                    0.7777777777777778
                ],
                [
                    0.09090909090909091,
                    0.5555555555555556
                ],
                [
                    0.2727272727272727,
                    0.5555555555555556
                ]
            ],
            "edge_distances": [
                0.9444444444444444,
                0.05555555555555558
            ],
            "hold_type": 0.5
        }
    ],
    "data.apiId": 327067,
    "hold_presence": [
        0.0,
        0.0,
        0.0,
        0.0,
        0.0,
        0.0,
        0.0,
        0.0,
        0.0,
        0.0,
        0.0,
        0.0,
        0.0,
        0.0,
        0.0,
        0.0,
        0.0,
        0.0,
        0.0,
        0.0,
        0.0,
        0.0,
        0.0,
        0.0,
        0.0,
        1.0,
        0.0,
        1.0,
        0.0,
        0.0,
        0.0,
        0.0,
        0.0,
        0.0,
        0.0,
        0.0,
        0.0,
        0.0,
        0.0,
        0.0,
        0.0,
        0.0,
        0.0,
        0.0,
        0.0,
        0.0,
        0.0,
        0.0,
        0.0,
        0.0,
        0.0,
        0.0,
        0.0,
        0.0,
        0.0,
        0.0,
        0.0,
        0.0,
        0.0,
        0.0,
        0.0,
        0.0,
        0.0,
        0.0,
        0.0,
        0.0,
        0.0,
        0.0,
        0.0,
        0.0,
        1.0,
        0.0,
        0.0,
        0.0,
        0.0,
        0.0,
        0.0,
        0.0,
        0.0,
        0.0,
        0.0,
        0.0,
        0.0,
        0.0,
        0.0,
        0.0,
        0.0,
        0.0,
        0.0,
        0.0,
        0.0,
        0.0,
        0.0,
        0.0,
        0.0,
        0.0,
        0.0,
        0.0,
        0.0,
        0.0,
        0.0,
        0.0,
        0.0,
        0.0,
        0.0,
        0.0,
        0.0,
        0.0,
        0.0,
        0.0,
        0.0,
        1.0,
        0.0,
        1.0,
        0.0,
        0.0,
        0.0,
        0.0,
        0.0,
        0.0,
        0.0,
        0.0,
        0.0,
        0.0,
        0.0,
        0.0,
        0.0,
        0.0,
        0.0,
        0.0,
        0.0,
        0.0,
        0.0,
        0.0,
        0.0,
        0.0,
        0.0,
        0.0,
        0.0,
        0.0,
        0.0,
        0.0,
        0.0,
        0.0,
        0.0,
        0.0,
        0.0,
        0.0,
        0.0,
        0.0,
        0.0,
        0.0,
        0.0,
        0.0,
        0.0,
        0.0,
        1.0,
        0.0,
        0.0,
        0.0,
        0.0,
        0.0,
        0.0,
        0.0,
        0.0,
        0.0,
        0.0,
        0.0,
        0.0,
        0.0,
        0.0,
        0.0,
        0.0,
        0.0,
        0.0,
        0.0,
        0.0,
        0.0,
        0.0,
        0.0,
        0.0,
        0.0,
        0.0,
        0.0,
        0.0,
        0.0,
        0.0,
        0.0,
        0.0,
        1.0,
        0.0,
        0.0,
        0.0,
        0.0,
        0.0,
        0.0,
        0.0,
        0.0
    ],
    "hold_count_norm": -0.431361985245648,
    "hold_density": 0.14718614718614714,
    "vertical_progress": 0.1388888888888889
}