{
    "data.grade": "7C",
    "data.userGrade": null,
    "data.method": "Feet follow hands",
    "data.userRating": 1.791759469228055,
    "data.repeats": 0.0,
    "data.moves": [
        {
            "problemId": 323431,
            "description": "F1",
            "isStart": true,
            "isEnd": false,
            "normalized_coordinates": [
                0.45454545454545453,
                0.0
            ],
            "neighbors": [
                [
                    0.5454545454545454,
                    0.1111111111111111
                ],
                [
                    0.36363636363636365,
                    0.3888888888888889
                ],
                [
                    0.18181818181818182,
                    0.7222222222222222
                ]
            ],
            "edge_distances": [
                0.0,
                1.0
            ],
            "dx": 0.09090909090909088,
            "dy": 0.1111111111111111,
            "move_angle": 0.8850668158886105,
            "move_distance": 0.143562327308605,
            "hold_type": 0.75
        },
        {
            "problemId": 323431,
            "description": "G3",
            "isStart": true,
            "isEnd": false,
            "normalized_coordinates": [
                0.5454545454545454,
                0.1111111111111111
            ],
            "neighbors": [
                [
                    0.45454545454545453,
                    0.0
                ],
                [
                    0.36363636363636365,
                    0.3888888888888889
                ],
                [
                    0.8181818181818182,
                    0.7222222222222222
                ]
            ],
            "edge_distances": [
                0.1111111111111111,
                0.8888888888888888
            ],
            "dx": -0.18181818181818177,
            "dy": 0.2777777777777778,
            "move_angle": 2.1503603120882198,
            "move_distance": 0.3319914834251474,
            "angle_difference": 1.2652934961996092,
            "hold_type": 0.0
        },
        {
            "problemId": 323431,
            "description": "E8",
            "isStart": false,
            "isEnd": false,
            "normalized_coordinates": [
                0.36363636363636365,
                0.3888888888888889
            ],
            "neighbors": [
                [
                    0.5454545454545454,
                    0.1111111111111111
                ],
                [
                    0.18181818181818182,
                    0.7222222222222222
                ],
                [
                    0.45454545454545453,
                    0.0
                ]
            ],
            "edge_distances": [
                0.3888888888888889,
                0.6111111111111112
            ],
            "dx": -0.18181818181818182,
            "dy": 0.3333333333333333,
            "move_angle": 2.070143048475027,
            "move_distance": 0.37969588139823235,
            "angle_difference": -0.08021726361319281,
            "hold_type": 0.0
        },
        {
            "problemId": 323431,
            "description": "C14",
            "isStart": false,
            "isEnd": false,
            "normalized_coordinates": [
                0.18181818181818182,
                0.7222222222222222
            ],
            "neighbors": [
                [
                    0.2727272727272727,
                    0.8333333333333334
                ],
                [
                    0.36363636363636365,
                    0.3888888888888889
                ],
                [
                    0.8181818181818182,
                    0.7222222222222222
                ]
            ],
            "edge_distances": [
                0.7222222222222222,
                0.2777777777777778
            ],
            "dx": 0.6363636363636365,
            "dy": 0.0,
            "move_angle": 0.0,
            "move_distance": 0.6363636363636365,
            "angle_difference": -2.070143048475027,
            "hold_type": 1.0
        },
        {
            "problemId": 323431,
            "description": "J14",
            "isStart": false,
            "isEnd": false,
            "normalized_coordinates": [
                0.8181818181818182,
                0.7222222222222222
            ],
            "neighbors": [
                [
                    0.9090909090909091,
                    0.8888888888888888
                ],
                [
                    0.9090909090909091,
                    0.9444444444444444
                ],
                [
                    0.2727272727272727,
                    0.8333333333333334
                ]
            ],
            "edge_distances": [
                0.7222222222222222,
                0.2777777777777778
            ],
            "dx": -0.5454545454545455,
            "dy": 0.11111111111111116,
            "move_angle": 2.940638389901696,
            "move_distance": 0.5566563932709033,
            "angle_difference": 2.940638389901696,
            "hold_type": 1.0
        },
        {
            "problemId": 323431,
            "description": "D16",
            "isStart": false,
            "isEnd": false,
            "normalized_coordinates": [
                0.2727272727272727,
                0.8333333333333334
            ],
            "neighbors": [
                [
                    0.18181818181818182,
                    0.7222222222222222
                ],
                [
                    0.36363636363636365,
                    0.3888888888888889
                ],
                [
                    0.8181818181818182,
                    0.7222222222222222
                ]
            ],
            "edge_distances": [
                0.8333333333333334,
                0.16666666666666663
            ],
            "dx": 0.6363636363636364,
            "dy": 0.05555555555555547,
            "move_angle": 0.08708080441602119,
            "move_distance": 0.638784077321153,
            "angle_difference": -2.853557585485675,
            "hold_type": 0.0
        },
        {
            "problemId": 323431,
            "description": "K17",
            "isStart": false,
            "isEnd": false,
            "normalized_coordinates": [
                0.9090909090909091,
                0.8888888888888888
            ],
            "neighbors": [
                [
                    0.9090909090909091,
                    0.9444444444444444
                ],
                [
                    0.8181818181818182,
                    0.7222222222222222
                ],
                [
                    0.2727272727272727,
                    0.8333333333333334
                ]
            ],
            "edge_distances": [
                0.8888888888888888,
                0.11111111111111116
            ],
            "dx": 0.0,
            "dy": 0.05555555555555558,
            "move_angle": 1.5707963267948966,
            "move_distance": 0.05555555555555558,
            "angle_difference": 1.4837155223788754,
            "hold_type": 1.0
        },
        {
            "problemId": 323431,
            "description": "K18",
            "isStart": false,
            "isEnd": true,
            "normalized_coordinates": [
                0.9090909090909091,
                0.9444444444444444
            ],
            "neighbors": [
                [
                    0.9090909090909091,
                    0.8888888888888888
                ],
                [
                    0.8181818181818182,
                    0.7222222222222222
                ],
                [
                    0.2727272727272727,
                    0.8333333333333334
                ]
            ],
            "edge_distances": [
                0.9444444444444444,
                0.05555555555555558
            ],
            "hold_type": 0.0
        }
    ],
    "data.apiId": 323431,
    "hold_presence": [
        0.0,
        0.0,
        0.0,
        0.0,
        0.0,
        1.0,
        0.0,
        0.0,
        0.0,
        0.0,
        0.0,
        0.0,
        0.0,
        0.0,
        0.0,
        0.0,
        0.0,
        0.0,
        0.0,
        0.0,
        0.0,
        0.0,
        0.0,
        0.0,
        0.0,
        0.0,
        0.0,
        0.0,
        1.0,
        0.0,
        0.0,
        0.0,
        0.0,
        0.0,
        0.0,
        0.0,
        0.0,
        0.0,
        0.0,
        0.0,
        0.0,
        0.0,
        0.0,
        0.0,
        0.0,
        0.0,
        0.0,
        0.0,
        0.0,
        0.0,
        0.0,
        0.0,
        0.0,
        0.0,
        0.0,
        0.0,
        0.0,
        0.0,
        0.0,
        0.0,
        0.0,
        0.0,
        0.0,
        0.0,
        0.0,
        0.0,
        0.0,
        0.0,
        0.0,
        0.0,
        0.0,
        0.0,
        0.0,
        0.0,
        0.0,
        0.0,
        0.0,
        0.0,
        0.0,
        0.0,
        0.0,
        1.0,
        0.0,
        0.0,
        0.0,
        0.0,
        0.0,
        0.0,
        0.0,
        0.0,
        0.0,
        0.0,
        0.0,
        0.0,
        0.0,
        0.0,
        0.0,
        0.0,
        0.0,
        0.0,
        0.0,
        0.0,
        0.0,
        0.0,
        0.0,
        0.0,
        0.0,
        0.0,
        0.0,
        0.0,
        0.0,
        0.0,
        0.0,
        0.0,
        0.0,
        0.0,
        0.0,
        0.0,
        0.0,
        0.0,
        0.0,
        0.0,
        0.0,
        0.0,
        0.0,
        0.0,
        0.0,
        0.0,
        0.0,
        0.0,
        0.0,
        0.0,
        0.0,
        0.0,
        0.0,
        0.0,
        0.0,
        0.0,
        0.0,
        0.0,
        0.0,
        0.0,
        0.0,
        0.0,
        0.0,
        1.0,
        0.0,
        0.0,
        0.0,
        0.0,
        0.0,
        0.0,
        1.0,
        0.0,
        0.0,
        0.0,
        0.0,
        0.0,
        0.0,
        0.0,
        0.0,
        0.0,
        0.0,
        0.0,
        0.0,
        0.0,
        0.0,
        0.0,
        1.0,
        0.0,
        0.0,
        0.0,
        0.0,
        0.0,
        0.0,
        0.0,
        0.0,
        0.0,
        0.0,
        0.0,
        0.0,
        0.0,
        0.0,
        0.0,
        0.0,
        0.0,
        1.0,
        0.0,
        0.0,
        0.0,
        0.0,
        0.0,
        0.0,
        0.0,
        0.0,
        0.0,
        0.0,
        1.0
    ],
    "hold_count_norm": 0.09972664227977365,
    "hold_density": 0.3474025974025974,
    "vertical_progress": 0.1349206349206349
}