{
    "data.grade": "7C",
    "data.userGrade": null,
    "data.method": "Feet follow hands",
    "data.userRating": 0.0,
    "data.repeats": 0.0,
    "data.moves": [
        {
            "problemId": 418498,
            "description": "J5",
            "isStart": true,
            "isEnd": false,
            "normalized_coordinates": [
                0.8181818181818182,
                0.2222222222222222
            ],
            "neighbors": [
                [
                    0.5454545454545454,
                    0.2222222222222222
                ],
                [
                    0.7272727272727273,
                    0.5555555555555556
                ],
                [
                    0.8181818181818182,
                    0.6111111111111112
                ]
            ],
            "edge_distances": [
                0.2222222222222222,
                0.7777777777777778
            ],
            "dx": -0.2727272727272728,
            "dy": 0.0,
            "move_angle": 3.141592653589793,
            "move_distance": 0.2727272727272728,
            "hold_type": 0.5
        },
        {
            "problemId": 418498,
            "description": "G5",
            "isStart": true,
            "isEnd": false,
            "normalized_coordinates": [
                0.5454545454545454,
                0.2222222222222222
            ],
            "neighbors": [
                [
                    0.8181818181818182,
                    0.2222222222222222
                ],
                [
                    0.2727272727272727,
                    0.3333333333333333
                ],
                [
                    0.7272727272727273,
                    0.5555555555555556
                ]
            ],
            "edge_distances": [
                0.2222222222222222,
                0.7777777777777778
            ],
            "dx": -0.2727272727272727,
            "dy": 0.1111111111111111,
            "move_angle": 2.7547169358587653,
            "move_distance": 0.2944925199416818,
            "angle_difference": -0.3868757177310278,
            "hold_type": 0.0
        },
        {
            "problemId": 418498,
            "description": "D7",
            "isStart": false,
            "isEnd": false,
            "normalized_coordinates": [
                0.2727272727272727,
                0.3333333333333333
            ],
            "neighbors": [
                [
                    0.5454545454545454,
                    0.2222222222222222
                ],
                [
                    0.6363636363636364,
                    0.6666666666666666
                ],
                [
                    0.7272727272727273,
                    0.5555555555555556
                ]
            ],
            "edge_distances": [
                0.3333333333333333,
                0.6666666666666667
            ],
            "dx": 0.4545454545454546,
            "dy": 0.22222222222222227,
            "move_angle": 0.45471927482096947,
            "move_distance": 0.5059587792471998,
            "angle_difference": -2.299997661037796,
            "hold_type": 0.25
        },
        {
            "problemId": 418498,
            "description": "I11",
            "isStart": false,
            "isEnd": false,
            "normalized_coordinates": [
                0.7272727272727273,
                0.5555555555555556
            ],
            "neighbors": [
                [
                    0.8181818181818182,
                    0.6111111111111112
                ],
                [
                    0.6363636363636364,
                    0.6666666666666666
                ],
                [
                    0.6363636363636364,
                    0.8333333333333334
                ]
            ],
            "edge_distances": [
                0.5555555555555556,
                0.4444444444444444
            ],
            "dx": 0.09090909090909094,
            "dy": 0.05555555555555558,
            "move_angle": 0.5485494024505281,
            "move_distance": 0.10654052075620704,
            "angle_difference": 0.09383012762955861,
            "hold_type": 0.75
        },
        {
            "problemId": 418498,
            "description": "J12",
            "isStart": false,
            "isEnd": false,
            "normalized_coordinates": [
                0.8181818181818182,
                0.6111111111111112
            ],
            "neighbors": [
                [
                    0.7272727272727273,
                    0.5555555555555556
                ],
                [
                    0.6363636363636364,
                    0.6666666666666666
                ],
                [
                    0.6363636363636364,
                    0.8333333333333334
                ]
            ],
            "edge_distances": [
                0.6111111111111112,
                0.38888888888888884
            ],
            "dx": -0.18181818181818188,
            "dy": 0.05555555555555547,
            "move_angle": 2.8450468445200934,
            "move_distance": 0.19011646691635067,
            "angle_difference": 2.2964974420695654,
            "hold_type": 0.5
        },
        {
            "problemId": 418498,
            "description": "H13",
            "isStart": false,
            "isEnd": false,
            "normalized_coordinates": [
                0.6363636363636364,
                0.6666666666666666
            ],
            "neighbors": [
                [
                    0.7272727272727273,
                    0.5555555555555556
                ],
                [
                    0.6363636363636364,
                    0.8333333333333334
                ],
                [
                    0.8181818181818182,
                    0.6111111111111112
                ]
            ],
            "edge_distances": [
                0.6666666666666666,
                0.33333333333333337
            ],
            "dx": 0.0,
            "dy": 0.16666666666666674,
            "move_angle": 1.5707963267948966,
            "move_distance": 0.16666666666666674,
            "angle_difference": -1.2742505177251968,
            "hold_type": 0.0
        },
        {
            "problemId": 418498,
            "description": "H16",
            "isStart": false,
            "isEnd": false,
            "normalized_coordinates": [
                0.6363636363636364,
                0.8333333333333334
            ],
            "neighbors": [
                [
                    0.6363636363636364,
                    0.6666666666666666
                ],
                [
                    0.8181818181818182,
                    0.6111111111111112
                ],
                [
                    0.7272727272727273,
                    0.5555555555555556
                ]
            ],
            "edge_distances": [
                0.8333333333333334,
                0.16666666666666663
            ],
            "dx": -0.45454545454545453,
            "dy": 0.11111111111111105,
            "move_angle": 2.9018495447193366,
            "move_distance": 0.4679286796727462,
            "angle_difference": 1.33105321792444,
            "hold_type": 0.0
        },
        {
            "problemId": 418498,
            "description": "C18",
            "isStart": false,
            "isEnd": true,
            "normalized_coordinates": [
                0.18181818181818182,
                0.9444444444444444
            ],
            "neighbors": [
                [
                    0.6363636363636364,
                    0.8333333333333334
                ],
                [
                    0.6363636363636364,
                    0.6666666666666666
                ],
                [
                    0.2727272727272727,
                    0.3333333333333333
                ]
            ],
            "edge_distances": [
                0.9444444444444444,
                0.05555555555555558
            ],
            "hold_type": 0.5
        }
    ],
    "data.apiId": 418498,
    "hold_presence": [
        0.0,
        0.0,
        0.0,
        0.0,
        0.0,
        0.0,
        0.0,
        0.0,
        0.0,
        0.0,
        0.0,
        0.0,
        0.0,
        0.0,
        0.0,
        0.0,
        0.0,
        0.0,
        0.0,
        0.0,
        0.0,
        0.0,
        0.0,
        0.0,
        0.0,
        0.0,
        0.0,
        0.0,
        0.0,
        0.0,
        0.0,
        0.0,
        0.0,
        0.0,
        0.0,
        0.0,
        0.0,
        0.0,
        0.0,
        0.0,
        0.0,
        0.0,
        0.0,
        0.0,
        0.0,
        0.0,
        0.0,
        0.0,
        0.0,
        0.0,
        1.0,
        0.0,
        0.0,
        1.0,
        0.0,
        0.0,
        0.0,
        0.0,
        0.0,
        0.0,
        0.0,
        0.0,
        0.0,
        0.0,
        0.0,
        0.0,
        0.0,
        0.0,
        0.0,
        1.0,
        0.0,
        0.0,
        0.0,
        0.0,
        0.0,
        0.0,
        0.0,
        0.0,
        0.0,
        0.0,
        0.0,
        0.0,
        0.0,
        0.0,
        0.0,
        0.0,
        0.0,
        0.0,
        0.0,
        0.0,
        0.0,
        0.0,
        0.0,
        0.0,
        0.0,
        0.0,
        0.0,
        0.0,
        0.0,
        0.0,
        0.0,
        0.0,
        0.0,
        0.0,
        0.0,
        0.0,
        0.0,
        0.0,
        0.0,
        0.0,
        0.0,
        0.0,
        0.0,
        0.0,
        0.0,
        0.0,
        0.0,
        0.0,
        1.0,
        0.0,
        0.0,
        0.0,
        0.0,
        0.0,
        0.0,
        0.0,
        0.0,
        0.0,
        0.0,
        0.0,
        1.0,
        0.0,
        0.0,
        0.0,
        0.0,
        0.0,
        0.0,
        0.0,
        0.0,
        1.0,
        0.0,
        0.0,
        0.0,
        0.0,
        0.0,
        0.0,
        0.0,
        0.0,
        0.0,
        0.0,
        0.0,
        0.0,
        0.0,
        0.0,
        0.0,
        0.0,
        0.0,
        0.0,
        0.0,
        0.0,
        0.0,
        0.0,
        0.0,
        0.0,
        0.0,
        0.0,
        0.0,
        0.0,
        0.0,
        0.0,
        0.0,
        0.0,
        1.0,
        0.0,
        0.0,
        0.0,
        0.0,
        0.0,
        0.0,
        0.0,
        0.0,
        0.0,
        0.0,
        0.0,
        0.0,
        0.0,
        0.0,
        0.0,
        0.0,
        1.0,
        0.0,
        0.0,
        0.0,
        0.0,
        0.0,
        0.0,
        0.0,
        0.0
    ],
    "hold_count_norm": 0.09972664227977365,
    "hold_density": 0.2759740259740259,
    "vertical_progress": 0.10317460317460317
}