{
    "data.grade": "7C",
    "data.userGrade": "7C",
    "data.method": "Feet follow hands",
    "data.userRating": 1.6094379124341003,
    "data.repeats": 2.0794415416798357,
    "data.moves": [
        {
            "problemId": 352896,
            "description": "H2",
            "isStart": true,
            "isEnd": false,
            "normalized_coordinates": [
                0.6363636363636364,
                0.05555555555555555
            ],
            "neighbors": [
                [
                    0.6363636363636364,
                    0.16666666666666666
                ],
                [
                    0.7272727272727273,
                    0.2222222222222222
                ],
                [
                    0.5454545454545454,
                    0.4444444444444444
                ]
            ],
            "edge_distances": [
                0.05555555555555555,
                0.9444444444444444
            ],
            "dx": 0.0,
            "dy": 0.1111111111111111,
            "move_angle": 1.5707963267948966,
            "move_distance": 0.1111111111111111,
            "hold_type": 0.75
        },
        {
            "problemId": 352896,
            "description": "H4",
            "isStart": true,
            "isEnd": false,
            "normalized_coordinates": [
                0.6363636363636364,
                0.16666666666666666
            ],
            "neighbors": [
                [
                    0.7272727272727273,
                    0.2222222222222222
                ],
                [
                    0.6363636363636364,
                    0.05555555555555555
                ],
                [
                    0.5454545454545454,
                    0.4444444444444444
                ]
            ],
            "edge_distances": [
                0.16666666666666666,
                0.8333333333333334
            ],
            "dx": 0.09090909090909094,
            "dy": 0.05555555555555555,
            "move_angle": 0.5485494024505279,
            "move_distance": 0.10654052075620703,
            "angle_difference": -1.0222469243443686,
            "hold_type": 0.5
        },
        {
            "problemId": 352896,
            "description": "I5",
            "isStart": false,
            "isEnd": false,
            "normalized_coordinates": [
                0.7272727272727273,
                0.2222222222222222
            ],
            "neighbors": [
                [
                    0.6363636363636364,
                    0.16666666666666666
                ],
                [
                    0.6363636363636364,
                    0.05555555555555555
                ],
                [
                    0.5454545454545454,
                    0.4444444444444444
                ]
            ],
            "edge_distances": [
                0.2222222222222222,
                0.7777777777777778
            ],
            "dx": -0.27272727272727276,
            "dy": 0.2777777777777778,
            "move_angle": 2.347020435647235,
            "move_distance": 0.38928223580895227,
            "angle_difference": 1.7984710331967069,
            "hold_type": 0.5
        },
        {
            "problemId": 352896,
            "description": "F10",
            "isStart": false,
            "isEnd": false,
            "normalized_coordinates": [
                0.45454545454545453,
                0.5
            ],
            "neighbors": [
                [
                    0.5454545454545454,
                    0.4444444444444444
                ],
                [
                    0.5454545454545454,
                    0.6111111111111112
                ],
                [
                    0.6363636363636364,
                    0.16666666666666666
                ]
            ],
            "edge_distances": [
                0.5,
                0.5
            ],
            "dx": 0.09090909090909088,
            "dy": -0.05555555555555558,
            "move_angle": -0.5485494024505284,
            "move_distance": 0.106540520756207,
            "angle_difference": -2.8955698380977632,
            "hold_type": 0.5
        },
        {
            "problemId": 352896,
            "description": "G9",
            "isStart": false,
            "isEnd": false,
            "normalized_coordinates": [
                0.5454545454545454,
                0.4444444444444444
            ],
            "neighbors": [
                [
                    0.45454545454545453,
                    0.5
                ],
                [
                    0.5454545454545454,
                    0.6111111111111112
                ],
                [
                    0.7272727272727273,
                    0.2222222222222222
                ]
            ],
            "edge_distances": [
                0.4444444444444444,
                0.5555555555555556
            ],
            "dx": 0.0,
            "dy": 0.16666666666666674,
            "move_angle": 1.5707963267948966,
            "move_distance": 0.16666666666666674,
            "angle_difference": 2.119345729245425,
            "hold_type": 0.0
        },
        {
            "problemId": 352896,
            "description": "G12",
            "isStart": false,
            "isEnd": false,
            "normalized_coordinates": [
                0.5454545454545454,
                0.6111111111111112
            ],
            "neighbors": [
                [
                    0.45454545454545453,
                    0.5
                ],
                [
                    0.5454545454545454,
                    0.4444444444444444
                ],
                [
                    0.8181818181818182,
                    0.7777777777777778
                ]
            ],
            "edge_distances": [
                0.6111111111111112,
                0.38888888888888884
            ],
            "dx": -0.09090909090909088,
            "dy": 0.33333333333333326,
            "move_angle": 1.837048375945822,
            "move_distance": 0.3455077045754963,
            "angle_difference": 0.2662520491509255,
            "hold_type": 0.0
        },
        {
            "problemId": 352896,
            "description": "F18",
            "isStart": false,
            "isEnd": true,
            "normalized_coordinates": [
                0.45454545454545453,
                0.9444444444444444
            ],
            "neighbors": [
                [
                    0.5454545454545454,
                    0.6111111111111112
                ],
                [
                    0.8181818181818182,
                    0.7777777777777778
                ],
                [
                    0.45454545454545453,
                    0.5
                ]
            ],
            "edge_distances": [
                0.9444444444444444,
                0.05555555555555558
            ],
            "dx": 0.3636363636363637,
            "dy": -0.16666666666666663,
            "move_angle": -0.42976227909668835,
            "move_distance": 0.40001147825588146,
            "angle_difference": -2.2668106550425104,
            "hold_type": 0.75
        },
        {
            "problemId": 352896,
            "description": "J15",
            "isStart": false,
            "isEnd": false,
            "normalized_coordinates": [
                0.8181818181818182,
                0.7777777777777778
            ],
            "neighbors": [
                [
                    0.5454545454545454,
                    0.6111111111111112
                ],
                [
                    0.45454545454545453,
                    0.9444444444444444
                ],
                [
                    0.5454545454545454,
                    0.4444444444444444
                ]
            ],
            "edge_distances": [
                0.7777777777777778,
                0.2222222222222222
            ],
            "hold_type": 0.5
        }
    ],
    "data.apiId": 352896,
    "hold_presence": [
        0.0,
        0.0,
        0.0,
        0.0,
        0.0,
        0.0,
        0.0,
        0.0,
        0.0,
        0.0,
        0.0,
        0.0,
        0.0,
        0.0,
        0.0,
        0.0,
        0.0,
        0.0,
        1.0,
        0.0,
        0.0,
        0.0,
        0.0,
        0.0,
        0.0,
        0.0,
        0.0,
        0.0,
        0.0,
        0.0,
        0.0,
        0.0,
        0.0,
        0.0,
        0.0,
        0.0,
        0.0,
        0.0,
        0.0,
        0.0,
        1.0,
        0.0,
        0.0,
        0.0,
        0.0,
        0.0,
        0.0,
        0.0,
        0.0,
        0.0,
        0.0,
        0.0,
        1.0,
        0.0,
        0.0,
        0.0,
        0.0,
        0.0,
        0.0,
        0.0,
        0.0,
        0.0,
        0.0,
        0.0,
        0.0,
        0.0,
        0.0,
        0.0,
        0.0,
        0.0,
        0.0,
        0.0,
        0.0,
        0.0,
        0.0,
        0.0,
        0.0,
        0.0,
        0.0,
        0.0,
        0.0,
        0.0,
        0.0,
        0.0,
        0.0,
        0.0,
        0.0,
        0.0,
        0.0,
        0.0,
        0.0,
        0.0,
        0.0,
        0.0,
        1.0,
        0.0,
        0.0,
        0.0,
        0.0,
        0.0,
        0.0,
        0.0,
        0.0,
        0.0,
        1.0,
        0.0,
        0.0,
        0.0,
        0.0,
        0.0,
        0.0,
        0.0,
        0.0,
        0.0,
        0.0,
        0.0,
        0.0,
        0.0,
        0.0,
        0.0,
        0.0,
        0.0,
        0.0,
        0.0,
        0.0,
        0.0,
        0.0,
        1.0,
        0.0,
        0.0,
        0.0,
        0.0,
        0.0,
        0.0,
        0.0,
        0.0,
        0.0,
        0.0,
        0.0,
        0.0,
        0.0,
        0.0,
        0.0,
        0.0,
        0.0,
        0.0,
        0.0,
        0.0,
        0.0,
        0.0,
        0.0,
        0.0,
        0.0,
        0.0,
        0.0,
        0.0,
        0.0,
        0.0,
        0.0,
        0.0,
        0.0,
        0.0,
        0.0,
        1.0,
        0.0,
        0.0,
        0.0,
        0.0,
        0.0,
        0.0,
        0.0,
        0.0,
        0.0,
        0.0,
        0.0,
        0.0,
        0.0,
        0.0,
        0.0,
        0.0,
        0.0,
        0.0,
        0.0,
        0.0,
        0.0,
        0.0,
        0.0,
        0.0,
        0.0,
        0.0,
        0.0,
        0.0,
        1.0,
        0.0,
        0.0,
        0.0,
        0.0,
        0.0
    ],
    "hold_count_norm": 0.09972664227977365,
    "hold_density": 0.15259740259740262,
    "vertical_progress": 0.10317460317460317
}