{
    "data.grade": "7C",
    "data.userGrade": "7C",
    "data.method": "Feet follow hands",
    "data.userRating": 1.6094379124341003,
    "data.repeats": 2.833213344056216,
    "data.moves": [
        {
            "problemId": 393516,
            "description": "H5",
            "isStart": true,
            "isEnd": false,
            "normalized_coordinates": [
                0.6363636363636364,
                0.2222222222222222
            ],
            "neighbors": [
                [
                    0.45454545454545453,
                    0.5
                ],
                [
                    0.6363636363636364,
                    0.7222222222222222
                ],
                [
                    0.5454545454545454,
                    0.9444444444444444
                ]
            ],
            "edge_distances": [
                0.2222222222222222,
                0.7777777777777778
            ],
            "dx": -0.18181818181818182,
            "dy": 0.2777777777777778,
            "move_angle": 2.1503603120882198,
            "move_distance": 0.3319914834251474,
            "hold_type": 0.75
        },
        {
            "problemId": 393516,
            "description": "F10",
            "isStart": false,
            "isEnd": false,
            "normalized_coordinates": [
                0.45454545454545453,
                0.5
            ],
            "neighbors": [
                [
                    0.6363636363636364,
                    0.7222222222222222
                ],
                [
                    0.6363636363636364,
                    0.2222222222222222
                ],
                [
                    0.5454545454545454,
                    0.9444444444444444
                ]
            ],
            "edge_distances": [
                0.5,
                0.5
            ],
            "dx": 0.18181818181818182,
            "dy": 0.2222222222222222,
            "move_angle": 0.8850668158886102,
            "move_distance": 0.28712465461721,
            "angle_difference": -1.2652934961996096,
            "hold_type": 0.5
        },
        {
            "problemId": 393516,
            "description": "H14",
            "isStart": false,
            "isEnd": false,
            "normalized_coordinates": [
                0.6363636363636364,
                0.7222222222222222
            ],
            "neighbors": [
                [
                    0.5454545454545454,
                    0.9444444444444444
                ],
                [
                    0.45454545454545453,
                    0.5
                ],
                [
                    0.6363636363636364,
                    0.2222222222222222
                ]
            ],
            "edge_distances": [
                0.7222222222222222,
                0.2777777777777778
            ],
            "dx": -0.09090909090909094,
            "dy": 0.2222222222222222,
            "move_angle": 1.9591150449673627,
            "move_distance": 0.2400982691718124,
            "angle_difference": 1.0740482290787523,
            "hold_type": 0.5
        },
        {
            "problemId": 393516,
            "description": "G18",
            "isStart": false,
            "isEnd": true,
            "normalized_coordinates": [
                0.5454545454545454,
                0.9444444444444444
            ],
            "neighbors": [
                [
                    0.6363636363636364,
                    0.7222222222222222
                ],
                [
                    0.45454545454545453,
                    0.5
                ],
                [
                    0.6363636363636364,
                    0.2222222222222222
                ]
            ],
            "edge_distances": [
                0.9444444444444444,
                0.05555555555555558
            ],
            "hold_type": 0.0
        }
    ],
    "data.apiId": 393516,
    "hold_presence": [
        0.0,
        0.0,
        0.0,
        0.0,
        0.0,
        0.0,
        0.0,
        0.0,
        0.0,
        0.0,
        0.0,
        0.0,
        0.0,
        0.0,
        0.0,
        0.0,
        0.0,
        0.0,
        0.0,
        0.0,
        0.0,
        0.0,
        0.0,
        0.0,
        0.0,
        0.0,
        0.0,
        0.0,
        0.0,
        0.0,
        0.0,
        0.0,
        0.0,
        0.0,
        0.0,
        0.0,
        0.0,
        0.0,
        0.0,
        0.0,
        0.0,
        0.0,
        0.0,
        0.0,
        0.0,
        0.0,
        0.0,
        0.0,
        0.0,
        0.0,
        0.0,
        1.0,
        0.0,
        0.0,
        0.0,
        0.0,
        0.0,
        0.0,
        0.0,
        0.0,
        0.0,
        0.0,
        0.0,
        0.0,
        0.0,
        0.0,
        0.0,
        0.0,
        0.0,
        0.0,
        0.0,
        0.0,
        0.0,
        0.0,
        0.0,
        0.0,
        0.0,
        0.0,
        0.0,
        0.0,
        0.0,
        0.0,
        0.0,
        0.0,
        0.0,
        0.0,
        0.0,
        0.0,
        0.0,
        0.0,
        0.0,
        0.0,
        0.0,
        0.0,
        0.0,
        0.0,
        0.0,
        0.0,
        0.0,
        0.0,
        0.0,
        0.0,
        0.0,
        0.0,
        1.0,
        0.0,
        0.0,
        0.0,
        0.0,
        0.0,
        0.0,
        0.0,
        0.0,
        0.0,
        0.0,
        0.0,
        0.0,
        0.0,
        0.0,
        0.0,
        0.0,
        0.0,
        0.0,
        0.0,
        0.0,
        0.0,
        0.0,
        0.0,
        0.0,
        0.0,
        0.0,
        0.0,
        0.0,
        0.0,
        0.0,
        0.0,
        0.0,
        0.0,
        0.0,
        0.0,
        0.0,
        0.0,
        0.0,
        0.0,
        0.0,
        0.0,
        0.0,
        0.0,
        0.0,
        0.0,
        1.0,
        0.0,
        0.0,
        0.0,
        0.0,
        0.0,
        0.0,
        0.0,
        0.0,
        0.0,
        0.0,
        0.0,
        0.0,
        0.0,
        0.0,
        0.0,
        0.0,
        0.0,
        0.0,
        0.0,
        0.0,
        0.0,
        0.0,
        0.0,
        0.0,
        0.0,
        0.0,
        0.0,
        0.0,
        0.0,
        0.0,
        0.0,
        0.0,
        0.0,
        0.0,
        0.0,
        0.0,
        0.0,
        0.0,
        0.0,
        0.0,
        0.0,
        0.0,
        1.0,
        0.0,
        0.0,
        0.0,
        0.0
    ],
    "hold_count_norm": -2.024627867821913,
    "hold_density": 0.10606060606060606,
    "vertical_progress": 0.24074074074074073
}