{
    "data.grade": "7C",
    "data.userGrade": "7C",
    "data.method": "Feet follow hands",
    "data.userRating": 1.791759469228055,
    "data.repeats": 3.367295829986474,
    "data.moves": [
        {
            "problemId": 340155,
            "description": "C5",
            "isStart": true,
            "isEnd": false,
            "normalized_coordinates": [
                0.18181818181818182,
                0.2222222222222222
            ],
            "neighbors": [
                [
                    0.09090909090909091,
                    0.2777777777777778
                ],
                [
                    0.45454545454545453,
                    0.16666666666666666
                ],
                [
                    0.0,
                    0.4444444444444444
                ]
            ],
            "edge_distances": [
                0.2222222222222222,
                0.7777777777777778
            ],
            "dx": -0.09090909090909091,
            "dy": 0.05555555555555558,
            "move_angle": 2.593043251139265,
            "move_distance": 0.10654052075620701,
            "hold_type": 0.0
        },
        {
            "problemId": 340155,
            "description": "B6",
            "isStart": true,
            "isEnd": false,
            "normalized_coordinates": [
                0.09090909090909091,
                0.2777777777777778
            ],
            "neighbors": [
                [
                    0.18181818181818182,
                    0.2222222222222222
                ],
                [
                    0.0,
                    0.4444444444444444
                ],
                [
                    0.45454545454545453,
                    0.16666666666666666
                ]
            ],
            "edge_distances": [
                0.2777777777777778,
                0.7222222222222222
            ],
            "dx": -0.09090909090909091,
            "dy": 0.16666666666666663,
            "move_angle": 2.070143048475027,
            "move_distance": 0.18984794069911615,
            "angle_difference": -0.5229002026642382,
            "hold_type": 0.0
        },
        {
            "problemId": 340155,
            "description": "A9",
            "isStart": false,
            "isEnd": false,
            "normalized_coordinates": [
                0.0,
                0.4444444444444444
            ],
            "neighbors": [
                [
                    0.09090909090909091,
                    0.2777777777777778
                ],
                [
                    0.0,
                    0.6666666666666666
                ],
                [
                    0.18181818181818182,
                    0.2222222222222222
                ]
            ],
            "edge_distances": [
                0.4444444444444444,
                0.5555555555555556
            ],
            "dx": 0.45454545454545453,
            "dy": 0.11111111111111116,
            "move_angle": 0.2397431088704567,
            "move_distance": 0.4679286796727462,
            "angle_difference": -1.8303999396045703,
            "hold_type": 0.0
        },
        {
            "problemId": 340155,
            "description": "F11",
            "isStart": false,
            "isEnd": false,
            "normalized_coordinates": [
                0.45454545454545453,
                0.5555555555555556
            ],
            "neighbors": [
                [
                    0.18181818181818182,
                    0.7777777777777778
                ],
                [
                    0.45454545454545453,
                    0.16666666666666666
                ],
                [
                    0.6363636363636364,
                    0.9444444444444444
                ]
            ],
            "edge_distances": [
                0.5555555555555556,
                0.4444444444444444
            ],
            "dx": 0.0,
            "dy": -0.38888888888888895,
            "move_angle": -1.5707963267948966,
            "move_distance": 0.38888888888888895,
            "angle_difference": -1.8105394356653532,
            "hold_type": 1.0
        },
        {
            "problemId": 340155,
            "description": "F4",
            "isStart": false,
            "isEnd": false,
            "normalized_coordinates": [
                0.45454545454545453,
                0.16666666666666666
            ],
            "neighbors": [
                [
                    0.18181818181818182,
                    0.2222222222222222
                ],
                [
                    0.09090909090909091,
                    0.2777777777777778
                ],
                [
                    0.45454545454545453,
                    0.5555555555555556
                ]
            ],
            "edge_distances": [
                0.16666666666666666,
                0.8333333333333334
            ],
            "dx": -0.45454545454545453,
            "dy": 0.5,
            "move_angle": 2.3086113869153615,
            "move_distance": 0.6757303976053866,
            "angle_difference": 3.879407713710258,
            "hold_type": 0.0
        },
        {
            "problemId": 340155,
            "description": "A13",
            "isStart": false,
            "isEnd": false,
            "normalized_coordinates": [
                0.0,
                0.6666666666666666
            ],
            "neighbors": [
                [
                    0.18181818181818182,
                    0.7777777777777778
                ],
                [
                    0.0,
                    0.4444444444444444
                ],
                [
                    0.09090909090909091,
                    0.2777777777777778
                ]
            ],
            "edge_distances": [
                0.6666666666666666,
                0.33333333333333337
            ],
            "dx": 0.18181818181818182,
            "dy": 0.11111111111111116,
            "move_angle": 0.5485494024505283,
            "move_distance": 0.21308104151241403,
            "angle_difference": -1.760061984464833,
            "hold_type": 0.75
        },
        {
            "problemId": 340155,
            "description": "C15",
            "isStart": false,
            "isEnd": false,
            "normalized_coordinates": [
                0.18181818181818182,
                0.7777777777777778
            ],
            "neighbors": [
                [
                    0.0,
                    0.6666666666666666
                ],
                [
                    0.45454545454545453,
                    0.5555555555555556
                ],
                [
                    0.0,
                    0.4444444444444444
                ]
            ],
            "edge_distances": [
                0.7777777777777778,
                0.2222222222222222
            ],
            "dx": 0.45454545454545453,
            "dy": 0.16666666666666663,
            "move_angle": 0.35144479400355166,
            "move_distance": 0.48413773662637744,
            "angle_difference": -0.19710460844697664,
            "hold_type": 1.0
        },
        {
            "problemId": 340155,
            "description": "H18",
            "isStart": false,
            "isEnd": true,
            "normalized_coordinates": [
                0.6363636363636364,
                0.9444444444444444
            ],
            "neighbors": [
                [
                    0.45454545454545453,
                    0.5555555555555556
                ],
                [
                    0.18181818181818182,
                    0.7777777777777778
                ],
                [
                    0.0,
                    0.6666666666666666
                ]
            ],
            "edge_distances": [
                0.9444444444444444,
                0.05555555555555558
            ],
            "hold_type": 1.0
        }
    ],
    "data.apiId": 340155,
    "hold_presence": [
        0.0,
        0.0,
        0.0,
        0.0,
        0.0,
        0.0,
        0.0,
        0.0,
        0.0,
        0.0,
        0.0,
        0.0,
        0.0,
        0.0,
        0.0,
        0.0,
        0.0,
        0.0,
        0.0,
        0.0,
        0.0,
        0.0,
        0.0,
        0.0,
        0.0,
        0.0,
        0.0,
        0.0,
        0.0,
        0.0,
        0.0,
        0.0,
        0.0,
        0.0,
        0.0,
        0.0,
        0.0,
        0.0,
        1.0,
        0.0,
        0.0,
        0.0,
        0.0,
        0.0,
        0.0,
        0.0,
        1.0,
        0.0,
        0.0,
        0.0,
        0.0,
        0.0,
        0.0,
        0.0,
        0.0,
        0.0,
        1.0,
        0.0,
        0.0,
        0.0,
        0.0,
        0.0,
        0.0,
        0.0,
        0.0,
        0.0,
        0.0,
        0.0,
        0.0,
        0.0,
        0.0,
        0.0,
        0.0,
        0.0,
        0.0,
        0.0,
        0.0,
        0.0,
        0.0,
        0.0,
        0.0,
        0.0,
        0.0,
        0.0,
        0.0,
        0.0,
        0.0,
        0.0,
        1.0,
        0.0,
        0.0,
        0.0,
        0.0,
        0.0,
        0.0,
        0.0,
        0.0,
        0.0,
        0.0,
        0.0,
        0.0,
        0.0,
        0.0,
        0.0,
        0.0,
        0.0,
        0.0,
        0.0,
        0.0,
        0.0,
        0.0,
        0.0,
        0.0,
        0.0,
        0.0,
        1.0,
        0.0,
        0.0,
        0.0,
        0.0,
        0.0,
        0.0,
        0.0,
        0.0,
        0.0,
        0.0,
        0.0,
        0.0,
        0.0,
        0.0,
        0.0,
        0.0,
        1.0,
        0.0,
        0.0,
        0.0,
        0.0,
        0.0,
        0.0,
        0.0,
        0.0,
        0.0,
        0.0,
        0.0,
        0.0,
        0.0,
        0.0,
        0.0,
        0.0,
        0.0,
        0.0,
        0.0,
        0.0,
        0.0,
        0.0,
        0.0,
        1.0,
        0.0,
        0.0,
        0.0,
        0.0,
        0.0,
        0.0,
        0.0,
        0.0,
        0.0,
        0.0,
        0.0,
        0.0,
        0.0,
        0.0,
        0.0,
        0.0,
        0.0,
        0.0,
        0.0,
        0.0,
        0.0,
        0.0,
        0.0,
        0.0,
        0.0,
        0.0,
        0.0,
        0.0,
        0.0,
        0.0,
        0.0,
        0.0,
        0.0,
        0.0,
        0.0,
        0.0,
        0.0,
        1.0,
        0.0,
        0.0,
        0.0
    ],
    "hold_count_norm": 0.09972664227977365,
    "hold_density": 0.27922077922077915,
    "vertical_progress": 0.10317460317460317
}