{
    "data.grade": "7C",
    "data.userGrade": null,
    "data.method": "Feet follow hands",
    "data.userRating": 0.0,
    "data.repeats": 0.0,
    "data.moves": [
        {
            "problemId": 315068,
            "description": "K5",
            "isStart": true,
            "isEnd": false,
            "normalized_coordinates": [
                0.9090909090909091,
                0.2222222222222222
            ],
            "neighbors": [
                [
                    0.9090909090909091,
                    0.0
                ],
                [
                    0.45454545454545453,
                    0.3333333333333333
                ],
                [
                    0.36363636363636365,
                    0.5555555555555556
                ]
            ],
            "edge_distances": [
                0.2222222222222222,
                0.7777777777777778
            ],
            "dx": -0.45454545454545453,
            "dy": 0.1111111111111111,
            "move_angle": 2.9018495447193366,
            "move_distance": 0.4679286796727462,
            "hold_type": 1.0
        },
        {
            "problemId": 315068,
            "description": "F7",
            "isStart": false,
            "isEnd": false,
            "normalized_coordinates": [
                0.45454545454545453,
                0.3333333333333333
            ],
            "neighbors": [
                [
                    0.36363636363636365,
                    0.5555555555555556
                ],
                [
                    0.9090909090909091,
                    0.2222222222222222
                ],
                [
                    0.9090909090909091,
                    0.0
                ]
            ],
            "edge_distances": [
                0.3333333333333333,
                0.6666666666666667
            ],
            "dx": 0.45454545454545453,
            "dy": -0.3333333333333333,
            "move_angle": -0.6327488350021832,
            "move_distance": 0.5636689465981295,
            "angle_difference": -3.53459837972152,
            "hold_type": 1.0
        },
        {
            "problemId": 315068,
            "description": "K1",
            "isStart": false,
            "isEnd": false,
            "normalized_coordinates": [
                0.9090909090909091,
                0.0
            ],
            "neighbors": [
                [
                    0.9090909090909091,
                    0.2222222222222222
                ],
                [
                    0.45454545454545453,
                    0.3333333333333333
                ],
                [
                    0.36363636363636365,
                    0.5555555555555556
                ]
            ],
            "edge_distances": [
                0.0,
                1.0
            ],
            "dx": -0.5454545454545454,
            "dy": 0.5555555555555556,
            "move_angle": 2.347020435647235,
            "move_distance": 0.7785644716179044,
            "angle_difference": 2.979769270649418,
            "hold_type": 0.0
        },
        {
            "problemId": 315068,
            "description": "E11",
            "isStart": false,
            "isEnd": false,
            "normalized_coordinates": [
                0.36363636363636365,
                0.5555555555555556
            ],
            "neighbors": [
                [
                    0.45454545454545453,
                    0.3333333333333333
                ],
                [
                    0.2727272727272727,
                    0.9444444444444444
                ],
                [
                    0.0,
                    0.8333333333333334
                ]
            ],
            "edge_distances": [
                0.5555555555555556,
                0.4444444444444444
            ],
            "dx": -0.36363636363636365,
            "dy": 0.2777777777777778,
            "move_angle": 2.489261752200902,
            "move_distance": 0.4575935956564932,
            "angle_difference": 0.14224131655366712,
            "hold_type": 0.0
        },
        {
            "problemId": 315068,
            "description": "A16",
            "isStart": false,
            "isEnd": false,
            "normalized_coordinates": [
                0.0,
                0.8333333333333334
            ],
            "neighbors": [
                [
                    0.2727272727272727,
                    0.9444444444444444
                ],
                [
                    0.36363636363636365,
                    0.5555555555555556
                ],
                [
                    0.45454545454545453,
                    0.3333333333333333
                ]
            ],
            "edge_distances": [
                0.8333333333333334,
                0.16666666666666663
            ],
            "dx": 0.2727272727272727,
            "dy": 0.11111111111111105,
            "move_angle": 0.3868757177310279,
            "move_distance": 0.2944925199416818,
            "angle_difference": -2.102386034469874,
            "hold_type": 0.5
        },
        {
            "problemId": 315068,
            "description": "D18",
            "isStart": false,
            "isEnd": true,
            "normalized_coordinates": [
                0.2727272727272727,
                0.9444444444444444
            ],
            "neighbors": [
                [
                    0.0,
                    0.8333333333333334
                ],
                [
                    0.36363636363636365,
                    0.5555555555555556
                ],
                [
                    0.45454545454545453,
                    0.3333333333333333
                ]
            ],
            "edge_distances": [
                0.9444444444444444,
                0.05555555555555558
            ],
            "hold_type": 1.0
        }
    ],
    "data.apiId": 315068,
    "hold_presence": [
        0.0,
        0.0,
        0.0,
        0.0,
        0.0,
        0.0,
        0.0,
        0.0,
        0.0,
        0.0,
        1.0,
        0.0,
        0.0,
        0.0,
        0.0,
        0.0,
        0.0,
        0.0,
        0.0,
        0.0,
        0.0,
        0.0,
        0.0,
        0.0,
        0.0,
        0.0,
        0.0,
        0.0,
        0.0,
        0.0,
        0.0,
        0.0,
        0.0,
        0.0,
        0.0,
        0.0,
        0.0,
        0.0,
        0.0,
        0.0,
        0.0,
        0.0,
        0.0,
        0.0,
        0.0,
        0.0,
        0.0,
        0.0,
        0.0,
        0.0,
        0.0,
        0.0,
        0.0,
        0.0,
        1.0,
        0.0,
        0.0,
        0.0,
        0.0,
        0.0,
        0.0,
        0.0,
        0.0,
        0.0,
        0.0,
        0.0,
        0.0,
        0.0,
        0.0,
        0.0,
        0.0,
        1.0,
        0.0,
        0.0,
        0.0,
        0.0,
        0.0,
        0.0,
        0.0,
        0.0,
        0.0,
        0.0,
        0.0,
        0.0,
        0.0,
        0.0,
        0.0,
        0.0,
        0.0,
        0.0,
        0.0,
        0.0,
        0.0,
        0.0,
        0.0,
        0.0,
        0.0,
        0.0,
        0.0,
        0.0,
        0.0,
        0.0,
        0.0,
        0.0,
        0.0,
        0.0,
        0.0,
        0.0,
        0.0,
        0.0,
        0.0,
        0.0,
        0.0,
        0.0,
        1.0,
        0.0,
        0.0,
        0.0,
        0.0,
        0.0,
        0.0,
        0.0,
        0.0,
        0.0,
        0.0,
        0.0,
        0.0,
        0.0,
        0.0,
        0.0,
        0.0,
        0.0,
        0.0,
        0.0,
        0.0,
        0.0,
        0.0,
        0.0,
        0.0,
        0.0,
        0.0,
        0.0,
        0.0,
        0.0,
        0.0,
        0.0,
        0.0,
        0.0,
        0.0,
        0.0,
        0.0,
        0.0,
        0.0,
        0.0,
        0.0,
        0.0,
        0.0,
        0.0,
        0.0,
        0.0,
        0.0,
        0.0,
        0.0,
        0.0,
        0.0,
        1.0,
        0.0,
        0.0,
        0.0,
        0.0,
        0.0,
        0.0,
        0.0,
        0.0,
        0.0,
        0.0,
        0.0,
        0.0,
        0.0,
        0.0,
        0.0,
        0.0,
        0.0,
        0.0,
        0.0,
        0.0,
        0.0,
        0.0,
        0.0,
        0.0,
        1.0,
        0.0,
        0.0,
        0.0,
        0.0,
        0.0,
        0.0,
        0.0
    ],
    "hold_count_norm": -0.9624506127710697,
    "hold_density": 0.43636363636363634,
    "vertical_progress": 0.14444444444444443
}