{
    "data.grade": "7C",
    "data.userGrade": "7C",
    "data.method": "Feet follow hands",
    "data.userRating": 1.791759469228055,
    "data.repeats": 3.1780538303479458,
    "data.moves": [
        {
            "problemId": 346454,
            "description": "A8",
            "isStart": false,
            "isEnd": false,
            "normalized_coordinates": [
                0.0,
                0.3888888888888889
            ],
            "neighbors": [
                [
                    0.09090909090909091,
                    0.2222222222222222
                ],
                [
                    0.18181818181818182,
                    0.16666666666666666
                ],
                [
                    0.18181818181818182,
                    0.7777777777777778
                ]
            ],
            "edge_distances": [
                0.3888888888888889,
                0.6111111111111112
            ],
            "dx": 0.18181818181818182,
            "dy": 0.3888888888888889,
            "move_angle": 1.1334584350470127,
            "move_distance": 0.4292929292929293,
            "hold_type": 0.75
        },
        {
            "problemId": 346454,
            "description": "C15",
            "isStart": false,
            "isEnd": false,
            "normalized_coordinates": [
                0.18181818181818182,
                0.7777777777777778
            ],
            "neighbors": [
                [
                    0.45454545454545453,
                    0.5555555555555556
                ],
                [
                    0.0,
                    0.3888888888888889
                ],
                [
                    0.6363636363636364,
                    0.9444444444444444
                ]
            ],
            "edge_distances": [
                0.7777777777777778,
                0.2222222222222222
            ],
            "dx": 0.45454545454545453,
            "dy": 0.16666666666666663,
            "move_angle": 0.35144479400355166,
            "move_distance": 0.48413773662637744,
            "angle_difference": -0.782013641043461,
            "hold_type": 1.0
        },
        {
            "problemId": 346454,
            "description": "H18",
            "isStart": false,
            "isEnd": true,
            "normalized_coordinates": [
                0.6363636363636364,
                0.9444444444444444
            ],
            "neighbors": [
                [
                    0.45454545454545453,
                    0.5555555555555556
                ],
                [
                    0.18181818181818182,
                    0.7777777777777778
                ],
                [
                    0.0,
                    0.3888888888888889
                ]
            ],
            "edge_distances": [
                0.9444444444444444,
                0.05555555555555558
            ],
            "dx": -0.45454545454545453,
            "dy": -0.7777777777777778,
            "move_angle": -2.099677877548021,
            "move_distance": 0.900860611777911,
            "angle_difference": -2.451122671551573,
            "hold_type": 1.0
        },
        {
            "problemId": 346454,
            "description": "C4",
            "isStart": true,
            "isEnd": false,
            "normalized_coordinates": [
                0.18181818181818182,
                0.16666666666666666
            ],
            "neighbors": [
                [
                    0.09090909090909091,
                    0.2222222222222222
                ],
                [
                    0.0,
                    0.3888888888888889
                ],
                [
                    0.45454545454545453,
                    0.5555555555555556
                ]
            ],
            "edge_distances": [
                0.16666666666666666,
                0.8333333333333334
            ],
            "dx": -0.09090909090909091,
            "dy": 0.05555555555555555,
            "move_angle": 2.593043251139265,
            "move_distance": 0.106540520756207,
            "angle_difference": 4.692721128687286,
            "hold_type": 1.0
        },
        {
            "problemId": 346454,
            "description": "B5",
            "isStart": true,
            "isEnd": false,
            "normalized_coordinates": [
                0.09090909090909091,
                0.2222222222222222
            ],
            "neighbors": [
                [
                    0.18181818181818182,
                    0.16666666666666666
                ],
                [
                    0.0,
                    0.3888888888888889
                ],
                [
                    0.45454545454545453,
                    0.5555555555555556
                ]
            ],
            "edge_distances": [
                0.2222222222222222,
                0.7777777777777778
            ],
            "dx": 0.36363636363636365,
            "dy": 0.33333333333333337,
            "move_angle": 0.7419472680059175,
            "move_distance": 0.49329759382120325,
            "angle_difference": -1.8510959831333476,
            "hold_type": 0.5
        },
        {
            "problemId": 346454,
            "description": "F11",
            "isStart": false,
            "isEnd": false,
            "normalized_coordinates": [
                0.45454545454545453,
                0.5555555555555556
            ],
            "neighbors": [
                [
                    0.18181818181818182,
                    0.7777777777777778
                ],
                [
                    0.6363636363636364,
                    0.9444444444444444
                ],
                [
                    0.18181818181818182,
                    0.16666666666666666
                ]
            ],
            "edge_distances": [
                0.5555555555555556,
                0.4444444444444444
            ],
            "hold_type": 1.0
        }
    ],
    "data.apiId": 346454,
    "hold_presence": [
        0.0,
        0.0,
        0.0,
        0.0,
        0.0,
        0.0,
        0.0,
        0.0,
        0.0,
        0.0,
        0.0,
        0.0,
        0.0,
        0.0,
        0.0,
        0.0,
        0.0,
        0.0,
        0.0,
        0.0,
        0.0,
        0.0,
        0.0,
        0.0,
        0.0,
        0.0,
        0.0,
        0.0,
        0.0,
        0.0,
        0.0,
        0.0,
        0.0,
        0.0,
        0.0,
        1.0,
        0.0,
        0.0,
        0.0,
        0.0,
        0.0,
        0.0,
        0.0,
        0.0,
        0.0,
        1.0,
        0.0,
        0.0,
        0.0,
        0.0,
        0.0,
        0.0,
        0.0,
        0.0,
        0.0,
        0.0,
        0.0,
        0.0,
        0.0,
        0.0,
        0.0,
        0.0,
        0.0,
        0.0,
        0.0,
        0.0,
        0.0,
        0.0,
        0.0,
        0.0,
        0.0,
        0.0,
        0.0,
        0.0,
        0.0,
        0.0,
        0.0,
        1.0,
        0.0,
        0.0,
        0.0,
        0.0,
        0.0,
        0.0,
        0.0,
        0.0,
        0.0,
        0.0,
        0.0,
        0.0,
        0.0,
        0.0,
        0.0,
        0.0,
        0.0,
        0.0,
        0.0,
        0.0,
        0.0,
        0.0,
        0.0,
        0.0,
        0.0,
        0.0,
        0.0,
        0.0,
        0.0,
        0.0,
        0.0,
        0.0,
        0.0,
        0.0,
        0.0,
        0.0,
        0.0,
        1.0,
        0.0,
        0.0,
        0.0,
        0.0,
        0.0,
        0.0,
        0.0,
        0.0,
        0.0,
        0.0,
        0.0,
        0.0,
        0.0,
        0.0,
        0.0,
        0.0,
        0.0,
        0.0,
        0.0,
        0.0,
        0.0,
        0.0,
        0.0,
        0.0,
        0.0,
        0.0,
        0.0,
        0.0,
        0.0,
        0.0,
        0.0,
        0.0,
        0.0,
        0.0,
        0.0,
        0.0,
        0.0,
        0.0,
        0.0,
        0.0,
        1.0,
        0.0,
        0.0,
        0.0,
        0.0,
        0.0,
        0.0,
        0.0,
        0.0,
        0.0,
        0.0,
        0.0,
        0.0,
        0.0,
        0.0,
        0.0,
        0.0,
        0.0,
        0.0,
        0.0,
        0.0,
        0.0,
        0.0,
        0.0,
        0.0,
        0.0,
        0.0,
        0.0,
        0.0,
        0.0,
        0.0,
        0.0,
        0.0,
        0.0,
        0.0,
        0.0,
        0.0,
        0.0,
        1.0,
        0.0,
        0.0,
        0.0
    ],
    "hold_count_norm": -0.9624506127710697,
    "hold_density": 0.2848484848484848,
    "vertical_progress": 0.03333333333333334
}