{
    "data.grade": "7C",
    "data.userGrade": null,
    "data.method": "Feet follow hands",
    "data.userRating": 1.791759469228055,
    "data.repeats": 0.6931471805599453,
    "data.moves": [
        {
            "problemId": 337681,
            "description": "D1",
            "isStart": true,
            "isEnd": false,
            "normalized_coordinates": [
                0.2727272727272727,
                0.0
            ],
            "neighbors": [
                [
                    0.09090909090909091,
                    0.2777777777777778
                ],
                [
                    0.18181818181818182,
                    0.3333333333333333
                ],
                [
                    0.5454545454545454,
                    0.2777777777777778
                ]
            ],
            "edge_distances": [
                0.0,
                1.0
            ],
            "dx": -0.1818181818181818,
            "dy": 0.2777777777777778,
            "move_angle": 2.1503603120882198,
            "move_distance": 0.3319914834251474,
            "hold_type": 0.5
        },
        {
            "problemId": 337681,
            "description": "B6",
            "isStart": true,
            "isEnd": false,
            "normalized_coordinates": [
                0.09090909090909091,
                0.2777777777777778
            ],
            "neighbors": [
                [
                    0.18181818181818182,
                    0.3333333333333333
                ],
                [
                    0.2727272727272727,
                    0.0
                ],
                [
                    0.5454545454545454,
                    0.2777777777777778
                ]
            ],
            "edge_distances": [
                0.2777777777777778,
                0.7222222222222222
            ],
            "dx": 0.09090909090909091,
            "dy": 0.055555555555555525,
            "move_angle": 0.5485494024505279,
            "move_distance": 0.10654052075620699,
            "angle_difference": -1.6018109096376918,
            "hold_type": 0.0
        },
        {
            "problemId": 337681,
            "description": "C7",
            "isStart": false,
            "isEnd": false,
            "normalized_coordinates": [
                0.18181818181818182,
                0.3333333333333333
            ],
            "neighbors": [
                [
                    0.09090909090909091,
                    0.2777777777777778
                ],
                [
                    0.2727272727272727,
                    0.0
                ],
                [
                    0.5454545454545454,
                    0.2777777777777778
                ]
            ],
            "edge_distances": [
                0.3333333333333333,
                0.6666666666666667
            ],
            "dx": 0.3636363636363636,
            "dy": -0.055555555555555525,
            "move_angle": -0.15160548743827276,
            "move_distance": 0.3678557118107099,
            "angle_difference": -0.7001548898888006,
            "hold_type": 1.0
        },
        {
            "problemId": 337681,
            "description": "G6",
            "isStart": false,
            "isEnd": false,
            "normalized_coordinates": [
                0.5454545454545454,
                0.2777777777777778
            ],
            "neighbors": [
                [
                    0.6363636363636364,
                    0.5555555555555556
                ],
                [
                    0.8181818181818182,
                    0.3888888888888889
                ],
                [
                    0.18181818181818182,
                    0.3333333333333333
                ]
            ],
            "edge_distances": [
                0.2777777777777778,
                0.7222222222222222
            ],
            "dx": 0.09090909090909094,
            "dy": 0.2777777777777778,
            "move_angle": 1.254510198882742,
            "move_distance": 0.292275480731925,
            "angle_difference": 1.406115686321015,
            "hold_type": 0.0
        },
        {
            "problemId": 337681,
            "description": "H11",
            "isStart": false,
            "isEnd": false,
            "normalized_coordinates": [
                0.6363636363636364,
                0.5555555555555556
            ],
            "neighbors": [
                [
                    0.8181818181818182,
                    0.3888888888888889
                ],
                [
                    0.5454545454545454,
                    0.2777777777777778
                ],
                [
                    0.36363636363636365,
                    0.7222222222222222
                ]
            ],
            "edge_distances": [
                0.5555555555555556,
                0.4444444444444444
            ],
            "dx": -0.2727272727272727,
            "dy": 0.16666666666666663,
            "move_angle": 2.593043251139265,
            "move_distance": 0.319621562268621,
            "angle_difference": 1.338533052256523,
            "hold_type": 0.5
        },
        {
            "problemId": 337681,
            "description": "E14",
            "isStart": false,
            "isEnd": false,
            "normalized_coordinates": [
                0.36363636363636365,
                0.7222222222222222
            ],
            "neighbors": [
                [
                    0.5454545454545454,
                    0.9444444444444444
                ],
                [
                    0.6363636363636364,
                    0.5555555555555556
                ],
                [
                    0.18181818181818182,
                    0.3333333333333333
                ]
            ],
            "edge_distances": [
                0.7222222222222222,
                0.2777777777777778
            ],
            "dx": 0.4545454545454546,
            "dy": -0.3333333333333333,
            "move_angle": -0.632748835002183,
            "move_distance": 0.5636689465981296,
            "angle_difference": -3.225792086141448,
            "hold_type": 1.0
        },
        {
            "problemId": 337681,
            "description": "J8",
            "isStart": false,
            "isEnd": false,
            "normalized_coordinates": [
                0.8181818181818182,
                0.3888888888888889
            ],
            "neighbors": [
                [
                    0.6363636363636364,
                    0.5555555555555556
                ],
                [
                    0.5454545454545454,
                    0.2777777777777778
                ],
                [
                    0.36363636363636365,
                    0.7222222222222222
                ]
            ],
            "edge_distances": [
                0.3888888888888889,
                0.6111111111111112
            ],
            "dx": -0.2727272727272728,
            "dy": 0.5555555555555556,
            "move_angle": 2.027144795352006,
            "move_distance": 0.6188878255369855,
            "angle_difference": 2.6598936303541887,
            "hold_type": 0.0
        },
        {
            "problemId": 337681,
            "description": "G18",
            "isStart": false,
            "isEnd": true,
            "normalized_coordinates": [
                0.5454545454545454,
                0.9444444444444444
            ],
            "neighbors": [
                [
                    0.36363636363636365,
                    0.7222222222222222
                ],
                [
                    0.6363636363636364,
                    0.5555555555555556
                ],
                [
                    0.8181818181818182,
                    0.3888888888888889
                ]
            ],
            "edge_distances": [
                0.9444444444444444,
                0.05555555555555558
            ],
            "hold_type": 0.0
        }
    ],
    "data.apiId": 337681,
    "hold_presence": [
        0.0,
        0.0,
        0.0,
        1.0,
        0.0,
        0.0,
        0.0,
        0.0,
        0.0,
        0.0,
        0.0,
        0.0,
        0.0,
        0.0,
        0.0,
        0.0,
        0.0,
        0.0,
        0.0,
        0.0,
        0.0,
        0.0,
        0.0,
        0.0,
        0.0,
        0.0,
        0.0,
        0.0,
        0.0,
        0.0,
        0.0,
        0.0,
        0.0,
        0.0,
        0.0,
        0.0,
        0.0,
        0.0,
        0.0,
        0.0,
        0.0,
        0.0,
        0.0,
        0.0,
        0.0,
        0.0,
        0.0,
        0.0,
        0.0,
        0.0,
        0.0,
        0.0,
        0.0,
        0.0,
        0.0,
        0.0,
        1.0,
        0.0,
        0.0,
        0.0,
        0.0,
        1.0,
        0.0,
        0.0,
        0.0,
        0.0,
        0.0,
        0.0,
        1.0,
        0.0,
        0.0,
        0.0,
        0.0,
        0.0,
        0.0,
        0.0,
        0.0,
        0.0,
        0.0,
        0.0,
        0.0,
        0.0,
        0.0,
        0.0,
        0.0,
        0.0,
        1.0,
        0.0,
        0.0,
        0.0,
        0.0,
        0.0,
        0.0,
        0.0,
        0.0,
        0.0,
        0.0,
        0.0,
        0.0,
        0.0,
        0.0,
        0.0,
        0.0,
        0.0,
        0.0,
        0.0,
        0.0,
        0.0,
        0.0,
        0.0,
        0.0,
        0.0,
        0.0,
        0.0,
        0.0,
        0.0,
        0.0,
        1.0,
        0.0,
        0.0,
        0.0,
        0.0,
        0.0,
        0.0,
        0.0,
        0.0,
        0.0,
        0.0,
        0.0,
        0.0,
        0.0,
        0.0,
        0.0,
        0.0,
        0.0,
        0.0,
        0.0,
        0.0,
        0.0,
        0.0,
        0.0,
        0.0,
        0.0,
        0.0,
        0.0,
        0.0,
        0.0,
        1.0,
        0.0,
        0.0,
        0.0,
        0.0,
        0.0,
        0.0,
        0.0,
        0.0,
        0.0,
        0.0,
        0.0,
        0.0,
        0.0,
        0.0,
        0.0,
        0.0,
        0.0,
        0.0,
        0.0,
        0.0,
        0.0,
        0.0,
        0.0,
        0.0,
        0.0,
        0.0,
        0.0,
        0.0,
        0.0,
        0.0,
        0.0,
        0.0,
        0.0,
        0.0,
        0.0,
        0.0,
        0.0,
        0.0,
        0.0,
        0.0,
        0.0,
        0.0,
        0.0,
        0.0,
        0.0,
        1.0,
        0.0,
        0.0,
        0.0,
        0.0
    ],
    "hold_count_norm": 0.09972664227977365,
    "hold_density": 0.29870129870129863,
    "vertical_progress": 0.1349206349206349
}