{
    "data.grade": "7C",
    "data.userGrade": "7C",
    "data.method": "Feet follow hands",
    "data.userRating": 1.6094379124341003,
    "data.repeats": 0.6931471805599453,
    "data.moves": [
        {
            "problemId": 346641,
            "description": "C4",
            "isStart": true,
            "isEnd": false,
            "normalized_coordinates": [
                0.18181818181818182,
                0.16666666666666666
            ],
            "neighbors": [
                [
                    0.0,
                    0.3888888888888889
                ],
                [
                    0.2727272727272727,
                    0.5555555555555556
                ],
                [
                    0.2727272727272727,
                    0.6111111111111112
                ]
            ],
            "edge_distances": [
                0.16666666666666666,
                0.8333333333333334
            ],
            "dx": -0.18181818181818182,
            "dy": 0.22222222222222224,
            "move_angle": 2.256525837701183,
            "move_distance": 0.28712465461721,
            "hold_type": 1.0
        },
        {
            "problemId": 346641,
            "description": "A8",
            "isStart": false,
            "isEnd": false,
            "normalized_coordinates": [
                0.0,
                0.3888888888888889
            ],
            "neighbors": [
                [
                    0.18181818181818182,
                    0.16666666666666666
                ],
                [
                    0.2727272727272727,
                    0.5555555555555556
                ],
                [
                    0.2727272727272727,
                    0.6111111111111112
                ]
            ],
            "edge_distances": [
                0.3888888888888889,
                0.6111111111111112
            ],
            "dx": 0.2727272727272727,
            "dy": 0.16666666666666669,
            "move_angle": 0.5485494024505282,
            "move_distance": 0.319621562268621,
            "angle_difference": -1.7079764352506548,
            "hold_type": 0.75
        },
        {
            "problemId": 346641,
            "description": "D11",
            "isStart": false,
            "isEnd": false,
            "normalized_coordinates": [
                0.2727272727272727,
                0.5555555555555556
            ],
            "neighbors": [
                [
                    0.2727272727272727,
                    0.6111111111111112
                ],
                [
                    0.0,
                    0.3888888888888889
                ],
                [
                    0.18181818181818182,
                    0.16666666666666666
                ]
            ],
            "edge_distances": [
                0.5555555555555556,
                0.4444444444444444
            ],
            "dx": 0.0,
            "dy": 0.05555555555555558,
            "move_angle": 1.5707963267948966,
            "move_distance": 0.05555555555555558,
            "angle_difference": 1.0222469243443684,
            "hold_type": 0.5
        },
        {
            "problemId": 346641,
            "description": "D12",
            "isStart": false,
            "isEnd": false,
            "normalized_coordinates": [
                0.2727272727272727,
                0.6111111111111112
            ],
            "neighbors": [
                [
                    0.2727272727272727,
                    0.5555555555555556
                ],
                [
                    0.0,
                    0.3888888888888889
                ],
                [
                    0.45454545454545453,
                    0.9444444444444444
                ]
            ],
            "edge_distances": [
                0.6111111111111112,
                0.38888888888888884
            ],
            "dx": 0.18181818181818182,
            "dy": 0.33333333333333326,
            "move_angle": 1.0714496051147664,
            "move_distance": 0.3796958813982323,
            "angle_difference": -0.49934672168013017,
            "hold_type": 0.5
        },
        {
            "problemId": 346641,
            "description": "F18",
            "isStart": false,
            "isEnd": true,
            "normalized_coordinates": [
                0.45454545454545453,
                0.9444444444444444
            ],
            "neighbors": [
                [
                    0.2727272727272727,
                    0.6111111111111112
                ],
                [
                    0.2727272727272727,
                    0.5555555555555556
                ],
                [
                    0.0,
                    0.3888888888888889
                ]
            ],
            "edge_distances": [
                0.9444444444444444,
                0.05555555555555558
            ],
            "hold_type": 0.75
        }
    ],
    "data.apiId": 346641,
    "hold_presence": [
        0.0,
        0.0,
        0.0,
        0.0,
        0.0,
        0.0,
        0.0,
        0.0,
        0.0,
        0.0,
        0.0,
        0.0,
        0.0,
        0.0,
        0.0,
        0.0,
        0.0,
        0.0,
        0.0,
        0.0,
        0.0,
        0.0,
        0.0,
        0.0,
        0.0,
        0.0,
        0.0,
        0.0,
        0.0,
        0.0,
        0.0,
        0.0,
        0.0,
        0.0,
        0.0,
        1.0,
        0.0,
        0.0,
        0.0,
        0.0,
        0.0,
        0.0,
        0.0,
        0.0,
        0.0,
        0.0,
        0.0,
        0.0,
        0.0,
        0.0,
        0.0,
        0.0,
        0.0,
        0.0,
        0.0,
        0.0,
        0.0,
        0.0,
        0.0,
        0.0,
        0.0,
        0.0,
        0.0,
        0.0,
        0.0,
        0.0,
        0.0,
        0.0,
        0.0,
        0.0,
        0.0,
        0.0,
        0.0,
        0.0,
        0.0,
        0.0,
        0.0,
        1.0,
        0.0,
        0.0,
        0.0,
        0.0,
        0.0,
        0.0,
        0.0,
        0.0,
        0.0,
        0.0,
        0.0,
        0.0,
        0.0,
        0.0,
        0.0,
        0.0,
        0.0,
        0.0,
        0.0,
        0.0,
        0.0,
        0.0,
        0.0,
        0.0,
        0.0,
        0.0,
        0.0,
        0.0,
        0.0,
        0.0,
        0.0,
        0.0,
        0.0,
        0.0,
        0.0,
        1.0,
        0.0,
        0.0,
        0.0,
        0.0,
        0.0,
        0.0,
        0.0,
        0.0,
        0.0,
        0.0,
        1.0,
        0.0,
        0.0,
        0.0,
        0.0,
        0.0,
        0.0,
        0.0,
        0.0,
        0.0,
        0.0,
        0.0,
        0.0,
        0.0,
        0.0,
        0.0,
        0.0,
        0.0,
        0.0,
        0.0,
        0.0,
        0.0,
        0.0,
        0.0,
        0.0,
        0.0,
        0.0,
        0.0,
        0.0,
        0.0,
        0.0,
        0.0,
        0.0,
        0.0,
        0.0,
        0.0,
        0.0,
        0.0,
        0.0,
        0.0,
        0.0,
        0.0,
        0.0,
        0.0,
        0.0,
        0.0,
        0.0,
        0.0,
        0.0,
        0.0,
        0.0,
        0.0,
        0.0,
        0.0,
        0.0,
        0.0,
        0.0,
        0.0,
        0.0,
        0.0,
        0.0,
        0.0,
        0.0,
        0.0,
        0.0,
        0.0,
        0.0,
        0.0,
        1.0,
        0.0,
        0.0,
        0.0,
        0.0,
        0.0
    ],
    "hold_count_norm": -1.4935392402964913,
    "hold_density": 0.2,
    "vertical_progress": 0.19444444444444445
}