{
    "data.grade": "7C",
    "data.userGrade": "7C",
    "data.method": "Feet follow hands",
    "data.userRating": 1.791759469228055,
    "data.repeats": 2.302585092994046,
    "data.moves": [
        {
            "problemId": 382403,
            "description": "H13",
            "isStart": false,
            "isEnd": false,
            "normalized_coordinates": [
                0.6363636363636364,
                0.6666666666666666
            ],
            "neighbors": [
                [
                    0.6363636363636364,
                    0.4444444444444444
                ],
                [
                    0.5454545454545454,
                    0.9444444444444444
                ],
                [
                    0.2727272727272727,
                    0.8333333333333334
                ]
            ],
            "edge_distances": [
                0.6666666666666666,
                0.33333333333333337
            ],
            "dx": -0.36363636363636365,
            "dy": 0.16666666666666674,
            "move_angle": 2.7118303744931045,
            "move_distance": 0.4000114782558814,
            "hold_type": 0.0
        },
        {
            "problemId": 382403,
            "description": "D16",
            "isStart": false,
            "isEnd": false,
            "normalized_coordinates": [
                0.2727272727272727,
                0.8333333333333334
            ],
            "neighbors": [
                [
                    0.5454545454545454,
                    0.9444444444444444
                ],
                [
                    0.6363636363636364,
                    0.6666666666666666
                ],
                [
                    0.2727272727272727,
                    0.3888888888888889
                ]
            ],
            "edge_distances": [
                0.8333333333333334,
                0.16666666666666663
            ],
            "dx": 0.36363636363636365,
            "dy": -0.38888888888888895,
            "move_angle": -0.8189426229591268,
            "move_distance": 0.5324152259842991,
            "angle_difference": -3.5307729974522313,
            "hold_type": 0.0
        },
        {
            "problemId": 382403,
            "description": "H9",
            "isStart": false,
            "isEnd": false,
            "normalized_coordinates": [
                0.6363636363636364,
                0.4444444444444444
            ],
            "neighbors": [
                [
                    0.6363636363636364,
                    0.6666666666666666
                ],
                [
                    0.9090909090909091,
                    0.2222222222222222
                ],
                [
                    0.2727272727272727,
                    0.3888888888888889
                ]
            ],
            "edge_distances": [
                0.4444444444444444,
                0.5555555555555556
            ],
            "dx": -0.36363636363636365,
            "dy": -0.055555555555555525,
            "move_angle": -2.9899871661515207,
            "move_distance": 0.36785571181071,
            "angle_difference": -2.171044543192394,
            "hold_type": 0.0
        },
        {
            "problemId": 382403,
            "description": "D8",
            "isStart": false,
            "isEnd": false,
            "normalized_coordinates": [
                0.2727272727272727,
                0.3888888888888889
            ],
            "neighbors": [
                [
                    0.6363636363636364,
                    0.4444444444444444
                ],
                [
                    0.2727272727272727,
                    0.8333333333333334
                ],
                [
                    0.6363636363636364,
                    0.6666666666666666
                ]
            ],
            "edge_distances": [
                0.3888888888888889,
                0.6111111111111112
            ],
            "dx": 0.2727272727272727,
            "dy": 0.5555555555555556,
            "move_angle": 1.1144478582377877,
            "move_distance": 0.6188878255369855,
            "angle_difference": 4.104435024389309,
            "hold_type": 1.0
        },
        {
            "problemId": 382403,
            "description": "G18",
            "isStart": false,
            "isEnd": true,
            "normalized_coordinates": [
                0.5454545454545454,
                0.9444444444444444
            ],
            "neighbors": [
                [
                    0.6363636363636364,
                    0.6666666666666666
                ],
                [
                    0.2727272727272727,
                    0.8333333333333334
                ],
                [
                    0.6363636363636364,
                    0.4444444444444444
                ]
            ],
            "edge_distances": [
                0.9444444444444444,
                0.05555555555555558
            ],
            "dx": 0.2727272727272728,
            "dy": -0.8333333333333333,
            "move_angle": -1.254510198882742,
            "move_distance": 0.8768264421957749,
            "angle_difference": -2.3689580571205298,
            "hold_type": 0.0
        },
        {
            "problemId": 382403,
            "description": "J3",
            "isStart": true,
            "isEnd": false,
            "normalized_coordinates": [
                0.8181818181818182,
                0.1111111111111111
            ],
            "neighbors": [
                [
                    0.9090909090909091,
                    0.2222222222222222
                ],
                [
                    0.6363636363636364,
                    0.4444444444444444
                ],
                [
                    0.6363636363636364,
                    0.6666666666666666
                ]
            ],
            "edge_distances": [
                0.1111111111111111,
                0.8888888888888888
            ],
            "dx": 0.09090909090909083,
            "dy": 0.1111111111111111,
            "move_angle": 0.8850668158886107,
            "move_distance": 0.14356232730860496,
            "angle_difference": 2.1395770147713526,
            "hold_type": 0.0
        },
        {
            "problemId": 382403,
            "description": "K5",
            "isStart": true,
            "isEnd": false,
            "normalized_coordinates": [
                0.9090909090909091,
                0.2222222222222222
            ],
            "neighbors": [
                [
                    0.8181818181818182,
                    0.1111111111111111
                ],
                [
                    0.6363636363636364,
                    0.4444444444444444
                ],
                [
                    0.6363636363636364,
                    0.6666666666666666
                ]
            ],
            "edge_distances": [
                0.2222222222222222,
                0.7777777777777778
            ],
            "hold_type": 1.0
        }
    ],
    "data.apiId": 382403,
    "hold_presence": [
        0.0,
        0.0,
        0.0,
        0.0,
        0.0,
        0.0,
        0.0,
        0.0,
        0.0,
        0.0,
        0.0,
        0.0,
        0.0,
        0.0,
        0.0,
        0.0,
        0.0,
        0.0,
        0.0,
        0.0,
        0.0,
        0.0,
        0.0,
        0.0,
        0.0,
        0.0,
        0.0,
        0.0,
        0.0,
        0.0,
        0.0,
        1.0,
        0.0,
        0.0,
        0.0,
        0.0,
        0.0,
        0.0,
        0.0,
        0.0,
        0.0,
        0.0,
        0.0,
        0.0,
        0.0,
        0.0,
        0.0,
        0.0,
        0.0,
        0.0,
        0.0,
        0.0,
        0.0,
        0.0,
        1.0,
        0.0,
        0.0,
        0.0,
        0.0,
        0.0,
        0.0,
        0.0,
        0.0,
        0.0,
        0.0,
        0.0,
        0.0,
        0.0,
        0.0,
        0.0,
        0.0,
        0.0,
        0.0,
        0.0,
        0.0,
        0.0,
        0.0,
        0.0,
        0.0,
        0.0,
        1.0,
        0.0,
        0.0,
        0.0,
        0.0,
        0.0,
        0.0,
        0.0,
        0.0,
        0.0,
        0.0,
        0.0,
        0.0,
        0.0,
        0.0,
        1.0,
        0.0,
        0.0,
        0.0,
        0.0,
        0.0,
        0.0,
        0.0,
        0.0,
        0.0,
        0.0,
        0.0,
        0.0,
        0.0,
        0.0,
        0.0,
        0.0,
        0.0,
        0.0,
        0.0,
        0.0,
        0.0,
        0.0,
        0.0,
        0.0,
        0.0,
        0.0,
        0.0,
        0.0,
        0.0,
        0.0,
        0.0,
        0.0,
        0.0,
        0.0,
        0.0,
        0.0,
        0.0,
        0.0,
        0.0,
        0.0,
        0.0,
        0.0,
        0.0,
        1.0,
        0.0,
        0.0,
        0.0,
        0.0,
        0.0,
        0.0,
        0.0,
        0.0,
        0.0,
        0.0,
        0.0,
        0.0,
        0.0,
        0.0,
        0.0,
        0.0,
        0.0,
        0.0,
        0.0,
        0.0,
        0.0,
        0.0,
        0.0,
        0.0,
        0.0,
        0.0,
        0.0,
        0.0,
        1.0,
        0.0,
        0.0,
        0.0,
        0.0,
        0.0,
        0.0,
        0.0,
        0.0,
        0.0,
        0.0,
        0.0,
        0.0,
        0.0,
        0.0,
        0.0,
        0.0,
        0.0,
        0.0,
        0.0,
        0.0,
        0.0,
        0.0,
        0.0,
        0.0,
        1.0,
        0.0,
        0.0,
        0.0,
        0.0
    ],
    "hold_count_norm": -0.431361985245648,
    "hold_density": 0.29437229437229434,
    "vertical_progress": -0.07407407407407404
}