{
    "data.grade": "7C",
    "data.userGrade": "7C",
    "data.method": "Feet follow hands",
    "data.userRating": 1.791759469228055,
    "data.repeats": 0.6931471805599453,
    "data.moves": [
        {
            "problemId": 435752,
            "description": "I6",
            "isStart": true,
            "isEnd": false,
            "normalized_coordinates": [
                0.7272727272727273,
                0.2777777777777778
            ],
            "neighbors": [
                [
                    0.36363636363636365,
                    0.2222222222222222
                ],
                [
                    0.5454545454545454,
                    0.6111111111111112
                ],
                [
                    0.36363636363636365,
                    0.6111111111111112
                ]
            ],
            "edge_distances": [
                0.2777777777777778,
                0.7222222222222222
            ],
            "dx": -0.36363636363636365,
            "dy": -0.05555555555555558,
            "move_angle": -2.9899871661515203,
            "move_distance": 0.36785571181071,
            "hold_type": 0.0
        },
        {
            "problemId": 435752,
            "description": "E5",
            "isStart": true,
            "isEnd": false,
            "normalized_coordinates": [
                0.36363636363636365,
                0.2222222222222222
            ],
            "neighbors": [
                [
                    0.18181818181818182,
                    0.4444444444444444
                ],
                [
                    0.7272727272727273,
                    0.2777777777777778
                ],
                [
                    0.36363636363636365,
                    0.6111111111111112
                ]
            ],
            "edge_distances": [
                0.2222222222222222,
                0.7777777777777778
            ],
            "dx": -0.18181818181818182,
            "dy": 0.2222222222222222,
            "move_angle": 2.256525837701183,
            "move_distance": 0.28712465461721,
            "angle_difference": 5.246513003852703,
            "hold_type": 0.0
        },
        {
            "problemId": 435752,
            "description": "C9",
            "isStart": false,
            "isEnd": false,
            "normalized_coordinates": [
                0.18181818181818182,
                0.4444444444444444
            ],
            "neighbors": [
                [
                    0.36363636363636365,
                    0.6111111111111112
                ],
                [
                    0.36363636363636365,
                    0.2222222222222222
                ],
                [
                    0.5454545454545454,
                    0.6111111111111112
                ]
            ],
            "edge_distances": [
                0.4444444444444444,
                0.5555555555555556
            ],
            "dx": 0.3636363636363636,
            "dy": 0.16666666666666674,
            "move_angle": 0.42976227909668874,
            "move_distance": 0.4000114782558814,
            "angle_difference": -1.8267635586044944,
            "hold_type": 0.5
        },
        {
            "problemId": 435752,
            "description": "G12",
            "isStart": false,
            "isEnd": false,
            "normalized_coordinates": [
                0.5454545454545454,
                0.6111111111111112
            ],
            "neighbors": [
                [
                    0.36363636363636365,
                    0.6111111111111112
                ],
                [
                    0.45454545454545453,
                    0.9444444444444444
                ],
                [
                    0.7272727272727273,
                    0.2777777777777778
                ]
            ],
            "edge_distances": [
                0.6111111111111112,
                0.38888888888888884
            ],
            "dx": -0.18181818181818177,
            "dy": 0.0,
            "move_angle": 3.141592653589793,
            "move_distance": 0.18181818181818177,
            "angle_difference": 2.7118303744931045,
            "hold_type": 0.0
        },
        {
            "problemId": 435752,
            "description": "E12",
            "isStart": false,
            "isEnd": false,
            "normalized_coordinates": [
                0.36363636363636365,
                0.6111111111111112
            ],
            "neighbors": [
                [
                    0.5454545454545454,
                    0.6111111111111112
                ],
                [
                    0.18181818181818182,
                    0.4444444444444444
                ],
                [
                    0.45454545454545453,
                    0.9444444444444444
                ]
            ],
            "edge_distances": [
                0.6111111111111112,
                0.38888888888888884
            ],
            "dx": 0.09090909090909088,
            "dy": 0.33333333333333326,
            "move_angle": 1.3045442776439713,
            "move_distance": 0.3455077045754963,
            "angle_difference": -1.8370483759458218,
            "hold_type": 0.0
        },
        {
            "problemId": 435752,
            "description": "F18",
            "isStart": false,
            "isEnd": true,
            "normalized_coordinates": [
                0.45454545454545453,
                0.9444444444444444
            ],
            "neighbors": [
                [
                    0.36363636363636365,
                    0.6111111111111112
                ],
                [
                    0.5454545454545454,
                    0.6111111111111112
                ],
                [
                    0.18181818181818182,
                    0.4444444444444444
                ]
            ],
            "edge_distances": [
                0.9444444444444444,
                0.05555555555555558
            ],
            "hold_type": 0.75
        }
    ],
    "data.apiId": 435752,
    "hold_presence": [
        0.0,
        0.0,
        0.0,
        0.0,
        0.0,
        0.0,
        0.0,
        0.0,
        0.0,
        0.0,
        0.0,
        0.0,
        0.0,
        0.0,
        0.0,
        0.0,
        0.0,
        0.0,
        0.0,
        0.0,
        0.0,
        0.0,
        0.0,
        0.0,
        0.0,
        0.0,
        0.0,
        0.0,
        0.0,
        0.0,
        0.0,
        0.0,
        0.0,
        0.0,
        0.0,
        0.0,
        0.0,
        0.0,
        0.0,
        0.0,
        0.0,
        0.0,
        0.0,
        0.0,
        0.0,
        0.0,
        0.0,
        0.0,
        1.0,
        0.0,
        0.0,
        0.0,
        0.0,
        0.0,
        0.0,
        0.0,
        0.0,
        0.0,
        0.0,
        0.0,
        0.0,
        0.0,
        0.0,
        1.0,
        0.0,
        0.0,
        0.0,
        0.0,
        0.0,
        0.0,
        0.0,
        0.0,
        0.0,
        0.0,
        0.0,
        0.0,
        0.0,
        0.0,
        0.0,
        0.0,
        0.0,
        0.0,
        0.0,
        0.0,
        0.0,
        0.0,
        0.0,
        0.0,
        0.0,
        0.0,
        1.0,
        0.0,
        0.0,
        0.0,
        0.0,
        0.0,
        0.0,
        0.0,
        0.0,
        0.0,
        0.0,
        0.0,
        0.0,
        0.0,
        0.0,
        0.0,
        0.0,
        0.0,
        0.0,
        0.0,
        0.0,
        0.0,
        0.0,
        0.0,
        0.0,
        0.0,
        0.0,
        0.0,
        0.0,
        0.0,
        0.0,
        0.0,
        0.0,
        0.0,
        0.0,
        1.0,
        0.0,
        1.0,
        0.0,
        0.0,
        0.0,
        0.0,
        0.0,
        0.0,
        0.0,
        0.0,
        0.0,
        0.0,
        0.0,
        0.0,
        0.0,
        0.0,
        0.0,
        0.0,
        0.0,
        0.0,
        0.0,
        0.0,
        0.0,
        0.0,
        0.0,
        0.0,
        0.0,
        0.0,
        0.0,
        0.0,
        0.0,
        0.0,
        0.0,
        0.0,
        0.0,
        0.0,
        0.0,
        0.0,
        0.0,
        0.0,
        0.0,
        0.0,
        0.0,
        0.0,
        0.0,
        0.0,
        0.0,
        0.0,
        0.0,
        0.0,
        0.0,
        0.0,
        0.0,
        0.0,
        0.0,
        0.0,
        0.0,
        0.0,
        0.0,
        0.0,
        0.0,
        0.0,
        0.0,
        0.0,
        0.0,
        0.0,
        1.0,
        0.0,
        0.0,
        0.0,
        0.0,
        0.0
    ],
    "hold_count_norm": -0.9624506127710697,
    "hold_density": 0.22424242424242422,
    "vertical_progress": 0.13333333333333333
}