{
    "data.grade": "7C",
    "data.userGrade": null,
    "data.method": "Feet follow hands",
    "data.userRating": 0.0,
    "data.repeats": 0.0,
    "data.moves": [
        {
            "problemId": 399435,
            "description": "H6",
            "isStart": true,
            "isEnd": false,
            "normalized_coordinates": [
                0.6363636363636364,
                0.2777777777777778
            ],
            "neighbors": [
                [
                    0.45454545454545453,
                    0.5555555555555556
                ],
                [
                    0.36363636363636365,
                    0.05555555555555555
                ],
                [
                    0.2727272727272727,
                    0.3888888888888889
                ]
            ],
            "edge_distances": [
                0.2777777777777778,
                0.7222222222222222
            ],
            "dx": -0.2727272727272727,
            "dy": -0.22222222222222224,
            "move_angle": -2.457883341955422,
            "move_distance": 0.35179949024783835,
            "hold_type": 0.0
        },
        {
            "problemId": 399435,
            "description": "E2",
            "isStart": true,
            "isEnd": false,
            "normalized_coordinates": [
                0.36363636363636365,
                0.05555555555555555
            ],
            "neighbors": [
                [
                    0.2727272727272727,
                    0.3888888888888889
                ],
                [
                    0.6363636363636364,
                    0.2777777777777778
                ],
                [
                    0.45454545454545453,
                    0.5555555555555556
                ]
            ],
            "edge_distances": [
                0.05555555555555555,
                0.9444444444444444
            ],
            "dx": -0.09090909090909094,
            "dy": 0.33333333333333337,
            "move_angle": 1.837048375945822,
            "move_distance": 0.3455077045754964,
            "angle_difference": 4.294931717901244,
            "hold_type": 0.0
        },
        {
            "problemId": 399435,
            "description": "D8",
            "isStart": false,
            "isEnd": false,
            "normalized_coordinates": [
                0.2727272727272727,
                0.3888888888888889
            ],
            "neighbors": [
                [
                    0.45454545454545453,
                    0.5555555555555556
                ],
                [
                    0.36363636363636365,
                    0.05555555555555555
                ],
                [
                    0.36363636363636365,
                    0.7222222222222222
                ]
            ],
            "edge_distances": [
                0.3888888888888889,
                0.6111111111111112
            ],
            "dx": 0.18181818181818182,
            "dy": 0.16666666666666669,
            "move_angle": 0.7419472680059175,
            "move_distance": 0.24664879691060163,
            "angle_difference": -1.0951011079399047,
            "hold_type": 1.0
        },
        {
            "problemId": 399435,
            "description": "F11",
            "isStart": false,
            "isEnd": false,
            "normalized_coordinates": [
                0.45454545454545453,
                0.5555555555555556
            ],
            "neighbors": [
                [
                    0.36363636363636365,
                    0.7222222222222222
                ],
                [
                    0.2727272727272727,
                    0.3888888888888889
                ],
                [
                    0.6363636363636364,
                    0.2777777777777778
                ]
            ],
            "edge_distances": [
                0.5555555555555556,
                0.4444444444444444
            ],
            "dx": -0.09090909090909088,
            "dy": 0.16666666666666663,
            "move_angle": 2.0701430484750265,
            "move_distance": 0.18984794069911615,
            "angle_difference": 1.328195780469109,
            "hold_type": 1.0
        },
        {
            "problemId": 399435,
            "description": "E14",
            "isStart": false,
            "isEnd": false,
            "normalized_coordinates": [
                0.36363636363636365,
                0.7222222222222222
            ],
            "neighbors": [
                [
                    0.45454545454545453,
                    0.5555555555555556
                ],
                [
                    0.5454545454545454,
                    0.9444444444444444
                ],
                [
                    0.2727272727272727,
                    0.3888888888888889
                ]
            ],
            "edge_distances": [
                0.7222222222222222,
                0.2777777777777778
            ],
            "dx": 0.36363636363636365,
            "dy": 0.11111111111111116,
            "move_angle": 0.29654580906970057,
            "move_distance": 0.38023293383270124,
            "angle_difference": -1.7735972394053259,
            "hold_type": 1.0
        },
        {
            "problemId": 399435,
            "description": "I16",
            "isStart": false,
            "isEnd": false,
            "normalized_coordinates": [
                0.7272727272727273,
                0.8333333333333334
            ],
            "neighbors": [
                [
                    0.5454545454545454,
                    0.9444444444444444
                ],
                [
                    0.36363636363636365,
                    0.7222222222222222
                ],
                [
                    0.45454545454545453,
                    0.5555555555555556
                ]
            ],
            "edge_distances": [
                0.8333333333333334,
                0.16666666666666663
            ],
            "dx": -0.18181818181818188,
            "dy": 0.11111111111111105,
            "move_angle": 2.5930432511392656,
            "move_distance": 0.21308104151241403,
            "angle_difference": 2.296497442069565,
            "hold_type": 1.0
        },
        {
            "problemId": 399435,
            "description": "G18",
            "isStart": false,
            "isEnd": true,
            "normalized_coordinates": [
                0.5454545454545454,
                0.9444444444444444
            ],
            "neighbors": [
                [
                    0.7272727272727273,
                    0.8333333333333334
                ],
                [
                    0.36363636363636365,
                    0.7222222222222222
                ],
                [
                    0.45454545454545453,
                    0.5555555555555556
                ]
            ],
            "edge_distances": [
                0.9444444444444444,
                0.05555555555555558
            ],
            "hold_type": 0.0
        }
    ],
    "data.apiId": 399435,
    "hold_presence": [
        0.0,
        0.0,
        0.0,
        0.0,
        0.0,
        0.0,
        0.0,
        0.0,
        0.0,
        0.0,
        0.0,
        0.0,
        0.0,
        0.0,
        0.0,
        1.0,
        0.0,
        0.0,
        0.0,
        0.0,
        0.0,
        0.0,
        0.0,
        0.0,
        0.0,
        0.0,
        0.0,
        0.0,
        0.0,
        0.0,
        0.0,
        0.0,
        0.0,
        0.0,
        0.0,
        0.0,
        0.0,
        0.0,
        0.0,
        0.0,
        0.0,
        0.0,
        0.0,
        0.0,
        0.0,
        0.0,
        0.0,
        0.0,
        0.0,
        0.0,
        0.0,
        0.0,
        0.0,
        0.0,
        0.0,
        0.0,
        0.0,
        0.0,
        0.0,
        0.0,
        0.0,
        0.0,
        1.0,
        0.0,
        0.0,
        0.0,
        0.0,
        0.0,
        0.0,
        0.0,
        0.0,
        0.0,
        0.0,
        0.0,
        0.0,
        0.0,
        0.0,
        0.0,
        0.0,
        0.0,
        1.0,
        0.0,
        0.0,
        0.0,
        0.0,
        0.0,
        0.0,
        0.0,
        0.0,
        0.0,
        0.0,
        0.0,
        0.0,
        0.0,
        0.0,
        0.0,
        0.0,
        0.0,
        0.0,
        0.0,
        0.0,
        0.0,
        0.0,
        0.0,
        0.0,
        0.0,
        0.0,
        0.0,
        0.0,
        0.0,
        0.0,
        0.0,
        0.0,
        0.0,
        0.0,
        1.0,
        0.0,
        0.0,
        0.0,
        0.0,
        0.0,
        0.0,
        0.0,
        0.0,
        0.0,
        0.0,
        0.0,
        0.0,
        0.0,
        0.0,
        0.0,
        0.0,
        0.0,
        0.0,
        0.0,
        0.0,
        0.0,
        0.0,
        0.0,
        0.0,
        0.0,
        0.0,
        0.0,
        0.0,
        0.0,
        0.0,
        0.0,
        1.0,
        0.0,
        0.0,
        0.0,
        0.0,
        0.0,
        0.0,
        0.0,
        0.0,
        0.0,
        0.0,
        0.0,
        0.0,
        0.0,
        0.0,
        0.0,
        0.0,
        0.0,
        0.0,
        0.0,
        0.0,
        0.0,
        0.0,
        0.0,
        0.0,
        0.0,
        1.0,
        0.0,
        0.0,
        0.0,
        0.0,
        0.0,
        0.0,
        0.0,
        0.0,
        0.0,
        0.0,
        0.0,
        0.0,
        0.0,
        0.0,
        0.0,
        0.0,
        0.0,
        0.0,
        0.0,
        1.0,
        0.0,
        0.0,
        0.0,
        0.0
    ],
    "hold_count_norm": -0.431361985245648,
    "hold_density": 0.19913419913419908,
    "vertical_progress": 0.1111111111111111
}