{
    "data.grade": "7C",
    "data.userGrade": null,
    "data.method": "Feet follow hands",
    "data.userRating": 1.3862943611198906,
    "data.repeats": 1.0986122886681096,
    "data.moves": [
        {
            "problemId": 324106,
            "description": "A5",
            "isStart": true,
            "isEnd": false,
            "normalized_coordinates": [
                0.0,
                0.2222222222222222
            ],
            "neighbors": [
                [
                    0.09090909090909091,
                    0.05555555555555555
                ],
                [
                    0.5454545454545454,
                    0.3333333333333333
                ],
                [
                    0.45454545454545453,
                    0.6111111111111112
                ]
            ],
            "edge_distances": [
                0.2222222222222222,
                0.7777777777777778
            ],
            "dx": 0.09090909090909091,
            "dy": -0.16666666666666666,
            "move_angle": -1.0714496051147664,
            "move_distance": 0.18984794069911617,
            "hold_type": 0.0
        },
        {
            "problemId": 324106,
            "description": "B2",
            "isStart": true,
            "isEnd": false,
            "normalized_coordinates": [
                0.09090909090909091,
                0.05555555555555555
            ],
            "neighbors": [
                [
                    0.0,
                    0.2222222222222222
                ],
                [
                    0.5454545454545454,
                    0.3333333333333333
                ],
                [
                    0.45454545454545453,
                    0.6111111111111112
                ]
            ],
            "edge_distances": [
                0.05555555555555555,
                0.9444444444444444
            ],
            "dx": 0.36363636363636365,
            "dy": 0.5555555555555556,
            "move_angle": 0.9912323415015735,
            "move_distance": 0.6639829668502948,
            "angle_difference": 2.06268194661634,
            "hold_type": 1.0
        },
        {
            "problemId": 324106,
            "description": "F12",
            "isStart": false,
            "isEnd": false,
            "normalized_coordinates": [
                0.45454545454545453,
                0.6111111111111112
            ],
            "neighbors": [
                [
                    0.5454545454545454,
                    0.3333333333333333
                ],
                [
                    0.7272727272727273,
                    0.7777777777777778
                ],
                [
                    0.8181818181818182,
                    0.9444444444444444
                ]
            ],
            "edge_distances": [
                0.6111111111111112,
                0.38888888888888884
            ],
            "dx": 0.09090909090909088,
            "dy": -0.27777777777777785,
            "move_angle": -1.2545101988827423,
            "move_distance": 0.29227548073192505,
            "angle_difference": -2.245742540384316,
            "hold_type": 0.5
        },
        {
            "problemId": 324106,
            "description": "G7",
            "isStart": false,
            "isEnd": false,
            "normalized_coordinates": [
                0.5454545454545454,
                0.3333333333333333
            ],
            "neighbors": [
                [
                    0.45454545454545453,
                    0.6111111111111112
                ],
                [
                    0.7272727272727273,
                    0.7777777777777778
                ],
                [
                    0.09090909090909091,
                    0.05555555555555555
                ]
            ],
            "edge_distances": [
                0.3333333333333333,
                0.6666666666666667
            ],
            "dx": 0.18181818181818188,
            "dy": 0.4444444444444445,
            "move_angle": 1.1824776086224305,
            "move_distance": 0.4801965383436248,
            "angle_difference": 2.4369878075051727,
            "hold_type": 0.25
        },
        {
            "problemId": 324106,
            "description": "I15",
            "isStart": false,
            "isEnd": false,
            "normalized_coordinates": [
                0.7272727272727273,
                0.7777777777777778
            ],
            "neighbors": [
                [
                    0.8181818181818182,
                    0.9444444444444444
                ],
                [
                    0.45454545454545453,
                    0.6111111111111112
                ],
                [
                    0.5454545454545454,
                    0.3333333333333333
                ]
            ],
            "edge_distances": [
                0.7777777777777778,
                0.2222222222222222
            ],
            "dx": 0.09090909090909094,
            "dy": 0.16666666666666663,
            "move_angle": 1.0714496051147664,
            "move_distance": 0.18984794069911615,
            "angle_difference": -0.11102800350766406,
            "hold_type": 0.25
        },
        {
            "problemId": 324106,
            "description": "J18",
            "isStart": false,
            "isEnd": true,
            "normalized_coordinates": [
                0.8181818181818182,
                0.9444444444444444
            ],
            "neighbors": [
                [
                    0.7272727272727273,
                    0.7777777777777778
                ],
                [
                    0.45454545454545453,
                    0.6111111111111112
                ],
                [
                    0.5454545454545454,
                    0.3333333333333333
                ]
            ],
            "edge_distances": [
                0.9444444444444444,
                0.05555555555555558
            ],
            "hold_type": 0.75
        }
    ],
    "data.apiId": 324106,
    "hold_presence": [
        0.0,
        0.0,
        0.0,
        0.0,
        0.0,
        0.0,
        0.0,
        0.0,
        0.0,
        0.0,
        0.0,
        0.0,
        1.0,
        0.0,
        0.0,
        0.0,
        0.0,
        0.0,
        0.0,
        0.0,
        0.0,
        0.0,
        0.0,
        0.0,
        0.0,
        0.0,
        0.0,
        0.0,
        0.0,
        0.0,
        0.0,
        0.0,
        0.0,
        0.0,
        0.0,
        0.0,
        0.0,
        0.0,
        0.0,
        0.0,
        0.0,
        0.0,
        0.0,
        0.0,
        1.0,
        0.0,
        0.0,
        0.0,
        0.0,
        0.0,
        0.0,
        0.0,
        0.0,
        0.0,
        0.0,
        0.0,
        0.0,
        0.0,
        0.0,
        0.0,
        0.0,
        0.0,
        0.0,
        0.0,
        0.0,
        0.0,
        0.0,
        0.0,
        0.0,
        0.0,
        0.0,
        0.0,
        1.0,
        0.0,
        0.0,
        0.0,
        0.0,
        0.0,
        0.0,
        0.0,
        0.0,
        0.0,
        0.0,
        0.0,
        0.0,
        0.0,
        0.0,
        0.0,
        0.0,
        0.0,
        0.0,
        0.0,
        0.0,
        0.0,
        0.0,
        0.0,
        0.0,
        0.0,
        0.0,
        0.0,
        0.0,
        0.0,
        0.0,
        0.0,
        0.0,
        0.0,
        0.0,
        0.0,
        0.0,
        0.0,
        0.0,
        0.0,
        0.0,
        0.0,
        0.0,
        0.0,
        0.0,
        0.0,
        0.0,
        0.0,
        0.0,
        0.0,
        0.0,
        0.0,
        0.0,
        0.0,
        1.0,
        0.0,
        0.0,
        0.0,
        0.0,
        0.0,
        0.0,
        0.0,
        0.0,
        0.0,
        0.0,
        0.0,
        0.0,
        0.0,
        0.0,
        0.0,
        0.0,
        0.0,
        0.0,
        0.0,
        0.0,
        0.0,
        0.0,
        0.0,
        0.0,
        0.0,
        0.0,
        0.0,
        0.0,
        0.0,
        0.0,
        0.0,
        0.0,
        0.0,
        0.0,
        0.0,
        1.0,
        0.0,
        0.0,
        0.0,
        0.0,
        0.0,
        0.0,
        0.0,
        0.0,
        0.0,
        0.0,
        0.0,
        0.0,
        0.0,
        0.0,
        0.0,
        0.0,
        0.0,
        0.0,
        0.0,
        0.0,
        0.0,
        0.0,
        0.0,
        0.0,
        0.0,
        0.0,
        0.0,
        0.0,
        0.0,
        0.0,
        0.0,
        0.0,
        0.0,
        1.0,
        0.0
    ],
    "hold_count_norm": -0.9624506127710697,
    "hold_density": 0.406060606060606,
    "vertical_progress": 0.14444444444444443
}