{
    "data.grade": "7C",
    "data.userGrade": null,
    "data.method": "Feet follow hands",
    "data.userRating": 1.791759469228055,
    "data.repeats": 1.0986122886681096,
    "data.moves": [
        {
            "problemId": 377047,
            "description": "F3",
            "isStart": true,
            "isEnd": false,
            "normalized_coordinates": [
                0.45454545454545453,
                0.1111111111111111
            ],
            "neighbors": [
                [
                    0.45454545454545453,
                    0.2777777777777778
                ],
                [
                    0.8181818181818182,
                    0.1111111111111111
                ],
                [
                    0.8181818181818182,
                    0.3333333333333333
                ]
            ],
            "edge_distances": [
                0.1111111111111111,
                0.8888888888888888
            ],
            "dx": -0.45454545454545453,
            "dy": -0.1111111111111111,
            "move_angle": -2.9018495447193366,
            "move_distance": 0.4679286796727462,
            "hold_type": 0.75
        },
        {
            "problemId": 377047,
            "description": "A1",
            "isStart": true,
            "isEnd": false,
            "normalized_coordinates": [
                0.0,
                0.0
            ],
            "neighbors": [
                [
                    0.45454545454545453,
                    0.1111111111111111
                ],
                [
                    0.09090909090909091,
                    0.5
                ],
                [
                    0.45454545454545453,
                    0.2777777777777778
                ]
            ],
            "edge_distances": [
                0.0,
                1.0
            ],
            "dx": 0.36363636363636365,
            "dy": 0.5555555555555556,
            "move_angle": 0.9912323415015735,
            "move_distance": 0.6639829668502948,
            "angle_difference": 3.89308188622091,
            "hold_type": 1.0
        },
        {
            "problemId": 377047,
            "description": "E11",
            "isStart": false,
            "isEnd": false,
            "normalized_coordinates": [
                0.36363636363636365,
                0.5555555555555556
            ],
            "neighbors": [
                [
                    0.2727272727272727,
                    0.6111111111111112
                ],
                [
                    0.09090909090909091,
                    0.5
                ],
                [
                    0.5454545454545454,
                    0.7777777777777778
                ]
            ],
            "edge_distances": [
                0.5555555555555556,
                0.4444444444444444
            ],
            "dx": 0.18181818181818177,
            "dy": 0.2222222222222222,
            "move_angle": 0.8850668158886105,
            "move_distance": 0.28712465461721,
            "angle_difference": -0.106165525612963,
            "hold_type": 0.0
        },
        {
            "problemId": 377047,
            "description": "G15",
            "isStart": false,
            "isEnd": false,
            "normalized_coordinates": [
                0.5454545454545454,
                0.7777777777777778
            ],
            "neighbors": [
                [
                    0.6363636363636364,
                    0.9444444444444444
                ],
                [
                    0.36363636363636365,
                    0.5555555555555556
                ],
                [
                    0.2727272727272727,
                    0.6111111111111112
                ]
            ],
            "edge_distances": [
                0.7777777777777778,
                0.2222222222222222
            ],
            "dx": 0.09090909090909094,
            "dy": 0.16666666666666663,
            "move_angle": 1.0714496051147664,
            "move_distance": 0.18984794069911615,
            "angle_difference": 0.18638278922615592,
            "hold_type": 1.0
        },
        {
            "problemId": 377047,
            "description": "H18",
            "isStart": false,
            "isEnd": true,
            "normalized_coordinates": [
                0.6363636363636364,
                0.9444444444444444
            ],
            "neighbors": [
                [
                    0.8181818181818182,
                    0.9444444444444444
                ],
                [
                    0.5454545454545454,
                    0.7777777777777778
                ],
                [
                    0.36363636363636365,
                    0.5555555555555556
                ]
            ],
            "edge_distances": [
                0.9444444444444444,
                0.05555555555555558
            ],
            "dx": 0.18181818181818188,
            "dy": -0.6111111111111112,
            "move_angle": -1.2816157044103822,
            "move_distance": 0.6375850071662024,
            "angle_difference": -2.3530653095251486,
            "hold_type": 1.0
        },
        {
            "problemId": 377047,
            "description": "J7",
            "isStart": false,
            "isEnd": false,
            "normalized_coordinates": [
                0.8181818181818182,
                0.3333333333333333
            ],
            "neighbors": [
                [
                    0.8181818181818182,
                    0.1111111111111111
                ],
                [
                    0.45454545454545453,
                    0.2777777777777778
                ],
                [
                    0.45454545454545453,
                    0.1111111111111111
                ]
            ],
            "edge_distances": [
                0.3333333333333333,
                0.6666666666666667
            ],
            "dx": -0.5454545454545455,
            "dy": 0.27777777777777785,
            "move_angle": 2.670565104770314,
            "move_distance": 0.6121120444691359,
            "angle_difference": 3.952180809180696,
            "hold_type": 0.5
        },
        {
            "problemId": 377047,
            "description": "D12",
            "isStart": false,
            "isEnd": false,
            "normalized_coordinates": [
                0.2727272727272727,
                0.6111111111111112
            ],
            "neighbors": [
                [
                    0.36363636363636365,
                    0.5555555555555556
                ],
                [
                    0.09090909090909091,
                    0.5
                ],
                [
                    0.5454545454545454,
                    0.7777777777777778
                ]
            ],
            "edge_distances": [
                0.6111111111111112,
                0.38888888888888884
            ],
            "dx": 0.5454545454545455,
            "dy": -0.5,
            "move_angle": -0.7419472680059174,
            "move_distance": 0.7399463907318049,
            "angle_difference": -3.4125123727762317,
            "hold_type": 0.5
        },
        {
            "problemId": 377047,
            "description": "J3",
            "isStart": false,
            "isEnd": false,
            "normalized_coordinates": [
                0.8181818181818182,
                0.1111111111111111
            ],
            "neighbors": [
                [
                    0.8181818181818182,
                    0.3333333333333333
                ],
                [
                    0.45454545454545453,
                    0.1111111111111111
                ],
                [
                    0.45454545454545453,
                    0.2777777777777778
                ]
            ],
            "edge_distances": [
                0.1111111111111111,
                0.8888888888888888
            ],
            "dx": -0.7272727272727273,
            "dy": 0.3888888888888889,
            "move_angle": 2.6505546361141246,
            "move_distance": 0.824718247485737,
            "angle_difference": 3.392501904120042,
            "hold_type": 0.0
        },
        {
            "problemId": 377047,
            "description": "B10",
            "isStart": false,
            "isEnd": false,
            "normalized_coordinates": [
                0.09090909090909091,
                0.5
            ],
            "neighbors": [
                [
                    0.2727272727272727,
                    0.6111111111111112
                ],
                [
                    0.36363636363636365,
                    0.5555555555555556
                ],
                [
                    0.45454545454545453,
                    0.2777777777777778
                ]
            ],
            "edge_distances": [
                0.5,
                0.5
            ],
            "dx": 0.7272727272727273,
            "dy": 0.4444444444444444,
            "move_angle": 0.5485494024505281,
            "move_distance": 0.852324166049656,
            "angle_difference": -2.1020052336635966,
            "hold_type": 0.5
        },
        {
            "problemId": 377047,
            "description": "J18",
            "isStart": false,
            "isEnd": true,
            "normalized_coordinates": [
                0.8181818181818182,
                0.9444444444444444
            ],
            "neighbors": [
                [
                    0.6363636363636364,
                    0.9444444444444444
                ],
                [
                    0.5454545454545454,
                    0.7777777777777778
                ],
                [
                    0.36363636363636365,
                    0.5555555555555556
                ]
            ],
            "edge_distances": [
                0.9444444444444444,
                0.05555555555555558
            ],
            "dx": -0.3636363636363637,
            "dy": -0.6666666666666666,
            "move_angle": -2.070143048475027,
            "move_distance": 0.7593917627964647,
            "angle_difference": -2.618692450925555,
            "hold_type": 0.75
        },
        {
            "problemId": 377047,
            "description": "F6",
            "isStart": false,
            "isEnd": false,
            "normalized_coordinates": [
                0.45454545454545453,
                0.2777777777777778
            ],
            "neighbors": [
                [
                    0.45454545454545453,
                    0.1111111111111111
                ],
                [
                    0.36363636363636365,
                    0.5555555555555556
                ],
                [
                    0.8181818181818182,
                    0.3333333333333333
                ]
            ],
            "edge_distances": [
                0.2777777777777778,
                0.7222222222222222
            ],
            "hold_type": 1.0
        }
    ],
    "data.apiId": 377047,
    "hold_presence": [
        1.0,
        0.0,
        0.0,
        0.0,
        0.0,
        0.0,
        0.0,
        0.0,
        0.0,
        0.0,
        0.0,
        0.0,
        0.0,
        0.0,
        0.0,
        0.0,
        0.0,
        0.0,
        0.0,
        0.0,
        0.0,
        0.0,
        0.0,
        0.0,
        0.0,
        0.0,
        0.0,
        1.0,
        0.0,
        0.0,
        0.0,
        1.0,
        0.0,
        0.0,
        0.0,
        0.0,
        0.0,
        0.0,
        0.0,
        0.0,
        0.0,
        0.0,
        0.0,
        0.0,
        0.0,
        0.0,
        0.0,
        0.0,
        0.0,
        0.0,
        0.0,
        0.0,
        0.0,
        0.0,
        0.0,
        0.0,
        0.0,
        0.0,
        0.0,
        0.0,
        1.0,
        0.0,
        0.0,
        0.0,
        0.0,
        0.0,
        0.0,
        0.0,
        0.0,
        0.0,
        0.0,
        0.0,
        0.0,
        0.0,
        0.0,
        1.0,
        0.0,
        0.0,
        0.0,
        0.0,
        0.0,
        0.0,
        0.0,
        0.0,
        0.0,
        0.0,
        0.0,
        0.0,
        0.0,
        0.0,
        0.0,
        0.0,
        0.0,
        0.0,
        0.0,
        0.0,
        0.0,
        0.0,
        0.0,
        0.0,
        1.0,
        0.0,
        0.0,
        0.0,
        0.0,
        0.0,
        0.0,
        0.0,
        0.0,
        0.0,
        0.0,
        0.0,
        0.0,
        0.0,
        1.0,
        0.0,
        0.0,
        0.0,
        0.0,
        0.0,
        0.0,
        0.0,
        0.0,
        0.0,
        1.0,
        0.0,
        0.0,
        0.0,
        0.0,
        0.0,
        0.0,
        0.0,
        0.0,
        0.0,
        0.0,
        0.0,
        0.0,
        0.0,
        0.0,
        0.0,
        0.0,
        0.0,
        0.0,
        0.0,
        0.0,
        0.0,
        0.0,
        0.0,
        0.0,
        0.0,
        0.0,
        0.0,
        0.0,
        0.0,
        0.0,
        0.0,
        0.0,
        0.0,
        0.0,
        0.0,
        1.0,
        0.0,
        0.0,
        0.0,
        0.0,
        0.0,
        0.0,
        0.0,
        0.0,
        0.0,
        0.0,
        0.0,
        0.0,
        0.0,
        0.0,
        0.0,
        0.0,
        0.0,
        0.0,
        0.0,
        0.0,
        0.0,
        0.0,
        0.0,
        0.0,
        0.0,
        0.0,
        0.0,
        0.0,
        0.0,
        0.0,
        0.0,
        0.0,
        0.0,
        1.0,
        0.0,
        1.0,
        0.0
    ],
    "hold_count_norm": 1.6929925248560387,
    "hold_density": 0.33719008264462813,
    "vertical_progress": 0.016666666666666663
}