{
    "data.grade": "7C",
    "data.userGrade": "7C",
    "data.method": "Feet follow hands",
    "data.userRating": 1.791759469228055,
    "data.repeats": 1.9459101490553132,
    "data.moves": [
        {
            "problemId": 395151,
            "description": "J5",
            "isStart": true,
            "isEnd": false,
            "normalized_coordinates": [
                0.8181818181818182,
                0.2222222222222222
            ],
            "neighbors": [
                [
                    0.36363636363636365,
                    0.2222222222222222
                ],
                [
                    0.36363636363636365,
                    0.4444444444444444
                ],
                [
                    0.2727272727272727,
                    0.4444444444444444
                ]
            ],
            "edge_distances": [
                0.2222222222222222,
                0.7777777777777778
            ],
            "dx": -0.4545454545454546,
            "dy": 0.0,
            "move_angle": 3.141592653589793,
            "move_distance": 0.4545454545454546,
            "hold_type": 0.5
        },
        {
            "problemId": 395151,
            "description": "E5",
            "isStart": true,
            "isEnd": false,
            "normalized_coordinates": [
                0.36363636363636365,
                0.2222222222222222
            ],
            "neighbors": [
                [
                    0.36363636363636365,
                    0.4444444444444444
                ],
                [
                    0.2727272727272727,
                    0.4444444444444444
                ],
                [
                    0.0,
                    0.16666666666666666
                ]
            ],
            "edge_distances": [
                0.2222222222222222,
                0.7777777777777778
            ],
            "dx": 0.0,
            "dy": 0.2222222222222222,
            "move_angle": 1.5707963267948966,
            "move_distance": 0.2222222222222222,
            "angle_difference": -1.5707963267948966,
            "hold_type": 0.0
        },
        {
            "problemId": 395151,
            "description": "E9",
            "isStart": false,
            "isEnd": false,
            "normalized_coordinates": [
                0.36363636363636365,
                0.4444444444444444
            ],
            "neighbors": [
                [
                    0.2727272727272727,
                    0.4444444444444444
                ],
                [
                    0.36363636363636365,
                    0.2222222222222222
                ],
                [
                    0.09090909090909091,
                    0.6111111111111112
                ]
            ],
            "edge_distances": [
                0.4444444444444444,
                0.5555555555555556
            ],
            "dx": -0.09090909090909094,
            "dy": 0.0,
            "move_angle": 3.141592653589793,
            "move_distance": 0.09090909090909094,
            "angle_difference": 1.5707963267948966,
            "hold_type": 0.0
        },
        {
            "problemId": 395151,
            "description": "D9",
            "isStart": false,
            "isEnd": false,
            "normalized_coordinates": [
                0.2727272727272727,
                0.4444444444444444
            ],
            "neighbors": [
                [
                    0.36363636363636365,
                    0.4444444444444444
                ],
                [
                    0.36363636363636365,
                    0.2222222222222222
                ],
                [
                    0.09090909090909091,
                    0.6111111111111112
                ]
            ],
            "edge_distances": [
                0.4444444444444444,
                0.5555555555555556
            ],
            "dx": -0.2727272727272727,
            "dy": -0.2777777777777778,
            "move_angle": -2.347020435647235,
            "move_distance": 0.3892822358089522,
            "angle_difference": -5.4886130892370275,
            "hold_type": 1.0
        },
        {
            "problemId": 395151,
            "description": "A4",
            "isStart": false,
            "isEnd": false,
            "normalized_coordinates": [
                0.0,
                0.16666666666666666
            ],
            "neighbors": [
                [
                    0.36363636363636365,
                    0.2222222222222222
                ],
                [
                    0.2727272727272727,
                    0.4444444444444444
                ],
                [
                    0.09090909090909091,
                    0.6111111111111112
                ]
            ],
            "edge_distances": [
                0.16666666666666666,
                0.8333333333333334
            ],
            "dx": 0.09090909090909091,
            "dy": 0.44444444444444453,
            "move_angle": 1.3690339824746096,
            "move_distance": 0.4536466984421338,
            "angle_difference": 3.7160544181218444,
            "hold_type": 1.0
        },
        {
            "problemId": 395151,
            "description": "B12",
            "isStart": false,
            "isEnd": false,
            "normalized_coordinates": [
                0.09090909090909091,
                0.6111111111111112
            ],
            "neighbors": [
                [
                    0.2727272727272727,
                    0.4444444444444444
                ],
                [
                    0.36363636363636365,
                    0.4444444444444444
                ],
                [
                    0.18181818181818182,
                    0.9444444444444444
                ]
            ],
            "edge_distances": [
                0.6111111111111112,
                0.38888888888888884
            ],
            "dx": 0.4545454545454545,
            "dy": 0.16666666666666663,
            "move_angle": 0.35144479400355166,
            "move_distance": 0.4841377366263774,
            "angle_difference": -1.017589188471058,
            "hold_type": 0.5
        },
        {
            "problemId": 395151,
            "description": "G15",
            "isStart": false,
            "isEnd": false,
            "normalized_coordinates": [
                0.5454545454545454,
                0.7777777777777778
            ],
            "neighbors": [
                [
                    0.36363636363636365,
                    0.4444444444444444
                ],
                [
                    0.18181818181818182,
                    0.9444444444444444
                ],
                [
                    0.2727272727272727,
                    0.4444444444444444
                ]
            ],
            "edge_distances": [
                0.7777777777777778,
                0.2222222222222222
            ],
            "dx": -0.3636363636363636,
            "dy": 0.16666666666666663,
            "move_angle": 2.711830374493105,
            "move_distance": 0.40001147825588135,
            "angle_difference": 2.3603855804895533,
            "hold_type": 1.0
        },
        {
            "problemId": 395151,
            "description": "C18",
            "isStart": false,
            "isEnd": true,
            "normalized_coordinates": [
                0.18181818181818182,
                0.9444444444444444
            ],
            "neighbors": [
                [
                    0.09090909090909091,
                    0.6111111111111112
                ],
                [
                    0.5454545454545454,
                    0.7777777777777778
                ],
                [
                    0.2727272727272727,
                    0.4444444444444444
                ]
            ],
            "edge_distances": [
                0.9444444444444444,
                0.05555555555555558
            ],
            "hold_type": 0.5
        }
    ],
    "data.apiId": 395151,
    "hold_presence": [
        0.0,
        0.0,
        0.0,
        0.0,
        0.0,
        0.0,
        0.0,
        0.0,
        0.0,
        0.0,
        0.0,
        0.0,
        0.0,
        0.0,
        0.0,
        0.0,
        0.0,
        0.0,
        0.0,
        0.0,
        0.0,
        0.0,
        0.0,
        0.0,
        0.0,
        0.0,
        0.0,
        0.0,
        0.0,
        0.0,
        0.0,
        0.0,
        0.0,
        1.0,
        0.0,
        0.0,
        0.0,
        0.0,
        0.0,
        0.0,
        0.0,
        0.0,
        0.0,
        0.0,
        0.0,
        0.0,
        0.0,
        0.0,
        1.0,
        0.0,
        0.0,
        0.0,
        0.0,
        1.0,
        0.0,
        0.0,
        0.0,
        0.0,
        0.0,
        0.0,
        0.0,
        0.0,
        0.0,
        0.0,
        0.0,
        0.0,
        0.0,
        0.0,
        0.0,
        0.0,
        0.0,
        0.0,
        0.0,
        0.0,
        0.0,
        0.0,
        0.0,
        0.0,
        0.0,
        0.0,
        0.0,
        0.0,
        0.0,
        0.0,
        0.0,
        0.0,
        0.0,
        0.0,
        0.0,
        0.0,
        0.0,
        1.0,
        1.0,
        0.0,
        0.0,
        0.0,
        0.0,
        0.0,
        0.0,
        0.0,
        0.0,
        0.0,
        0.0,
        0.0,
        0.0,
        0.0,
        0.0,
        0.0,
        0.0,
        0.0,
        0.0,
        0.0,
        0.0,
        0.0,
        0.0,
        0.0,
        0.0,
        0.0,
        0.0,
        0.0,
        0.0,
        0.0,
        1.0,
        0.0,
        0.0,
        0.0,
        0.0,
        0.0,
        0.0,
        0.0,
        0.0,
        0.0,
        0.0,
        0.0,
        0.0,
        0.0,
        0.0,
        0.0,
        0.0,
        0.0,
        0.0,
        0.0,
        0.0,
        0.0,
        0.0,
        0.0,
        0.0,
        0.0,
        0.0,
        0.0,
        0.0,
        0.0,
        0.0,
        0.0,
        0.0,
        0.0,
        0.0,
        0.0,
        0.0,
        0.0,
        1.0,
        0.0,
        0.0,
        0.0,
        0.0,
        0.0,
        0.0,
        0.0,
        0.0,
        0.0,
        0.0,
        0.0,
        0.0,
        0.0,
        0.0,
        0.0,
        0.0,
        0.0,
        0.0,
        0.0,
        0.0,
        0.0,
        0.0,
        0.0,
        0.0,
        0.0,
        0.0,
        0.0,
        0.0,
        1.0,
        0.0,
        0.0,
        0.0,
        0.0,
        0.0,
        0.0,
        0.0,
        0.0
    ],
    "hold_count_norm": 0.09972664227977365,
    "hold_density": 0.3084415584415584,
    "vertical_progress": 0.10317460317460317
}