{
    "data.grade": "7C",
    "data.userGrade": null,
    "data.method": "Feet follow hands",
    "data.userRating": 0.0,
    "data.repeats": 0.0,
    "data.moves": [
        {
            "problemId": 395551,
            "description": "G10",
            "isStart": false,
            "isEnd": false,
            "normalized_coordinates": [
                0.5454545454545454,
                0.5
            ],
            "neighbors": [
                [
                    0.6363636363636364,
                    0.7777777777777778
                ],
                [
                    0.36363636363636365,
                    0.16666666666666666
                ],
                [
                    0.5454545454545454,
                    0.1111111111111111
                ]
            ],
            "edge_distances": [
                0.5,
                0.5
            ],
            "dx": 0.09090909090909094,
            "dy": 0.2777777777777778,
            "move_angle": 1.254510198882742,
            "move_distance": 0.292275480731925,
            "hold_type": 0.5
        },
        {
            "problemId": 395551,
            "description": "H15",
            "isStart": false,
            "isEnd": false,
            "normalized_coordinates": [
                0.6363636363636364,
                0.7777777777777778
            ],
            "neighbors": [
                [
                    0.5454545454545454,
                    0.5
                ],
                [
                    0.9090909090909091,
                    0.9444444444444444
                ],
                [
                    0.36363636363636365,
                    0.16666666666666666
                ]
            ],
            "edge_distances": [
                0.7777777777777778,
                0.2222222222222222
            ],
            "dx": -0.2727272727272727,
            "dy": -0.6111111111111112,
            "move_angle": -1.9905532222240574,
            "move_distance": 0.6692062129214829,
            "angle_difference": -3.2450634211067992,
            "hold_type": 1.0
        },
        {
            "problemId": 395551,
            "description": "E4",
            "isStart": true,
            "isEnd": false,
            "normalized_coordinates": [
                0.36363636363636365,
                0.16666666666666666
            ],
            "neighbors": [
                [
                    0.5454545454545454,
                    0.1111111111111111
                ],
                [
                    0.5454545454545454,
                    0.5
                ],
                [
                    0.9090909090909091,
                    0.1111111111111111
                ]
            ],
            "edge_distances": [
                0.16666666666666666,
                0.8333333333333334
            ],
            "dx": 0.18181818181818177,
            "dy": -0.05555555555555555,
            "move_angle": -0.2965458090697005,
            "move_distance": 0.19011646691635056,
            "angle_difference": 1.694007413154357,
            "hold_type": 0.25
        },
        {
            "problemId": 395551,
            "description": "G3",
            "isStart": true,
            "isEnd": false,
            "normalized_coordinates": [
                0.5454545454545454,
                0.1111111111111111
            ],
            "neighbors": [
                [
                    0.36363636363636365,
                    0.16666666666666666
                ],
                [
                    0.9090909090909091,
                    0.1111111111111111
                ],
                [
                    0.5454545454545454,
                    0.5
                ]
            ],
            "edge_distances": [
                0.1111111111111111,
                0.8888888888888888
            ],
            "dx": 0.36363636363636365,
            "dy": 0.0,
            "move_angle": 0.0,
            "move_distance": 0.36363636363636365,
            "angle_difference": 0.2965458090697005,
            "hold_type": 0.0
        },
        {
            "problemId": 395551,
            "description": "K3",
            "isStart": false,
            "isEnd": false,
            "normalized_coordinates": [
                0.9090909090909091,
                0.1111111111111111
            ],
            "neighbors": [
                [
                    0.5454545454545454,
                    0.1111111111111111
                ],
                [
                    0.5454545454545454,
                    0.5
                ],
                [
                    0.36363636363636365,
                    0.16666666666666666
                ]
            ],
            "edge_distances": [
                0.1111111111111111,
                0.8888888888888888
            ],
            "dx": 0.0,
            "dy": 0.8333333333333333,
            "move_angle": 1.5707963267948966,
            "move_distance": 0.8333333333333333,
            "angle_difference": 1.5707963267948966,
            "hold_type": 0.75
        },
        {
            "problemId": 395551,
            "description": "K18",
            "isStart": false,
            "isEnd": true,
            "normalized_coordinates": [
                0.9090909090909091,
                0.9444444444444444
            ],
            "neighbors": [
                [
                    0.6363636363636364,
                    0.7777777777777778
                ],
                [
                    0.5454545454545454,
                    0.5
                ],
                [
                    0.9090909090909091,
                    0.1111111111111111
                ]
            ],
            "edge_distances": [
                0.9444444444444444,
                0.05555555555555558
            ],
            "hold_type": 0.0
        }
    ],
    "data.apiId": 395551,
    "hold_presence": [
        0.0,
        0.0,
        0.0,
        0.0,
        0.0,
        0.0,
        0.0,
        0.0,
        0.0,
        0.0,
        0.0,
        0.0,
        0.0,
        0.0,
        0.0,
        0.0,
        0.0,
        0.0,
        0.0,
        0.0,
        0.0,
        0.0,
        0.0,
        0.0,
        0.0,
        0.0,
        0.0,
        0.0,
        1.0,
        0.0,
        0.0,
        0.0,
        1.0,
        0.0,
        0.0,
        0.0,
        0.0,
        1.0,
        0.0,
        0.0,
        0.0,
        0.0,
        0.0,
        0.0,
        0.0,
        0.0,
        0.0,
        0.0,
        0.0,
        0.0,
        0.0,
        0.0,
        0.0,
        0.0,
        0.0,
        0.0,
        0.0,
        0.0,
        0.0,
        0.0,
        0.0,
        0.0,
        0.0,
        0.0,
        0.0,
        0.0,
        0.0,
        0.0,
        0.0,
        0.0,
        0.0,
        0.0,
        0.0,
        0.0,
        0.0,
        0.0,
        0.0,
        0.0,
        0.0,
        0.0,
        0.0,
        0.0,
        0.0,
        0.0,
        0.0,
        0.0,
        0.0,
        0.0,
        0.0,
        0.0,
        0.0,
        0.0,
        0.0,
        0.0,
        0.0,
        0.0,
        0.0,
        0.0,
        0.0,
        0.0,
        0.0,
        0.0,
        0.0,
        0.0,
        0.0,
        1.0,
        0.0,
        0.0,
        0.0,
        0.0,
        0.0,
        0.0,
        0.0,
        0.0,
        0.0,
        0.0,
        0.0,
        0.0,
        0.0,
        0.0,
        0.0,
        0.0,
        0.0,
        0.0,
        0.0,
        0.0,
        0.0,
        0.0,
        0.0,
        0.0,
        0.0,
        0.0,
        0.0,
        0.0,
        0.0,
        0.0,
        0.0,
        0.0,
        0.0,
        0.0,
        0.0,
        0.0,
        0.0,
        0.0,
        0.0,
        0.0,
        0.0,
        0.0,
        0.0,
        0.0,
        0.0,
        0.0,
        0.0,
        0.0,
        0.0,
        0.0,
        0.0,
        0.0,
        0.0,
        0.0,
        0.0,
        1.0,
        0.0,
        0.0,
        0.0,
        0.0,
        0.0,
        0.0,
        0.0,
        0.0,
        0.0,
        0.0,
        0.0,
        0.0,
        0.0,
        0.0,
        0.0,
        0.0,
        0.0,
        0.0,
        0.0,
        0.0,
        0.0,
        0.0,
        0.0,
        0.0,
        0.0,
        0.0,
        0.0,
        0.0,
        0.0,
        0.0,
        0.0,
        0.0,
        0.0,
        0.0,
        0.0,
        1.0
    ],
    "hold_count_norm": -0.9624506127710697,
    "hold_density": 0.2606060606060606,
    "vertical_progress": 0.08888888888888886
}