{
    "data.grade": "7C",
    "data.userGrade": "7C",
    "data.method": "Feet follow hands",
    "data.userRating": 1.6094379124341003,
    "data.repeats": 1.6094379124341003,
    "data.moves": [
        {
            "problemId": 376367,
            "description": "C8",
            "isStart": false,
            "isEnd": false,
            "normalized_coordinates": [
                0.18181818181818182,
                0.3888888888888889
            ],
            "neighbors": [
                [
                    0.0,
                    0.3333333333333333
                ],
                [
                    0.36363636363636365,
                    0.16666666666666666
                ],
                [
                    0.0,
                    0.6111111111111112
                ]
            ],
            "edge_distances": [
                0.3888888888888889,
                0.6111111111111112
            ],
            "dx": -0.18181818181818182,
            "dy": -0.05555555555555558,
            "move_angle": -2.8450468445200925,
            "move_distance": 0.19011646691635062,
            "hold_type": 0.0
        },
        {
            "problemId": 376367,
            "description": "A7",
            "isStart": false,
            "isEnd": false,
            "normalized_coordinates": [
                0.0,
                0.3333333333333333
            ],
            "neighbors": [
                [
                    0.18181818181818182,
                    0.3888888888888889
                ],
                [
                    0.0,
                    0.6111111111111112
                ],
                [
                    0.36363636363636365,
                    0.16666666666666666
                ]
            ],
            "edge_distances": [
                0.3333333333333333,
                0.6666666666666667
            ],
            "dx": 0.0,
            "dy": 0.27777777777777785,
            "move_angle": 1.5707963267948966,
            "move_distance": 0.27777777777777785,
            "angle_difference": 4.4158431713149895,
            "hold_type": 0.0
        },
        {
            "problemId": 376367,
            "description": "A12",
            "isStart": false,
            "isEnd": false,
            "normalized_coordinates": [
                0.0,
                0.6111111111111112
            ],
            "neighbors": [
                [
                    0.0,
                    0.3333333333333333
                ],
                [
                    0.18181818181818182,
                    0.3888888888888889
                ],
                [
                    0.2727272727272727,
                    0.9444444444444444
                ]
            ],
            "edge_distances": [
                0.6111111111111112,
                0.38888888888888884
            ],
            "dx": 0.6363636363636364,
            "dy": -0.5,
            "move_angle": -0.6659692373791098,
            "move_distance": 0.8092951733984025,
            "angle_difference": -2.2367655641740063,
            "hold_type": 0.75
        },
        {
            "problemId": 376367,
            "description": "H3",
            "isStart": true,
            "isEnd": false,
            "normalized_coordinates": [
                0.6363636363636364,
                0.1111111111111111
            ],
            "neighbors": [
                [
                    0.36363636363636365,
                    0.16666666666666666
                ],
                [
                    0.18181818181818182,
                    0.3888888888888889
                ],
                [
                    0.45454545454545453,
                    0.7222222222222222
                ]
            ],
            "edge_distances": [
                0.1111111111111111,
                0.8888888888888888
            ],
            "dx": -0.2727272727272727,
            "dy": 0.05555555555555555,
            "move_angle": 2.940638389901696,
            "move_distance": 0.2783281966354516,
            "angle_difference": 3.606607627280806,
            "hold_type": 0.25
        },
        {
            "problemId": 376367,
            "description": "E4",
            "isStart": true,
            "isEnd": false,
            "normalized_coordinates": [
                0.36363636363636365,
                0.16666666666666666
            ],
            "neighbors": [
                [
                    0.6363636363636364,
                    0.1111111111111111
                ],
                [
                    0.18181818181818182,
                    0.3888888888888889
                ],
                [
                    0.0,
                    0.3333333333333333
                ]
            ],
            "edge_distances": [
                0.16666666666666666,
                0.8333333333333334
            ],
            "dx": 0.09090909090909088,
            "dy": 0.5555555555555556,
            "move_angle": 1.4085974933315142,
            "move_distance": 0.5629444360845565,
            "angle_difference": -1.532040896570182,
            "hold_type": 0.25
        },
        {
            "problemId": 376367,
            "description": "F14",
            "isStart": false,
            "isEnd": false,
            "normalized_coordinates": [
                0.45454545454545453,
                0.7222222222222222
            ],
            "neighbors": [
                [
                    0.2727272727272727,
                    0.9444444444444444
                ],
                [
                    0.18181818181818182,
                    0.3888888888888889
                ],
                [
                    0.0,
                    0.6111111111111112
                ]
            ],
            "edge_distances": [
                0.7222222222222222,
                0.2777777777777778
            ],
            "dx": -0.18181818181818182,
            "dy": 0.2222222222222222,
            "move_angle": 2.256525837701183,
            "move_distance": 0.28712465461721,
            "angle_difference": 0.8479283443696688,
            "hold_type": 0.0
        },
        {
            "problemId": 376367,
            "description": "D18",
            "isStart": false,
            "isEnd": true,
            "normalized_coordinates": [
                0.2727272727272727,
                0.9444444444444444
            ],
            "neighbors": [
                [
                    0.45454545454545453,
                    0.7222222222222222
                ],
                [
                    0.0,
                    0.6111111111111112
                ],
                [
                    0.18181818181818182,
                    0.3888888888888889
                ]
            ],
            "edge_distances": [
                0.9444444444444444,
                0.05555555555555558
            ],
            "hold_type": 1.0
        }
    ],
    "data.apiId": 376367,
    "hold_presence": [
        0.0,
        0.0,
        0.0,
        0.0,
        0.0,
        0.0,
        0.0,
        0.0,
        0.0,
        0.0,
        0.0,
        0.0,
        0.0,
        0.0,
        0.0,
        0.0,
        0.0,
        0.0,
        0.0,
        0.0,
        0.0,
        0.0,
        0.0,
        0.0,
        0.0,
        0.0,
        0.0,
        0.0,
        0.0,
        1.0,
        0.0,
        0.0,
        0.0,
        0.0,
        0.0,
        0.0,
        0.0,
        1.0,
        0.0,
        0.0,
        0.0,
        0.0,
        0.0,
        0.0,
        0.0,
        0.0,
        0.0,
        0.0,
        0.0,
        0.0,
        0.0,
        0.0,
        0.0,
        0.0,
        0.0,
        0.0,
        0.0,
        0.0,
        0.0,
        0.0,
        0.0,
        0.0,
        0.0,
        0.0,
        0.0,
        0.0,
        1.0,
        0.0,
        0.0,
        0.0,
        0.0,
        0.0,
        0.0,
        0.0,
        0.0,
        0.0,
        0.0,
        0.0,
        0.0,
        1.0,
        0.0,
        0.0,
        0.0,
        0.0,
        0.0,
        0.0,
        0.0,
        0.0,
        0.0,
        0.0,
        0.0,
        0.0,
        0.0,
        0.0,
        0.0,
        0.0,
        0.0,
        0.0,
        0.0,
        0.0,
        0.0,
        0.0,
        0.0,
        0.0,
        0.0,
        0.0,
        0.0,
        0.0,
        0.0,
        0.0,
        0.0,
        0.0,
        0.0,
        0.0,
        0.0,
        0.0,
        0.0,
        0.0,
        0.0,
        0.0,
        0.0,
        1.0,
        0.0,
        0.0,
        0.0,
        0.0,
        0.0,
        0.0,
        0.0,
        0.0,
        0.0,
        0.0,
        0.0,
        0.0,
        0.0,
        0.0,
        0.0,
        0.0,
        0.0,
        0.0,
        0.0,
        0.0,
        0.0,
        0.0,
        0.0,
        0.0,
        0.0,
        0.0,
        1.0,
        0.0,
        0.0,
        0.0,
        0.0,
        0.0,
        0.0,
        0.0,
        0.0,
        0.0,
        0.0,
        0.0,
        0.0,
        0.0,
        0.0,
        0.0,
        0.0,
        0.0,
        0.0,
        0.0,
        0.0,
        0.0,
        0.0,
        0.0,
        0.0,
        0.0,
        0.0,
        0.0,
        0.0,
        0.0,
        0.0,
        0.0,
        0.0,
        0.0,
        0.0,
        0.0,
        0.0,
        0.0,
        0.0,
        0.0,
        0.0,
        0.0,
        1.0,
        0.0,
        0.0,
        0.0,
        0.0,
        0.0,
        0.0,
        0.0
    ],
    "hold_count_norm": -0.431361985245648,
    "hold_density": 0.28571428571428564,
    "vertical_progress": 0.0925925925925926
}