{
    "data.grade": "7C",
    "data.userGrade": null,
    "data.method": "Feet follow hands",
    "data.userRating": 1.791759469228055,
    "data.repeats": 1.3862943611198906,
    "data.moves": [
        {
            "problemId": 337043,
            "description": "H3",
            "isStart": true,
            "isEnd": false,
            "normalized_coordinates": [
                0.6363636363636364,
                0.1111111111111111
            ],
            "neighbors": [
                [
                    0.45454545454545453,
                    0.2777777777777778
                ],
                [
                    0.2727272727272727,
                    0.5555555555555556
                ],
                [
                    0.09090909090909091,
                    0.4444444444444444
                ]
            ],
            "edge_distances": [
                0.1111111111111111,
                0.8888888888888888
            ],
            "dx": -0.6363636363636364,
            "dy": 0.1111111111111111,
            "move_angle": 2.968732046802648,
            "move_distance": 0.6459909880937165,
            "hold_type": 0.25
        },
        {
            "problemId": 337043,
            "description": "A5",
            "isStart": true,
            "isEnd": false,
            "normalized_coordinates": [
                0.0,
                0.2222222222222222
            ],
            "neighbors": [
                [
                    0.09090909090909091,
                    0.4444444444444444
                ],
                [
                    0.2727272727272727,
                    0.5555555555555556
                ],
                [
                    0.45454545454545453,
                    0.2777777777777778
                ]
            ],
            "edge_distances": [
                0.2222222222222222,
                0.7777777777777778
            ],
            "dx": 0.45454545454545453,
            "dy": 0.05555555555555558,
            "move_angle": 0.12161902326134663,
            "move_distance": 0.45792793101209744,
            "angle_difference": -2.8471130235413016,
            "hold_type": 0.0
        },
        {
            "problemId": 337043,
            "description": "F6",
            "isStart": false,
            "isEnd": false,
            "normalized_coordinates": [
                0.45454545454545453,
                0.2777777777777778
            ],
            "neighbors": [
                [
                    0.6363636363636364,
                    0.1111111111111111
                ],
                [
                    0.2727272727272727,
                    0.5555555555555556
                ],
                [
                    0.09090909090909091,
                    0.4444444444444444
                ]
            ],
            "edge_distances": [
                0.2777777777777778,
                0.7222222222222222
            ],
            "dx": -0.36363636363636365,
            "dy": 0.16666666666666663,
            "move_angle": 2.711830374493105,
            "move_distance": 0.40001147825588135,
            "angle_difference": 2.5902113512317584,
            "hold_type": 1.0
        },
        {
            "problemId": 337043,
            "description": "B9",
            "isStart": false,
            "isEnd": false,
            "normalized_coordinates": [
                0.09090909090909091,
                0.4444444444444444
            ],
            "neighbors": [
                [
                    0.2727272727272727,
                    0.5555555555555556
                ],
                [
                    0.0,
                    0.2222222222222222
                ],
                [
                    0.18181818181818182,
                    0.8333333333333334
                ]
            ],
            "edge_distances": [
                0.4444444444444444,
                0.5555555555555556
            ],
            "dx": 0.1818181818181818,
            "dy": 0.11111111111111116,
            "move_angle": 0.5485494024505283,
            "move_distance": 0.21308104151241403,
            "angle_difference": -2.1632809720425765,
            "hold_type": 0.0
        },
        {
            "problemId": 337043,
            "description": "D11",
            "isStart": false,
            "isEnd": false,
            "normalized_coordinates": [
                0.2727272727272727,
                0.5555555555555556
            ],
            "neighbors": [
                [
                    0.09090909090909091,
                    0.4444444444444444
                ],
                [
                    0.18181818181818182,
                    0.8333333333333334
                ],
                [
                    0.45454545454545453,
                    0.2777777777777778
                ]
            ],
            "edge_distances": [
                0.5555555555555556,
                0.4444444444444444
            ],
            "dx": -0.09090909090909088,
            "dy": 0.2777777777777778,
            "move_angle": 1.887082454707051,
            "move_distance": 0.292275480731925,
            "angle_difference": 1.3385330522565226,
            "hold_type": 0.5
        },
        {
            "problemId": 337043,
            "description": "C16",
            "isStart": false,
            "isEnd": false,
            "normalized_coordinates": [
                0.18181818181818182,
                0.8333333333333334
            ],
            "neighbors": [
                [
                    0.2727272727272727,
                    0.5555555555555556
                ],
                [
                    0.09090909090909091,
                    0.4444444444444444
                ],
                [
                    0.6363636363636364,
                    0.9444444444444444
                ]
            ],
            "edge_distances": [
                0.8333333333333334,
                0.16666666666666663
            ],
            "dx": 0.45454545454545453,
            "dy": 0.11111111111111105,
            "move_angle": 0.23974310887045647,
            "move_distance": 0.4679286796727462,
            "angle_difference": -1.6473393458365946,
            "hold_type": 0.75
        },
        {
            "problemId": 337043,
            "description": "H18",
            "isStart": false,
            "isEnd": true,
            "normalized_coordinates": [
                0.6363636363636364,
                0.9444444444444444
            ],
            "neighbors": [
                [
                    0.18181818181818182,
                    0.8333333333333334
                ],
                [
                    0.2727272727272727,
                    0.5555555555555556
                ],
                [
                    0.45454545454545453,
                    0.2777777777777778
                ]
            ],
            "edge_distances": [
                0.9444444444444444,
                0.05555555555555558
            ],
            "hold_type": 1.0
        }
    ],
    "data.apiId": 337043,
    "hold_presence": [
        0.0,
        0.0,
        0.0,
        0.0,
        0.0,
        0.0,
        0.0,
        0.0,
        0.0,
        0.0,
        0.0,
        0.0,
        0.0,
        0.0,
        0.0,
        0.0,
        0.0,
        0.0,
        0.0,
        0.0,
        0.0,
        0.0,
        0.0,
        0.0,
        0.0,
        0.0,
        0.0,
        0.0,
        0.0,
        1.0,
        0.0,
        0.0,
        0.0,
        0.0,
        0.0,
        0.0,
        0.0,
        0.0,
        0.0,
        0.0,
        0.0,
        0.0,
        0.0,
        0.0,
        1.0,
        0.0,
        0.0,
        0.0,
        0.0,
        0.0,
        0.0,
        0.0,
        0.0,
        0.0,
        0.0,
        0.0,
        0.0,
        0.0,
        0.0,
        0.0,
        1.0,
        0.0,
        0.0,
        0.0,
        0.0,
        0.0,
        0.0,
        0.0,
        0.0,
        0.0,
        0.0,
        0.0,
        0.0,
        0.0,
        0.0,
        0.0,
        0.0,
        0.0,
        0.0,
        0.0,
        0.0,
        0.0,
        0.0,
        0.0,
        0.0,
        0.0,
        0.0,
        0.0,
        0.0,
        1.0,
        0.0,
        0.0,
        0.0,
        0.0,
        0.0,
        0.0,
        0.0,
        0.0,
        0.0,
        0.0,
        0.0,
        0.0,
        0.0,
        0.0,
        0.0,
        0.0,
        0.0,
        0.0,
        0.0,
        0.0,
        0.0,
        0.0,
        0.0,
        1.0,
        0.0,
        0.0,
        0.0,
        0.0,
        0.0,
        0.0,
        0.0,
        0.0,
        0.0,
        0.0,
        0.0,
        0.0,
        0.0,
        0.0,
        0.0,
        0.0,
        0.0,
        0.0,
        0.0,
        0.0,
        0.0,
        0.0,
        0.0,
        0.0,
        0.0,
        0.0,
        0.0,
        0.0,
        0.0,
        0.0,
        0.0,
        0.0,
        0.0,
        0.0,
        0.0,
        0.0,
        0.0,
        0.0,
        0.0,
        0.0,
        0.0,
        0.0,
        0.0,
        0.0,
        0.0,
        0.0,
        0.0,
        0.0,
        0.0,
        0.0,
        0.0,
        0.0,
        0.0,
        1.0,
        0.0,
        0.0,
        0.0,
        0.0,
        0.0,
        0.0,
        0.0,
        0.0,
        0.0,
        0.0,
        0.0,
        0.0,
        0.0,
        0.0,
        0.0,
        0.0,
        0.0,
        0.0,
        0.0,
        0.0,
        0.0,
        0.0,
        0.0,
        0.0,
        0.0,
        0.0,
        1.0,
        0.0,
        0.0,
        0.0
    ],
    "hold_count_norm": -0.431361985245648,
    "hold_density": 0.31168831168831157,
    "vertical_progress": 0.1388888888888889
}