{
    "data.grade": "7C",
    "data.userGrade": "7C",
    "data.method": "Feet follow hands",
    "data.userRating": 1.6094379124341003,
    "data.repeats": 5.327876168789581,
    "data.moves": [
        {
            "problemId": 309917,
            "description": "A13",
            "isStart": false,
            "isEnd": false,
            "normalized_coordinates": [
                0.0,
                0.6666666666666666
            ],
            "neighbors": [
                [
                    0.09090909090909091,
                    0.8333333333333334
                ],
                [
                    0.18181818181818182,
                    0.7777777777777778
                ],
                [
                    0.09090909090909091,
                    0.4444444444444444
                ]
            ],
            "edge_distances": [
                0.6666666666666666,
                0.33333333333333337
            ],
            "dx": 0.09090909090909091,
            "dy": 0.16666666666666674,
            "move_angle": 1.0714496051147666,
            "move_distance": 0.18984794069911626,
            "hold_type": 0.75
        },
        {
            "problemId": 309917,
            "description": "B16",
            "isStart": false,
            "isEnd": false,
            "normalized_coordinates": [
                0.09090909090909091,
                0.8333333333333334
            ],
            "neighbors": [
                [
                    0.18181818181818182,
                    0.7777777777777778
                ],
                [
                    0.0,
                    0.6666666666666666
                ],
                [
                    0.09090909090909091,
                    0.4444444444444444
                ]
            ],
            "edge_distances": [
                0.8333333333333334,
                0.16666666666666663
            ],
            "dx": 0.0,
            "dy": -0.38888888888888895,
            "move_angle": -1.5707963267948966,
            "move_distance": 0.38888888888888895,
            "angle_difference": -2.642245931909663,
            "hold_type": 0.0
        },
        {
            "problemId": 309917,
            "description": "B9",
            "isStart": false,
            "isEnd": false,
            "normalized_coordinates": [
                0.09090909090909091,
                0.4444444444444444
            ],
            "neighbors": [
                [
                    0.09090909090909091,
                    0.2777777777777778
                ],
                [
                    0.18181818181818182,
                    0.2222222222222222
                ],
                [
                    0.0,
                    0.6666666666666666
                ]
            ],
            "edge_distances": [
                0.4444444444444444,
                0.5555555555555556
            ],
            "dx": 0.0,
            "dy": -0.16666666666666663,
            "move_angle": -1.5707963267948966,
            "move_distance": 0.16666666666666663,
            "angle_difference": 0.0,
            "hold_type": 0.0
        },
        {
            "problemId": 309917,
            "description": "B6",
            "isStart": false,
            "isEnd": false,
            "normalized_coordinates": [
                0.09090909090909091,
                0.2777777777777778
            ],
            "neighbors": [
                [
                    0.18181818181818182,
                    0.2222222222222222
                ],
                [
                    0.09090909090909091,
                    0.4444444444444444
                ],
                [
                    0.18181818181818182,
                    0.05555555555555555
                ]
            ],
            "edge_distances": [
                0.2777777777777778,
                0.7222222222222222
            ],
            "dx": 0.09090909090909091,
            "dy": -0.22222222222222224,
            "move_angle": -1.1824776086224307,
            "move_distance": 0.2400982691718124,
            "angle_difference": 0.3883187181724659,
            "hold_type": 0.0
        },
        {
            "problemId": 309917,
            "description": "C2",
            "isStart": true,
            "isEnd": false,
            "normalized_coordinates": [
                0.18181818181818182,
                0.05555555555555555
            ],
            "neighbors": [
                [
                    0.18181818181818182,
                    0.2222222222222222
                ],
                [
                    0.09090909090909091,
                    0.2777777777777778
                ],
                [
                    0.09090909090909091,
                    0.4444444444444444
                ]
            ],
            "edge_distances": [
                0.05555555555555555,
                0.9444444444444444
            ],
            "dx": 0.0,
            "dy": 0.16666666666666666,
            "move_angle": 1.5707963267948966,
            "move_distance": 0.16666666666666666,
            "angle_difference": 2.7532739354173272,
            "hold_type": 0.0
        },
        {
            "problemId": 309917,
            "description": "C5",
            "isStart": true,
            "isEnd": false,
            "normalized_coordinates": [
                0.18181818181818182,
                0.2222222222222222
            ],
            "neighbors": [
                [
                    0.09090909090909091,
                    0.2777777777777778
                ],
                [
                    0.18181818181818182,
                    0.05555555555555555
                ],
                [
                    0.09090909090909091,
                    0.4444444444444444
                ]
            ],
            "edge_distances": [
                0.2222222222222222,
                0.7777777777777778
            ],
            "dx": 0.0,
            "dy": 0.5555555555555556,
            "move_angle": 1.5707963267948966,
            "move_distance": 0.5555555555555556,
            "angle_difference": 0.0,
            "hold_type": 0.0
        },
        {
            "problemId": 309917,
            "description": "C15",
            "isStart": false,
            "isEnd": false,
            "normalized_coordinates": [
                0.18181818181818182,
                0.7777777777777778
            ],
            "neighbors": [
                [
                    0.09090909090909091,
                    0.8333333333333334
                ],
                [
                    0.0,
                    0.6666666666666666
                ],
                [
                    0.09090909090909091,
                    0.4444444444444444
                ]
            ],
            "edge_distances": [
                0.7777777777777778,
                0.2222222222222222
            ],
            "dx": 0.3636363636363636,
            "dy": 0.05555555555555558,
            "move_angle": 0.1516054874382729,
            "move_distance": 0.36785571181071,
            "angle_difference": -1.4191908393566237,
            "hold_type": 1.0
        },
        {
            "problemId": 309917,
            "description": "G16",
            "isStart": false,
            "isEnd": false,
            "normalized_coordinates": [
                0.5454545454545454,
                0.8333333333333334
            ],
            "neighbors": [
                [
                    0.6363636363636364,
                    0.7777777777777778
                ],
                [
                    0.18181818181818182,
                    0.7777777777777778
                ],
                [
                    0.9090909090909091,
                    0.9444444444444444
                ]
            ],
            "edge_distances": [
                0.8333333333333334,
                0.16666666666666663
            ],
            "dx": 0.09090909090909094,
            "dy": -0.05555555555555558,
            "move_angle": -0.5485494024505281,
            "move_distance": 0.10654052075620704,
            "angle_difference": -0.700154889888801,
            "hold_type": 0.75
        },
        {
            "problemId": 309917,
            "description": "H15",
            "isStart": false,
            "isEnd": false,
            "normalized_coordinates": [
                0.6363636363636364,
                0.7777777777777778
            ],
            "neighbors": [
                [
                    0.5454545454545454,
                    0.8333333333333334
                ],
                [
                    0.9090909090909091,
                    0.9444444444444444
                ],
                [
                    0.18181818181818182,
                    0.7777777777777778
                ]
            ],
            "edge_distances": [
                0.7777777777777778,
                0.2222222222222222
            ],
            "dx": 0.2727272727272727,
            "dy": 0.16666666666666663,
            "move_angle": 0.548549402450528,
            "move_distance": 0.319621562268621,
            "angle_difference": 1.097098804901056,
            "hold_type": 1.0
        },
        {
            "problemId": 309917,
            "description": "K18",
            "isStart": false,
            "isEnd": true,
            "normalized_coordinates": [
                0.9090909090909091,
                0.9444444444444444
            ],
            "neighbors": [
                [
                    0.6363636363636364,
                    0.7777777777777778
                ],
                [
                    0.5454545454545454,
                    0.8333333333333334
                ],
                [
                    0.18181818181818182,
                    0.7777777777777778
                ]
            ],
            "edge_distances": [
                0.9444444444444444,
                0.05555555555555558
            ],
            "hold_type": 0.0
        }
    ],
    "data.apiId": 309917,
    "hold_presence": [
        0.0,
        0.0,
        0.0,
        0.0,
        0.0,
        0.0,
        0.0,
        0.0,
        0.0,
        0.0,
        0.0,
        0.0,
        0.0,
        1.0,
        0.0,
        0.0,
        0.0,
        0.0,
        0.0,
        0.0,
        0.0,
        0.0,
        0.0,
        0.0,
        0.0,
        0.0,
        0.0,
        0.0,
        0.0,
        0.0,
        0.0,
        0.0,
        0.0,
        0.0,
        0.0,
        0.0,
        0.0,
        0.0,
        0.0,
        0.0,
        0.0,
        0.0,
        0.0,
        0.0,
        0.0,
        0.0,
        1.0,
        0.0,
        0.0,
        0.0,
        0.0,
        0.0,
        0.0,
        0.0,
        0.0,
        0.0,
        1.0,
        0.0,
        0.0,
        0.0,
        0.0,
        0.0,
        0.0,
        0.0,
        0.0,
        0.0,
        0.0,
        0.0,
        0.0,
        0.0,
        0.0,
        0.0,
        0.0,
        0.0,
        0.0,
        0.0,
        0.0,
        0.0,
        0.0,
        0.0,
        0.0,
        0.0,
        0.0,
        0.0,
        0.0,
        0.0,
        0.0,
        0.0,
        0.0,
        1.0,
        0.0,
        0.0,
        0.0,
        0.0,
        0.0,
        0.0,
        0.0,
        0.0,
        0.0,
        0.0,
        0.0,
        0.0,
        0.0,
        0.0,
        0.0,
        0.0,
        0.0,
        0.0,
        0.0,
        0.0,
        0.0,
        0.0,
        0.0,
        0.0,
        0.0,
        0.0,
        0.0,
        0.0,
        0.0,
        0.0,
        0.0,
        0.0,
        0.0,
        0.0,
        0.0,
        0.0,
        0.0,
        0.0,
        0.0,
        0.0,
        0.0,
        0.0,
        1.0,
        0.0,
        0.0,
        0.0,
        0.0,
        0.0,
        0.0,
        0.0,
        0.0,
        0.0,
        0.0,
        0.0,
        0.0,
        0.0,
        0.0,
        0.0,
        0.0,
        0.0,
        0.0,
        0.0,
        0.0,
        0.0,
        0.0,
        0.0,
        1.0,
        0.0,
        0.0,
        0.0,
        0.0,
        1.0,
        0.0,
        0.0,
        0.0,
        0.0,
        1.0,
        0.0,
        0.0,
        0.0,
        0.0,
        1.0,
        0.0,
        0.0,
        0.0,
        0.0,
        0.0,
        0.0,
        0.0,
        0.0,
        0.0,
        0.0,
        0.0,
        0.0,
        0.0,
        0.0,
        0.0,
        0.0,
        0.0,
        0.0,
        0.0,
        0.0,
        0.0,
        0.0,
        0.0,
        0.0,
        0.0,
        1.0
    ],
    "hold_count_norm": 1.161903897330617,
    "hold_density": 0.3232323232323232,
    "vertical_progress": 0.0308641975308642
}