{
    "data.grade": "7C",
    "data.userGrade": null,
    "data.method": "Feet follow hands",
    "data.userRating": 0.0,
    "data.repeats": 0.0,
    "data.moves": [
        {
            "problemId": 371859,
            "description": "C6",
            "isStart": true,
            "isEnd": false,
            "normalized_coordinates": [
                0.18181818181818182,
                0.2777777777777778
            ],
            "neighbors": [
                [
                    0.36363636363636365,
                    0.1111111111111111
                ],
                [
                    0.18181818181818182,
                    0.5555555555555556
                ],
                [
                    0.2727272727272727,
                    0.6666666666666666
                ]
            ],
            "edge_distances": [
                0.2777777777777778,
                0.7222222222222222
            ],
            "dx": 0.18181818181818182,
            "dy": -0.16666666666666669,
            "move_angle": -0.7419472680059175,
            "move_distance": 0.24664879691060163,
            "hold_type": 0.0
        },
        {
            "problemId": 371859,
            "description": "E3",
            "isStart": true,
            "isEnd": false,
            "normalized_coordinates": [
                0.36363636363636365,
                0.1111111111111111
            ],
            "neighbors": [
                [
                    0.18181818181818182,
                    0.2777777777777778
                ],
                [
                    0.18181818181818182,
                    0.5555555555555556
                ],
                [
                    0.2727272727272727,
                    0.6666666666666666
                ]
            ],
            "edge_distances": [
                0.1111111111111111,
                0.8888888888888888
            ],
            "dx": -0.18181818181818182,
            "dy": 0.4444444444444445,
            "move_angle": 1.9591150449673627,
            "move_distance": 0.4801965383436248,
            "angle_difference": 2.70106231297328,
            "hold_type": 0.75
        },
        {
            "problemId": 371859,
            "description": "C11",
            "isStart": false,
            "isEnd": false,
            "normalized_coordinates": [
                0.18181818181818182,
                0.5555555555555556
            ],
            "neighbors": [
                [
                    0.2727272727272727,
                    0.6666666666666666
                ],
                [
                    0.18181818181818182,
                    0.2777777777777778
                ],
                [
                    0.5454545454545454,
                    0.7777777777777778
                ]
            ],
            "edge_distances": [
                0.5555555555555556,
                0.4444444444444444
            ],
            "dx": 0.09090909090909088,
            "dy": 0.11111111111111105,
            "move_angle": 0.8850668158886102,
            "move_distance": 0.14356232730860494,
            "angle_difference": -1.0740482290787523,
            "hold_type": 0.75
        },
        {
            "problemId": 371859,
            "description": "D13",
            "isStart": false,
            "isEnd": false,
            "normalized_coordinates": [
                0.2727272727272727,
                0.6666666666666666
            ],
            "neighbors": [
                [
                    0.18181818181818182,
                    0.5555555555555556
                ],
                [
                    0.5454545454545454,
                    0.7777777777777778
                ],
                [
                    0.18181818181818182,
                    0.2777777777777778
                ]
            ],
            "edge_distances": [
                0.6666666666666666,
                0.33333333333333337
            ],
            "dx": 0.2727272727272727,
            "dy": 0.11111111111111116,
            "move_angle": 0.38687571773102825,
            "move_distance": 0.29449251994168185,
            "angle_difference": -0.498191098157582,
            "hold_type": 0.0
        },
        {
            "problemId": 371859,
            "description": "G15",
            "isStart": false,
            "isEnd": false,
            "normalized_coordinates": [
                0.5454545454545454,
                0.7777777777777778
            ],
            "neighbors": [
                [
                    0.7272727272727273,
                    0.5555555555555556
                ],
                [
                    0.2727272727272727,
                    0.6666666666666666
                ],
                [
                    0.8181818181818182,
                    0.9444444444444444
                ]
            ],
            "edge_distances": [
                0.7777777777777778,
                0.2222222222222222
            ],
            "dx": 0.2727272727272728,
            "dy": 0.16666666666666663,
            "move_angle": 0.5485494024505279,
            "move_distance": 0.31962156226862104,
            "angle_difference": 0.1616736847194996,
            "hold_type": 1.0
        },
        {
            "problemId": 371859,
            "description": "J18",
            "isStart": false,
            "isEnd": true,
            "normalized_coordinates": [
                0.8181818181818182,
                0.9444444444444444
            ],
            "neighbors": [
                [
                    0.5454545454545454,
                    0.7777777777777778
                ],
                [
                    0.7272727272727273,
                    0.5555555555555556
                ],
                [
                    0.2727272727272727,
                    0.6666666666666666
                ]
            ],
            "edge_distances": [
                0.9444444444444444,
                0.05555555555555558
            ],
            "dx": -0.09090909090909094,
            "dy": -0.38888888888888884,
            "move_angle": -1.8004387690800314,
            "move_distance": 0.39937329744382244,
            "angle_difference": -2.3489881715305594,
            "hold_type": 0.75
        },
        {
            "problemId": 371859,
            "description": "I11",
            "isStart": false,
            "isEnd": false,
            "normalized_coordinates": [
                0.7272727272727273,
                0.5555555555555556
            ],
            "neighbors": [
                [
                    0.5454545454545454,
                    0.7777777777777778
                ],
                [
                    0.8181818181818182,
                    0.9444444444444444
                ],
                [
                    0.2727272727272727,
                    0.6666666666666666
                ]
            ],
            "edge_distances": [
                0.5555555555555556,
                0.4444444444444444
            ],
            "hold_type": 0.75
        }
    ],
    "data.apiId": 371859,
    "hold_presence": [
        0.0,
        0.0,
        0.0,
        0.0,
        0.0,
        0.0,
        0.0,
        0.0,
        0.0,
        0.0,
        0.0,
        0.0,
        0.0,
        0.0,
        0.0,
        0.0,
        0.0,
        0.0,
        0.0,
        0.0,
        0.0,
        0.0,
        0.0,
        0.0,
        0.0,
        0.0,
        1.0,
        0.0,
        0.0,
        0.0,
        0.0,
        0.0,
        0.0,
        0.0,
        0.0,
        0.0,
        0.0,
        0.0,
        0.0,
        0.0,
        0.0,
        0.0,
        0.0,
        0.0,
        0.0,
        0.0,
        0.0,
        0.0,
        0.0,
        0.0,
        0.0,
        0.0,
        0.0,
        0.0,
        0.0,
        0.0,
        0.0,
        1.0,
        0.0,
        0.0,
        0.0,
        0.0,
        0.0,
        0.0,
        0.0,
        0.0,
        0.0,
        0.0,
        0.0,
        0.0,
        0.0,
        0.0,
        0.0,
        0.0,
        0.0,
        0.0,
        0.0,
        0.0,
        0.0,
        0.0,
        0.0,
        0.0,
        0.0,
        0.0,
        0.0,
        0.0,
        0.0,
        0.0,
        0.0,
        0.0,
        0.0,
        0.0,
        0.0,
        0.0,
        0.0,
        0.0,
        0.0,
        0.0,
        0.0,
        0.0,
        0.0,
        0.0,
        0.0,
        0.0,
        0.0,
        0.0,
        0.0,
        0.0,
        0.0,
        0.0,
        0.0,
        0.0,
        1.0,
        0.0,
        0.0,
        0.0,
        0.0,
        0.0,
        1.0,
        0.0,
        0.0,
        0.0,
        0.0,
        0.0,
        0.0,
        0.0,
        0.0,
        0.0,
        0.0,
        0.0,
        0.0,
        0.0,
        0.0,
        0.0,
        0.0,
        1.0,
        0.0,
        0.0,
        0.0,
        0.0,
        0.0,
        0.0,
        0.0,
        0.0,
        0.0,
        0.0,
        0.0,
        0.0,
        0.0,
        0.0,
        0.0,
        0.0,
        0.0,
        0.0,
        0.0,
        0.0,
        0.0,
        0.0,
        0.0,
        0.0,
        1.0,
        0.0,
        0.0,
        0.0,
        0.0,
        0.0,
        0.0,
        0.0,
        0.0,
        0.0,
        0.0,
        0.0,
        0.0,
        0.0,
        0.0,
        0.0,
        0.0,
        0.0,
        0.0,
        0.0,
        0.0,
        0.0,
        0.0,
        0.0,
        0.0,
        0.0,
        0.0,
        0.0,
        0.0,
        0.0,
        0.0,
        0.0,
        0.0,
        0.0,
        0.0,
        0.0,
        1.0,
        0.0
    ],
    "hold_count_norm": -0.431361985245648,
    "hold_density": 0.3116883116883117,
    "vertical_progress": 0.0462962962962963
}