{
    "data.grade": "7C",
    "data.userGrade": null,
    "data.method": "Feet follow hands",
    "data.userRating": 0.0,
    "data.repeats": 0.0,
    "data.moves": [
        {
            "problemId": 323093,
            "description": "F1",
            "isStart": true,
            "isEnd": false,
            "normalized_coordinates": [
                0.45454545454545453,
                0.0
            ],
            "neighbors": [
                [
                    0.7272727272727273,
                    0.1111111111111111
                ],
                [
                    0.9090909090909091,
                    0.16666666666666666
                ],
                [
                    0.45454545454545453,
                    0.5
                ]
            ],
            "edge_distances": [
                0.0,
                1.0
            ],
            "dx": 0.27272727272727276,
            "dy": 0.1111111111111111,
            "move_angle": 0.386875717731028,
            "move_distance": 0.29449251994168185,
            "hold_type": 0.75
        },
        {
            "problemId": 323093,
            "description": "I3",
            "isStart": true,
            "isEnd": false,
            "normalized_coordinates": [
                0.7272727272727273,
                0.1111111111111111
            ],
            "neighbors": [
                [
                    0.9090909090909091,
                    0.16666666666666666
                ],
                [
                    0.45454545454545453,
                    0.0
                ],
                [
                    0.45454545454545453,
                    0.5
                ]
            ],
            "edge_distances": [
                0.1111111111111111,
                0.8888888888888888
            ],
            "dx": 0.18181818181818177,
            "dy": 0.05555555555555555,
            "move_angle": 0.2965458090697005,
            "move_distance": 0.19011646691635056,
            "angle_difference": -0.09032990866132751,
            "hold_type": 0.25
        },
        {
            "problemId": 323093,
            "description": "K4",
            "isStart": false,
            "isEnd": false,
            "normalized_coordinates": [
                0.9090909090909091,
                0.16666666666666666
            ],
            "neighbors": [
                [
                    0.7272727272727273,
                    0.1111111111111111
                ],
                [
                    0.45454545454545453,
                    0.0
                ],
                [
                    0.8181818181818182,
                    0.6666666666666666
                ]
            ],
            "edge_distances": [
                0.16666666666666666,
                0.8333333333333334
            ],
            "dx": -0.45454545454545453,
            "dy": 0.33333333333333337,
            "move_angle": 2.50884381858761,
            "move_distance": 0.5636689465981296,
            "angle_difference": 2.2122980095179092,
            "hold_type": 1.0
        },
        {
            "problemId": 323093,
            "description": "F10",
            "isStart": false,
            "isEnd": false,
            "normalized_coordinates": [
                0.45454545454545453,
                0.5
            ],
            "neighbors": [
                [
                    0.8181818181818182,
                    0.6666666666666666
                ],
                [
                    0.7272727272727273,
                    0.8333333333333334
                ],
                [
                    0.7272727272727273,
                    0.1111111111111111
                ]
            ],
            "edge_distances": [
                0.5,
                0.5
            ],
            "dx": 0.3636363636363637,
            "dy": 0.16666666666666663,
            "move_angle": 0.42976227909668835,
            "move_distance": 0.40001147825588146,
            "angle_difference": -2.0790815394909217,
            "hold_type": 0.5
        },
        {
            "problemId": 323093,
            "description": "J13",
            "isStart": false,
            "isEnd": false,
            "normalized_coordinates": [
                0.8181818181818182,
                0.6666666666666666
            ],
            "neighbors": [
                [
                    0.7272727272727273,
                    0.8333333333333334
                ],
                [
                    0.9090909090909091,
                    0.9444444444444444
                ],
                [
                    0.45454545454545453,
                    0.5
                ]
            ],
            "edge_distances": [
                0.6666666666666666,
                0.33333333333333337
            ],
            "dx": -0.09090909090909094,
            "dy": 0.16666666666666674,
            "move_angle": 2.0701430484750265,
            "move_distance": 0.18984794069911626,
            "angle_difference": 1.640380769378338,
            "hold_type": 0.0
        },
        {
            "problemId": 323093,
            "description": "I16",
            "isStart": false,
            "isEnd": false,
            "normalized_coordinates": [
                0.7272727272727273,
                0.8333333333333334
            ],
            "neighbors": [
                [
                    0.8181818181818182,
                    0.6666666666666666
                ],
                [
                    0.9090909090909091,
                    0.9444444444444444
                ],
                [
                    0.45454545454545453,
                    0.5
                ]
            ],
            "edge_distances": [
                0.8333333333333334,
                0.16666666666666663
            ],
            "dx": 0.18181818181818177,
            "dy": 0.11111111111111105,
            "move_angle": 0.548549402450528,
            "move_distance": 0.21308104151241392,
            "angle_difference": -1.5215936460244985,
            "hold_type": 1.0
        },
        {
            "problemId": 323093,
            "description": "K18",
            "isStart": false,
            "isEnd": true,
            "normalized_coordinates": [
                0.9090909090909091,
                0.9444444444444444
            ],
            "neighbors": [
                [
                    0.7272727272727273,
                    0.8333333333333334
                ],
                [
                    0.8181818181818182,
                    0.6666666666666666
                ],
                [
                    0.45454545454545453,
                    0.5
                ]
            ],
            "edge_distances": [
                0.9444444444444444,
                0.05555555555555558
            ],
            "hold_type": 0.0
        }
    ],
    "data.apiId": 323093,
    "hold_presence": [
        0.0,
        0.0,
        0.0,
        0.0,
        0.0,
        1.0,
        0.0,
        0.0,
        0.0,
        0.0,
        0.0,
        0.0,
        0.0,
        0.0,
        0.0,
        0.0,
        0.0,
        0.0,
        0.0,
        0.0,
        0.0,
        0.0,
        0.0,
        0.0,
        0.0,
        0.0,
        0.0,
        0.0,
        0.0,
        0.0,
        1.0,
        0.0,
        0.0,
        0.0,
        0.0,
        0.0,
        0.0,
        0.0,
        0.0,
        0.0,
        0.0,
        0.0,
        0.0,
        1.0,
        0.0,
        0.0,
        0.0,
        0.0,
        0.0,
        0.0,
        0.0,
        0.0,
        0.0,
        0.0,
        0.0,
        0.0,
        0.0,
        0.0,
        0.0,
        0.0,
        0.0,
        0.0,
        0.0,
        0.0,
        0.0,
        0.0,
        0.0,
        0.0,
        0.0,
        0.0,
        0.0,
        0.0,
        0.0,
        0.0,
        0.0,
        0.0,
        0.0,
        0.0,
        0.0,
        0.0,
        0.0,
        0.0,
        0.0,
        0.0,
        0.0,
        0.0,
        0.0,
        0.0,
        0.0,
        0.0,
        0.0,
        0.0,
        0.0,
        0.0,
        0.0,
        0.0,
        0.0,
        0.0,
        0.0,
        0.0,
        0.0,
        0.0,
        0.0,
        0.0,
        1.0,
        0.0,
        0.0,
        0.0,
        0.0,
        0.0,
        0.0,
        0.0,
        0.0,
        0.0,
        0.0,
        0.0,
        0.0,
        0.0,
        0.0,
        0.0,
        0.0,
        0.0,
        0.0,
        0.0,
        0.0,
        0.0,
        0.0,
        0.0,
        0.0,
        0.0,
        0.0,
        0.0,
        0.0,
        0.0,
        0.0,
        0.0,
        0.0,
        0.0,
        0.0,
        0.0,
        0.0,
        1.0,
        0.0,
        0.0,
        0.0,
        0.0,
        0.0,
        0.0,
        0.0,
        0.0,
        0.0,
        0.0,
        0.0,
        0.0,
        0.0,
        0.0,
        0.0,
        0.0,
        0.0,
        0.0,
        0.0,
        0.0,
        0.0,
        0.0,
        0.0,
        0.0,
        0.0,
        0.0,
        0.0,
        0.0,
        0.0,
        0.0,
        0.0,
        1.0,
        0.0,
        0.0,
        0.0,
        0.0,
        0.0,
        0.0,
        0.0,
        0.0,
        0.0,
        0.0,
        0.0,
        0.0,
        0.0,
        0.0,
        0.0,
        0.0,
        0.0,
        0.0,
        0.0,
        0.0,
        0.0,
        0.0,
        0.0,
        1.0
    ],
    "hold_count_norm": -0.431361985245648,
    "hold_density": 0.2251082251082251,
    "vertical_progress": 0.1574074074074074
}