{
    "data.grade": "7C",
    "data.userGrade": "7C",
    "data.method": "Feet follow hands",
    "data.userRating": 1.6094379124341003,
    "data.repeats": 2.5649493574615367,
    "data.moves": [
        {
            "problemId": 361630,
            "description": "J6",
            "isStart": true,
            "isEnd": false,
            "normalized_coordinates": [
                0.8181818181818182,
                0.2777777777777778
            ],
            "neighbors": [
                [
                    0.9090909090909091,
                    0.2777777777777778
                ],
                [
                    0.9090909090909091,
                    0.3888888888888889
                ],
                [
                    0.7272727272727273,
                    0.6111111111111112
                ]
            ],
            "edge_distances": [
                0.2777777777777778,
                0.7222222222222222
            ],
            "dx": 0.09090909090909083,
            "dy": 0.0,
            "move_angle": 0.0,
            "move_distance": 0.09090909090909083,
            "hold_type": 1.0
        },
        {
            "problemId": 361630,
            "description": "K6",
            "isStart": true,
            "isEnd": false,
            "normalized_coordinates": [
                0.9090909090909091,
                0.2777777777777778
            ],
            "neighbors": [
                [
                    0.8181818181818182,
                    0.2777777777777778
                ],
                [
                    0.9090909090909091,
                    0.3888888888888889
                ],
                [
                    0.7272727272727273,
                    0.6111111111111112
                ]
            ],
            "edge_distances": [
                0.2777777777777778,
                0.7222222222222222
            ],
            "dx": 0.0,
            "dy": 0.1111111111111111,
            "move_angle": 1.5707963267948966,
            "move_distance": 0.1111111111111111,
            "angle_difference": 1.5707963267948966,
            "hold_type": 0.0
        },
        {
            "problemId": 361630,
            "description": "K8",
            "isStart": false,
            "isEnd": false,
            "normalized_coordinates": [
                0.9090909090909091,
                0.3888888888888889
            ],
            "neighbors": [
                [
                    0.9090909090909091,
                    0.2777777777777778
                ],
                [
                    0.8181818181818182,
                    0.2777777777777778
                ],
                [
                    0.7272727272727273,
                    0.6111111111111112
                ]
            ],
            "edge_distances": [
                0.3888888888888889,
                0.6111111111111112
            ],
            "dx": -0.45454545454545453,
            "dy": 0.1111111111111111,
            "move_angle": 2.9018495447193366,
            "move_distance": 0.4679286796727462,
            "angle_difference": 1.33105321792444,
            "hold_type": 1.0
        },
        {
            "problemId": 361630,
            "description": "F10",
            "isStart": false,
            "isEnd": false,
            "normalized_coordinates": [
                0.45454545454545453,
                0.5
            ],
            "neighbors": [
                [
                    0.2727272727272727,
                    0.5555555555555556
                ],
                [
                    0.7272727272727273,
                    0.6111111111111112
                ],
                [
                    0.36363636363636365,
                    0.8888888888888888
                ]
            ],
            "edge_distances": [
                0.5,
                0.5
            ],
            "dx": 0.27272727272727276,
            "dy": 0.11111111111111116,
            "move_angle": 0.3868757177310282,
            "move_distance": 0.2944925199416819,
            "angle_difference": -2.5149738269883084,
            "hold_type": 0.5
        },
        {
            "problemId": 361630,
            "description": "I12",
            "isStart": false,
            "isEnd": false,
            "normalized_coordinates": [
                0.7272727272727273,
                0.6111111111111112
            ],
            "neighbors": [
                [
                    0.9090909090909091,
                    0.3888888888888889
                ],
                [
                    0.45454545454545453,
                    0.5
                ],
                [
                    0.6363636363636364,
                    0.9444444444444444
                ]
            ],
            "edge_distances": [
                0.6111111111111112,
                0.38888888888888884
            ],
            "dx": -0.4545454545454546,
            "dy": -0.05555555555555558,
            "move_angle": -3.0199736303284466,
            "move_distance": 0.4579279310120975,
            "angle_difference": -3.406849348059475,
            "hold_type": 0.5
        },
        {
            "problemId": 361630,
            "description": "D11",
            "isStart": false,
            "isEnd": false,
            "normalized_coordinates": [
                0.2727272727272727,
                0.5555555555555556
            ],
            "neighbors": [
                [
                    0.45454545454545453,
                    0.5
                ],
                [
                    0.09090909090909091,
                    0.6666666666666666
                ],
                [
                    0.36363636363636365,
                    0.8888888888888888
                ]
            ],
            "edge_distances": [
                0.5555555555555556,
                0.4444444444444444
            ],
            "dx": -0.1818181818181818,
            "dy": 0.11111111111111105,
            "move_angle": 2.593043251139265,
            "move_distance": 0.21308104151241394,
            "angle_difference": 5.613016881467711,
            "hold_type": 0.5
        },
        {
            "problemId": 361630,
            "description": "B13",
            "isStart": false,
            "isEnd": false,
            "normalized_coordinates": [
                0.09090909090909091,
                0.6666666666666666
            ],
            "neighbors": [
                [
                    0.2727272727272727,
                    0.5555555555555556
                ],
                [
                    0.36363636363636365,
                    0.8888888888888888
                ],
                [
                    0.45454545454545453,
                    0.5
                ]
            ],
            "edge_distances": [
                0.6666666666666666,
                0.33333333333333337
            ],
            "dx": 0.2727272727272727,
            "dy": 0.2222222222222222,
            "move_angle": 0.6837093116343713,
            "move_distance": 0.35179949024783835,
            "angle_difference": -1.9093339395048938,
            "hold_type": 0.75
        },
        {
            "problemId": 361630,
            "description": "E17",
            "isStart": false,
            "isEnd": false,
            "normalized_coordinates": [
                0.36363636363636365,
                0.8888888888888888
            ],
            "neighbors": [
                [
                    0.5454545454545454,
                    0.9444444444444444
                ],
                [
                    0.6363636363636364,
                    0.9444444444444444
                ],
                [
                    0.2727272727272727,
                    0.5555555555555556
                ]
            ],
            "edge_distances": [
                0.8888888888888888,
                0.11111111111111116
            ],
            "dx": 0.18181818181818177,
            "dy": 0.05555555555555558,
            "move_angle": 0.2965458090697007,
            "move_distance": 0.19011646691635056,
            "angle_difference": -0.38716350256467064,
            "hold_type": 0.75
        },
        {
            "problemId": 361630,
            "description": "G18",
            "isStart": false,
            "isEnd": true,
            "normalized_coordinates": [
                0.5454545454545454,
                0.9444444444444444
            ],
            "neighbors": [
                [
                    0.6363636363636364,
                    0.9444444444444444
                ],
                [
                    0.36363636363636365,
                    0.8888888888888888
                ],
                [
                    0.7272727272727273,
                    0.6111111111111112
                ]
            ],
            "edge_distances": [
                0.9444444444444444,
                0.05555555555555558
            ],
            "dx": 0.09090909090909094,
            "dy": 0.0,
            "move_angle": 0.0,
            "move_distance": 0.09090909090909094,
            "angle_difference": -0.2965458090697007,
            "hold_type": 0.0
        },
        {
            "problemId": 361630,
            "description": "H18",
            "isStart": false,
            "isEnd": true,
            "normalized_coordinates": [
                0.6363636363636364,
                0.9444444444444444
            ],
            "neighbors": [
                [
                    0.5454545454545454,
                    0.9444444444444444
                ],
                [
                    0.36363636363636365,
                    0.8888888888888888
                ],
                [
                    0.7272727272727273,
                    0.6111111111111112
                ]
            ],
            "edge_distances": [
                0.9444444444444444,
                0.05555555555555558
            ],
            "hold_type": 1.0
        }
    ],
    "data.apiId": 361630,
    "hold_presence": [
        0.0,
        0.0,
        0.0,
        0.0,
        0.0,
        0.0,
        0.0,
        0.0,
        0.0,
        0.0,
        0.0,
        0.0,
        0.0,
        0.0,
        0.0,
        0.0,
        0.0,
        0.0,
        0.0,
        0.0,
        0.0,
        0.0,
        0.0,
        0.0,
        0.0,
        0.0,
        0.0,
        0.0,
        0.0,
        0.0,
        0.0,
        0.0,
        0.0,
        0.0,
        0.0,
        0.0,
        0.0,
        0.0,
        0.0,
        0.0,
        0.0,
        0.0,
        0.0,
        0.0,
        0.0,
        0.0,
        0.0,
        0.0,
        0.0,
        0.0,
        0.0,
        0.0,
        0.0,
        0.0,
        0.0,
        0.0,
        0.0,
        0.0,
        0.0,
        0.0,
        0.0,
        0.0,
        0.0,
        0.0,
        1.0,
        1.0,
        0.0,
        0.0,
        0.0,
        0.0,
        0.0,
        0.0,
        0.0,
        0.0,
        0.0,
        0.0,
        0.0,
        0.0,
        0.0,
        0.0,
        0.0,
        0.0,
        0.0,
        0.0,
        0.0,
        0.0,
        0.0,
        1.0,
        0.0,
        0.0,
        0.0,
        0.0,
        0.0,
        0.0,
        0.0,
        0.0,
        0.0,
        0.0,
        0.0,
        0.0,
        0.0,
        0.0,
        0.0,
        0.0,
        1.0,
        0.0,
        0.0,
        0.0,
        0.0,
        0.0,
        0.0,
        0.0,
        0.0,
        1.0,
        0.0,
        0.0,
        0.0,
        0.0,
        0.0,
        0.0,
        0.0,
        0.0,
        0.0,
        0.0,
        0.0,
        0.0,
        0.0,
        0.0,
        0.0,
        1.0,
        0.0,
        0.0,
        0.0,
        1.0,
        0.0,
        0.0,
        0.0,
        0.0,
        0.0,
        0.0,
        0.0,
        0.0,
        0.0,
        0.0,
        0.0,
        0.0,
        0.0,
        0.0,
        0.0,
        0.0,
        0.0,
        0.0,
        0.0,
        0.0,
        0.0,
        0.0,
        0.0,
        0.0,
        0.0,
        0.0,
        0.0,
        0.0,
        0.0,
        0.0,
        0.0,
        0.0,
        0.0,
        0.0,
        0.0,
        0.0,
        0.0,
        0.0,
        0.0,
        0.0,
        0.0,
        0.0,
        0.0,
        0.0,
        0.0,
        0.0,
        1.0,
        0.0,
        0.0,
        0.0,
        0.0,
        0.0,
        0.0,
        0.0,
        0.0,
        0.0,
        0.0,
        0.0,
        0.0,
        1.0,
        1.0,
        0.0,
        0.0,
        0.0
    ],
    "hold_count_norm": 1.161903897330617,
    "hold_density": 0.3333333333333334,
    "vertical_progress": 0.07407407407407407
}