{
    "data.grade": "7C",
    "data.userGrade": "7C",
    "data.method": "Feet follow hands",
    "data.userRating": 1.791759469228055,
    "data.repeats": 1.9459101490553132,
    "data.moves": [
        {
            "problemId": 393311,
            "description": "E4",
            "isStart": true,
            "isEnd": false,
            "normalized_coordinates": [
                0.36363636363636365,
                0.16666666666666666
            ],
            "neighbors": [
                [
                    0.45454545454545453,
                    0.5
                ],
                [
                    0.7272727272727273,
                    0.2777777777777778
                ],
                [
                    0.8181818181818182,
                    0.05555555555555555
                ]
            ],
            "edge_distances": [
                0.16666666666666666,
                0.8333333333333334
            ],
            "dx": 0.09090909090909088,
            "dy": 0.33333333333333337,
            "move_angle": 1.3045442776439713,
            "move_distance": 0.3455077045754964,
            "hold_type": 0.25
        },
        {
            "problemId": 393311,
            "description": "F10",
            "isStart": false,
            "isEnd": false,
            "normalized_coordinates": [
                0.45454545454545453,
                0.5
            ],
            "neighbors": [
                [
                    0.36363636363636365,
                    0.16666666666666666
                ],
                [
                    0.7272727272727273,
                    0.7222222222222222
                ],
                [
                    0.7272727272727273,
                    0.2777777777777778
                ]
            ],
            "edge_distances": [
                0.5,
                0.5
            ],
            "dx": 0.27272727272727276,
            "dy": 0.2222222222222222,
            "move_angle": 0.6837093116343712,
            "move_distance": 0.35179949024783835,
            "angle_difference": -0.6208349660096001,
            "hold_type": 0.5
        },
        {
            "problemId": 393311,
            "description": "I14",
            "isStart": false,
            "isEnd": false,
            "normalized_coordinates": [
                0.7272727272727273,
                0.7222222222222222
            ],
            "neighbors": [
                [
                    0.7272727272727273,
                    0.9444444444444444
                ],
                [
                    0.45454545454545453,
                    0.5
                ],
                [
                    0.7272727272727273,
                    0.2777777777777778
                ]
            ],
            "edge_distances": [
                0.7222222222222222,
                0.2777777777777778
            ],
            "dx": 0.09090909090909094,
            "dy": -0.6666666666666666,
            "move_angle": -1.4352686128093959,
            "move_distance": 0.6728364639749854,
            "angle_difference": -2.118977924443767,
            "hold_type": 0.0
        },
        {
            "problemId": 393311,
            "description": "J2",
            "isStart": false,
            "isEnd": false,
            "normalized_coordinates": [
                0.8181818181818182,
                0.05555555555555555
            ],
            "neighbors": [
                [
                    0.7272727272727273,
                    0.2777777777777778
                ],
                [
                    0.36363636363636365,
                    0.16666666666666666
                ],
                [
                    0.45454545454545453,
                    0.5
                ]
            ],
            "edge_distances": [
                0.05555555555555555,
                0.9444444444444444
            ],
            "dx": -0.09090909090909094,
            "dy": 0.22222222222222224,
            "move_angle": 1.9591150449673627,
            "move_distance": 0.2400982691718124,
            "angle_difference": 3.3943836577767588,
            "hold_type": 0.75
        },
        {
            "problemId": 393311,
            "description": "I6",
            "isStart": true,
            "isEnd": false,
            "normalized_coordinates": [
                0.7272727272727273,
                0.2777777777777778
            ],
            "neighbors": [
                [
                    0.8181818181818182,
                    0.05555555555555555
                ],
                [
                    0.45454545454545453,
                    0.5
                ],
                [
                    0.36363636363636365,
                    0.16666666666666666
                ]
            ],
            "edge_distances": [
                0.2777777777777778,
                0.7222222222222222
            ],
            "dx": 0.0,
            "dy": 0.6666666666666666,
            "move_angle": 1.5707963267948966,
            "move_distance": 0.6666666666666666,
            "angle_difference": -0.3883187181724661,
            "hold_type": 0.0
        },
        {
            "problemId": 393311,
            "description": "I18",
            "isStart": false,
            "isEnd": true,
            "normalized_coordinates": [
                0.7272727272727273,
                0.9444444444444444
            ],
            "neighbors": [
                [
                    0.7272727272727273,
                    0.7222222222222222
                ],
                [
                    0.45454545454545453,
                    0.5
                ],
                [
                    0.7272727272727273,
                    0.2777777777777778
                ]
            ],
            "edge_distances": [
                0.9444444444444444,
                0.05555555555555558
            ],
            "hold_type": 0.5
        }
    ],
    "data.apiId": 393311,
    "hold_presence": [
        0.0,
        0.0,
        0.0,
        0.0,
        0.0,
        0.0,
        0.0,
        0.0,
        0.0,
        0.0,
        0.0,
        0.0,
        0.0,
        0.0,
        0.0,
        0.0,
        0.0,
        0.0,
        0.0,
        0.0,
        1.0,
        0.0,
        0.0,
        0.0,
        0.0,
        0.0,
        0.0,
        0.0,
        0.0,
        0.0,
        0.0,
        0.0,
        0.0,
        0.0,
        0.0,
        0.0,
        0.0,
        1.0,
        0.0,
        0.0,
        0.0,
        0.0,
        0.0,
        0.0,
        0.0,
        0.0,
        0.0,
        0.0,
        0.0,
        0.0,
        0.0,
        0.0,
        0.0,
        0.0,
        0.0,
        0.0,
        0.0,
        0.0,
        0.0,
        0.0,
        0.0,
        0.0,
        0.0,
        1.0,
        0.0,
        0.0,
        0.0,
        0.0,
        0.0,
        0.0,
        0.0,
        0.0,
        0.0,
        0.0,
        0.0,
        0.0,
        0.0,
        0.0,
        0.0,
        0.0,
        0.0,
        0.0,
        0.0,
        0.0,
        0.0,
        0.0,
        0.0,
        0.0,
        0.0,
        0.0,
        0.0,
        0.0,
        0.0,
        0.0,
        0.0,
        0.0,
        0.0,
        0.0,
        0.0,
        0.0,
        0.0,
        0.0,
        0.0,
        0.0,
        1.0,
        0.0,
        0.0,
        0.0,
        0.0,
        0.0,
        0.0,
        0.0,
        0.0,
        0.0,
        0.0,
        0.0,
        0.0,
        0.0,
        0.0,
        0.0,
        0.0,
        0.0,
        0.0,
        0.0,
        0.0,
        0.0,
        0.0,
        0.0,
        0.0,
        0.0,
        0.0,
        0.0,
        0.0,
        0.0,
        0.0,
        0.0,
        0.0,
        0.0,
        0.0,
        0.0,
        0.0,
        0.0,
        0.0,
        0.0,
        0.0,
        0.0,
        0.0,
        0.0,
        0.0,
        0.0,
        0.0,
        1.0,
        0.0,
        0.0,
        0.0,
        0.0,
        0.0,
        0.0,
        0.0,
        0.0,
        0.0,
        0.0,
        0.0,
        0.0,
        0.0,
        0.0,
        0.0,
        0.0,
        0.0,
        0.0,
        0.0,
        0.0,
        0.0,
        0.0,
        0.0,
        0.0,
        0.0,
        0.0,
        0.0,
        0.0,
        0.0,
        0.0,
        0.0,
        0.0,
        0.0,
        0.0,
        0.0,
        0.0,
        0.0,
        0.0,
        0.0,
        0.0,
        0.0,
        0.0,
        0.0,
        1.0,
        0.0,
        0.0
    ],
    "hold_count_norm": -0.9624506127710697,
    "hold_density": 0.20606060606060608,
    "vertical_progress": 0.15555555555555556
}