{
    "data.grade": "7C",
    "data.userGrade": "7C",
    "data.method": "Feet follow hands",
    "data.userRating": 1.6094379124341003,
    "data.repeats": 2.4849066497880004,
    "data.moves": [
        {
            "problemId": 318724,
            "description": "C6",
            "isStart": true,
            "isEnd": false,
            "normalized_coordinates": [
                0.18181818181818182,
                0.2777777777777778
            ],
            "neighbors": [
                [
                    0.36363636363636365,
                    0.1111111111111111
                ],
                [
                    0.5454545454545454,
                    0.5
                ],
                [
                    0.6363636363636364,
                    0.5555555555555556
                ]
            ],
            "edge_distances": [
                0.2777777777777778,
                0.7222222222222222
            ],
            "dx": 0.3636363636363636,
            "dy": 0.2222222222222222,
            "move_angle": 0.5485494024505281,
            "move_distance": 0.426162083024828,
            "hold_type": 0.0
        },
        {
            "problemId": 318724,
            "description": "G10",
            "isStart": false,
            "isEnd": false,
            "normalized_coordinates": [
                0.5454545454545454,
                0.5
            ],
            "neighbors": [
                [
                    0.6363636363636364,
                    0.5555555555555556
                ],
                [
                    0.6363636363636364,
                    0.6666666666666666
                ],
                [
                    0.18181818181818182,
                    0.2777777777777778
                ]
            ],
            "edge_distances": [
                0.5,
                0.5
            ],
            "dx": 0.09090909090909094,
            "dy": 0.05555555555555558,
            "move_angle": 0.5485494024505281,
            "move_distance": 0.10654052075620704,
            "angle_difference": 0.0,
            "hold_type": 0.5
        },
        {
            "problemId": 318724,
            "description": "H11",
            "isStart": false,
            "isEnd": false,
            "normalized_coordinates": [
                0.6363636363636364,
                0.5555555555555556
            ],
            "neighbors": [
                [
                    0.5454545454545454,
                    0.5
                ],
                [
                    0.6363636363636364,
                    0.6666666666666666
                ],
                [
                    0.2727272727272727,
                    0.8333333333333334
                ]
            ],
            "edge_distances": [
                0.5555555555555556,
                0.4444444444444444
            ],
            "dx": 0.0,
            "dy": 0.11111111111111105,
            "move_angle": 1.5707963267948966,
            "move_distance": 0.11111111111111105,
            "angle_difference": 1.0222469243443686,
            "hold_type": 0.5
        },
        {
            "problemId": 318724,
            "description": "H13",
            "isStart": false,
            "isEnd": false,
            "normalized_coordinates": [
                0.6363636363636364,
                0.6666666666666666
            ],
            "neighbors": [
                [
                    0.6363636363636364,
                    0.5555555555555556
                ],
                [
                    0.5454545454545454,
                    0.5
                ],
                [
                    0.2727272727272727,
                    0.8333333333333334
                ]
            ],
            "edge_distances": [
                0.6666666666666666,
                0.33333333333333337
            ],
            "dx": -0.36363636363636365,
            "dy": 0.16666666666666674,
            "move_angle": 2.7118303744931045,
            "move_distance": 0.4000114782558814,
            "angle_difference": 1.141034047698208,
            "hold_type": 0.0
        },
        {
            "problemId": 318724,
            "description": "D16",
            "isStart": false,
            "isEnd": false,
            "normalized_coordinates": [
                0.2727272727272727,
                0.8333333333333334
            ],
            "neighbors": [
                [
                    0.18181818181818182,
                    0.9444444444444444
                ],
                [
                    0.6363636363636364,
                    0.6666666666666666
                ],
                [
                    0.5454545454545454,
                    0.5
                ]
            ],
            "edge_distances": [
                0.8333333333333334,
                0.16666666666666663
            ],
            "dx": -0.09090909090909088,
            "dy": 0.11111111111111105,
            "move_angle": 2.256525837701183,
            "move_distance": 0.14356232730860494,
            "angle_difference": -0.4553045367919215,
            "hold_type": 0.0
        },
        {
            "problemId": 318724,
            "description": "C18",
            "isStart": false,
            "isEnd": true,
            "normalized_coordinates": [
                0.18181818181818182,
                0.9444444444444444
            ],
            "neighbors": [
                [
                    0.2727272727272727,
                    0.8333333333333334
                ],
                [
                    0.6363636363636364,
                    0.6666666666666666
                ],
                [
                    0.5454545454545454,
                    0.5
                ]
            ],
            "edge_distances": [
                0.9444444444444444,
                0.05555555555555558
            ],
            "dx": 0.18181818181818182,
            "dy": -0.8333333333333333,
            "move_angle": -1.355980926393238,
            "move_distance": 0.8529374512143981,
            "angle_difference": -3.6125067640944213,
            "hold_type": 0.5
        },
        {
            "problemId": 318724,
            "description": "E3",
            "isStart": true,
            "isEnd": false,
            "normalized_coordinates": [
                0.36363636363636365,
                0.1111111111111111
            ],
            "neighbors": [
                [
                    0.18181818181818182,
                    0.2777777777777778
                ],
                [
                    0.5454545454545454,
                    0.5
                ],
                [
                    0.6363636363636364,
                    0.5555555555555556
                ]
            ],
            "edge_distances": [
                0.1111111111111111,
                0.8888888888888888
            ],
            "hold_type": 0.75
        }
    ],
    "data.apiId": 318724,
    "hold_presence": [
        0.0,
        0.0,
        0.0,
        0.0,
        0.0,
        0.0,
        0.0,
        0.0,
        0.0,
        0.0,
        0.0,
        0.0,
        0.0,
        0.0,
        0.0,
        0.0,
        0.0,
        0.0,
        0.0,
        0.0,
        0.0,
        0.0,
        0.0,
        0.0,
        0.0,
        0.0,
        1.0,
        0.0,
        0.0,
        0.0,
        0.0,
        0.0,
        0.0,
        0.0,
        0.0,
        0.0,
        0.0,
        0.0,
        0.0,
        0.0,
        0.0,
        0.0,
        0.0,
        0.0,
        0.0,
        0.0,
        0.0,
        0.0,
        0.0,
        0.0,
        0.0,
        0.0,
        0.0,
        0.0,
        0.0,
        0.0,
        0.0,
        1.0,
        0.0,
        0.0,
        0.0,
        0.0,
        0.0,
        0.0,
        0.0,
        0.0,
        0.0,
        0.0,
        0.0,
        0.0,
        0.0,
        0.0,
        0.0,
        0.0,
        0.0,
        0.0,
        0.0,
        0.0,
        0.0,
        0.0,
        0.0,
        0.0,
        0.0,
        0.0,
        0.0,
        0.0,
        0.0,
        0.0,
        0.0,
        0.0,
        0.0,
        0.0,
        0.0,
        0.0,
        0.0,
        0.0,
        0.0,
        0.0,
        0.0,
        0.0,
        0.0,
        0.0,
        0.0,
        0.0,
        0.0,
        1.0,
        0.0,
        0.0,
        0.0,
        0.0,
        0.0,
        0.0,
        0.0,
        0.0,
        0.0,
        0.0,
        0.0,
        1.0,
        0.0,
        0.0,
        0.0,
        0.0,
        0.0,
        0.0,
        0.0,
        0.0,
        0.0,
        0.0,
        0.0,
        0.0,
        0.0,
        0.0,
        0.0,
        0.0,
        0.0,
        0.0,
        0.0,
        0.0,
        0.0,
        1.0,
        0.0,
        0.0,
        0.0,
        0.0,
        0.0,
        0.0,
        0.0,
        0.0,
        0.0,
        0.0,
        0.0,
        0.0,
        0.0,
        0.0,
        0.0,
        0.0,
        0.0,
        0.0,
        0.0,
        0.0,
        0.0,
        0.0,
        0.0,
        0.0,
        0.0,
        0.0,
        0.0,
        0.0,
        1.0,
        0.0,
        0.0,
        0.0,
        0.0,
        0.0,
        0.0,
        0.0,
        0.0,
        0.0,
        0.0,
        0.0,
        0.0,
        0.0,
        0.0,
        0.0,
        0.0,
        0.0,
        0.0,
        0.0,
        0.0,
        1.0,
        0.0,
        0.0,
        0.0,
        0.0,
        0.0,
        0.0,
        0.0,
        0.0
    ],
    "hold_count_norm": -0.431361985245648,
    "hold_density": 0.24242424242424238,
    "vertical_progress": -0.027777777777777773
}