{
    "data.grade": "7C",
    "data.userGrade": null,
    "data.method": "Feet follow hands",
    "data.userRating": 1.791759469228055,
    "data.repeats": 0.6931471805599453,
    "data.moves": [
        {
            "problemId": 315500,
            "description": "E14",
            "isStart": false,
            "isEnd": false,
            "normalized_coordinates": [
                0.36363636363636365,
                0.7222222222222222
            ],
            "neighbors": [
                [
                    0.45454545454545453,
                    0.9444444444444444
                ],
                [
                    0.18181818181818182,
                    0.3888888888888889
                ],
                [
                    0.0,
                    0.5555555555555556
                ]
            ],
            "edge_distances": [
                0.7222222222222222,
                0.2777777777777778
            ],
            "dx": -0.36363636363636365,
            "dy": -0.16666666666666663,
            "move_angle": -2.711830374493105,
            "move_distance": 0.40001147825588135,
            "hold_type": 1.0
        },
        {
            "problemId": 315500,
            "description": "A11",
            "isStart": false,
            "isEnd": false,
            "normalized_coordinates": [
                0.0,
                0.5555555555555556
            ],
            "neighbors": [
                [
                    0.18181818181818182,
                    0.3888888888888889
                ],
                [
                    0.09090909090909091,
                    0.16666666666666666
                ],
                [
                    0.36363636363636365,
                    0.7222222222222222
                ]
            ],
            "edge_distances": [
                0.5555555555555556,
                0.4444444444444444
            ],
            "dx": 0.45454545454545453,
            "dy": 0.38888888888888884,
            "move_angle": 0.707710521467902,
            "move_distance": 0.5982024223865767,
            "angle_difference": 3.419540895961007,
            "hold_type": 1.0
        },
        {
            "problemId": 315500,
            "description": "F18",
            "isStart": false,
            "isEnd": true,
            "normalized_coordinates": [
                0.45454545454545453,
                0.9444444444444444
            ],
            "neighbors": [
                [
                    0.36363636363636365,
                    0.7222222222222222
                ],
                [
                    0.0,
                    0.5555555555555556
                ],
                [
                    0.18181818181818182,
                    0.3888888888888889
                ]
            ],
            "edge_distances": [
                0.9444444444444444,
                0.05555555555555558
            ],
            "dx": 0.3636363636363637,
            "dy": -0.7777777777777778,
            "move_angle": -1.1334584350470127,
            "move_distance": 0.8585858585858586,
            "angle_difference": -1.8411689565149147,
            "hold_type": 0.75
        },
        {
            "problemId": 315500,
            "description": "J4",
            "isStart": true,
            "isEnd": false,
            "normalized_coordinates": [
                0.8181818181818182,
                0.16666666666666666
            ],
            "neighbors": [
                [
                    0.5454545454545454,
                    0.1111111111111111
                ],
                [
                    0.45454545454545453,
                    0.1111111111111111
                ],
                [
                    0.18181818181818182,
                    0.3888888888888889
                ]
            ],
            "edge_distances": [
                0.16666666666666666,
                0.8333333333333334
            ],
            "dx": -0.2727272727272728,
            "dy": -0.05555555555555555,
            "move_angle": -2.940638389901696,
            "move_distance": 0.27832819663545166,
            "angle_difference": -1.8071799548546834,
            "hold_type": 1.0
        },
        {
            "problemId": 315500,
            "description": "G3",
            "isStart": false,
            "isEnd": false,
            "normalized_coordinates": [
                0.5454545454545454,
                0.1111111111111111
            ],
            "neighbors": [
                [
                    0.45454545454545453,
                    0.1111111111111111
                ],
                [
                    0.8181818181818182,
                    0.16666666666666666
                ],
                [
                    0.18181818181818182,
                    0.3888888888888889
                ]
            ],
            "edge_distances": [
                0.1111111111111111,
                0.8888888888888888
            ],
            "dx": -0.09090909090909088,
            "dy": 0.0,
            "move_angle": 3.141592653589793,
            "move_distance": 0.09090909090909088,
            "angle_difference": 6.08223104349149,
            "hold_type": 0.0
        },
        {
            "problemId": 315500,
            "description": "F3",
            "isStart": false,
            "isEnd": false,
            "normalized_coordinates": [
                0.45454545454545453,
                0.1111111111111111
            ],
            "neighbors": [
                [
                    0.5454545454545454,
                    0.1111111111111111
                ],
                [
                    0.09090909090909091,
                    0.16666666666666666
                ],
                [
                    0.8181818181818182,
                    0.16666666666666666
                ]
            ],
            "edge_distances": [
                0.1111111111111111,
                0.8888888888888888
            ],
            "dx": -0.36363636363636365,
            "dy": 0.05555555555555555,
            "move_angle": 2.9899871661515203,
            "move_distance": 0.36785571181071,
            "angle_difference": -0.15160548743827285,
            "hold_type": 0.75
        },
        {
            "problemId": 315500,
            "description": "B4",
            "isStart": false,
            "isEnd": false,
            "normalized_coordinates": [
                0.09090909090909091,
                0.16666666666666666
            ],
            "neighbors": [
                [
                    0.18181818181818182,
                    0.3888888888888889
                ],
                [
                    0.45454545454545453,
                    0.1111111111111111
                ],
                [
                    0.0,
                    0.5555555555555556
                ]
            ],
            "edge_distances": [
                0.16666666666666666,
                0.8333333333333334
            ],
            "dx": 0.09090909090909091,
            "dy": 0.22222222222222224,
            "move_angle": 1.1824776086224307,
            "move_distance": 0.2400982691718124,
            "angle_difference": -1.8075095575290896,
            "hold_type": 0.0
        },
        {
            "problemId": 315500,
            "description": "C8",
            "isStart": false,
            "isEnd": false,
            "normalized_coordinates": [
                0.18181818181818182,
                0.3888888888888889
            ],
            "neighbors": [
                [
                    0.09090909090909091,
                    0.16666666666666666
                ],
                [
                    0.0,
                    0.5555555555555556
                ],
                [
                    0.36363636363636365,
                    0.7222222222222222
                ]
            ],
            "edge_distances": [
                0.3888888888888889,
                0.6111111111111112
            ],
            "hold_type": 0.0
        }
    ],
    "data.apiId": 315500,
    "hold_presence": [
        0.0,
        0.0,
        0.0,
        0.0,
        0.0,
        0.0,
        0.0,
        0.0,
        0.0,
        0.0,
        0.0,
        0.0,
        0.0,
        0.0,
        0.0,
        0.0,
        0.0,
        0.0,
        0.0,
        0.0,
        0.0,
        0.0,
        0.0,
        0.0,
        0.0,
        0.0,
        0.0,
        1.0,
        1.0,
        0.0,
        0.0,
        0.0,
        0.0,
        0.0,
        1.0,
        0.0,
        0.0,
        0.0,
        0.0,
        0.0,
        0.0,
        0.0,
        1.0,
        0.0,
        0.0,
        0.0,
        0.0,
        0.0,
        0.0,
        0.0,
        0.0,
        0.0,
        0.0,
        0.0,
        0.0,
        0.0,
        0.0,
        0.0,
        0.0,
        0.0,
        0.0,
        0.0,
        0.0,
        0.0,
        0.0,
        0.0,
        0.0,
        0.0,
        0.0,
        0.0,
        0.0,
        0.0,
        0.0,
        0.0,
        0.0,
        0.0,
        0.0,
        0.0,
        0.0,
        1.0,
        0.0,
        0.0,
        0.0,
        0.0,
        0.0,
        0.0,
        0.0,
        0.0,
        0.0,
        0.0,
        0.0,
        0.0,
        0.0,
        0.0,
        0.0,
        0.0,
        0.0,
        0.0,
        0.0,
        0.0,
        0.0,
        0.0,
        0.0,
        0.0,
        0.0,
        0.0,
        0.0,
        0.0,
        0.0,
        0.0,
        1.0,
        0.0,
        0.0,
        0.0,
        0.0,
        0.0,
        0.0,
        0.0,
        0.0,
        0.0,
        0.0,
        0.0,
        0.0,
        0.0,
        0.0,
        0.0,
        0.0,
        0.0,
        0.0,
        0.0,
        0.0,
        0.0,
        0.0,
        0.0,
        0.0,
        0.0,
        0.0,
        0.0,
        0.0,
        0.0,
        0.0,
        0.0,
        0.0,
        0.0,
        0.0,
        0.0,
        0.0,
        1.0,
        0.0,
        0.0,
        0.0,
        0.0,
        0.0,
        0.0,
        0.0,
        0.0,
        0.0,
        0.0,
        0.0,
        0.0,
        0.0,
        0.0,
        0.0,
        0.0,
        0.0,
        0.0,
        0.0,
        0.0,
        0.0,
        0.0,
        0.0,
        0.0,
        0.0,
        0.0,
        0.0,
        0.0,
        0.0,
        0.0,
        0.0,
        0.0,
        0.0,
        0.0,
        0.0,
        0.0,
        0.0,
        0.0,
        0.0,
        0.0,
        0.0,
        0.0,
        0.0,
        0.0,
        1.0,
        0.0,
        0.0,
        0.0,
        0.0,
        0.0
    ],
    "hold_count_norm": 0.09972664227977365,
    "hold_density": 0.3181818181818182,
    "vertical_progress": -0.04761904761904762
}