{
    "data.grade": "7C",
    "data.userGrade": null,
    "data.method": "Feet follow hands",
    "data.userRating": 1.791759469228055,
    "data.repeats": 1.3862943611198906,
    "data.moves": [
        {
            "problemId": 321988,
            "description": "F5",
            "isStart": true,
            "isEnd": false,
            "normalized_coordinates": [
                0.45454545454545453,
                0.2222222222222222
            ],
            "neighbors": [
                [
                    0.45454545454545453,
                    0.6111111111111112
                ],
                [
                    0.5454545454545454,
                    0.6666666666666666
                ],
                [
                    0.0,
                    0.2222222222222222
                ]
            ],
            "edge_distances": [
                0.2222222222222222,
                0.7777777777777778
            ],
            "dx": -0.45454545454545453,
            "dy": 0.0,
            "move_angle": 3.141592653589793,
            "move_distance": 0.45454545454545453,
            "hold_type": 0.5
        },
        {
            "problemId": 321988,
            "description": "A5",
            "isStart": true,
            "isEnd": false,
            "normalized_coordinates": [
                0.0,
                0.2222222222222222
            ],
            "neighbors": [
                [
                    0.45454545454545453,
                    0.2222222222222222
                ],
                [
                    0.45454545454545453,
                    0.6111111111111112
                ],
                [
                    0.5454545454545454,
                    0.6666666666666666
                ]
            ],
            "edge_distances": [
                0.2222222222222222,
                0.7777777777777778
            ],
            "dx": 0.45454545454545453,
            "dy": 0.38888888888888895,
            "move_angle": 0.7077105214679021,
            "move_distance": 0.5982024223865768,
            "angle_difference": -2.433882132121891,
            "hold_type": 0.0
        },
        {
            "problemId": 321988,
            "description": "F12",
            "isStart": false,
            "isEnd": false,
            "normalized_coordinates": [
                0.45454545454545453,
                0.6111111111111112
            ],
            "neighbors": [
                [
                    0.5454545454545454,
                    0.6666666666666666
                ],
                [
                    0.6363636363636364,
                    0.8888888888888888
                ],
                [
                    0.45454545454545453,
                    0.2222222222222222
                ]
            ],
            "edge_distances": [
                0.6111111111111112,
                0.38888888888888884
            ],
            "dx": 0.09090909090909088,
            "dy": 0.05555555555555547,
            "move_angle": 0.5485494024505275,
            "move_distance": 0.10654052075620694,
            "angle_difference": -0.15916111901737462,
            "hold_type": 0.5
        },
        {
            "problemId": 321988,
            "description": "G13",
            "isStart": false,
            "isEnd": false,
            "normalized_coordinates": [
                0.5454545454545454,
                0.6666666666666666
            ],
            "neighbors": [
                [
                    0.45454545454545453,
                    0.6111111111111112
                ],
                [
                    0.6363636363636364,
                    0.8888888888888888
                ],
                [
                    0.45454545454545453,
                    0.2222222222222222
                ]
            ],
            "edge_distances": [
                0.6666666666666666,
                0.33333333333333337
            ],
            "dx": 0.09090909090909094,
            "dy": 0.2222222222222222,
            "move_angle": 1.1824776086224305,
            "move_distance": 0.2400982691718124,
            "angle_difference": 0.6339282061719029,
            "hold_type": 0.5
        },
        {
            "problemId": 321988,
            "description": "H17",
            "isStart": false,
            "isEnd": false,
            "normalized_coordinates": [
                0.6363636363636364,
                0.8888888888888888
            ],
            "neighbors": [
                [
                    0.5454545454545454,
                    0.6666666666666666
                ],
                [
                    0.9090909090909091,
                    0.9444444444444444
                ],
                [
                    0.45454545454545453,
                    0.6111111111111112
                ]
            ],
            "edge_distances": [
                0.8888888888888888,
                0.11111111111111116
            ],
            "dx": 0.2727272727272727,
            "dy": 0.05555555555555558,
            "move_angle": 0.2009542636880971,
            "move_distance": 0.2783281966354516,
            "angle_difference": -0.9815233449343334,
            "hold_type": 0.0
        },
        {
            "problemId": 321988,
            "description": "K18",
            "isStart": false,
            "isEnd": true,
            "normalized_coordinates": [
                0.9090909090909091,
                0.9444444444444444
            ],
            "neighbors": [
                [
                    0.6363636363636364,
                    0.8888888888888888
                ],
                [
                    0.5454545454545454,
                    0.6666666666666666
                ],
                [
                    0.45454545454545453,
                    0.6111111111111112
                ]
            ],
            "edge_distances": [
                0.9444444444444444,
                0.05555555555555558
            ],
            "hold_type": 0.0
        }
    ],
    "data.apiId": 321988,
    "hold_presence": [
        0.0,
        0.0,
        0.0,
        0.0,
        0.0,
        0.0,
        0.0,
        0.0,
        0.0,
        0.0,
        0.0,
        0.0,
        0.0,
        0.0,
        0.0,
        0.0,
        0.0,
        0.0,
        0.0,
        0.0,
        0.0,
        0.0,
        0.0,
        0.0,
        0.0,
        0.0,
        0.0,
        0.0,
        0.0,
        0.0,
        0.0,
        0.0,
        0.0,
        0.0,
        0.0,
        0.0,
        0.0,
        0.0,
        0.0,
        0.0,
        0.0,
        0.0,
        0.0,
        0.0,
        1.0,
        0.0,
        0.0,
        0.0,
        0.0,
        1.0,
        0.0,
        0.0,
        0.0,
        0.0,
        0.0,
        0.0,
        0.0,
        0.0,
        0.0,
        0.0,
        0.0,
        0.0,
        0.0,
        0.0,
        0.0,
        0.0,
        0.0,
        0.0,
        0.0,
        0.0,
        0.0,
        0.0,
        0.0,
        0.0,
        0.0,
        0.0,
        0.0,
        0.0,
        0.0,
        0.0,
        0.0,
        0.0,
        0.0,
        0.0,
        0.0,
        0.0,
        0.0,
        0.0,
        0.0,
        0.0,
        0.0,
        0.0,
        0.0,
        0.0,
        0.0,
        0.0,
        0.0,
        0.0,
        0.0,
        0.0,
        0.0,
        0.0,
        0.0,
        0.0,
        0.0,
        0.0,
        0.0,
        0.0,
        0.0,
        0.0,
        0.0,
        0.0,
        0.0,
        0.0,
        0.0,
        0.0,
        0.0,
        0.0,
        0.0,
        0.0,
        0.0,
        0.0,
        0.0,
        0.0,
        0.0,
        0.0,
        1.0,
        0.0,
        0.0,
        0.0,
        0.0,
        0.0,
        0.0,
        0.0,
        0.0,
        0.0,
        0.0,
        0.0,
        1.0,
        0.0,
        0.0,
        0.0,
        0.0,
        0.0,
        0.0,
        0.0,
        0.0,
        0.0,
        0.0,
        0.0,
        0.0,
        0.0,
        0.0,
        0.0,
        0.0,
        0.0,
        0.0,
        0.0,
        0.0,
        0.0,
        0.0,
        0.0,
        0.0,
        0.0,
        0.0,
        0.0,
        0.0,
        0.0,
        0.0,
        0.0,
        0.0,
        0.0,
        0.0,
        0.0,
        0.0,
        0.0,
        0.0,
        0.0,
        0.0,
        0.0,
        0.0,
        0.0,
        0.0,
        1.0,
        0.0,
        0.0,
        0.0,
        0.0,
        0.0,
        0.0,
        0.0,
        0.0,
        0.0,
        0.0,
        0.0,
        0.0,
        0.0,
        1.0
    ],
    "hold_count_norm": -0.9624506127710697,
    "hold_density": 0.3454545454545454,
    "vertical_progress": 0.14444444444444443
}