{
    "data.grade": "7C",
    "data.userGrade": "7C",
    "data.method": "Screw ons only",
    "data.userRating": 1.6094379124341003,
    "data.repeats": 1.6094379124341003,
    "data.moves": [
        {
            "problemId": 325244,
            "description": "D4",
            "isStart": true,
            "isEnd": false,
            "normalized_coordinates": [
                0.2727272727272727,
                0.16666666666666666
            ],
            "neighbors": [
                [
                    0.6363636363636364,
                    0.16666666666666666
                ],
                [
                    0.6363636363636364,
                    0.3888888888888889
                ],
                [
                    0.36363636363636365,
                    0.6111111111111112
                ]
            ],
            "edge_distances": [
                0.16666666666666666,
                0.8333333333333334
            ],
            "dx": 0.36363636363636365,
            "dy": 0.0,
            "move_angle": 0.0,
            "move_distance": 0.36363636363636365,
            "hold_type": 0.0
        },
        {
            "problemId": 325244,
            "description": "H4",
            "isStart": true,
            "isEnd": false,
            "normalized_coordinates": [
                0.6363636363636364,
                0.16666666666666666
            ],
            "neighbors": [
                [
                    0.6363636363636364,
                    0.3888888888888889
                ],
                [
                    0.7272727272727273,
                    0.5
                ],
                [
                    0.2727272727272727,
                    0.16666666666666666
                ]
            ],
            "edge_distances": [
                0.16666666666666666,
                0.8333333333333334
            ],
            "dx": 0.0,
            "dy": 0.22222222222222224,
            "move_angle": 1.5707963267948966,
            "move_distance": 0.22222222222222224,
            "angle_difference": 1.5707963267948966,
            "hold_type": 0.5
        },
        {
            "problemId": 325244,
            "description": "H8",
            "isStart": false,
            "isEnd": false,
            "normalized_coordinates": [
                0.6363636363636364,
                0.3888888888888889
            ],
            "neighbors": [
                [
                    0.7272727272727273,
                    0.5
                ],
                [
                    0.6363636363636364,
                    0.16666666666666666
                ],
                [
                    0.36363636363636365,
                    0.6111111111111112
                ]
            ],
            "edge_distances": [
                0.3888888888888889,
                0.6111111111111112
            ],
            "dx": 0.09090909090909094,
            "dy": 0.1111111111111111,
            "move_angle": 0.8850668158886101,
            "move_distance": 0.14356232730860502,
            "angle_difference": -0.6857295109062864,
            "hold_type": 1.0
        },
        {
            "problemId": 325244,
            "description": "I10",
            "isStart": false,
            "isEnd": false,
            "normalized_coordinates": [
                0.7272727272727273,
                0.5
            ],
            "neighbors": [
                [
                    0.6363636363636364,
                    0.3888888888888889
                ],
                [
                    0.6363636363636364,
                    0.16666666666666666
                ],
                [
                    0.36363636363636365,
                    0.6111111111111112
                ]
            ],
            "edge_distances": [
                0.5,
                0.5
            ],
            "dx": -0.36363636363636365,
            "dy": 0.11111111111111116,
            "move_angle": 2.8450468445200925,
            "move_distance": 0.38023293383270124,
            "angle_difference": 1.9599800286314824,
            "hold_type": 0.5
        },
        {
            "problemId": 325244,
            "description": "E12",
            "isStart": false,
            "isEnd": false,
            "normalized_coordinates": [
                0.36363636363636365,
                0.6111111111111112
            ],
            "neighbors": [
                [
                    0.18181818181818182,
                    0.7222222222222222
                ],
                [
                    0.6363636363636364,
                    0.3888888888888889
                ],
                [
                    0.18181818181818182,
                    0.9444444444444444
                ]
            ],
            "edge_distances": [
                0.6111111111111112,
                0.38888888888888884
            ],
            "dx": -0.18181818181818182,
            "dy": 0.11111111111111105,
            "move_angle": 2.5930432511392656,
            "move_distance": 0.21308104151241397,
            "angle_difference": -0.2520035933808269,
            "hold_type": 0.0
        },
        {
            "problemId": 325244,
            "description": "C14",
            "isStart": false,
            "isEnd": false,
            "normalized_coordinates": [
                0.18181818181818182,
                0.7222222222222222
            ],
            "neighbors": [
                [
                    0.36363636363636365,
                    0.6111111111111112
                ],
                [
                    0.18181818181818182,
                    0.9444444444444444
                ],
                [
                    0.0,
                    0.8888888888888888
                ]
            ],
            "edge_distances": [
                0.7222222222222222,
                0.2777777777777778
            ],
            "dx": -0.18181818181818182,
            "dy": 0.16666666666666663,
            "move_angle": 2.399645385583876,
            "move_distance": 0.24664879691060157,
            "angle_difference": -0.19339786555538963,
            "hold_type": 1.0
        },
        {
            "problemId": 325244,
            "description": "A17",
            "isStart": false,
            "isEnd": false,
            "normalized_coordinates": [
                0.0,
                0.8888888888888888
            ],
            "neighbors": [
                [
                    0.18181818181818182,
                    0.9444444444444444
                ],
                [
                    0.18181818181818182,
                    0.7222222222222222
                ],
                [
                    0.36363636363636365,
                    0.6111111111111112
                ]
            ],
            "edge_distances": [
                0.8888888888888888,
                0.11111111111111116
            ],
            "dx": 0.18181818181818182,
            "dy": 0.05555555555555558,
            "move_angle": 0.29654580906970057,
            "move_distance": 0.19011646691635062,
            "angle_difference": -2.1030995765141753,
            "hold_type": 0.75
        },
        {
            "problemId": 325244,
            "description": "C18",
            "isStart": false,
            "isEnd": true,
            "normalized_coordinates": [
                0.18181818181818182,
                0.9444444444444444
            ],
            "neighbors": [
                [
                    0.0,
                    0.8888888888888888
                ],
                [
                    0.18181818181818182,
                    0.7222222222222222
                ],
                [
                    0.36363636363636365,
                    0.6111111111111112
                ]
            ],
            "edge_distances": [
                0.9444444444444444,
                0.05555555555555558
            ],
            "hold_type": 0.5
        }
    ],
    "data.apiId": 325244,
    "hold_presence": [
        0.0,
        0.0,
        0.0,
        0.0,
        0.0,
        0.0,
        0.0,
        0.0,
        0.0,
        0.0,
        0.0,
        0.0,
        0.0,
        0.0,
        0.0,
        0.0,
        0.0,
        0.0,
        0.0,
        0.0,
        0.0,
        0.0,
        0.0,
        0.0,
        0.0,
        0.0,
        0.0,
        0.0,
        0.0,
        0.0,
        0.0,
        0.0,
        0.0,
        0.0,
        0.0,
        0.0,
        1.0,
        0.0,
        0.0,
        0.0,
        1.0,
        0.0,
        0.0,
        0.0,
        0.0,
        0.0,
        0.0,
        0.0,
        0.0,
        0.0,
        0.0,
        0.0,
        0.0,
        0.0,
        0.0,
        0.0,
        0.0,
        0.0,
        0.0,
        0.0,
        0.0,
        0.0,
        0.0,
        0.0,
        0.0,
        0.0,
        0.0,
        0.0,
        0.0,
        0.0,
        0.0,
        0.0,
        0.0,
        0.0,
        0.0,
        0.0,
        0.0,
        0.0,
        0.0,
        0.0,
        0.0,
        0.0,
        0.0,
        0.0,
        1.0,
        0.0,
        0.0,
        0.0,
        0.0,
        0.0,
        0.0,
        0.0,
        0.0,
        0.0,
        0.0,
        0.0,
        0.0,
        0.0,
        0.0,
        0.0,
        0.0,
        0.0,
        0.0,
        0.0,
        0.0,
        0.0,
        0.0,
        1.0,
        0.0,
        0.0,
        0.0,
        0.0,
        0.0,
        0.0,
        0.0,
        0.0,
        0.0,
        0.0,
        0.0,
        0.0,
        0.0,
        0.0,
        0.0,
        0.0,
        0.0,
        1.0,
        0.0,
        0.0,
        0.0,
        0.0,
        0.0,
        0.0,
        0.0,
        0.0,
        0.0,
        0.0,
        0.0,
        0.0,
        0.0,
        0.0,
        0.0,
        0.0,
        0.0,
        0.0,
        0.0,
        1.0,
        0.0,
        0.0,
        0.0,
        0.0,
        0.0,
        0.0,
        0.0,
        0.0,
        0.0,
        0.0,
        0.0,
        0.0,
        0.0,
        0.0,
        0.0,
        0.0,
        0.0,
        0.0,
        0.0,
        0.0,
        0.0,
        0.0,
        0.0,
        0.0,
        0.0,
        0.0,
        0.0,
        0.0,
        0.0,
        0.0,
        1.0,
        0.0,
        0.0,
        0.0,
        0.0,
        0.0,
        0.0,
        0.0,
        0.0,
        0.0,
        0.0,
        0.0,
        0.0,
        1.0,
        0.0,
        0.0,
        0.0,
        0.0,
        0.0,
        0.0,
        0.0,
        0.0
    ],
    "hold_count_norm": 0.09972664227977365,
    "hold_density": 0.3149350649350649,
    "vertical_progress": 0.11111111111111112
}