{
    "data.grade": "7C",
    "data.userGrade": null,
    "data.method": "Feet follow hands",
    "data.userRating": 1.6094379124341003,
    "data.repeats": 2.639057329615259,
    "data.moves": [
        {
            "problemId": 318757,
            "description": "G6",
            "isStart": true,
            "isEnd": false,
            "normalized_coordinates": [
                0.5454545454545454,
                0.2777777777777778
            ],
            "neighbors": [
                [
                    0.36363636363636365,
                    0.2222222222222222
                ],
                [
                    0.45454545454545453,
                    0.6111111111111112
                ],
                [
                    0.9090909090909091,
                    0.2222222222222222
                ]
            ],
            "edge_distances": [
                0.2777777777777778,
                0.7222222222222222
            ],
            "dx": 0.36363636363636365,
            "dy": -0.05555555555555558,
            "move_angle": -0.15160548743827287,
            "move_distance": 0.36785571181071,
            "hold_type": 0.0
        },
        {
            "problemId": 318757,
            "description": "K5",
            "isStart": true,
            "isEnd": false,
            "normalized_coordinates": [
                0.9090909090909091,
                0.2222222222222222
            ],
            "neighbors": [
                [
                    0.5454545454545454,
                    0.2777777777777778
                ],
                [
                    0.36363636363636365,
                    0.2222222222222222
                ],
                [
                    0.45454545454545453,
                    0.6111111111111112
                ]
            ],
            "edge_distances": [
                0.2222222222222222,
                0.7777777777777778
            ],
            "dx": -0.5454545454545454,
            "dy": 0.0,
            "move_angle": 3.141592653589793,
            "move_distance": 0.5454545454545454,
            "angle_difference": 3.293198141028066,
            "hold_type": 1.0
        },
        {
            "problemId": 318757,
            "description": "E5",
            "isStart": false,
            "isEnd": false,
            "normalized_coordinates": [
                0.36363636363636365,
                0.2222222222222222
            ],
            "neighbors": [
                [
                    0.5454545454545454,
                    0.2777777777777778
                ],
                [
                    0.09090909090909091,
                    0.3888888888888889
                ],
                [
                    0.45454545454545453,
                    0.6111111111111112
                ]
            ],
            "edge_distances": [
                0.2222222222222222,
                0.7777777777777778
            ],
            "dx": -0.2727272727272727,
            "dy": 0.16666666666666669,
            "move_angle": 2.593043251139265,
            "move_distance": 0.319621562268621,
            "angle_difference": -0.548549402450528,
            "hold_type": 0.0
        },
        {
            "problemId": 318757,
            "description": "B8",
            "isStart": false,
            "isEnd": false,
            "normalized_coordinates": [
                0.09090909090909091,
                0.3888888888888889
            ],
            "neighbors": [
                [
                    0.36363636363636365,
                    0.2222222222222222
                ],
                [
                    0.45454545454545453,
                    0.6111111111111112
                ],
                [
                    0.5454545454545454,
                    0.2777777777777778
                ]
            ],
            "edge_distances": [
                0.3888888888888889,
                0.6111111111111112
            ],
            "dx": 0.36363636363636365,
            "dy": 0.22222222222222227,
            "move_angle": 0.5485494024505282,
            "move_distance": 0.42616208302482805,
            "angle_difference": -2.044493848688737,
            "hold_type": 0.5
        },
        {
            "problemId": 318757,
            "description": "F12",
            "isStart": false,
            "isEnd": false,
            "normalized_coordinates": [
                0.45454545454545453,
                0.6111111111111112
            ],
            "neighbors": [
                [
                    0.5454545454545454,
                    0.2777777777777778
                ],
                [
                    0.6363636363636364,
                    0.9444444444444444
                ],
                [
                    0.36363636363636365,
                    0.2222222222222222
                ]
            ],
            "edge_distances": [
                0.6111111111111112,
                0.38888888888888884
            ],
            "dx": 0.18181818181818182,
            "dy": 0.33333333333333326,
            "move_angle": 1.0714496051147664,
            "move_distance": 0.3796958813982323,
            "angle_difference": 0.5229002026642382,
            "hold_type": 0.5
        },
        {
            "problemId": 318757,
            "description": "H18",
            "isStart": false,
            "isEnd": true,
            "normalized_coordinates": [
                0.6363636363636364,
                0.9444444444444444
            ],
            "neighbors": [
                [
                    0.45454545454545453,
                    0.6111111111111112
                ],
                [
                    0.5454545454545454,
                    0.2777777777777778
                ],
                [
                    0.36363636363636365,
                    0.2222222222222222
                ]
            ],
            "edge_distances": [
                0.9444444444444444,
                0.05555555555555558
            ],
            "hold_type": 1.0
        }
    ],
    "data.apiId": 318757,
    "hold_presence": [
        0.0,
        0.0,
        0.0,
        0.0,
        0.0,
        0.0,
        0.0,
        0.0,
        0.0,
        0.0,
        0.0,
        0.0,
        0.0,
        0.0,
        0.0,
        0.0,
        0.0,
        0.0,
        0.0,
        0.0,
        0.0,
        0.0,
        0.0,
        0.0,
        0.0,
        0.0,
        0.0,
        0.0,
        0.0,
        0.0,
        0.0,
        0.0,
        0.0,
        0.0,
        0.0,
        0.0,
        0.0,
        0.0,
        0.0,
        0.0,
        0.0,
        0.0,
        0.0,
        0.0,
        0.0,
        0.0,
        0.0,
        0.0,
        1.0,
        0.0,
        0.0,
        0.0,
        0.0,
        0.0,
        1.0,
        0.0,
        0.0,
        0.0,
        0.0,
        0.0,
        0.0,
        1.0,
        0.0,
        0.0,
        0.0,
        0.0,
        0.0,
        0.0,
        0.0,
        0.0,
        0.0,
        0.0,
        0.0,
        0.0,
        0.0,
        0.0,
        0.0,
        0.0,
        1.0,
        0.0,
        0.0,
        0.0,
        0.0,
        0.0,
        0.0,
        0.0,
        0.0,
        0.0,
        0.0,
        0.0,
        0.0,
        0.0,
        0.0,
        0.0,
        0.0,
        0.0,
        0.0,
        0.0,
        0.0,
        0.0,
        0.0,
        0.0,
        0.0,
        0.0,
        0.0,
        0.0,
        0.0,
        0.0,
        0.0,
        0.0,
        0.0,
        0.0,
        0.0,
        0.0,
        0.0,
        0.0,
        0.0,
        0.0,
        0.0,
        0.0,
        0.0,
        0.0,
        0.0,
        0.0,
        0.0,
        0.0,
        1.0,
        0.0,
        0.0,
        0.0,
        0.0,
        0.0,
        0.0,
        0.0,
        0.0,
        0.0,
        0.0,
        0.0,
        0.0,
        0.0,
        0.0,
        0.0,
        0.0,
        0.0,
        0.0,
        0.0,
        0.0,
        0.0,
        0.0,
        0.0,
        0.0,
        0.0,
        0.0,
        0.0,
        0.0,
        0.0,
        0.0,
        0.0,
        0.0,
        0.0,
        0.0,
        0.0,
        0.0,
        0.0,
        0.0,
        0.0,
        0.0,
        0.0,
        0.0,
        0.0,
        0.0,
        0.0,
        0.0,
        0.0,
        0.0,
        0.0,
        0.0,
        0.0,
        0.0,
        0.0,
        0.0,
        0.0,
        0.0,
        0.0,
        0.0,
        0.0,
        0.0,
        0.0,
        0.0,
        0.0,
        0.0,
        0.0,
        0.0,
        0.0,
        1.0,
        0.0,
        0.0,
        0.0
    ],
    "hold_count_norm": -0.9624506127710697,
    "hold_density": 0.3333333333333332,
    "vertical_progress": 0.13333333333333333
}