{
    "data.grade": "7C",
    "data.userGrade": null,
    "data.method": "Feet follow hands",
    "data.userRating": 1.791759469228055,
    "data.repeats": 1.0986122886681096,
    "data.moves": [
        {
            "problemId": 336445,
            "description": "F3",
            "isStart": true,
            "isEnd": false,
            "normalized_coordinates": [
                0.45454545454545453,
                0.1111111111111111
            ],
            "neighbors": [
                [
                    0.18181818181818182,
                    0.4444444444444444
                ],
                [
                    0.09090909090909091,
                    0.3888888888888889
                ],
                [
                    0.0,
                    0.05555555555555555
                ]
            ],
            "edge_distances": [
                0.1111111111111111,
                0.8888888888888888
            ],
            "dx": -0.45454545454545453,
            "dy": -0.05555555555555555,
            "move_angle": -3.0199736303284466,
            "move_distance": 0.45792793101209744,
            "hold_type": 0.75
        },
        {
            "problemId": 336445,
            "description": "A2",
            "isStart": true,
            "isEnd": false,
            "normalized_coordinates": [
                0.0,
                0.05555555555555555
            ],
            "neighbors": [
                [
                    0.09090909090909091,
                    0.3888888888888889
                ],
                [
                    0.18181818181818182,
                    0.4444444444444444
                ],
                [
                    0.45454545454545453,
                    0.1111111111111111
                ]
            ],
            "edge_distances": [
                0.05555555555555555,
                0.9444444444444444
            ],
            "dx": 0.09090909090909091,
            "dy": 0.33333333333333337,
            "move_angle": 1.3045442776439713,
            "move_distance": 0.3455077045754964,
            "angle_difference": 4.324517907972417,
            "hold_type": 0.75
        },
        {
            "problemId": 336445,
            "description": "B8",
            "isStart": false,
            "isEnd": false,
            "normalized_coordinates": [
                0.09090909090909091,
                0.3888888888888889
            ],
            "neighbors": [
                [
                    0.18181818181818182,
                    0.4444444444444444
                ],
                [
                    0.0,
                    0.05555555555555555
                ],
                [
                    0.45454545454545453,
                    0.1111111111111111
                ]
            ],
            "edge_distances": [
                0.3888888888888889,
                0.6111111111111112
            ],
            "dx": 0.09090909090909091,
            "dy": 0.055555555555555525,
            "move_angle": 0.5485494024505279,
            "move_distance": 0.10654052075620699,
            "angle_difference": -0.7559948751934434,
            "hold_type": 0.5
        },
        {
            "problemId": 336445,
            "description": "C9",
            "isStart": false,
            "isEnd": false,
            "normalized_coordinates": [
                0.18181818181818182,
                0.4444444444444444
            ],
            "neighbors": [
                [
                    0.09090909090909091,
                    0.3888888888888889
                ],
                [
                    0.5454545454545454,
                    0.6111111111111112
                ],
                [
                    0.0,
                    0.05555555555555555
                ]
            ],
            "edge_distances": [
                0.4444444444444444,
                0.5555555555555556
            ],
            "dx": 0.3636363636363636,
            "dy": 0.16666666666666674,
            "move_angle": 0.42976227909668874,
            "move_distance": 0.4000114782558814,
            "angle_difference": -0.11878712335383912,
            "hold_type": 0.5
        },
        {
            "problemId": 336445,
            "description": "G12",
            "isStart": false,
            "isEnd": false,
            "normalized_coordinates": [
                0.5454545454545454,
                0.6111111111111112
            ],
            "neighbors": [
                [
                    0.6363636363636364,
                    0.8333333333333334
                ],
                [
                    0.18181818181818182,
                    0.4444444444444444
                ],
                [
                    0.9090909090909091,
                    0.9444444444444444
                ]
            ],
            "edge_distances": [
                0.6111111111111112,
                0.38888888888888884
            ],
            "dx": 0.09090909090909094,
            "dy": 0.2222222222222222,
            "move_angle": 1.1824776086224305,
            "move_distance": 0.2400982691718124,
            "angle_difference": 0.7527153295257417,
            "hold_type": 0.0
        },
        {
            "problemId": 336445,
            "description": "H16",
            "isStart": false,
            "isEnd": false,
            "normalized_coordinates": [
                0.6363636363636364,
                0.8333333333333334
            ],
            "neighbors": [
                [
                    0.5454545454545454,
                    0.6111111111111112
                ],
                [
                    0.9090909090909091,
                    0.9444444444444444
                ],
                [
                    0.18181818181818182,
                    0.4444444444444444
                ]
            ],
            "edge_distances": [
                0.8333333333333334,
                0.16666666666666663
            ],
            "dx": 0.2727272727272727,
            "dy": 0.11111111111111105,
            "move_angle": 0.3868757177310279,
            "move_distance": 0.2944925199416818,
            "angle_difference": -0.7956018908914025,
            "hold_type": 0.0
        },
        {
            "problemId": 336445,
            "description": "K18",
            "isStart": false,
            "isEnd": true,
            "normalized_coordinates": [
                0.9090909090909091,
                0.9444444444444444
            ],
            "neighbors": [
                [
                    0.6363636363636364,
                    0.8333333333333334
                ],
                [
                    0.5454545454545454,
                    0.6111111111111112
                ],
                [
                    0.18181818181818182,
                    0.4444444444444444
                ]
            ],
            "edge_distances": [
                0.9444444444444444,
                0.05555555555555558
            ],
            "hold_type": 0.0
        }
    ],
    "data.apiId": 336445,
    "hold_presence": [
        0.0,
        0.0,
        0.0,
        0.0,
        0.0,
        0.0,
        0.0,
        0.0,
        0.0,
        0.0,
        0.0,
        1.0,
        0.0,
        0.0,
        0.0,
        0.0,
        0.0,
        0.0,
        0.0,
        0.0,
        0.0,
        0.0,
        0.0,
        0.0,
        0.0,
        0.0,
        0.0,
        1.0,
        0.0,
        0.0,
        0.0,
        0.0,
        0.0,
        0.0,
        0.0,
        0.0,
        0.0,
        0.0,
        0.0,
        0.0,
        0.0,
        0.0,
        0.0,
        0.0,
        0.0,
        0.0,
        0.0,
        0.0,
        0.0,
        0.0,
        0.0,
        0.0,
        0.0,
        0.0,
        0.0,
        0.0,
        0.0,
        0.0,
        0.0,
        0.0,
        0.0,
        0.0,
        0.0,
        0.0,
        0.0,
        0.0,
        0.0,
        0.0,
        0.0,
        0.0,
        0.0,
        0.0,
        0.0,
        0.0,
        0.0,
        0.0,
        0.0,
        0.0,
        1.0,
        0.0,
        0.0,
        0.0,
        0.0,
        0.0,
        0.0,
        0.0,
        0.0,
        0.0,
        0.0,
        0.0,
        1.0,
        0.0,
        0.0,
        0.0,
        0.0,
        0.0,
        0.0,
        0.0,
        0.0,
        0.0,
        0.0,
        0.0,
        0.0,
        0.0,
        0.0,
        0.0,
        0.0,
        0.0,
        0.0,
        0.0,
        0.0,
        0.0,
        0.0,
        0.0,
        0.0,
        0.0,
        0.0,
        0.0,
        0.0,
        0.0,
        0.0,
        0.0,
        0.0,
        0.0,
        0.0,
        0.0,
        0.0,
        1.0,
        0.0,
        0.0,
        0.0,
        0.0,
        0.0,
        0.0,
        0.0,
        0.0,
        0.0,
        0.0,
        0.0,
        0.0,
        0.0,
        0.0,
        0.0,
        0.0,
        0.0,
        0.0,
        0.0,
        0.0,
        0.0,
        0.0,
        0.0,
        0.0,
        0.0,
        0.0,
        0.0,
        0.0,
        0.0,
        0.0,
        0.0,
        0.0,
        0.0,
        0.0,
        0.0,
        0.0,
        0.0,
        0.0,
        0.0,
        0.0,
        0.0,
        0.0,
        0.0,
        0.0,
        1.0,
        0.0,
        0.0,
        0.0,
        0.0,
        0.0,
        0.0,
        0.0,
        0.0,
        0.0,
        0.0,
        0.0,
        0.0,
        0.0,
        0.0,
        0.0,
        0.0,
        0.0,
        0.0,
        0.0,
        0.0,
        0.0,
        0.0,
        0.0,
        0.0,
        1.0
    ],
    "hold_count_norm": -0.431361985245648,
    "hold_density": 0.39826839826839827,
    "vertical_progress": 0.13888888888888887
}