{
    "data.grade": "7C",
    "data.userGrade": null,
    "data.method": "Feet follow hands",
    "data.userRating": 1.791759469228055,
    "data.repeats": 0.6931471805599453,
    "data.moves": [
        {
            "problemId": 341303,
            "description": "E2",
            "isStart": true,
            "isEnd": false,
            "normalized_coordinates": [
                0.36363636363636365,
                0.05555555555555555
            ],
            "neighbors": [
                [
                    0.09090909090909091,
                    0.1111111111111111
                ],
                [
                    0.6363636363636364,
                    0.16666666666666666
                ],
                [
                    0.6363636363636364,
                    0.3333333333333333
                ]
            ],
            "edge_distances": [
                0.05555555555555555,
                0.9444444444444444
            ],
            "dx": -0.2727272727272727,
            "dy": 0.05555555555555555,
            "move_angle": 2.940638389901696,
            "move_distance": 0.2783281966354516,
            "hold_type": 0.0
        },
        {
            "problemId": 341303,
            "description": "B3",
            "isStart": false,
            "isEnd": false,
            "normalized_coordinates": [
                0.09090909090909091,
                0.1111111111111111
            ],
            "neighbors": [
                [
                    0.36363636363636365,
                    0.05555555555555555
                ],
                [
                    0.6363636363636364,
                    0.16666666666666666
                ],
                [
                    0.45454545454545453,
                    0.5555555555555556
                ]
            ],
            "edge_distances": [
                0.1111111111111111,
                0.8888888888888888
            ],
            "dx": 0.7272727272727273,
            "dy": -0.1111111111111111,
            "move_angle": -0.15160548743827282,
            "move_distance": 0.73571142362142,
            "angle_difference": -3.092243877339969,
            "hold_type": 1.0
        },
        {
            "problemId": 341303,
            "description": "J1",
            "isStart": true,
            "isEnd": false,
            "normalized_coordinates": [
                0.8181818181818182,
                0.0
            ],
            "neighbors": [
                [
                    0.6363636363636364,
                    0.16666666666666666
                ],
                [
                    0.6363636363636364,
                    0.3333333333333333
                ],
                [
                    0.36363636363636365,
                    0.05555555555555555
                ]
            ],
            "edge_distances": [
                0.0,
                1.0
            ],
            "dx": -0.18181818181818188,
            "dy": 0.16666666666666666,
            "move_angle": 2.399645385583876,
            "move_distance": 0.24664879691060165,
            "angle_difference": 2.551250873022149,
            "hold_type": 0.0
        },
        {
            "problemId": 341303,
            "description": "H4",
            "isStart": false,
            "isEnd": false,
            "normalized_coordinates": [
                0.6363636363636364,
                0.16666666666666666
            ],
            "neighbors": [
                [
                    0.6363636363636364,
                    0.3333333333333333
                ],
                [
                    0.8181818181818182,
                    0.0
                ],
                [
                    0.36363636363636365,
                    0.05555555555555555
                ]
            ],
            "edge_distances": [
                0.16666666666666666,
                0.8333333333333334
            ],
            "dx": 0.0,
            "dy": 0.16666666666666666,
            "move_angle": 1.5707963267948966,
            "move_distance": 0.16666666666666666,
            "angle_difference": -0.8288490587889794,
            "hold_type": 0.5
        },
        {
            "problemId": 341303,
            "description": "H7",
            "isStart": false,
            "isEnd": false,
            "normalized_coordinates": [
                0.6363636363636364,
                0.3333333333333333
            ],
            "neighbors": [
                [
                    0.6363636363636364,
                    0.16666666666666666
                ],
                [
                    0.45454545454545453,
                    0.5555555555555556
                ],
                [
                    0.9090909090909091,
                    0.5
                ]
            ],
            "edge_distances": [
                0.3333333333333333,
                0.6666666666666667
            ],
            "dx": 0.2727272727272727,
            "dy": 0.16666666666666669,
            "move_angle": 0.5485494024505282,
            "move_distance": 0.319621562268621,
            "angle_difference": -1.0222469243443684,
            "hold_type": 0.25
        },
        {
            "problemId": 341303,
            "description": "K10",
            "isStart": false,
            "isEnd": false,
            "normalized_coordinates": [
                0.9090909090909091,
                0.5
            ],
            "neighbors": [
                [
                    0.6363636363636364,
                    0.3333333333333333
                ],
                [
                    0.6363636363636364,
                    0.16666666666666666
                ],
                [
                    0.5454545454545454,
                    0.7777777777777778
                ]
            ],
            "edge_distances": [
                0.5,
                0.5
            ],
            "dx": -0.45454545454545453,
            "dy": 0.05555555555555558,
            "move_angle": 3.0199736303284466,
            "move_distance": 0.45792793101209744,
            "angle_difference": 2.471424227877918,
            "hold_type": 0.75
        },
        {
            "problemId": 341303,
            "description": "F11",
            "isStart": false,
            "isEnd": false,
            "normalized_coordinates": [
                0.45454545454545453,
                0.5555555555555556
            ],
            "neighbors": [
                [
                    0.5454545454545454,
                    0.7777777777777778
                ],
                [
                    0.6363636363636364,
                    0.3333333333333333
                ],
                [
                    0.2727272727272727,
                    0.9444444444444444
                ]
            ],
            "edge_distances": [
                0.5555555555555556,
                0.4444444444444444
            ],
            "dx": 0.09090909090909088,
            "dy": 0.2222222222222222,
            "move_angle": 1.1824776086224307,
            "move_distance": 0.24009826917181237,
            "angle_difference": -1.837496021706016,
            "hold_type": 1.0
        },
        {
            "problemId": 341303,
            "description": "G15",
            "isStart": false,
            "isEnd": false,
            "normalized_coordinates": [
                0.5454545454545454,
                0.7777777777777778
            ],
            "neighbors": [
                [
                    0.45454545454545453,
                    0.5555555555555556
                ],
                [
                    0.2727272727272727,
                    0.9444444444444444
                ],
                [
                    0.6363636363636364,
                    0.3333333333333333
                ]
            ],
            "edge_distances": [
                0.7777777777777778,
                0.2222222222222222
            ],
            "dx": -0.2727272727272727,
            "dy": 0.16666666666666663,
            "move_angle": 2.593043251139265,
            "move_distance": 0.319621562268621,
            "angle_difference": 1.4105656425168345,
            "hold_type": 1.0
        },
        {
            "problemId": 341303,
            "description": "D18",
            "isStart": false,
            "isEnd": true,
            "normalized_coordinates": [
                0.2727272727272727,
                0.9444444444444444
            ],
            "neighbors": [
                [
                    0.5454545454545454,
                    0.7777777777777778
                ],
                [
                    0.45454545454545453,
                    0.5555555555555556
                ],
                [
                    0.6363636363636364,
                    0.3333333333333333
                ]
            ],
            "edge_distances": [
                0.9444444444444444,
                0.05555555555555558
            ],
            "hold_type": 1.0
        }
    ],
    "data.apiId": 341303,
    "hold_presence": [
        0.0,
        0.0,
        0.0,
        0.0,
        0.0,
        0.0,
        0.0,
        0.0,
        0.0,
        1.0,
        0.0,
        0.0,
        0.0,
        0.0,
        0.0,
        1.0,
        0.0,
        0.0,
        0.0,
        0.0,
        0.0,
        0.0,
        0.0,
        1.0,
        0.0,
        0.0,
        0.0,
        0.0,
        0.0,
        0.0,
        0.0,
        0.0,
        0.0,
        0.0,
        0.0,
        0.0,
        0.0,
        0.0,
        0.0,
        0.0,
        1.0,
        0.0,
        0.0,
        0.0,
        0.0,
        0.0,
        0.0,
        0.0,
        0.0,
        0.0,
        0.0,
        0.0,
        0.0,
        0.0,
        0.0,
        0.0,
        0.0,
        0.0,
        0.0,
        0.0,
        0.0,
        0.0,
        0.0,
        0.0,
        0.0,
        0.0,
        0.0,
        0.0,
        0.0,
        0.0,
        0.0,
        0.0,
        0.0,
        1.0,
        0.0,
        0.0,
        0.0,
        0.0,
        0.0,
        0.0,
        0.0,
        0.0,
        0.0,
        0.0,
        0.0,
        0.0,
        0.0,
        0.0,
        0.0,
        0.0,
        0.0,
        0.0,
        0.0,
        0.0,
        0.0,
        0.0,
        0.0,
        0.0,
        0.0,
        0.0,
        0.0,
        0.0,
        0.0,
        0.0,
        0.0,
        0.0,
        0.0,
        0.0,
        0.0,
        1.0,
        0.0,
        0.0,
        0.0,
        0.0,
        0.0,
        1.0,
        0.0,
        0.0,
        0.0,
        0.0,
        0.0,
        0.0,
        0.0,
        0.0,
        0.0,
        0.0,
        0.0,
        0.0,
        0.0,
        0.0,
        0.0,
        0.0,
        0.0,
        0.0,
        0.0,
        0.0,
        0.0,
        0.0,
        0.0,
        0.0,
        0.0,
        0.0,
        0.0,
        0.0,
        0.0,
        0.0,
        0.0,
        0.0,
        0.0,
        0.0,
        0.0,
        0.0,
        0.0,
        0.0,
        0.0,
        0.0,
        0.0,
        0.0,
        0.0,
        0.0,
        1.0,
        0.0,
        0.0,
        0.0,
        0.0,
        0.0,
        0.0,
        0.0,
        0.0,
        0.0,
        0.0,
        0.0,
        0.0,
        0.0,
        0.0,
        0.0,
        0.0,
        0.0,
        0.0,
        0.0,
        0.0,
        0.0,
        0.0,
        0.0,
        0.0,
        0.0,
        0.0,
        0.0,
        0.0,
        0.0,
        1.0,
        0.0,
        0.0,
        0.0,
        0.0,
        0.0,
        0.0,
        0.0
    ],
    "hold_count_norm": 0.6308152698051953,
    "hold_density": 0.31313131313131315,
    "vertical_progress": 0.11111111111111112
}