{
    "data.grade": "7C",
    "data.userGrade": "7C",
    "data.method": "Feet follow hands",
    "data.userRating": 1.791759469228055,
    "data.repeats": 1.0986122886681096,
    "data.moves": [
        {
            "problemId": 434776,
            "description": "G3",
            "isStart": true,
            "isEnd": false,
            "normalized_coordinates": [
                0.5454545454545454,
                0.1111111111111111
            ],
            "neighbors": [
                [
                    0.7272727272727273,
                    0.2222222222222222
                ],
                [
                    0.36363636363636365,
                    0.4444444444444444
                ],
                [
                    0.36363636363636365,
                    0.6111111111111112
                ]
            ],
            "edge_distances": [
                0.1111111111111111,
                0.8888888888888888
            ],
            "dx": 0.18181818181818188,
            "dy": 0.1111111111111111,
            "move_angle": 0.5485494024505279,
            "move_distance": 0.21308104151241405,
            "hold_type": 0.0
        },
        {
            "problemId": 434776,
            "description": "I5",
            "isStart": true,
            "isEnd": false,
            "normalized_coordinates": [
                0.7272727272727273,
                0.2222222222222222
            ],
            "neighbors": [
                [
                    0.5454545454545454,
                    0.1111111111111111
                ],
                [
                    0.36363636363636365,
                    0.4444444444444444
                ],
                [
                    0.36363636363636365,
                    0.6111111111111112
                ]
            ],
            "edge_distances": [
                0.2222222222222222,
                0.7777777777777778
            ],
            "dx": -0.36363636363636365,
            "dy": 0.2222222222222222,
            "move_angle": 2.593043251139265,
            "move_distance": 0.426162083024828,
            "angle_difference": 2.044493848688737,
            "hold_type": 0.5
        },
        {
            "problemId": 434776,
            "description": "E9",
            "isStart": false,
            "isEnd": false,
            "normalized_coordinates": [
                0.36363636363636365,
                0.4444444444444444
            ],
            "neighbors": [
                [
                    0.36363636363636365,
                    0.6111111111111112
                ],
                [
                    0.5454545454545454,
                    0.1111111111111111
                ],
                [
                    0.45454545454545453,
                    0.8333333333333334
                ]
            ],
            "edge_distances": [
                0.4444444444444444,
                0.5555555555555556
            ],
            "dx": 0.0,
            "dy": 0.16666666666666674,
            "move_angle": 1.5707963267948966,
            "move_distance": 0.16666666666666674,
            "angle_difference": -1.0222469243443686,
            "hold_type": 0.0
        },
        {
            "problemId": 434776,
            "description": "E12",
            "isStart": false,
            "isEnd": false,
            "normalized_coordinates": [
                0.36363636363636365,
                0.6111111111111112
            ],
            "neighbors": [
                [
                    0.36363636363636365,
                    0.4444444444444444
                ],
                [
                    0.45454545454545453,
                    0.8333333333333334
                ],
                [
                    0.45454545454545453,
                    0.8888888888888888
                ]
            ],
            "edge_distances": [
                0.6111111111111112,
                0.38888888888888884
            ],
            "dx": -0.36363636363636365,
            "dy": 0.16666666666666663,
            "move_angle": 2.711830374493105,
            "move_distance": 0.40001147825588135,
            "angle_difference": 1.1410340476982084,
            "hold_type": 0.0
        },
        {
            "problemId": 434776,
            "description": "A15",
            "isStart": false,
            "isEnd": false,
            "normalized_coordinates": [
                0.0,
                0.7777777777777778
            ],
            "neighbors": [
                [
                    0.36363636363636365,
                    0.6111111111111112
                ],
                [
                    0.45454545454545453,
                    0.8333333333333334
                ],
                [
                    0.45454545454545453,
                    0.8888888888888888
                ]
            ],
            "edge_distances": [
                0.7777777777777778,
                0.2222222222222222
            ],
            "dx": 0.45454545454545453,
            "dy": 0.05555555555555558,
            "move_angle": 0.12161902326134663,
            "move_distance": 0.45792793101209744,
            "angle_difference": -2.5902113512317584,
            "hold_type": 0.0
        },
        {
            "problemId": 434776,
            "description": "F16",
            "isStart": false,
            "isEnd": false,
            "normalized_coordinates": [
                0.45454545454545453,
                0.8333333333333334
            ],
            "neighbors": [
                [
                    0.45454545454545453,
                    0.8888888888888888
                ],
                [
                    0.36363636363636365,
                    0.6111111111111112
                ],
                [
                    0.36363636363636365,
                    0.4444444444444444
                ]
            ],
            "edge_distances": [
                0.8333333333333334,
                0.16666666666666663
            ],
            "dx": 0.0,
            "dy": 0.05555555555555547,
            "move_angle": 1.5707963267948966,
            "move_distance": 0.05555555555555547,
            "angle_difference": 1.44917730353355,
            "hold_type": 0.0
        },
        {
            "problemId": 434776,
            "description": "F17",
            "isStart": false,
            "isEnd": false,
            "normalized_coordinates": [
                0.45454545454545453,
                0.8888888888888888
            ],
            "neighbors": [
                [
                    0.45454545454545453,
                    0.8333333333333334
                ],
                [
                    0.36363636363636365,
                    0.6111111111111112
                ],
                [
                    0.36363636363636365,
                    0.4444444444444444
                ]
            ],
            "edge_distances": [
                0.8888888888888888,
                0.11111111111111116
            ],
            "dx": 0.45454545454545453,
            "dy": 0.05555555555555558,
            "move_angle": 0.12161902326134663,
            "move_distance": 0.45792793101209744,
            "angle_difference": -1.44917730353355,
            "hold_type": 0.75
        },
        {
            "problemId": 434776,
            "description": "K18",
            "isStart": false,
            "isEnd": true,
            "normalized_coordinates": [
                0.9090909090909091,
                0.9444444444444444
            ],
            "neighbors": [
                [
                    0.45454545454545453,
                    0.8888888888888888
                ],
                [
                    0.45454545454545453,
                    0.8333333333333334
                ],
                [
                    0.36363636363636365,
                    0.6111111111111112
                ]
            ],
            "edge_distances": [
                0.9444444444444444,
                0.05555555555555558
            ],
            "hold_type": 0.0
        }
    ],
    "data.apiId": 434776,
    "hold_presence": [
        0.0,
        0.0,
        0.0,
        0.0,
        0.0,
        0.0,
        0.0,
        0.0,
        0.0,
        0.0,
        0.0,
        0.0,
        0.0,
        0.0,
        0.0,
        0.0,
        0.0,
        0.0,
        0.0,
        0.0,
        0.0,
        0.0,
        0.0,
        0.0,
        0.0,
        0.0,
        0.0,
        0.0,
        1.0,
        0.0,
        0.0,
        0.0,
        0.0,
        0.0,
        0.0,
        0.0,
        0.0,
        0.0,
        0.0,
        0.0,
        0.0,
        0.0,
        0.0,
        0.0,
        0.0,
        0.0,
        0.0,
        0.0,
        0.0,
        0.0,
        0.0,
        0.0,
        1.0,
        0.0,
        0.0,
        0.0,
        0.0,
        0.0,
        0.0,
        0.0,
        0.0,
        0.0,
        0.0,
        0.0,
        0.0,
        0.0,
        0.0,
        0.0,
        0.0,
        0.0,
        0.0,
        0.0,
        0.0,
        0.0,
        0.0,
        0.0,
        0.0,
        0.0,
        0.0,
        0.0,
        0.0,
        0.0,
        0.0,
        0.0,
        0.0,
        0.0,
        0.0,
        0.0,
        0.0,
        0.0,
        0.0,
        0.0,
        1.0,
        0.0,
        0.0,
        0.0,
        0.0,
        0.0,
        0.0,
        0.0,
        0.0,
        0.0,
        0.0,
        0.0,
        0.0,
        0.0,
        0.0,
        0.0,
        0.0,
        0.0,
        0.0,
        0.0,
        0.0,
        0.0,
        0.0,
        0.0,
        0.0,
        0.0,
        0.0,
        0.0,
        0.0,
        0.0,
        0.0,
        0.0,
        0.0,
        1.0,
        0.0,
        0.0,
        0.0,
        0.0,
        0.0,
        0.0,
        0.0,
        0.0,
        0.0,
        0.0,
        0.0,
        0.0,
        0.0,
        0.0,
        0.0,
        0.0,
        0.0,
        0.0,
        0.0,
        0.0,
        0.0,
        0.0,
        0.0,
        0.0,
        0.0,
        0.0,
        0.0,
        0.0,
        1.0,
        0.0,
        0.0,
        0.0,
        0.0,
        0.0,
        0.0,
        0.0,
        0.0,
        0.0,
        0.0,
        0.0,
        0.0,
        0.0,
        0.0,
        0.0,
        1.0,
        0.0,
        0.0,
        0.0,
        0.0,
        0.0,
        0.0,
        0.0,
        0.0,
        0.0,
        0.0,
        1.0,
        0.0,
        0.0,
        0.0,
        0.0,
        0.0,
        0.0,
        0.0,
        0.0,
        0.0,
        0.0,
        0.0,
        0.0,
        0.0,
        0.0,
        0.0,
        1.0
    ],
    "hold_count_norm": 0.09972664227977365,
    "hold_density": 0.3116883116883116,
    "vertical_progress": 0.11904761904761904
}