{
    "data.grade": "7C",
    "data.userGrade": null,
    "data.method": "Feet follow hands",
    "data.userRating": 0.0,
    "data.repeats": 0.0,
    "data.moves": [
        {
            "problemId": 308853,
            "description": "H1",
            "isStart": true,
            "isEnd": false,
            "normalized_coordinates": [
                0.6363636363636364,
                0.0
            ],
            "neighbors": [
                [
                    0.7272727272727273,
                    0.2222222222222222
                ],
                [
                    0.36363636363636365,
                    0.2777777777777778
                ],
                [
                    0.45454545454545453,
                    0.5
                ]
            ],
            "edge_distances": [
                0.0,
                1.0
            ],
            "dx": 0.09090909090909094,
            "dy": 0.2222222222222222,
            "move_angle": 1.1824776086224305,
            "move_distance": 0.2400982691718124,
            "hold_type": 0.5
        },
        {
            "problemId": 308853,
            "description": "I5",
            "isStart": true,
            "isEnd": false,
            "normalized_coordinates": [
                0.7272727272727273,
                0.2222222222222222
            ],
            "neighbors": [
                [
                    0.6363636363636364,
                    0.0
                ],
                [
                    0.36363636363636365,
                    0.2777777777777778
                ],
                [
                    0.45454545454545453,
                    0.5
                ]
            ],
            "edge_distances": [
                0.2222222222222222,
                0.7777777777777778
            ],
            "dx": -0.36363636363636365,
            "dy": 0.05555555555555558,
            "move_angle": 2.9899871661515203,
            "move_distance": 0.36785571181071,
            "angle_difference": 1.8075095575290898,
            "hold_type": 0.5
        },
        {
            "problemId": 308853,
            "description": "E6",
            "isStart": false,
            "isEnd": false,
            "normalized_coordinates": [
                0.36363636363636365,
                0.2777777777777778
            ],
            "neighbors": [
                [
                    0.45454545454545453,
                    0.5
                ],
                [
                    0.7272727272727273,
                    0.2222222222222222
                ],
                [
                    0.6363636363636364,
                    0.0
                ]
            ],
            "edge_distances": [
                0.2777777777777778,
                0.7222222222222222
            ],
            "dx": 0.09090909090909088,
            "dy": 0.2222222222222222,
            "move_angle": 1.1824776086224307,
            "move_distance": 0.24009826917181237,
            "angle_difference": -1.8075095575290896,
            "hold_type": 0.0
        },
        {
            "problemId": 308853,
            "description": "F10",
            "isStart": false,
            "isEnd": false,
            "normalized_coordinates": [
                0.45454545454545453,
                0.5
            ],
            "neighbors": [
                [
                    0.36363636363636365,
                    0.2777777777777778
                ],
                [
                    0.18181818181818182,
                    0.6666666666666666
                ],
                [
                    0.45454545454545453,
                    0.8333333333333334
                ]
            ],
            "edge_distances": [
                0.5,
                0.5
            ],
            "dx": -0.2727272727272727,
            "dy": 0.16666666666666663,
            "move_angle": 2.593043251139265,
            "move_distance": 0.319621562268621,
            "angle_difference": 1.4105656425168345,
            "hold_type": 0.5
        },
        {
            "problemId": 308853,
            "description": "C13",
            "isStart": false,
            "isEnd": false,
            "normalized_coordinates": [
                0.18181818181818182,
                0.6666666666666666
            ],
            "neighbors": [
                [
                    0.45454545454545453,
                    0.5
                ],
                [
                    0.45454545454545453,
                    0.8333333333333334
                ],
                [
                    0.36363636363636365,
                    0.2777777777777778
                ]
            ],
            "edge_distances": [
                0.6666666666666666,
                0.33333333333333337
            ],
            "dx": 0.2727272727272727,
            "dy": 0.16666666666666674,
            "move_angle": 0.5485494024505283,
            "move_distance": 0.31962156226862104,
            "angle_difference": -2.0444938486887367,
            "hold_type": 1.0
        },
        {
            "problemId": 308853,
            "description": "F16",
            "isStart": false,
            "isEnd": false,
            "normalized_coordinates": [
                0.45454545454545453,
                0.8333333333333334
            ],
            "neighbors": [
                [
                    0.7272727272727273,
                    0.9444444444444444
                ],
                [
                    0.18181818181818182,
                    0.6666666666666666
                ],
                [
                    0.45454545454545453,
                    0.5
                ]
            ],
            "edge_distances": [
                0.8333333333333334,
                0.16666666666666663
            ],
            "dx": 0.27272727272727276,
            "dy": 0.11111111111111105,
            "move_angle": 0.38687571773102786,
            "move_distance": 0.29449251994168185,
            "angle_difference": -0.16167368471950044,
            "hold_type": 0.0
        },
        {
            "problemId": 308853,
            "description": "I18",
            "isStart": false,
            "isEnd": true,
            "normalized_coordinates": [
                0.7272727272727273,
                0.9444444444444444
            ],
            "neighbors": [
                [
                    0.45454545454545453,
                    0.8333333333333334
                ],
                [
                    0.45454545454545453,
                    0.5
                ],
                [
                    0.18181818181818182,
                    0.6666666666666666
                ]
            ],
            "edge_distances": [
                0.9444444444444444,
                0.05555555555555558
            ],
            "hold_type": 0.5
        }
    ],
    "data.apiId": 308853,
    "hold_presence": [
        0.0,
        0.0,
        0.0,
        0.0,
        0.0,
        0.0,
        0.0,
        1.0,
        0.0,
        0.0,
        0.0,
        0.0,
        0.0,
        0.0,
        0.0,
        0.0,
        0.0,
        0.0,
        0.0,
        0.0,
        0.0,
        0.0,
        0.0,
        0.0,
        0.0,
        0.0,
        0.0,
        0.0,
        0.0,
        0.0,
        0.0,
        0.0,
        0.0,
        0.0,
        0.0,
        0.0,
        0.0,
        0.0,
        0.0,
        0.0,
        0.0,
        0.0,
        0.0,
        0.0,
        0.0,
        0.0,
        0.0,
        0.0,
        0.0,
        0.0,
        0.0,
        0.0,
        1.0,
        0.0,
        0.0,
        0.0,
        0.0,
        0.0,
        0.0,
        1.0,
        0.0,
        0.0,
        0.0,
        0.0,
        0.0,
        0.0,
        0.0,
        0.0,
        0.0,
        0.0,
        0.0,
        0.0,
        0.0,
        0.0,
        0.0,
        0.0,
        0.0,
        0.0,
        0.0,
        0.0,
        0.0,
        0.0,
        0.0,
        0.0,
        0.0,
        0.0,
        0.0,
        0.0,
        0.0,
        0.0,
        0.0,
        0.0,
        0.0,
        0.0,
        0.0,
        0.0,
        0.0,
        0.0,
        0.0,
        0.0,
        0.0,
        0.0,
        0.0,
        0.0,
        1.0,
        0.0,
        0.0,
        0.0,
        0.0,
        0.0,
        0.0,
        0.0,
        0.0,
        0.0,
        0.0,
        0.0,
        0.0,
        0.0,
        0.0,
        0.0,
        0.0,
        0.0,
        0.0,
        0.0,
        0.0,
        0.0,
        0.0,
        0.0,
        0.0,
        0.0,
        0.0,
        0.0,
        0.0,
        0.0,
        1.0,
        0.0,
        0.0,
        0.0,
        0.0,
        0.0,
        0.0,
        0.0,
        0.0,
        0.0,
        0.0,
        0.0,
        0.0,
        0.0,
        0.0,
        0.0,
        0.0,
        0.0,
        0.0,
        0.0,
        0.0,
        0.0,
        0.0,
        0.0,
        0.0,
        0.0,
        0.0,
        0.0,
        0.0,
        0.0,
        0.0,
        0.0,
        0.0,
        0.0,
        0.0,
        0.0,
        1.0,
        0.0,
        0.0,
        0.0,
        0.0,
        0.0,
        0.0,
        0.0,
        0.0,
        0.0,
        0.0,
        0.0,
        0.0,
        0.0,
        0.0,
        0.0,
        0.0,
        0.0,
        0.0,
        0.0,
        0.0,
        0.0,
        0.0,
        0.0,
        0.0,
        1.0,
        0.0,
        0.0
    ],
    "hold_count_norm": -0.431361985245648,
    "hold_density": 0.24242424242424243,
    "vertical_progress": 0.1574074074074074
}