{
    "data.grade": "7C",
    "data.userGrade": null,
    "data.method": "Feet follow hands",
    "data.userRating": 1.791759469228055,
    "data.repeats": 1.0986122886681096,
    "data.moves": [
        {
            "problemId": 315392,
            "description": "G8",
            "isStart": false,
            "isEnd": false,
            "normalized_coordinates": [
                0.5454545454545454,
                0.3888888888888889
            ],
            "neighbors": [
                [
                    0.2727272727272727,
                    0.6111111111111112
                ],
                [
                    0.18181818181818182,
                    0.2222222222222222
                ],
                [
                    0.45454545454545453,
                    0.8333333333333334
                ]
            ],
            "edge_distances": [
                0.3888888888888889,
                0.6111111111111112
            ],
            "dx": -0.2727272727272727,
            "dy": 0.22222222222222227,
            "move_angle": 2.457883341955422,
            "move_distance": 0.35179949024783835,
            "hold_type": 0.5
        },
        {
            "problemId": 315392,
            "description": "D12",
            "isStart": false,
            "isEnd": false,
            "normalized_coordinates": [
                0.2727272727272727,
                0.6111111111111112
            ],
            "neighbors": [
                [
                    0.45454545454545453,
                    0.8333333333333334
                ],
                [
                    0.5454545454545454,
                    0.3888888888888889
                ],
                [
                    0.18181818181818182,
                    0.2222222222222222
                ]
            ],
            "edge_distances": [
                0.6111111111111112,
                0.38888888888888884
            ],
            "dx": -0.09090909090909088,
            "dy": -0.38888888888888895,
            "move_angle": -1.8004387690800312,
            "move_distance": 0.3993732974438226,
            "angle_difference": -4.258322111035453,
            "hold_type": 0.5
        },
        {
            "problemId": 315392,
            "description": "C5",
            "isStart": true,
            "isEnd": false,
            "normalized_coordinates": [
                0.18181818181818182,
                0.2222222222222222
            ],
            "neighbors": [
                [
                    0.18181818181818182,
                    0.1111111111111111
                ],
                [
                    0.2727272727272727,
                    0.6111111111111112
                ],
                [
                    0.5454545454545454,
                    0.3888888888888889
                ]
            ],
            "edge_distances": [
                0.2222222222222222,
                0.7777777777777778
            ],
            "dx": 0.0,
            "dy": -0.1111111111111111,
            "move_angle": -1.5707963267948966,
            "move_distance": 0.1111111111111111,
            "angle_difference": 0.22964244228513464,
            "hold_type": 0.0
        },
        {
            "problemId": 315392,
            "description": "C3",
            "isStart": true,
            "isEnd": false,
            "normalized_coordinates": [
                0.18181818181818182,
                0.1111111111111111
            ],
            "neighbors": [
                [
                    0.18181818181818182,
                    0.2222222222222222
                ],
                [
                    0.5454545454545454,
                    0.3888888888888889
                ],
                [
                    0.2727272727272727,
                    0.6111111111111112
                ]
            ],
            "edge_distances": [
                0.1111111111111111,
                0.8888888888888888
            ],
            "dx": 0.2727272727272727,
            "dy": 0.7222222222222223,
            "move_angle": 1.2097285702123852,
            "move_distance": 0.7720007147411595,
            "angle_difference": 2.7805248970072816,
            "hold_type": 0.0
        },
        {
            "problemId": 315392,
            "description": "F16",
            "isStart": false,
            "isEnd": false,
            "normalized_coordinates": [
                0.45454545454545453,
                0.8333333333333334
            ],
            "neighbors": [
                [
                    0.2727272727272727,
                    0.6111111111111112
                ],
                [
                    0.5454545454545454,
                    0.3888888888888889
                ],
                [
                    0.0,
                    0.9444444444444444
                ]
            ],
            "edge_distances": [
                0.8333333333333334,
                0.16666666666666663
            ],
            "dx": -0.45454545454545453,
            "dy": 0.11111111111111105,
            "move_angle": 2.9018495447193366,
            "move_distance": 0.4679286796727462,
            "angle_difference": 1.6921209745069514,
            "hold_type": 0.0
        },
        {
            "problemId": 315392,
            "description": "A18",
            "isStart": false,
            "isEnd": true,
            "normalized_coordinates": [
                0.0,
                0.9444444444444444
            ],
            "neighbors": [
                [
                    0.2727272727272727,
                    0.6111111111111112
                ],
                [
                    0.45454545454545453,
                    0.8333333333333334
                ],
                [
                    0.18181818181818182,
                    0.2222222222222222
                ]
            ],
            "edge_distances": [
                0.9444444444444444,
                0.05555555555555558
            ],
            "hold_type": 1.0
        }
    ],
    "data.apiId": 315392,
    "hold_presence": [
        0.0,
        0.0,
        0.0,
        0.0,
        0.0,
        0.0,
        0.0,
        0.0,
        0.0,
        0.0,
        0.0,
        0.0,
        0.0,
        0.0,
        0.0,
        0.0,
        0.0,
        0.0,
        0.0,
        0.0,
        0.0,
        0.0,
        0.0,
        0.0,
        1.0,
        0.0,
        0.0,
        0.0,
        0.0,
        0.0,
        0.0,
        0.0,
        0.0,
        0.0,
        0.0,
        0.0,
        0.0,
        0.0,
        0.0,
        0.0,
        0.0,
        0.0,
        0.0,
        0.0,
        0.0,
        0.0,
        1.0,
        0.0,
        0.0,
        0.0,
        0.0,
        0.0,
        0.0,
        0.0,
        0.0,
        0.0,
        0.0,
        0.0,
        0.0,
        0.0,
        0.0,
        0.0,
        0.0,
        0.0,
        0.0,
        0.0,
        0.0,
        0.0,
        0.0,
        0.0,
        0.0,
        0.0,
        0.0,
        0.0,
        0.0,
        0.0,
        0.0,
        0.0,
        0.0,
        0.0,
        0.0,
        0.0,
        0.0,
        1.0,
        0.0,
        0.0,
        0.0,
        0.0,
        0.0,
        0.0,
        0.0,
        0.0,
        0.0,
        0.0,
        0.0,
        0.0,
        0.0,
        0.0,
        0.0,
        0.0,
        0.0,
        0.0,
        0.0,
        0.0,
        0.0,
        0.0,
        0.0,
        0.0,
        0.0,
        0.0,
        0.0,
        0.0,
        0.0,
        0.0,
        0.0,
        0.0,
        0.0,
        0.0,
        0.0,
        0.0,
        0.0,
        0.0,
        0.0,
        0.0,
        1.0,
        0.0,
        0.0,
        0.0,
        0.0,
        0.0,
        0.0,
        0.0,
        0.0,
        0.0,
        0.0,
        0.0,
        0.0,
        0.0,
        0.0,
        0.0,
        0.0,
        0.0,
        0.0,
        0.0,
        0.0,
        0.0,
        0.0,
        0.0,
        0.0,
        0.0,
        0.0,
        0.0,
        0.0,
        0.0,
        0.0,
        0.0,
        0.0,
        0.0,
        0.0,
        0.0,
        0.0,
        0.0,
        0.0,
        0.0,
        0.0,
        0.0,
        0.0,
        0.0,
        0.0,
        0.0,
        1.0,
        0.0,
        0.0,
        0.0,
        0.0,
        0.0,
        0.0,
        0.0,
        0.0,
        0.0,
        0.0,
        0.0,
        0.0,
        0.0,
        0.0,
        0.0,
        0.0,
        1.0,
        0.0,
        0.0,
        0.0,
        0.0,
        0.0,
        0.0,
        0.0,
        0.0,
        0.0,
        0.0
    ],
    "hold_count_norm": -0.9624506127710697,
    "hold_density": 0.24242424242424235,
    "vertical_progress": 0.11111111111111112
}