{
    "data.grade": "7C",
    "data.userGrade": "7C",
    "data.method": "Feet follow hands",
    "data.userRating": 1.791759469228055,
    "data.repeats": 2.9444389791664403,
    "data.moves": [
        {
            "problemId": 321460,
            "description": "D5",
            "isStart": true,
            "isEnd": false,
            "normalized_coordinates": [
                0.2727272727272727,
                0.2222222222222222
            ],
            "neighbors": [
                [
                    0.45454545454545453,
                    0.5
                ],
                [
                    0.6363636363636364,
                    0.2222222222222222
                ],
                [
                    0.6363636363636364,
                    0.6666666666666666
                ]
            ],
            "edge_distances": [
                0.2222222222222222,
                0.7777777777777778
            ],
            "dx": 0.36363636363636365,
            "dy": 0.0,
            "move_angle": 0.0,
            "move_distance": 0.36363636363636365,
            "hold_type": 0.5
        },
        {
            "problemId": 321460,
            "description": "H5",
            "isStart": true,
            "isEnd": false,
            "normalized_coordinates": [
                0.6363636363636364,
                0.2222222222222222
            ],
            "neighbors": [
                [
                    0.45454545454545453,
                    0.5
                ],
                [
                    0.2727272727272727,
                    0.2222222222222222
                ],
                [
                    0.6363636363636364,
                    0.6666666666666666
                ]
            ],
            "edge_distances": [
                0.2222222222222222,
                0.7777777777777778
            ],
            "dx": -0.18181818181818182,
            "dy": 0.2777777777777778,
            "move_angle": 2.1503603120882198,
            "move_distance": 0.3319914834251474,
            "angle_difference": 2.1503603120882198,
            "hold_type": 0.75
        },
        {
            "problemId": 321460,
            "description": "F10",
            "isStart": false,
            "isEnd": false,
            "normalized_coordinates": [
                0.45454545454545453,
                0.5
            ],
            "neighbors": [
                [
                    0.6363636363636364,
                    0.6666666666666666
                ],
                [
                    0.6363636363636364,
                    0.2222222222222222
                ],
                [
                    0.2727272727272727,
                    0.2222222222222222
                ]
            ],
            "edge_distances": [
                0.5,
                0.5
            ],
            "dx": 0.18181818181818182,
            "dy": 0.16666666666666663,
            "move_angle": 0.7419472680059174,
            "move_distance": 0.24664879691060157,
            "angle_difference": -1.4084130440823024,
            "hold_type": 0.5
        },
        {
            "problemId": 321460,
            "description": "H13",
            "isStart": false,
            "isEnd": false,
            "normalized_coordinates": [
                0.6363636363636364,
                0.6666666666666666
            ],
            "neighbors": [
                [
                    0.6363636363636364,
                    0.8888888888888888
                ],
                [
                    0.45454545454545453,
                    0.5
                ],
                [
                    0.9090909090909091,
                    0.9444444444444444
                ]
            ],
            "edge_distances": [
                0.6666666666666666,
                0.33333333333333337
            ],
            "dx": 0.0,
            "dy": 0.2222222222222222,
            "move_angle": 1.5707963267948966,
            "move_distance": 0.2222222222222222,
            "angle_difference": 0.8288490587889792,
            "hold_type": 0.0
        },
        {
            "problemId": 321460,
            "description": "H17",
            "isStart": false,
            "isEnd": false,
            "normalized_coordinates": [
                0.6363636363636364,
                0.8888888888888888
            ],
            "neighbors": [
                [
                    0.6363636363636364,
                    0.6666666666666666
                ],
                [
                    0.9090909090909091,
                    0.9444444444444444
                ],
                [
                    0.45454545454545453,
                    0.5
                ]
            ],
            "edge_distances": [
                0.8888888888888888,
                0.11111111111111116
            ],
            "dx": 0.2727272727272727,
            "dy": 0.05555555555555558,
            "move_angle": 0.2009542636880971,
            "move_distance": 0.2783281966354516,
            "angle_difference": -1.3698420631067996,
            "hold_type": 0.0
        },
        {
            "problemId": 321460,
            "description": "K18",
            "isStart": false,
            "isEnd": true,
            "normalized_coordinates": [
                0.9090909090909091,
                0.9444444444444444
            ],
            "neighbors": [
                [
                    0.6363636363636364,
                    0.8888888888888888
                ],
                [
                    0.6363636363636364,
                    0.6666666666666666
                ],
                [
                    0.45454545454545453,
                    0.5
                ]
            ],
            "edge_distances": [
                0.9444444444444444,
                0.05555555555555558
            ],
            "hold_type": 0.0
        }
    ],
    "data.apiId": 321460,
    "hold_presence": [
        0.0,
        0.0,
        0.0,
        0.0,
        0.0,
        0.0,
        0.0,
        0.0,
        0.0,
        0.0,
        0.0,
        0.0,
        0.0,
        0.0,
        0.0,
        0.0,
        0.0,
        0.0,
        0.0,
        0.0,
        0.0,
        0.0,
        0.0,
        0.0,
        0.0,
        0.0,
        0.0,
        0.0,
        0.0,
        0.0,
        0.0,
        0.0,
        0.0,
        0.0,
        0.0,
        0.0,
        0.0,
        0.0,
        0.0,
        0.0,
        0.0,
        0.0,
        0.0,
        0.0,
        0.0,
        0.0,
        0.0,
        1.0,
        0.0,
        0.0,
        0.0,
        1.0,
        0.0,
        0.0,
        0.0,
        0.0,
        0.0,
        0.0,
        0.0,
        0.0,
        0.0,
        0.0,
        0.0,
        0.0,
        0.0,
        0.0,
        0.0,
        0.0,
        0.0,
        0.0,
        0.0,
        0.0,
        0.0,
        0.0,
        0.0,
        0.0,
        0.0,
        0.0,
        0.0,
        0.0,
        0.0,
        0.0,
        0.0,
        0.0,
        0.0,
        0.0,
        0.0,
        0.0,
        0.0,
        0.0,
        0.0,
        0.0,
        0.0,
        0.0,
        0.0,
        0.0,
        0.0,
        0.0,
        0.0,
        0.0,
        0.0,
        0.0,
        0.0,
        0.0,
        1.0,
        0.0,
        0.0,
        0.0,
        0.0,
        0.0,
        0.0,
        0.0,
        0.0,
        0.0,
        0.0,
        0.0,
        0.0,
        0.0,
        0.0,
        0.0,
        0.0,
        0.0,
        0.0,
        0.0,
        0.0,
        0.0,
        0.0,
        0.0,
        0.0,
        0.0,
        0.0,
        0.0,
        0.0,
        0.0,
        0.0,
        0.0,
        0.0,
        0.0,
        0.0,
        1.0,
        0.0,
        0.0,
        0.0,
        0.0,
        0.0,
        0.0,
        0.0,
        0.0,
        0.0,
        0.0,
        0.0,
        0.0,
        0.0,
        0.0,
        0.0,
        0.0,
        0.0,
        0.0,
        0.0,
        0.0,
        0.0,
        0.0,
        0.0,
        0.0,
        0.0,
        0.0,
        0.0,
        0.0,
        0.0,
        0.0,
        0.0,
        0.0,
        0.0,
        0.0,
        0.0,
        0.0,
        0.0,
        0.0,
        0.0,
        0.0,
        0.0,
        0.0,
        0.0,
        1.0,
        0.0,
        0.0,
        0.0,
        0.0,
        0.0,
        0.0,
        0.0,
        0.0,
        0.0,
        0.0,
        0.0,
        0.0,
        0.0,
        1.0
    ],
    "hold_count_norm": -0.9624506127710697,
    "hold_density": 0.24848484848484845,
    "vertical_progress": 0.14444444444444443
}