{
    "data.grade": "7C",
    "data.userGrade": null,
    "data.method": "Feet follow hands",
    "data.userRating": 0.0,
    "data.repeats": 0.0,
    "data.moves": [
        {
            "problemId": 354569,
            "description": "I3",
            "isStart": true,
            "isEnd": false,
            "normalized_coordinates": [
                0.7272727272727273,
                0.1111111111111111
            ],
            "neighbors": [
                [
                    0.6363636363636364,
                    0.16666666666666666
                ],
                [
                    0.5454545454545454,
                    0.4444444444444444
                ],
                [
                    0.45454545454545453,
                    0.5
                ]
            ],
            "edge_distances": [
                0.1111111111111111,
                0.8888888888888888
            ],
            "dx": -0.09090909090909094,
            "dy": 0.05555555555555555,
            "move_angle": 2.593043251139265,
            "move_distance": 0.10654052075620703,
            "hold_type": 0.25
        },
        {
            "problemId": 354569,
            "description": "H4",
            "isStart": true,
            "isEnd": false,
            "normalized_coordinates": [
                0.6363636363636364,
                0.16666666666666666
            ],
            "neighbors": [
                [
                    0.7272727272727273,
                    0.1111111111111111
                ],
                [
                    0.5454545454545454,
                    0.4444444444444444
                ],
                [
                    0.45454545454545453,
                    0.5
                ]
            ],
            "edge_distances": [
                0.16666666666666666,
                0.8333333333333334
            ],
            "dx": -0.09090909090909094,
            "dy": 0.2777777777777778,
            "move_angle": 1.8870824547070513,
            "move_distance": 0.292275480731925,
            "angle_difference": -0.7059607964322139,
            "hold_type": 0.5
        },
        {
            "problemId": 354569,
            "description": "G9",
            "isStart": false,
            "isEnd": false,
            "normalized_coordinates": [
                0.5454545454545454,
                0.4444444444444444
            ],
            "neighbors": [
                [
                    0.45454545454545453,
                    0.5
                ],
                [
                    0.6363636363636364,
                    0.16666666666666666
                ],
                [
                    0.7272727272727273,
                    0.1111111111111111
                ]
            ],
            "edge_distances": [
                0.4444444444444444,
                0.5555555555555556
            ],
            "dx": -0.09090909090909088,
            "dy": 0.05555555555555558,
            "move_angle": 2.5930432511392647,
            "move_distance": 0.106540520756207,
            "angle_difference": 0.7059607964322134,
            "hold_type": 0.0
        },
        {
            "problemId": 354569,
            "description": "F10",
            "isStart": false,
            "isEnd": false,
            "normalized_coordinates": [
                0.45454545454545453,
                0.5
            ],
            "neighbors": [
                [
                    0.5454545454545454,
                    0.4444444444444444
                ],
                [
                    0.6363636363636364,
                    0.16666666666666666
                ],
                [
                    0.45454545454545453,
                    0.9444444444444444
                ]
            ],
            "edge_distances": [
                0.5,
                0.5
            ],
            "dx": -0.45454545454545453,
            "dy": -0.2222222222222222,
            "move_angle": -2.6868733787688237,
            "move_distance": 0.5059587792471997,
            "angle_difference": -5.279916629908088,
            "hold_type": 0.5
        },
        {
            "problemId": 354569,
            "description": "A6",
            "isStart": false,
            "isEnd": false,
            "normalized_coordinates": [
                0.0,
                0.2777777777777778
            ],
            "neighbors": [
                [
                    0.0,
                    0.6666666666666666
                ],
                [
                    0.0,
                    0.7777777777777778
                ],
                [
                    0.45454545454545453,
                    0.5
                ]
            ],
            "edge_distances": [
                0.2777777777777778,
                0.7222222222222222
            ],
            "dx": 0.0,
            "dy": 0.38888888888888884,
            "move_angle": 1.5707963267948966,
            "move_distance": 0.38888888888888884,
            "angle_difference": 4.25766970556372,
            "hold_type": 1.0
        },
        {
            "problemId": 354569,
            "description": "A13",
            "isStart": false,
            "isEnd": false,
            "normalized_coordinates": [
                0.0,
                0.6666666666666666
            ],
            "neighbors": [
                [
                    0.0,
                    0.7777777777777778
                ],
                [
                    0.09090909090909091,
                    0.8333333333333334
                ],
                [
                    0.0,
                    0.2777777777777778
                ]
            ],
            "edge_distances": [
                0.6666666666666666,
                0.33333333333333337
            ],
            "dx": 0.0,
            "dy": 0.11111111111111116,
            "move_angle": 1.5707963267948966,
            "move_distance": 0.11111111111111116,
            "angle_difference": 0.0,
            "hold_type": 0.75
        },
        {
            "problemId": 354569,
            "description": "A15",
            "isStart": false,
            "isEnd": false,
            "normalized_coordinates": [
                0.0,
                0.7777777777777778
            ],
            "neighbors": [
                [
                    0.09090909090909091,
                    0.8333333333333334
                ],
                [
                    0.0,
                    0.6666666666666666
                ],
                [
                    0.45454545454545453,
                    0.9444444444444444
                ]
            ],
            "edge_distances": [
                0.7777777777777778,
                0.2222222222222222
            ],
            "dx": 0.09090909090909091,
            "dy": 0.05555555555555558,
            "move_angle": 0.5485494024505283,
            "move_distance": 0.10654052075620701,
            "angle_difference": -1.0222469243443681,
            "hold_type": 0.0
        },
        {
            "problemId": 354569,
            "description": "B16",
            "isStart": false,
            "isEnd": false,
            "normalized_coordinates": [
                0.09090909090909091,
                0.8333333333333334
            ],
            "neighbors": [
                [
                    0.0,
                    0.7777777777777778
                ],
                [
                    0.0,
                    0.6666666666666666
                ],
                [
                    0.45454545454545453,
                    0.9444444444444444
                ]
            ],
            "edge_distances": [
                0.8333333333333334,
                0.16666666666666663
            ],
            "dx": 0.36363636363636365,
            "dy": 0.11111111111111105,
            "move_angle": 0.2965458090697003,
            "move_distance": 0.38023293383270124,
            "angle_difference": -0.252003593380828,
            "hold_type": 0.0
        },
        {
            "problemId": 354569,
            "description": "F18",
            "isStart": false,
            "isEnd": true,
            "normalized_coordinates": [
                0.45454545454545453,
                0.9444444444444444
            ],
            "neighbors": [
                [
                    0.09090909090909091,
                    0.8333333333333334
                ],
                [
                    0.45454545454545453,
                    0.5
                ],
                [
                    0.0,
                    0.7777777777777778
                ]
            ],
            "edge_distances": [
                0.9444444444444444,
                0.05555555555555558
            ],
            "hold_type": 0.75
        }
    ],
    "data.apiId": 354569,
    "hold_presence": [
        0.0,
        0.0,
        0.0,
        0.0,
        0.0,
        0.0,
        0.0,
        0.0,
        0.0,
        0.0,
        0.0,
        0.0,
        0.0,
        0.0,
        0.0,
        0.0,
        0.0,
        0.0,
        0.0,
        0.0,
        0.0,
        0.0,
        0.0,
        0.0,
        0.0,
        0.0,
        0.0,
        0.0,
        0.0,
        0.0,
        1.0,
        0.0,
        0.0,
        0.0,
        0.0,
        0.0,
        0.0,
        0.0,
        0.0,
        0.0,
        1.0,
        0.0,
        0.0,
        0.0,
        0.0,
        0.0,
        0.0,
        0.0,
        0.0,
        0.0,
        0.0,
        0.0,
        0.0,
        0.0,
        0.0,
        1.0,
        0.0,
        0.0,
        0.0,
        0.0,
        0.0,
        0.0,
        0.0,
        0.0,
        0.0,
        0.0,
        0.0,
        0.0,
        0.0,
        0.0,
        0.0,
        0.0,
        0.0,
        0.0,
        0.0,
        0.0,
        0.0,
        0.0,
        0.0,
        0.0,
        0.0,
        0.0,
        0.0,
        0.0,
        0.0,
        0.0,
        0.0,
        0.0,
        0.0,
        0.0,
        0.0,
        0.0,
        0.0,
        0.0,
        1.0,
        0.0,
        0.0,
        0.0,
        0.0,
        0.0,
        0.0,
        0.0,
        0.0,
        0.0,
        1.0,
        0.0,
        0.0,
        0.0,
        0.0,
        0.0,
        0.0,
        0.0,
        0.0,
        0.0,
        0.0,
        0.0,
        0.0,
        0.0,
        0.0,
        0.0,
        0.0,
        0.0,
        0.0,
        0.0,
        0.0,
        0.0,
        0.0,
        0.0,
        0.0,
        0.0,
        0.0,
        0.0,
        1.0,
        0.0,
        0.0,
        0.0,
        0.0,
        0.0,
        0.0,
        0.0,
        0.0,
        0.0,
        0.0,
        0.0,
        0.0,
        0.0,
        0.0,
        0.0,
        0.0,
        0.0,
        0.0,
        0.0,
        0.0,
        0.0,
        1.0,
        0.0,
        0.0,
        0.0,
        0.0,
        0.0,
        0.0,
        0.0,
        0.0,
        0.0,
        0.0,
        0.0,
        1.0,
        0.0,
        0.0,
        0.0,
        0.0,
        0.0,
        0.0,
        0.0,
        0.0,
        0.0,
        0.0,
        0.0,
        0.0,
        0.0,
        0.0,
        0.0,
        0.0,
        0.0,
        0.0,
        0.0,
        0.0,
        0.0,
        0.0,
        0.0,
        0.0,
        0.0,
        1.0,
        0.0,
        0.0,
        0.0,
        0.0,
        0.0
    ],
    "hold_count_norm": 0.6308152698051953,
    "hold_density": 0.3484848484848487,
    "vertical_progress": 0.10416666666666667
}