{
    "data.grade": "7C",
    "data.userGrade": "7B+",
    "data.method": "Feet follow hands",
    "data.userRating": 1.6094379124341003,
    "data.repeats": 2.0794415416798357,
    "data.moves": [
        {
            "problemId": 337559,
            "description": "C4",
            "isStart": true,
            "isEnd": false,
            "normalized_coordinates": [
                0.18181818181818182,
                0.16666666666666666
            ],
            "neighbors": [
                [
                    0.45454545454545453,
                    0.5
                ],
                [
                    0.6363636363636364,
                    0.2777777777777778
                ],
                [
                    0.45454545454545453,
                    0.7222222222222222
                ]
            ],
            "edge_distances": [
                0.16666666666666666,
                0.8333333333333334
            ],
            "dx": 0.45454545454545453,
            "dy": 0.11111111111111113,
            "move_angle": 0.23974310887045663,
            "move_distance": 0.4679286796727462,
            "hold_type": 1.0
        },
        {
            "problemId": 337559,
            "description": "H6",
            "isStart": false,
            "isEnd": false,
            "normalized_coordinates": [
                0.6363636363636364,
                0.2777777777777778
            ],
            "neighbors": [
                [
                    0.45454545454545453,
                    0.5
                ],
                [
                    0.18181818181818182,
                    0.16666666666666666
                ],
                [
                    0.45454545454545453,
                    0.7222222222222222
                ]
            ],
            "edge_distances": [
                0.2777777777777778,
                0.7222222222222222
            ],
            "dx": -0.18181818181818182,
            "dy": 0.2222222222222222,
            "move_angle": 2.256525837701183,
            "move_distance": 0.28712465461721,
            "angle_difference": 2.0167827288307265,
            "hold_type": 0.0
        },
        {
            "problemId": 337559,
            "description": "F10",
            "isStart": false,
            "isEnd": false,
            "normalized_coordinates": [
                0.45454545454545453,
                0.5
            ],
            "neighbors": [
                [
                    0.45454545454545453,
                    0.7222222222222222
                ],
                [
                    0.6363636363636364,
                    0.2777777777777778
                ],
                [
                    0.18181818181818182,
                    0.16666666666666666
                ]
            ],
            "edge_distances": [
                0.5,
                0.5
            ],
            "dx": 0.0,
            "dy": 0.2222222222222222,
            "move_angle": 1.5707963267948966,
            "move_distance": 0.2222222222222222,
            "angle_difference": -0.6857295109062864,
            "hold_type": 0.5
        },
        {
            "problemId": 337559,
            "description": "F14",
            "isStart": false,
            "isEnd": false,
            "normalized_coordinates": [
                0.45454545454545453,
                0.7222222222222222
            ],
            "neighbors": [
                [
                    0.45454545454545453,
                    0.5
                ],
                [
                    0.5454545454545454,
                    0.9444444444444444
                ],
                [
                    0.6363636363636364,
                    0.2777777777777778
                ]
            ],
            "edge_distances": [
                0.7222222222222222,
                0.2777777777777778
            ],
            "dx": 0.09090909090909088,
            "dy": 0.2222222222222222,
            "move_angle": 1.1824776086224307,
            "move_distance": 0.24009826917181237,
            "angle_difference": -0.3883187181724659,
            "hold_type": 0.0
        },
        {
            "problemId": 337559,
            "description": "G18",
            "isStart": false,
            "isEnd": true,
            "normalized_coordinates": [
                0.5454545454545454,
                0.9444444444444444
            ],
            "neighbors": [
                [
                    0.45454545454545453,
                    0.7222222222222222
                ],
                [
                    0.45454545454545453,
                    0.5
                ],
                [
                    0.6363636363636364,
                    0.2777777777777778
                ]
            ],
            "edge_distances": [
                0.9444444444444444,
                0.05555555555555558
            ],
            "hold_type": 0.0
        }
    ],
    "data.apiId": 337559,
    "hold_presence": [
        0.0,
        0.0,
        0.0,
        0.0,
        0.0,
        0.0,
        0.0,
        0.0,
        0.0,
        0.0,
        0.0,
        0.0,
        0.0,
        0.0,
        0.0,
        0.0,
        0.0,
        0.0,
        0.0,
        0.0,
        0.0,
        0.0,
        0.0,
        0.0,
        0.0,
        0.0,
        0.0,
        0.0,
        0.0,
        0.0,
        0.0,
        0.0,
        0.0,
        0.0,
        0.0,
        1.0,
        0.0,
        0.0,
        0.0,
        0.0,
        0.0,
        0.0,
        0.0,
        0.0,
        0.0,
        0.0,
        0.0,
        0.0,
        0.0,
        0.0,
        0.0,
        0.0,
        0.0,
        0.0,
        0.0,
        0.0,
        0.0,
        0.0,
        0.0,
        0.0,
        0.0,
        0.0,
        1.0,
        0.0,
        0.0,
        0.0,
        0.0,
        0.0,
        0.0,
        0.0,
        0.0,
        0.0,
        0.0,
        0.0,
        0.0,
        0.0,
        0.0,
        0.0,
        0.0,
        0.0,
        0.0,
        0.0,
        0.0,
        0.0,
        0.0,
        0.0,
        0.0,
        0.0,
        0.0,
        0.0,
        0.0,
        0.0,
        0.0,
        0.0,
        0.0,
        0.0,
        0.0,
        0.0,
        0.0,
        0.0,
        0.0,
        0.0,
        0.0,
        0.0,
        1.0,
        0.0,
        0.0,
        0.0,
        0.0,
        0.0,
        0.0,
        0.0,
        0.0,
        0.0,
        0.0,
        0.0,
        0.0,
        0.0,
        0.0,
        0.0,
        0.0,
        0.0,
        0.0,
        0.0,
        0.0,
        0.0,
        0.0,
        0.0,
        0.0,
        0.0,
        0.0,
        0.0,
        0.0,
        0.0,
        0.0,
        0.0,
        0.0,
        0.0,
        0.0,
        0.0,
        0.0,
        0.0,
        0.0,
        0.0,
        0.0,
        0.0,
        0.0,
        0.0,
        1.0,
        0.0,
        0.0,
        0.0,
        0.0,
        0.0,
        0.0,
        0.0,
        0.0,
        0.0,
        0.0,
        0.0,
        0.0,
        0.0,
        0.0,
        0.0,
        0.0,
        0.0,
        0.0,
        0.0,
        0.0,
        0.0,
        0.0,
        0.0,
        0.0,
        0.0,
        0.0,
        0.0,
        0.0,
        0.0,
        0.0,
        0.0,
        0.0,
        0.0,
        0.0,
        0.0,
        0.0,
        0.0,
        0.0,
        0.0,
        0.0,
        0.0,
        0.0,
        0.0,
        0.0,
        1.0,
        0.0,
        0.0,
        0.0,
        0.0
    ],
    "hold_count_norm": -1.4935392402964913,
    "hold_density": 0.2,
    "vertical_progress": 0.19444444444444445
}