{
    "data.grade": "7C",
    "data.userGrade": null,
    "data.method": "Feet follow hands",
    "data.userRating": 0.0,
    "data.repeats": 0.0,
    "data.moves": [
        {
            "problemId": 345230,
            "description": "F1",
            "isStart": true,
            "isEnd": false,
            "normalized_coordinates": [
                0.45454545454545453,
                0.0
            ],
            "neighbors": [
                [
                    0.8181818181818182,
                    0.1111111111111111
                ],
                [
                    0.5454545454545454,
                    0.3888888888888889
                ],
                [
                    0.8181818181818182,
                    0.6111111111111112
                ]
            ],
            "edge_distances": [
                0.0,
                1.0
            ],
            "dx": 0.3636363636363637,
            "dy": 0.1111111111111111,
            "move_angle": 0.2965458090697004,
            "move_distance": 0.38023293383270135,
            "hold_type": 0.75
        },
        {
            "problemId": 345230,
            "description": "J3",
            "isStart": true,
            "isEnd": false,
            "normalized_coordinates": [
                0.8181818181818182,
                0.1111111111111111
            ],
            "neighbors": [
                [
                    0.45454545454545453,
                    0.0
                ],
                [
                    0.5454545454545454,
                    0.3888888888888889
                ],
                [
                    0.8181818181818182,
                    0.6111111111111112
                ]
            ],
            "edge_distances": [
                0.1111111111111111,
                0.8888888888888888
            ],
            "dx": -0.2727272727272728,
            "dy": 0.2777777777777778,
            "move_angle": 2.3470204356472353,
            "move_distance": 0.38928223580895227,
            "angle_difference": 2.050474626577535,
            "hold_type": 0.0
        },
        {
            "problemId": 345230,
            "description": "G8",
            "isStart": false,
            "isEnd": false,
            "normalized_coordinates": [
                0.5454545454545454,
                0.3888888888888889
            ],
            "neighbors": [
                [
                    0.6363636363636364,
                    0.7222222222222222
                ],
                [
                    0.8181818181818182,
                    0.6111111111111112
                ],
                [
                    0.8181818181818182,
                    0.1111111111111111
                ]
            ],
            "edge_distances": [
                0.3888888888888889,
                0.6111111111111112
            ],
            "dx": 0.2727272727272728,
            "dy": 0.22222222222222227,
            "move_angle": 0.6837093116343712,
            "move_distance": 0.3517994902478384,
            "angle_difference": -1.6633111240128642,
            "hold_type": 0.5
        },
        {
            "problemId": 345230,
            "description": "J12",
            "isStart": false,
            "isEnd": false,
            "normalized_coordinates": [
                0.8181818181818182,
                0.6111111111111112
            ],
            "neighbors": [
                [
                    0.7272727272727273,
                    0.7777777777777778
                ],
                [
                    0.6363636363636364,
                    0.7222222222222222
                ],
                [
                    0.5454545454545454,
                    0.3888888888888889
                ]
            ],
            "edge_distances": [
                0.6111111111111112,
                0.38888888888888884
            ],
            "dx": -0.18181818181818188,
            "dy": 0.11111111111111105,
            "move_angle": 2.5930432511392656,
            "move_distance": 0.21308104151241403,
            "angle_difference": 1.9093339395048945,
            "hold_type": 0.5
        },
        {
            "problemId": 345230,
            "description": "H14",
            "isStart": false,
            "isEnd": false,
            "normalized_coordinates": [
                0.6363636363636364,
                0.7222222222222222
            ],
            "neighbors": [
                [
                    0.7272727272727273,
                    0.7777777777777778
                ],
                [
                    0.8181818181818182,
                    0.6111111111111112
                ],
                [
                    0.5454545454545454,
                    0.3888888888888889
                ]
            ],
            "edge_distances": [
                0.7222222222222222,
                0.2777777777777778
            ],
            "dx": 0.09090909090909094,
            "dy": 0.05555555555555558,
            "move_angle": 0.5485494024505281,
            "move_distance": 0.10654052075620704,
            "angle_difference": -2.0444938486887376,
            "hold_type": 0.5
        },
        {
            "problemId": 345230,
            "description": "I15",
            "isStart": false,
            "isEnd": false,
            "normalized_coordinates": [
                0.7272727272727273,
                0.7777777777777778
            ],
            "neighbors": [
                [
                    0.6363636363636364,
                    0.7222222222222222
                ],
                [
                    0.8181818181818182,
                    0.6111111111111112
                ],
                [
                    0.5454545454545454,
                    0.3888888888888889
                ]
            ],
            "edge_distances": [
                0.7777777777777778,
                0.2222222222222222
            ],
            "dx": -0.4545454545454546,
            "dy": 0.16666666666666663,
            "move_angle": 2.7901478595862415,
            "move_distance": 0.4841377366263775,
            "angle_difference": 2.2415984571357135,
            "hold_type": 0.25
        },
        {
            "problemId": 345230,
            "description": "D18",
            "isStart": false,
            "isEnd": true,
            "normalized_coordinates": [
                0.2727272727272727,
                0.9444444444444444
            ],
            "neighbors": [
                [
                    0.6363636363636364,
                    0.7222222222222222
                ],
                [
                    0.7272727272727273,
                    0.7777777777777778
                ],
                [
                    0.5454545454545454,
                    0.3888888888888889
                ]
            ],
            "edge_distances": [
                0.9444444444444444,
                0.05555555555555558
            ],
            "hold_type": 1.0
        }
    ],
    "data.apiId": 345230,
    "hold_presence": [
        0.0,
        0.0,
        0.0,
        0.0,
        0.0,
        1.0,
        0.0,
        0.0,
        0.0,
        0.0,
        0.0,
        0.0,
        0.0,
        0.0,
        0.0,
        0.0,
        0.0,
        0.0,
        0.0,
        0.0,
        0.0,
        0.0,
        0.0,
        0.0,
        0.0,
        0.0,
        0.0,
        0.0,
        0.0,
        0.0,
        0.0,
        1.0,
        0.0,
        0.0,
        0.0,
        0.0,
        0.0,
        0.0,
        0.0,
        0.0,
        0.0,
        0.0,
        0.0,
        0.0,
        0.0,
        0.0,
        0.0,
        0.0,
        0.0,
        0.0,
        0.0,
        0.0,
        0.0,
        0.0,
        0.0,
        0.0,
        0.0,
        0.0,
        0.0,
        0.0,
        0.0,
        0.0,
        0.0,
        0.0,
        0.0,
        0.0,
        0.0,
        0.0,
        0.0,
        0.0,
        0.0,
        0.0,
        0.0,
        0.0,
        0.0,
        0.0,
        0.0,
        0.0,
        0.0,
        0.0,
        0.0,
        0.0,
        0.0,
        1.0,
        0.0,
        0.0,
        0.0,
        0.0,
        0.0,
        0.0,
        0.0,
        0.0,
        0.0,
        0.0,
        0.0,
        0.0,
        0.0,
        0.0,
        0.0,
        0.0,
        0.0,
        0.0,
        0.0,
        0.0,
        0.0,
        0.0,
        0.0,
        0.0,
        0.0,
        0.0,
        0.0,
        0.0,
        0.0,
        0.0,
        0.0,
        0.0,
        0.0,
        0.0,
        0.0,
        0.0,
        0.0,
        0.0,
        0.0,
        0.0,
        0.0,
        0.0,
        0.0,
        0.0,
        0.0,
        0.0,
        1.0,
        0.0,
        0.0,
        0.0,
        0.0,
        0.0,
        0.0,
        0.0,
        0.0,
        0.0,
        0.0,
        0.0,
        0.0,
        0.0,
        0.0,
        0.0,
        0.0,
        0.0,
        0.0,
        0.0,
        1.0,
        0.0,
        0.0,
        0.0,
        0.0,
        0.0,
        0.0,
        0.0,
        0.0,
        0.0,
        0.0,
        0.0,
        1.0,
        0.0,
        0.0,
        0.0,
        0.0,
        0.0,
        0.0,
        0.0,
        0.0,
        0.0,
        0.0,
        0.0,
        0.0,
        0.0,
        0.0,
        0.0,
        0.0,
        0.0,
        0.0,
        0.0,
        0.0,
        0.0,
        0.0,
        0.0,
        0.0,
        0.0,
        0.0,
        0.0,
        1.0,
        0.0,
        0.0,
        0.0,
        0.0,
        0.0,
        0.0,
        0.0
    ],
    "hold_count_norm": -0.431361985245648,
    "hold_density": 0.24242424242424246,
    "vertical_progress": 0.1574074074074074
}