{
    "data.grade": "7C",
    "data.userGrade": null,
    "data.method": "Feet follow hands",
    "data.userRating": 0.0,
    "data.repeats": 0.0,
    "data.moves": [
        {
            "problemId": 369196,
            "description": "H4",
            "isStart": true,
            "isEnd": false,
            "normalized_coordinates": [
                0.6363636363636364,
                0.16666666666666666
            ],
            "neighbors": [
                [
                    0.8181818181818182,
                    0.3888888888888889
                ],
                [
                    0.9090909090909091,
                    0.2777777777777778
                ],
                [
                    0.7272727272727273,
                    0.6111111111111112
                ]
            ],
            "edge_distances": [
                0.16666666666666666,
                0.8333333333333334
            ],
            "dx": 0.2727272727272727,
            "dy": 0.11111111111111113,
            "move_angle": 0.3868757177310282,
            "move_distance": 0.2944925199416818,
            "hold_type": 0.5
        },
        {
            "problemId": 369196,
            "description": "K6",
            "isStart": true,
            "isEnd": false,
            "normalized_coordinates": [
                0.9090909090909091,
                0.2777777777777778
            ],
            "neighbors": [
                [
                    0.8181818181818182,
                    0.3888888888888889
                ],
                [
                    0.6363636363636364,
                    0.16666666666666666
                ],
                [
                    0.7272727272727273,
                    0.6111111111111112
                ]
            ],
            "edge_distances": [
                0.2777777777777778,
                0.7222222222222222
            ],
            "dx": -0.09090909090909083,
            "dy": 0.1111111111111111,
            "move_angle": 2.2565258377011825,
            "move_distance": 0.14356232730860496,
            "angle_difference": 1.8696501199701543,
            "hold_type": 0.0
        },
        {
            "problemId": 369196,
            "description": "J8",
            "isStart": false,
            "isEnd": false,
            "normalized_coordinates": [
                0.8181818181818182,
                0.3888888888888889
            ],
            "neighbors": [
                [
                    0.9090909090909091,
                    0.2777777777777778
                ],
                [
                    0.7272727272727273,
                    0.6111111111111112
                ],
                [
                    0.6363636363636364,
                    0.16666666666666666
                ]
            ],
            "edge_distances": [
                0.3888888888888889,
                0.6111111111111112
            ],
            "dx": -0.09090909090909094,
            "dy": 0.22222222222222227,
            "move_angle": 1.9591150449673627,
            "move_distance": 0.24009826917181243,
            "angle_difference": -0.2974107927338199,
            "hold_type": 0.0
        },
        {
            "problemId": 369196,
            "description": "I12",
            "isStart": false,
            "isEnd": false,
            "normalized_coordinates": [
                0.7272727272727273,
                0.6111111111111112
            ],
            "neighbors": [
                [
                    0.7272727272727273,
                    0.6666666666666666
                ],
                [
                    0.8181818181818182,
                    0.3888888888888889
                ],
                [
                    0.9090909090909091,
                    0.2777777777777778
                ]
            ],
            "edge_distances": [
                0.6111111111111112,
                0.38888888888888884
            ],
            "dx": 0.0,
            "dy": 0.05555555555555547,
            "move_angle": 1.5707963267948966,
            "move_distance": 0.05555555555555547,
            "angle_difference": -0.3883187181724661,
            "hold_type": 0.5
        },
        {
            "problemId": 369196,
            "description": "I13",
            "isStart": false,
            "isEnd": false,
            "normalized_coordinates": [
                0.7272727272727273,
                0.6666666666666666
            ],
            "neighbors": [
                [
                    0.7272727272727273,
                    0.6111111111111112
                ],
                [
                    0.8181818181818182,
                    0.3888888888888889
                ],
                [
                    0.9090909090909091,
                    0.2777777777777778
                ]
            ],
            "edge_distances": [
                0.6666666666666666,
                0.33333333333333337
            ],
            "dx": -0.5454545454545454,
            "dy": 0.11111111111111116,
            "move_angle": 2.940638389901696,
            "move_distance": 0.5566563932709032,
            "angle_difference": 1.3698420631067996,
            "hold_type": 0.75
        },
        {
            "problemId": 369196,
            "description": "C15",
            "isStart": false,
            "isEnd": false,
            "normalized_coordinates": [
                0.18181818181818182,
                0.7777777777777778
            ],
            "neighbors": [
                [
                    0.2727272727272727,
                    0.7222222222222222
                ],
                [
                    0.0,
                    0.9444444444444444
                ],
                [
                    0.0,
                    0.4444444444444444
                ]
            ],
            "edge_distances": [
                0.7777777777777778,
                0.2222222222222222
            ],
            "dx": 0.09090909090909088,
            "dy": -0.05555555555555558,
            "move_angle": -0.5485494024505284,
            "move_distance": 0.106540520756207,
            "angle_difference": -3.4891877923522245,
            "hold_type": 1.0
        },
        {
            "problemId": 369196,
            "description": "D14",
            "isStart": false,
            "isEnd": false,
            "normalized_coordinates": [
                0.2727272727272727,
                0.7222222222222222
            ],
            "neighbors": [
                [
                    0.18181818181818182,
                    0.7777777777777778
                ],
                [
                    0.0,
                    0.9444444444444444
                ],
                [
                    0.0,
                    0.4444444444444444
                ]
            ],
            "edge_distances": [
                0.7222222222222222,
                0.2777777777777778
            ],
            "dx": -0.2727272727272727,
            "dy": -0.2777777777777778,
            "move_angle": -2.347020435647235,
            "move_distance": 0.3892822358089522,
            "angle_difference": -1.7984710331967064,
            "hold_type": 0.75
        },
        {
            "problemId": 369196,
            "description": "A9",
            "isStart": false,
            "isEnd": false,
            "normalized_coordinates": [
                0.0,
                0.4444444444444444
            ],
            "neighbors": [
                [
                    0.18181818181818182,
                    0.7777777777777778
                ],
                [
                    0.2727272727272727,
                    0.7222222222222222
                ],
                [
                    0.0,
                    0.9444444444444444
                ]
            ],
            "edge_distances": [
                0.4444444444444444,
                0.5555555555555556
            ],
            "dx": 0.0,
            "dy": 0.5,
            "move_angle": 1.5707963267948966,
            "move_distance": 0.5,
            "angle_difference": 3.9178167624421314,
            "hold_type": 0.0
        },
        {
            "problemId": 369196,
            "description": "A18",
            "isStart": false,
            "isEnd": true,
            "normalized_coordinates": [
                0.0,
                0.9444444444444444
            ],
            "neighbors": [
                [
                    0.18181818181818182,
                    0.7777777777777778
                ],
                [
                    0.2727272727272727,
                    0.7222222222222222
                ],
                [
                    0.0,
                    0.4444444444444444
                ]
            ],
            "edge_distances": [
                0.9444444444444444,
                0.05555555555555558
            ],
            "hold_type": 1.0
        }
    ],
    "data.apiId": 369196,
    "hold_presence": [
        0.0,
        0.0,
        0.0,
        0.0,
        0.0,
        0.0,
        0.0,
        0.0,
        0.0,
        0.0,
        0.0,
        0.0,
        0.0,
        0.0,
        0.0,
        0.0,
        0.0,
        0.0,
        0.0,
        0.0,
        0.0,
        0.0,
        0.0,
        0.0,
        0.0,
        0.0,
        0.0,
        0.0,
        0.0,
        0.0,
        0.0,
        0.0,
        0.0,
        0.0,
        0.0,
        0.0,
        0.0,
        0.0,
        0.0,
        0.0,
        1.0,
        0.0,
        0.0,
        0.0,
        0.0,
        0.0,
        0.0,
        0.0,
        0.0,
        0.0,
        0.0,
        0.0,
        0.0,
        0.0,
        0.0,
        0.0,
        0.0,
        0.0,
        0.0,
        0.0,
        0.0,
        0.0,
        0.0,
        0.0,
        0.0,
        1.0,
        0.0,
        0.0,
        0.0,
        0.0,
        0.0,
        0.0,
        0.0,
        0.0,
        0.0,
        0.0,
        0.0,
        0.0,
        0.0,
        0.0,
        0.0,
        0.0,
        0.0,
        0.0,
        0.0,
        0.0,
        1.0,
        0.0,
        1.0,
        0.0,
        0.0,
        0.0,
        0.0,
        0.0,
        0.0,
        0.0,
        0.0,
        0.0,
        0.0,
        0.0,
        0.0,
        0.0,
        0.0,
        0.0,
        0.0,
        0.0,
        0.0,
        0.0,
        0.0,
        0.0,
        0.0,
        0.0,
        0.0,
        0.0,
        0.0,
        0.0,
        0.0,
        0.0,
        0.0,
        0.0,
        0.0,
        0.0,
        0.0,
        0.0,
        0.0,
        0.0,
        0.0,
        0.0,
        0.0,
        1.0,
        0.0,
        0.0,
        0.0,
        0.0,
        0.0,
        0.0,
        0.0,
        0.0,
        0.0,
        0.0,
        1.0,
        0.0,
        0.0,
        0.0,
        0.0,
        0.0,
        1.0,
        0.0,
        0.0,
        0.0,
        0.0,
        0.0,
        0.0,
        0.0,
        0.0,
        0.0,
        1.0,
        0.0,
        0.0,
        0.0,
        0.0,
        0.0,
        0.0,
        0.0,
        0.0,
        0.0,
        0.0,
        0.0,
        0.0,
        0.0,
        0.0,
        0.0,
        0.0,
        0.0,
        0.0,
        0.0,
        0.0,
        0.0,
        0.0,
        0.0,
        0.0,
        0.0,
        0.0,
        0.0,
        0.0,
        0.0,
        0.0,
        1.0,
        0.0,
        0.0,
        0.0,
        0.0,
        0.0,
        0.0,
        0.0,
        0.0,
        0.0,
        0.0
    ],
    "hold_count_norm": 0.6308152698051953,
    "hold_density": 0.4242424242424242,
    "vertical_progress": 0.09722222222222222
}