{"data.grade": "7A", "data.userGrade": null, "data.method": "Feet follow hands", "data.userRating": 0, "data.repeats": 0, "data.moves": [{"problemId": 428535, "description": "E3", "isStart": true, "isEnd": false}, {"problemId": 428535, "description": "G4", "isStart": true, "isEnd": false}, {"problemId": 428535, "description": "G7", "isStart": false, "isEnd": false}, {"problemId": 428535, "description": "B10", "isStart": false, "isEnd": false}, {"problemId": 428535, "description": "G12", "isStart": false, "isEnd": false}, {"problemId": 428535, "description": "K13", "isStart": false, "isEnd": false}, {"problemId": 428535, "description": "H17", "isStart": false, "isEnd": false}, {"problemId": 428535, "description": "G17", "isStart": false, "isEnd": false}, {"problemId": 428535, "description": "E18", "isStart": false, "isEnd": true}], "data.apiId": 428535}