{"data.grade": "7A", "data.userGrade": null, "data.method": "Feet follow hands", "data.userRating": 4, "data.repeats": 2, "data.moves": [{"problemId": 354122, "description": "J4", "isStart": true, "isEnd": false}, {"problemId": 354122, "description": "G4", "isStart": true, "isEnd": false}, {"problemId": 354122, "description": "I8", "isStart": false, "isEnd": false}, {"problemId": 354122, "description": "E11", "isStart": false, "isEnd": false}, {"problemId": 354122, "description": "E14", "isStart": false, "isEnd": false}, {"problemId": 354122, "description": "F18", "isStart": false, "isEnd": true}], "data.apiId": 354122}