{"data.grade": "7A", "data.userGrade": "7A", "data.method": "Feet follow hands", "data.userRating": 4, "data.repeats": 6, "data.moves": [{"problemId": 320837, "description": "A10", "isStart": false, "isEnd": false}, {"problemId": 320837, "description": "D10", "isStart": false, "isEnd": false}, {"problemId": 320837, "description": "H18", "isStart": false, "isEnd": true}, {"problemId": 320837, "description": "A5", "isStart": true, "isEnd": false}, {"problemId": 320837, "description": "D4", "isStart": true, "isEnd": false}, {"problemId": 320837, "description": "C14", "isStart": false, "isEnd": false}, {"problemId": 320837, "description": "H15", "isStart": false, "isEnd": false}, {"problemId": 320837, "description": "G17", "isStart": false, "isEnd": false}], "data.apiId": 320837}