{"data.grade": "7A", "data.userGrade": "6C+", "data.method": "Feet follow hands", "data.userRating": 4, "data.repeats": 12, "data.moves": [{"problemId": 449918, "description": "A5", "isStart": true, "isEnd": false}, {"problemId": 449918, "description": "E6", "isStart": true, "isEnd": false}, {"problemId": 449918, "description": "B9", "isStart": false, "isEnd": false}, {"problemId": 449918, "description": "E11", "isStart": false, "isEnd": false}, {"problemId": 449918, "description": "D12", "isStart": false, "isEnd": false}, {"problemId": 449918, "description": "G13", "isStart": false, "isEnd": false}, {"problemId": 449918, "description": "J10", "isStart": false, "isEnd": false}, {"problemId": 449918, "description": "G16", "isStart": false, "isEnd": false}, {"problemId": 449918, "description": "J18", "isStart": false, "isEnd": true}], "data.apiId": 449918}