{"data.grade": "7A", "data.userGrade": null, "data.method": "Feet follow hands", "data.userRating": 0, "data.repeats": 0, "data.moves": [{"problemId": 346993, "description": "E4", "isStart": true, "isEnd": false}, {"problemId": 346993, "description": "H5", "isStart": true, "isEnd": false}, {"problemId": 346993, "description": "I10", "isStart": false, "isEnd": false}, {"problemId": 346993, "description": "D12", "isStart": false, "isEnd": false}, {"problemId": 346993, "description": "J14", "isStart": false, "isEnd": false}, {"problemId": 346993, "description": "F18", "isStart": false, "isEnd": true}], "data.apiId": 346993}