{"data.grade": "7A", "data.userGrade": null, "data.method": "Feet follow hands", "data.userRating": 0, "data.repeats": 0, "data.moves": [{"problemId": 345234, "description": "F5", "isStart": true, "isEnd": false}, {"problemId": 345234, "description": "D1", "isStart": true, "isEnd": false}, {"problemId": 345234, "description": "F13", "isStart": false, "isEnd": false}, {"problemId": 345234, "description": "D11", "isStart": false, "isEnd": false}, {"problemId": 345234, "description": "F18", "isStart": false, "isEnd": true}], "data.apiId": 345234}