{"data.grade": "7A", "data.userGrade": null, "data.method": "Feet follow hands", "data.userRating": 0, "data.repeats": 0, "data.moves": [{"problemId": 319824, "description": "D5", "isStart": true, "isEnd": false}, {"problemId": 319824, "description": "H5", "isStart": true, "isEnd": false}, {"problemId": 319824, "description": "E13", "isStart": false, "isEnd": false}, {"problemId": 319824, "description": "G13", "isStart": false, "isEnd": false}, {"problemId": 319824, "description": "F18", "isStart": false, "isEnd": true}], "data.apiId": 319824}