{"data.grade": "7A", "data.userGrade": null, "data.method": "Feet follow hands", "data.userRating": 0, "data.repeats": 0, "data.moves": [{"problemId": 309111, "description": "H5", "isStart": true, "isEnd": false}, {"problemId": 309111, "description": "D11", "isStart": false, "isEnd": false}, {"problemId": 309111, "description": "H14", "isStart": false, "isEnd": false}, {"problemId": 309111, "description": "I16", "isStart": false, "isEnd": false}, {"problemId": 309111, "description": "K18", "isStart": false, "isEnd": true}], "data.apiId": 309111}