{"data.grade": "7A", "data.userGrade": null, "data.method": "Feet follow hands", "data.userRating": 5, "data.repeats": 3, "data.moves": [{"problemId": 310169, "description": "G6", "isStart": true, "isEnd": false}, {"problemId": 310169, "description": "K3", "isStart": true, "isEnd": false}, {"problemId": 310169, "description": "G10", "isStart": false, "isEnd": false}, {"problemId": 310169, "description": "C13", "isStart": false, "isEnd": false}, {"problemId": 310169, "description": "E14", "isStart": false, "isEnd": false}, {"problemId": 310169, "description": "A18", "isStart": false, "isEnd": true}], "data.apiId": 310169}