{"data.grade": "7A", "data.userGrade": null, "data.method": "Feet follow hands", "data.userRating": 4, "data.repeats": 8, "data.moves": [{"problemId": 380321, "description": "I5", "isStart": true, "isEnd": false}, {"problemId": 380321, "description": "H10", "isStart": false, "isEnd": false}, {"problemId": 380321, "description": "K13", "isStart": false, "isEnd": false}, {"problemId": 380321, "description": "F14", "isStart": false, "isEnd": false}, {"problemId": 380321, "description": "F18", "isStart": false, "isEnd": true}, {"problemId": 380321, "description": "H5", "isStart": true, "isEnd": false}, {"problemId": 380321, "description": "H7", "isStart": false, "isEnd": false}], "data.apiId": 380321}