{"data.grade": "7A", "data.userGrade": null, "data.method": "Feet follow hands + screw ons", "data.userRating": 5, "data.repeats": 3, "data.moves": [{"problemId": 326355, "description": "H5", "isStart": true, "isEnd": false}, {"problemId": 326355, "description": "D2", "isStart": true, "isEnd": false}, {"problemId": 326355, "description": "C9", "isStart": false, "isEnd": false}, {"problemId": 326355, "description": "E13", "isStart": false, "isEnd": false}, {"problemId": 326355, "description": "E14", "isStart": false, "isEnd": false}, {"problemId": 326355, "description": "J10", "isStart": false, "isEnd": false}, {"problemId": 326355, "description": "H17", "isStart": false, "isEnd": false}, {"problemId": 326355, "description": "I18", "isStart": false, "isEnd": true}], "data.apiId": 326355}