{"data.grade": "7A", "data.userGrade": null, "data.method": "Feet follow hands", "data.userRating": 5, "data.repeats": 2, "data.moves": [{"problemId": 329116, "description": "B3", "isStart": true, "isEnd": false}, {"problemId": 329116, "description": "D4", "isStart": true, "isEnd": false}, {"problemId": 329116, "description": "C7", "isStart": false, "isEnd": false}, {"problemId": 329116, "description": "C10", "isStart": false, "isEnd": false}, {"problemId": 329116, "description": "F13", "isStart": false, "isEnd": false}, {"problemId": 329116, "description": "J10", "isStart": false, "isEnd": false}, {"problemId": 329116, "description": "E14", "isStart": false, "isEnd": false}, {"problemId": 329116, "description": "H15", "isStart": false, "isEnd": false}, {"problemId": 329116, "description": "J18", "isStart": false, "isEnd": true}], "data.apiId": 329116}