{"data.grade": "7A", "data.userGrade": null, "data.method": "Feet follow hands", "data.userRating": 5, "data.repeats": 2, "data.moves": [{"problemId": 383715, "description": "I10", "isStart": false, "isEnd": false}, {"problemId": 383715, "description": "J13", "isStart": false, "isEnd": false}, {"problemId": 383715, "description": "H9", "isStart": false, "isEnd": false}, {"problemId": 383715, "description": "K6", "isStart": true, "isEnd": false}, {"problemId": 383715, "description": "H2", "isStart": true, "isEnd": false}, {"problemId": 383715, "description": "F17", "isStart": false, "isEnd": false}, {"problemId": 383715, "description": "E18", "isStart": false, "isEnd": true}], "data.apiId": 383715}