{"data.grade": "7A", "data.userGrade": "7A", "data.method": "Feet follow hands", "data.userRating": 4, "data.repeats": 11, "data.moves": [{"problemId": 451265, "description": "K5", "isStart": true, "isEnd": false}, {"problemId": 451265, "description": "I4", "isStart": true, "isEnd": false}, {"problemId": 451265, "description": "H8", "isStart": false, "isEnd": false}, {"problemId": 451265, "description": "H9", "isStart": false, "isEnd": false}, {"problemId": 451265, "description": "H14", "isStart": false, "isEnd": false}, {"problemId": 451265, "description": "C8", "isStart": false, "isEnd": false}, {"problemId": 451265, "description": "F11", "isStart": false, "isEnd": false}, {"problemId": 451265, "description": "H18", "isStart": false, "isEnd": true}, {"problemId": 451265, "description": "C14", "isStart": false, "isEnd": false}, {"problemId": 451265, "description": "H17", "isStart": false, "isEnd": false}], "data.apiId": 451265}