{"data.grade": "7A", "data.userGrade": "7A", "data.method": "Feet follow hands", "data.userRating": 2, "data.repeats": 1, "data.moves": [{"problemId": 416531, "description": "C4", "isStart": true, "isEnd": false}, {"problemId": 416531, "description": "H4", "isStart": true, "isEnd": false}, {"problemId": 416531, "description": "F10", "isStart": false, "isEnd": false}, {"problemId": 416531, "description": "F13", "isStart": false, "isEnd": false}, {"problemId": 416531, "description": "H16", "isStart": false, "isEnd": false}, {"problemId": 416531, "description": "C18", "isStart": false, "isEnd": true}], "data.apiId": 416531}