{"data.grade": "7A", "data.userGrade": null, "data.method": "Feet follow hands", "data.userRating": 4, "data.repeats": 1, "data.moves": [{"problemId": 315853, "description": "K5", "isStart": true, "isEnd": false}, {"problemId": 315853, "description": "H6", "isStart": true, "isEnd": false}, {"problemId": 315853, "description": "H8", "isStart": false, "isEnd": false}, {"problemId": 315853, "description": "F11", "isStart": false, "isEnd": false}, {"problemId": 315853, "description": "I14", "isStart": false, "isEnd": false}, {"problemId": 315853, "description": "H18", "isStart": false, "isEnd": true}], "data.apiId": 315853}