{"data.grade": "7A", "data.userGrade": "6C+", "data.method": "Feet follow hands", "data.userRating": 3, "data.repeats": 13, "data.moves": [{"problemId": 429278, "description": "F6", "isStart": true, "isEnd": false}, {"problemId": 429278, "description": "H5", "isStart": true, "isEnd": false}, {"problemId": 429278, "description": "J11", "isStart": false, "isEnd": false}, {"problemId": 429278, "description": "E13", "isStart": false, "isEnd": false}, {"problemId": 429278, "description": "C16", "isStart": false, "isEnd": false}, {"problemId": 429278, "description": "F18", "isStart": false, "isEnd": true}, {"problemId": 429278, "description": "K4", "isStart": false, "isEnd": false}], "data.apiId": 429278}