{"data.grade": "7A", "data.userGrade": "7A", "data.method": "Feet follow hands", "data.userRating": 5, "data.repeats": 3, "data.moves": [{"problemId": 436032, "description": "E4", "isStart": true, "isEnd": false}, {"problemId": 436032, "description": "H5", "isStart": true, "isEnd": false}, {"problemId": 436032, "description": "D9", "isStart": false, "isEnd": false}, {"problemId": 436032, "description": "F13", "isStart": false, "isEnd": false}, {"problemId": 436032, "description": "A16", "isStart": false, "isEnd": false}, {"problemId": 436032, "description": "A18", "isStart": false, "isEnd": true}], "data.apiId": 436032}