{"data.grade": "7A", "data.userGrade": null, "data.method": "Feet follow hands", "data.userRating": 0, "data.repeats": 0, "data.moves": [{"problemId": 323341, "description": "K5", "isStart": true, "isEnd": false}, {"problemId": 323341, "description": "J8", "isStart": false, "isEnd": false}, {"problemId": 323341, "description": "J10", "isStart": false, "isEnd": false}, {"problemId": 323341, "description": "K12", "isStart": false, "isEnd": false}, {"problemId": 323341, "description": "H15", "isStart": false, "isEnd": false}, {"problemId": 323341, "description": "G16", "isStart": false, "isEnd": false}, {"problemId": 323341, "description": "D18", "isStart": false, "isEnd": true}], "data.apiId": 323341}