{"data.grade": "7A", "data.userGrade": null, "data.method": "Feet follow hands", "data.userRating": 3, "data.repeats": 3, "data.moves": [{"problemId": 320980, "description": "E4", "isStart": true, "isEnd": false}, {"problemId": 320980, "description": "F1", "isStart": true, "isEnd": false}, {"problemId": 320980, "description": "G8", "isStart": false, "isEnd": false}, {"problemId": 320980, "description": "F12", "isStart": false, "isEnd": false}, {"problemId": 320980, "description": "G16", "isStart": false, "isEnd": false}, {"problemId": 320980, "description": "D18", "isStart": false, "isEnd": true}], "data.apiId": 320980}