{"data.grade": "7A", "data.userGrade": null, "data.method": "Feet follow hands", "data.userRating": 5, "data.repeats": 1, "data.moves": [{"problemId": 366574, "description": "D5", "isStart": true, "isEnd": false}, {"problemId": 366574, "description": "I3", "isStart": true, "isEnd": false}, {"problemId": 366574, "description": "F10", "isStart": false, "isEnd": false}, {"problemId": 366574, "description": "F13", "isStart": false, "isEnd": false}, {"problemId": 366574, "description": "A11", "isStart": false, "isEnd": false}, {"problemId": 366574, "description": "C17", "isStart": false, "isEnd": false}, {"problemId": 366574, "description": "D9", "isStart": false, "isEnd": false}, {"problemId": 366574, "description": "H18", "isStart": false, "isEnd": true}], "data.apiId": 366574}