{"data.grade": "7A", "data.userGrade": "7A", "data.method": "Feet follow hands", "data.userRating": 4, "data.repeats": 2514, "data.moves": [{"problemId": 318529, "description": "C4", "isStart": true, "isEnd": false}, {"problemId": 318529, "description": "E11", "isStart": false, "isEnd": false}, {"problemId": 318529, "description": "D11", "isStart": false, "isEnd": false}, {"problemId": 318529, "description": "B9", "isStart": false, "isEnd": false}, {"problemId": 318529, "description": "F14", "isStart": false, "isEnd": false}, {"problemId": 318529, "description": "B16", "isStart": false, "isEnd": false}, {"problemId": 318529, "description": "D18", "isStart": false, "isEnd": true}], "data.apiId": 318529}