{"data.grade": "7A", "data.userGrade": null, "data.method": "Feet follow hands", "data.userRating": 0, "data.repeats": 0, "data.moves": [{"problemId": 442391, "description": "K1", "isStart": true, "isEnd": false}, {"problemId": 442391, "description": "G6", "isStart": true, "isEnd": false}, {"problemId": 442391, "description": "A3", "isStart": false, "isEnd": false}, {"problemId": 442391, "description": "C10", "isStart": false, "isEnd": false}, {"problemId": 442391, "description": "H9", "isStart": false, "isEnd": false}, {"problemId": 442391, "description": "C13", "isStart": false, "isEnd": false}, {"problemId": 442391, "description": "A15", "isStart": false, "isEnd": false}, {"problemId": 442391, "description": "D17", "isStart": false, "isEnd": false}, {"problemId": 442391, "description": "H18", "isStart": false, "isEnd": true}], "data.apiId": 442391}