{"data.grade": "7A", "data.userGrade": "7A", "data.method": "Feet follow hands", "data.userRating": 5, "data.repeats": 2, "data.moves": [{"problemId": 439313, "description": "G5", "isStart": true, "isEnd": false}, {"problemId": 439313, "description": "D7", "isStart": false, "isEnd": false}, {"problemId": 439313, "description": "G9", "isStart": false, "isEnd": false}, {"problemId": 439313, "description": "C11", "isStart": false, "isEnd": false}, {"problemId": 439313, "description": "E14", "isStart": false, "isEnd": false}, {"problemId": 439313, "description": "B18", "isStart": false, "isEnd": true}, {"problemId": 439313, "description": "E2", "isStart": true, "isEnd": false}], "data.apiId": 439313}