{"data.grade": "7A", "data.userGrade": null, "data.method": "Feet follow hands", "data.userRating": 0, "data.repeats": 0, "data.moves": [{"problemId": 346527, "description": "B6", "isStart": true, "isEnd": false}, {"problemId": 346527, "description": "C5", "isStart": true, "isEnd": false}, {"problemId": 346527, "description": "F10", "isStart": false, "isEnd": false}, {"problemId": 346527, "description": "G11", "isStart": false, "isEnd": false}, {"problemId": 346527, "description": "J12", "isStart": false, "isEnd": false}, {"problemId": 346527, "description": "I16", "isStart": false, "isEnd": false}, {"problemId": 346527, "description": "K18", "isStart": false, "isEnd": true}], "data.apiId": 346527}