{"data.grade": "7A", "data.userGrade": "7A", "data.method": "Feet follow hands", "data.userRating": 4, "data.repeats": 1, "data.moves": [{"problemId": 425915, "description": "H4", "isStart": true, "isEnd": false}, {"problemId": 425915, "description": "I6", "isStart": true, "isEnd": false}, {"problemId": 425915, "description": "J9", "isStart": false, "isEnd": false}, {"problemId": 425915, "description": "F10", "isStart": false, "isEnd": false}, {"problemId": 425915, "description": "F11", "isStart": false, "isEnd": false}, {"problemId": 425915, "description": "B12", "isStart": false, "isEnd": false}, {"problemId": 425915, "description": "D18", "isStart": false, "isEnd": true}, {"problemId": 425915, "description": "E14", "isStart": false, "isEnd": false}], "data.apiId": 425915}