{"data.grade": "7A", "data.userGrade": "7A", "data.method": "Footless + kickboard", "data.userRating": 4, "data.repeats": 3, "data.moves": [{"problemId": 459381, "description": "A5", "isStart": true, "isEnd": false}, {"problemId": 459381, "description": "F5", "isStart": true, "isEnd": false}, {"problemId": 459381, "description": "F18", "isStart": false, "isEnd": true}, {"problemId": 459381, "description": "H15", "isStart": false, "isEnd": false}, {"problemId": 459381, "description": "J13", "isStart": false, "isEnd": false}, {"problemId": 459381, "description": "D10", "isStart": false, "isEnd": false}, {"problemId": 459381, "description": "G11", "isStart": false, "isEnd": false}, {"problemId": 459381, "description": "D8", "isStart": false, "isEnd": false}, {"problemId": 459381, "description": "H11", "isStart": false, "isEnd": false}], "data.apiId": 459381}