{"data.grade": "7A", "data.userGrade": null, "data.method": "Feet follow hands", "data.userRating": 4, "data.repeats": 10, "data.moves": [{"problemId": 354328, "description": "D5", "isStart": true, "isEnd": false}, {"problemId": 354328, "description": "F10", "isStart": false, "isEnd": false}, {"problemId": 354328, "description": "C8", "isStart": false, "isEnd": false}, {"problemId": 354328, "description": "F13", "isStart": false, "isEnd": false}, {"problemId": 354328, "description": "H14", "isStart": false, "isEnd": false}, {"problemId": 354328, "description": "H18", "isStart": false, "isEnd": true}], "data.apiId": 354328}