{"data.grade": "7A", "data.userGrade": null, "data.method": "Feet follow hands", "data.userRating": 5, "data.repeats": 2, "data.moves": [{"problemId": 326455, "description": "G4", "isStart": true, "isEnd": false}, {"problemId": 326455, "description": "I4", "isStart": true, "isEnd": false}, {"problemId": 326455, "description": "H8", "isStart": false, "isEnd": false}, {"problemId": 326455, "description": "H15", "isStart": false, "isEnd": false}, {"problemId": 326455, "description": "G18", "isStart": false, "isEnd": true}, {"problemId": 326455, "description": "K18", "isStart": false, "isEnd": true}, {"problemId": 326455, "description": "G12", "isStart": false, "isEnd": false}, {"problemId": 326455, "description": "K12", "isStart": false, "isEnd": false}], "data.apiId": 326455}