{"data.grade": "7A", "data.userGrade": "7A", "data.method": "Feet follow hands", "data.userRating": 4, "data.repeats": 19, "data.moves": [{"problemId": 388505, "description": "C5", "isStart": true, "isEnd": false}, {"problemId": 388505, "description": "B6", "isStart": true, "isEnd": false}, {"problemId": 388505, "description": "B9", "isStart": false, "isEnd": false}, {"problemId": 388505, "description": "F10", "isStart": false, "isEnd": false}, {"problemId": 388505, "description": "D11", "isStart": false, "isEnd": false}, {"problemId": 388505, "description": "H14", "isStart": false, "isEnd": false}, {"problemId": 388505, "description": "F16", "isStart": false, "isEnd": false}, {"problemId": 388505, "description": "F18", "isStart": false, "isEnd": true}], "data.apiId": 388505}