{"data.grade": "7A", "data.userGrade": null, "data.method": "Feet follow hands", "data.userRating": 5, "data.repeats": 5, "data.moves": [{"problemId": 320521, "description": "H2", "isStart": true, "isEnd": false}, {"problemId": 320521, "description": "K3", "isStart": true, "isEnd": false}, {"problemId": 320521, "description": "H6", "isStart": false, "isEnd": false}, {"problemId": 320521, "description": "J8", "isStart": false, "isEnd": false}, {"problemId": 320521, "description": "F10", "isStart": false, "isEnd": false}, {"problemId": 320521, "description": "F13", "isStart": false, "isEnd": false}, {"problemId": 320521, "description": "E14", "isStart": false, "isEnd": false}, {"problemId": 320521, "description": "F18", "isStart": false, "isEnd": true}], "data.apiId": 320521}