{"data.grade": "7A", "data.userGrade": null, "data.method": "Feet follow hands", "data.userRating": 5, "data.repeats": 3, "data.moves": [{"problemId": 336349, "description": "C4", "isStart": true, "isEnd": false}, {"problemId": 336349, "description": "B7", "isStart": false, "isEnd": false}, {"problemId": 336349, "description": "F10", "isStart": false, "isEnd": false}, {"problemId": 336349, "description": "F11", "isStart": false, "isEnd": false}, {"problemId": 336349, "description": "K6", "isStart": false, "isEnd": false}, {"problemId": 336349, "description": "J13", "isStart": false, "isEnd": false}, {"problemId": 336349, "description": "I16", "isStart": false, "isEnd": false}, {"problemId": 336349, "description": "J18", "isStart": false, "isEnd": true}], "data.apiId": 336349}