{"data.grade": "7A", "data.userGrade": null, "data.method": "Feet follow hands", "data.userRating": 4, "data.repeats": 16, "data.moves": [{"problemId": 409363, "description": "K2", "isStart": true, "isEnd": false}, {"problemId": 409363, "description": "K6", "isStart": true, "isEnd": false}, {"problemId": 409363, "description": "H8", "isStart": false, "isEnd": false}, {"problemId": 409363, "description": "K11", "isStart": false, "isEnd": false}, {"problemId": 409363, "description": "H12", "isStart": false, "isEnd": false}, {"problemId": 409363, "description": "J14", "isStart": false, "isEnd": false}, {"problemId": 409363, "description": "H15", "isStart": false, "isEnd": false}, {"problemId": 409363, "description": "I18", "isStart": false, "isEnd": true}], "data.apiId": 409363}