{"data.grade": "7A", "data.userGrade": null, "data.method": "Feet follow hands", "data.userRating": 0, "data.repeats": 0, "data.moves": [{"problemId": 362264, "description": "A3", "isStart": true, "isEnd": false}, {"problemId": 362264, "description": "D5", "isStart": true, "isEnd": false}, {"problemId": 362264, "description": "A8", "isStart": false, "isEnd": false}, {"problemId": 362264, "description": "E13", "isStart": false, "isEnd": false}, {"problemId": 362264, "description": "G18", "isStart": false, "isEnd": true}], "data.apiId": 362264}