{"data.grade": "7A", "data.userGrade": "7A", "data.method": "Feet follow hands", "data.userRating": 4, "data.repeats": 10, "data.moves": [{"problemId": 452094, "description": "I2", "isStart": true, "isEnd": false}, {"problemId": 452094, "description": "E4", "isStart": true, "isEnd": false}, {"problemId": 452094, "description": "H8", "isStart": false, "isEnd": false}, {"problemId": 452094, "description": "F10", "isStart": false, "isEnd": false}, {"problemId": 452094, "description": "F11", "isStart": false, "isEnd": false}, {"problemId": 452094, "description": "B13", "isStart": false, "isEnd": false}, {"problemId": 452094, "description": "F16", "isStart": false, "isEnd": false}, {"problemId": 452094, "description": "F18", "isStart": false, "isEnd": true}, {"problemId": 452094, "description": "H2", "isStart": false, "isEnd": false}, {"problemId": 452094, "description": "C6", "isStart": false, "isEnd": false}], "data.apiId": 452094}