{"data.grade": "7A", "data.userGrade": "7A", "data.method": "Feet follow hands", "data.userRating": 4, "data.repeats": 29, "data.moves": [{"problemId": 324266, "description": "B10", "isStart": false, "isEnd": false}, {"problemId": 324266, "description": "F12", "isStart": false, "isEnd": false}, {"problemId": 324266, "description": "A4", "isStart": true, "isEnd": false}, {"problemId": 324266, "description": "F3", "isStart": true, "isEnd": false}, {"problemId": 324266, "description": "J18", "isStart": false, "isEnd": true}, {"problemId": 324266, "description": "E7", "isStart": false, "isEnd": false}, {"problemId": 324266, "description": "I14", "isStart": false, "isEnd": false}, {"problemId": 324266, "description": "F16", "isStart": false, "isEnd": false}], "data.apiId": 324266}