{"data.grade": "7A", "data.userGrade": null, "data.method": "Feet follow hands", "data.userRating": 3, "data.repeats": 2, "data.moves": [{"problemId": 316973, "description": "F3", "isStart": true, "isEnd": false}, {"problemId": 316973, "description": "B2", "isStart": true, "isEnd": false}, {"problemId": 316973, "description": "B8", "isStart": false, "isEnd": false}, {"problemId": 316973, "description": "G10", "isStart": false, "isEnd": false}, {"problemId": 316973, "description": "K8", "isStart": false, "isEnd": false}, {"problemId": 316973, "description": "G12", "isStart": false, "isEnd": false}, {"problemId": 316973, "description": "G15", "isStart": false, "isEnd": false}, {"problemId": 316973, "description": "D16", "isStart": false, "isEnd": false}, {"problemId": 316973, "description": "D18", "isStart": false, "isEnd": true}], "data.apiId": 316973}