{"data.grade": "7A", "data.userGrade": null, "data.method": "Feet follow hands", "data.userRating": 0, "data.repeats": 0, "data.moves": [{"problemId": 460444, "description": "D2", "isStart": true, "isEnd": false}, {"problemId": 460444, "description": "E3", "isStart": true, "isEnd": false}, {"problemId": 460444, "description": "G9", "isStart": false, "isEnd": false}, {"problemId": 460444, "description": "G12", "isStart": false, "isEnd": false}, {"problemId": 460444, "description": "E12", "isStart": false, "isEnd": false}, {"problemId": 460444, "description": "C9", "isStart": false, "isEnd": false}, {"problemId": 460444, "description": "G16", "isStart": false, "isEnd": false}, {"problemId": 460444, "description": "G15", "isStart": false, "isEnd": false}, {"problemId": 460444, "description": "D18", "isStart": false, "isEnd": true}], "data.apiId": 460444}