{"data.grade": "7A", "data.userGrade": "7A", "data.method": "Feet follow hands", "data.userRating": 4, "data.repeats": 18, "data.moves": [{"problemId": 350932, "description": "D9", "isStart": false, "isEnd": false}, {"problemId": 350932, "description": "G13", "isStart": false, "isEnd": false}, {"problemId": 350932, "description": "G6", "isStart": true, "isEnd": false}, {"problemId": 350932, "description": "G16", "isStart": false, "isEnd": false}, {"problemId": 350932, "description": "J18", "isStart": false, "isEnd": true}], "data.apiId": 350932}