{"data.grade": "7A", "data.userGrade": null, "data.method": "Feet follow hands", "data.userRating": 4, "data.repeats": 1, "data.moves": [{"problemId": 317268, "description": "F4", "isStart": true, "isEnd": false}, {"problemId": 317268, "description": "B8", "isStart": false, "isEnd": false}, {"problemId": 317268, "description": "B9", "isStart": false, "isEnd": false}, {"problemId": 317268, "description": "A11", "isStart": false, "isEnd": false}, {"problemId": 317268, "description": "E14", "isStart": false, "isEnd": false}, {"problemId": 317268, "description": "B18", "isStart": false, "isEnd": true}], "data.apiId": 317268}