{"data.grade": "7A", "data.userGrade": "7A", "data.method": "Feet follow hands + screw ons", "data.userRating": 5, "data.repeats": 289, "data.moves": [{"problemId": 308361, "description": "G6", "isStart": true, "isEnd": false}, {"problemId": 308361, "description": "G8", "isStart": false, "isEnd": false}, {"problemId": 308361, "description": "D11", "isStart": false, "isEnd": false}, {"problemId": 308361, "description": "E14", "isStart": false, "isEnd": false}, {"problemId": 308361, "description": "B18", "isStart": false, "isEnd": true}], "data.apiId": 308361}