{"data.grade": "7A", "data.userGrade": null, "data.method": "Feet follow hands", "data.userRating": 5, "data.repeats": 2, "data.moves": [{"problemId": 406779, "description": "E4", "isStart": true, "isEnd": false}, {"problemId": 406779, "description": "I4", "isStart": true, "isEnd": false}, {"problemId": 406779, "description": "G6", "isStart": false, "isEnd": false}, {"problemId": 406779, "description": "I9", "isStart": false, "isEnd": false}, {"problemId": 406779, "description": "G11", "isStart": false, "isEnd": false}, {"problemId": 406779, "description": "D11", "isStart": false, "isEnd": false}, {"problemId": 406779, "description": "G14", "isStart": false, "isEnd": false}, {"problemId": 406779, "description": "D16", "isStart": false, "isEnd": false}, {"problemId": 406779, "description": "G18", "isStart": false, "isEnd": true}], "data.apiId": 406779}