{"data.grade": "7A", "data.userGrade": null, "data.method": "Feet follow hands", "data.userRating": 5, "data.repeats": 2, "data.moves": [{"problemId": 383599, "description": "D9", "isStart": false, "isEnd": false}, {"problemId": 383599, "description": "J13", "isStart": false, "isEnd": false}, {"problemId": 383599, "description": "E3", "isStart": true, "isEnd": false}, {"problemId": 383599, "description": "D4", "isStart": true, "isEnd": false}, {"problemId": 383599, "description": "A5", "isStart": false, "isEnd": false}, {"problemId": 383599, "description": "E9", "isStart": false, "isEnd": false}, {"problemId": 383599, "description": "G12", "isStart": false, "isEnd": false}, {"problemId": 383599, "description": "A8", "isStart": false, "isEnd": false}, {"problemId": 383599, "description": "G14", "isStart": false, "isEnd": false}, {"problemId": 383599, "description": "K11", "isStart": false, "isEnd": false}, {"problemId": 383599, "description": "F18", "isStart": false, "isEnd": true}, {"problemId": 383599, "description": "I17", "isStart": false, "isEnd": false}], "data.apiId": 383599}