{"data.grade": "7A", "data.userGrade": "7A", "data.method": "Feet follow hands", "data.userRating": 4, "data.repeats": 352, "data.moves": [{"problemId": 320036, "description": "A5", "isStart": true, "isEnd": false}, {"problemId": 320036, "description": "F5", "isStart": true, "isEnd": false}, {"problemId": 320036, "description": "D9", "isStart": false, "isEnd": false}, {"problemId": 320036, "description": "G13", "isStart": false, "isEnd": false}, {"problemId": 320036, "description": "K15", "isStart": false, "isEnd": false}, {"problemId": 320036, "description": "J18", "isStart": false, "isEnd": true}], "data.apiId": 320036}