{"data.grade": "7A", "data.userGrade": null, "data.method": "Feet follow hands", "data.userRating": 0, "data.repeats": 0, "data.moves": [{"problemId": 348253, "description": "D5", "isStart": true, "isEnd": false}, {"problemId": 348253, "description": "F4", "isStart": true, "isEnd": false}, {"problemId": 348253, "description": "H8", "isStart": false, "isEnd": false}, {"problemId": 348253, "description": "B10", "isStart": false, "isEnd": false}, {"problemId": 348253, "description": "H15", "isStart": false, "isEnd": false}, {"problemId": 348253, "description": "D18", "isStart": false, "isEnd": true}], "data.apiId": 348253}