{"data.grade": "7A", "data.userGrade": null, "data.method": "Feet follow hands", "data.userRating": 5, "data.repeats": 1, "data.moves": [{"problemId": 351954, "description": "E15", "isStart": false, "isEnd": false}, {"problemId": 351954, "description": "G3", "isStart": true, "isEnd": false}, {"problemId": 351954, "description": "G12", "isStart": false, "isEnd": false}, {"problemId": 351954, "description": "C9", "isStart": false, "isEnd": false}, {"problemId": 351954, "description": "H18", "isStart": false, "isEnd": true}, {"problemId": 351954, "description": "E6", "isStart": true, "isEnd": false}], "data.apiId": 351954}