{"data.grade": "7A", "data.userGrade": null, "data.method": "Feet follow hands", "data.userRating": 5, "data.repeats": 1, "data.moves": [{"problemId": 324702, "description": "K1", "isStart": true, "isEnd": false}, {"problemId": 324702, "description": "K5", "isStart": true, "isEnd": false}, {"problemId": 324702, "description": "K9", "isStart": false, "isEnd": false}, {"problemId": 324702, "description": "F10", "isStart": false, "isEnd": false}, {"problemId": 324702, "description": "F11", "isStart": false, "isEnd": false}, {"problemId": 324702, "description": "D15", "isStart": false, "isEnd": false}, {"problemId": 324702, "description": "F18", "isStart": false, "isEnd": true}], "data.apiId": 324702}