{"data.grade": "7A", "data.userGrade": null, "data.method": "Feet follow hands", "data.userRating": 0, "data.repeats": 0, "data.moves": [{"problemId": 358391, "description": "H5", "isStart": true, "isEnd": false}, {"problemId": 358391, "description": "D8", "isStart": false, "isEnd": false}, {"problemId": 358391, "description": "I10", "isStart": false, "isEnd": false}, {"problemId": 358391, "description": "H12", "isStart": false, "isEnd": false}, {"problemId": 358391, "description": "J14", "isStart": false, "isEnd": false}, {"problemId": 358391, "description": "E15", "isStart": false, "isEnd": false}, {"problemId": 358391, "description": "F17", "isStart": false, "isEnd": false}, {"problemId": 358391, "description": "B18", "isStart": false, "isEnd": true}, {"problemId": 358391, "description": "E3", "isStart": true, "isEnd": false}], "data.apiId": 358391}