{"data.grade": "7A", "data.userGrade": null, "data.method": "Feet follow hands", "data.userRating": 5, "data.repeats": 0, "data.moves": [{"problemId": 330256, "description": "D5", "isStart": true, "isEnd": false}, {"problemId": 330256, "description": "I5", "isStart": true, "isEnd": false}, {"problemId": 330256, "description": "I10", "isStart": false, "isEnd": false}, {"problemId": 330256, "description": "F11", "isStart": false, "isEnd": false}, {"problemId": 330256, "description": "H15", "isStart": false, "isEnd": false}, {"problemId": 330256, "description": "C16", "isStart": false, "isEnd": false}, {"problemId": 330256, "description": "C18", "isStart": false, "isEnd": true}], "data.apiId": 330256}