{"data.grade": "7A", "data.userGrade": null, "data.method": "Feet follow hands", "data.userRating": 4, "data.repeats": 3, "data.moves": [{"problemId": 344250, "description": "K4", "isStart": true, "isEnd": false}, {"problemId": 344250, "description": "H5", "isStart": true, "isEnd": false}, {"problemId": 344250, "description": "I10", "isStart": false, "isEnd": false}, {"problemId": 344250, "description": "F12", "isStart": false, "isEnd": false}, {"problemId": 344250, "description": "D16", "isStart": false, "isEnd": false}, {"problemId": 344250, "description": "H18", "isStart": false, "isEnd": true}], "data.apiId": 344250}