{"data.grade": "7A", "data.userGrade": "7A", "data.method": "Feet follow hands", "data.userRating": 5, "data.repeats": 15, "data.moves": [{"problemId": 308210, "description": "E4", "isStart": true, "isEnd": false}, {"problemId": 308210, "description": "G4", "isStart": true, "isEnd": false}, {"problemId": 308210, "description": "G10", "isStart": false, "isEnd": false}, {"problemId": 308210, "description": "F11", "isStart": false, "isEnd": false}, {"problemId": 308210, "description": "C13", "isStart": false, "isEnd": false}, {"problemId": 308210, "description": "B17", "isStart": false, "isEnd": false}, {"problemId": 308210, "description": "A18", "isStart": false, "isEnd": true}], "data.apiId": 308210}