{"data.grade": "7A", "data.userGrade": null, "data.method": "Feet follow hands", "data.userRating": 4, "data.repeats": 5, "data.moves": [{"problemId": 329304, "description": "F5", "isStart": true, "isEnd": false}, {"problemId": 329304, "description": "I3", "isStart": true, "isEnd": false}, {"problemId": 329304, "description": "G7", "isStart": false, "isEnd": false}, {"problemId": 329304, "description": "D11", "isStart": false, "isEnd": false}, {"problemId": 329304, "description": "G14", "isStart": false, "isEnd": false}, {"problemId": 329304, "description": "E16", "isStart": false, "isEnd": false}, {"problemId": 329304, "description": "H18", "isStart": false, "isEnd": true}], "data.apiId": 329304}