{"data.grade": "7A", "data.userGrade": null, "data.method": "Feet follow hands", "data.userRating": 5, "data.repeats": 2, "data.moves": [{"problemId": 347247, "description": "F2", "isStart": true, "isEnd": false}, {"problemId": 347247, "description": "B4", "isStart": true, "isEnd": false}, {"problemId": 347247, "description": "E8", "isStart": false, "isEnd": false}, {"problemId": 347247, "description": "E12", "isStart": false, "isEnd": false}, {"problemId": 347247, "description": "H13", "isStart": false, "isEnd": false}, {"problemId": 347247, "description": "K18", "isStart": false, "isEnd": true}, {"problemId": 347247, "description": "G16", "isStart": false, "isEnd": false}], "data.apiId": 347247}