{"data.grade": "7A", "data.userGrade": null, "data.method": "Feet follow hands", "data.userRating": 5, "data.repeats": 1, "data.moves": [{"problemId": 351350, "description": "E4", "isStart": true, "isEnd": false}, {"problemId": 351350, "description": "B4", "isStart": false, "isEnd": false}, {"problemId": 351350, "description": "G7", "isStart": false, "isEnd": false}, {"problemId": 351350, "description": "D9", "isStart": false, "isEnd": false}, {"problemId": 351350, "description": "G13", "isStart": false, "isEnd": false}, {"problemId": 351350, "description": "I15", "isStart": false, "isEnd": false}, {"problemId": 351350, "description": "I18", "isStart": false, "isEnd": true}], "data.apiId": 351350}