{"data.grade": "7A", "data.userGrade": null, "data.method": "Feet follow hands", "data.userRating": 4, "data.repeats": 1, "data.moves": [{"problemId": 339491, "description": "D5", "isStart": true, "isEnd": false}, {"problemId": 339491, "description": "F4", "isStart": true, "isEnd": false}, {"problemId": 339491, "description": "D8", "isStart": false, "isEnd": false}, {"problemId": 339491, "description": "C13", "isStart": false, "isEnd": false}, {"problemId": 339491, "description": "G14", "isStart": false, "isEnd": false}, {"problemId": 339491, "description": "J10", "isStart": false, "isEnd": false}, {"problemId": 339491, "description": "I16", "isStart": false, "isEnd": false}, {"problemId": 339491, "description": "J18", "isStart": false, "isEnd": true}], "data.apiId": 339491}