{"data.grade": "7A", "data.userGrade": "7A", "data.method": "Feet follow hands", "data.userRating": 5, "data.repeats": 1, "data.moves": [{"problemId": 420646, "description": "C4", "isStart": true, "isEnd": false}, {"problemId": 420646, "description": "A4", "isStart": true, "isEnd": false}, {"problemId": 420646, "description": "D9", "isStart": false, "isEnd": false}, {"problemId": 420646, "description": "H12", "isStart": false, "isEnd": false}, {"problemId": 420646, "description": "H13", "isStart": false, "isEnd": false}, {"problemId": 420646, "description": "K13", "isStart": false, "isEnd": false}, {"problemId": 420646, "description": "J18", "isStart": false, "isEnd": true}, {"problemId": 420646, "description": "J6", "isStart": false, "isEnd": false}], "data.apiId": 420646}