{"data.grade": "7A", "data.userGrade": "7A", "data.method": "Feet follow hands", "data.userRating": 5, "data.repeats": 6, "data.moves": [{"problemId": 327269, "description": "D1", "isStart": true, "isEnd": false}, {"problemId": 327269, "description": "H5", "isStart": true, "isEnd": false}, {"problemId": 327269, "description": "H9", "isStart": false, "isEnd": false}, {"problemId": 327269, "description": "G10", "isStart": false, "isEnd": false}, {"problemId": 327269, "description": "C13", "isStart": false, "isEnd": false}, {"problemId": 327269, "description": "A8", "isStart": false, "isEnd": false}, {"problemId": 327269, "description": "F18", "isStart": false, "isEnd": true}], "data.apiId": 327269}