{"data.grade": "7A", "data.userGrade": "7A", "data.method": "Feet follow hands", "data.userRating": 4, "data.repeats": 3, "data.moves": [{"problemId": 428684, "description": "D5", "isStart": true, "isEnd": false}, {"problemId": 428684, "description": "I2", "isStart": true, "isEnd": false}, {"problemId": 428684, "description": "K4", "isStart": false, "isEnd": false}, {"problemId": 428684, "description": "I9", "isStart": false, "isEnd": false}, {"problemId": 428684, "description": "G11", "isStart": false, "isEnd": false}, {"problemId": 428684, "description": "F13", "isStart": false, "isEnd": false}, {"problemId": 428684, "description": "B15", "isStart": false, "isEnd": false}, {"problemId": 428684, "description": "F18", "isStart": false, "isEnd": true}], "data.apiId": 428684}