{"data.grade": "7A", "data.userGrade": null, "data.method": "Feet follow hands", "data.userRating": 5, "data.repeats": 1, "data.moves": [{"problemId": 333919, "description": "D1", "isStart": true, "isEnd": false}, {"problemId": 333919, "description": "A4", "isStart": true, "isEnd": false}, {"problemId": 333919, "description": "E7", "isStart": false, "isEnd": false}, {"problemId": 333919, "description": "A10", "isStart": false, "isEnd": false}, {"problemId": 333919, "description": "E12", "isStart": false, "isEnd": false}, {"problemId": 333919, "description": "D13", "isStart": false, "isEnd": false}, {"problemId": 333919, "description": "H13", "isStart": false, "isEnd": false}, {"problemId": 333919, "description": "E15", "isStart": false, "isEnd": false}, {"problemId": 333919, "description": "H18", "isStart": false, "isEnd": true}], "data.apiId": 333919}