{"data.grade": "7A", "data.userGrade": "7A", "data.method": "Feet follow hands", "data.userRating": 4, "data.repeats": 16, "data.moves": [{"problemId": 401983, "description": "K5", "isStart": true, "isEnd": false}, {"problemId": 401983, "description": "H6", "isStart": true, "isEnd": false}, {"problemId": 401983, "description": "H9", "isStart": false, "isEnd": false}, {"problemId": 401983, "description": "F11", "isStart": false, "isEnd": false}, {"problemId": 401983, "description": "C15", "isStart": false, "isEnd": false}, {"problemId": 401983, "description": "F18", "isStart": false, "isEnd": true}, {"problemId": 401983, "description": "D11", "isStart": false, "isEnd": false}, {"problemId": 401983, "description": "F14", "isStart": false, "isEnd": false}, {"problemId": 401983, "description": "E1", "isStart": false, "isEnd": false}, {"problemId": 401983, "description": "E3", "isStart": false, "isEnd": false}], "data.apiId": 401983}