{"data.grade": "7A", "data.userGrade": null, "data.method": "Feet follow hands", "data.userRating": 4, "data.repeats": 11, "data.moves": [{"problemId": 310572, "description": "E1", "isStart": true, "isEnd": false}, {"problemId": 310572, "description": "E3", "isStart": true, "isEnd": false}, {"problemId": 310572, "description": "I7", "isStart": false, "isEnd": false}, {"problemId": 310572, "description": "G11", "isStart": false, "isEnd": false}, {"problemId": 310572, "description": "J14", "isStart": false, "isEnd": false}, {"problemId": 310572, "description": "I15", "isStart": false, "isEnd": false}, {"problemId": 310572, "description": "F17", "isStart": false, "isEnd": false}, {"problemId": 310572, "description": "E18", "isStart": false, "isEnd": true}], "data.apiId": 310572}