{"data.grade": "7A", "data.userGrade": null, "data.method": "Feet follow hands", "data.userRating": 4, "data.repeats": 2, "data.moves": [{"problemId": 348437, "description": "H5", "isStart": true, "isEnd": false}, {"problemId": 348437, "description": "E8", "isStart": false, "isEnd": false}, {"problemId": 348437, "description": "A11", "isStart": false, "isEnd": false}, {"problemId": 348437, "description": "E14", "isStart": false, "isEnd": false}, {"problemId": 348437, "description": "E15", "isStart": false, "isEnd": false}, {"problemId": 348437, "description": "H18", "isStart": false, "isEnd": true}], "data.apiId": 348437}