{"data.grade": "7A", "data.userGrade": null, "data.method": "Feet follow hands", "data.userRating": 5, "data.repeats": 1, "data.moves": [{"problemId": 310532, "description": "J5", "isStart": true, "isEnd": false}, {"problemId": 310532, "description": "G5", "isStart": true, "isEnd": false}, {"problemId": 310532, "description": "H7", "isStart": false, "isEnd": false}, {"problemId": 310532, "description": "K7", "isStart": false, "isEnd": false}, {"problemId": 310532, "description": "I9", "isStart": false, "isEnd": false}, {"problemId": 310532, "description": "G12", "isStart": false, "isEnd": false}, {"problemId": 310532, "description": "G15", "isStart": false, "isEnd": false}, {"problemId": 310532, "description": "D16", "isStart": false, "isEnd": false}, {"problemId": 310532, "description": "C18", "isStart": false, "isEnd": true}], "data.apiId": 310532}