{"data.grade": "7A", "data.userGrade": null, "data.method": "Feet follow hands", "data.userRating": 5, "data.repeats": 2, "data.moves": [{"problemId": 333847, "description": "E3", "isStart": true, "isEnd": false}, {"problemId": 333847, "description": "B3", "isStart": true, "isEnd": false}, {"problemId": 333847, "description": "B8", "isStart": false, "isEnd": false}, {"problemId": 333847, "description": "F10", "isStart": false, "isEnd": false}, {"problemId": 333847, "description": "F13", "isStart": false, "isEnd": false}, {"problemId": 333847, "description": "J10", "isStart": false, "isEnd": false}, {"problemId": 333847, "description": "H16", "isStart": false, "isEnd": false}, {"problemId": 333847, "description": "E18", "isStart": false, "isEnd": true}], "data.apiId": 333847}