{"data.grade": "7A", "data.userGrade": "7A", "data.method": "Feet follow hands", "data.userRating": 5, "data.repeats": 6, "data.moves": [{"problemId": 379146, "description": "G3", "isStart": true, "isEnd": false}, {"problemId": 379146, "description": "J4", "isStart": true, "isEnd": false}, {"problemId": 379146, "description": "H8", "isStart": false, "isEnd": false}, {"problemId": 379146, "description": "H11", "isStart": false, "isEnd": false}, {"problemId": 379146, "description": "D11", "isStart": false, "isEnd": false}, {"problemId": 379146, "description": "D15", "isStart": false, "isEnd": false}, {"problemId": 379146, "description": "A18", "isStart": false, "isEnd": true}], "data.apiId": 379146}