{"data.grade": "7A", "data.userGrade": "7A", "data.method": "Feet follow hands", "data.userRating": 4, "data.repeats": 3, "data.moves": [{"problemId": 460894, "description": "B4", "isStart": true, "isEnd": false}, {"problemId": 460894, "description": "E6", "isStart": true, "isEnd": false}, {"problemId": 460894, "description": "E4", "isStart": false, "isEnd": false}, {"problemId": 460894, "description": "J7", "isStart": false, "isEnd": false}, {"problemId": 460894, "description": "H9", "isStart": false, "isEnd": false}, {"problemId": 460894, "description": "F10", "isStart": false, "isEnd": false}, {"problemId": 460894, "description": "D12", "isStart": false, "isEnd": false}, {"problemId": 460894, "description": "C13", "isStart": false, "isEnd": false}, {"problemId": 460894, "description": "F16", "isStart": false, "isEnd": false}, {"problemId": 460894, "description": "F18", "isStart": false, "isEnd": true}], "data.apiId": 460894}