{"data.grade": "7A", "data.userGrade": null, "data.method": "Feet follow hands", "data.userRating": 5, "data.repeats": 4, "data.moves": [{"problemId": 323407, "description": "D5", "isStart": true, "isEnd": false}, {"problemId": 323407, "description": "A5", "isStart": true, "isEnd": false}, {"problemId": 323407, "description": "C10", "isStart": false, "isEnd": false}, {"problemId": 323407, "description": "F15", "isStart": false, "isEnd": false}, {"problemId": 323407, "description": "F18", "isStart": false, "isEnd": true}], "data.apiId": 323407}