{"data.grade": "7A", "data.userGrade": null, "data.method": "Feet follow hands", "data.userRating": 0, "data.repeats": 0, "data.moves": [{"problemId": 374792, "description": "C4", "isStart": true, "isEnd": false}, {"problemId": 374792, "description": "C9", "isStart": false, "isEnd": false}, {"problemId": 374792, "description": "F10", "isStart": false, "isEnd": false}, {"problemId": 374792, "description": "F13", "isStart": false, "isEnd": false}, {"problemId": 374792, "description": "I14", "isStart": false, "isEnd": false}, {"problemId": 374792, "description": "I17", "isStart": false, "isEnd": false}, {"problemId": 374792, "description": "K18", "isStart": false, "isEnd": true}], "data.apiId": 374792}