{"data.grade": "7A", "data.userGrade": "7A", "data.method": "Feet follow hands", "data.userRating": 5, "data.repeats": 4, "data.moves": [{"problemId": 456784, "description": "B8", "isStart": false, "isEnd": false}, {"problemId": 456784, "description": "C4", "isStart": true, "isEnd": false}, {"problemId": 456784, "description": "C7", "isStart": false, "isEnd": false}, {"problemId": 456784, "description": "E11", "isStart": false, "isEnd": false}, {"problemId": 456784, "description": "G13", "isStart": false, "isEnd": false}, {"problemId": 456784, "description": "H10", "isStart": false, "isEnd": false}, {"problemId": 456784, "description": "I8", "isStart": false, "isEnd": false}, {"problemId": 456784, "description": "J11", "isStart": false, "isEnd": false}, {"problemId": 456784, "description": "J18", "isStart": false, "isEnd": true}], "data.apiId": 456784}