{"data.grade": "7A", "data.userGrade": null, "data.method": "Feet follow hands", "data.userRating": 0, "data.repeats": 0, "data.moves": [{"problemId": 337373, "description": "C4", "isStart": true, "isEnd": false}, {"problemId": 337373, "description": "B9", "isStart": false, "isEnd": false}, {"problemId": 337373, "description": "G12", "isStart": false, "isEnd": false}, {"problemId": 337373, "description": "H14", "isStart": false, "isEnd": false}, {"problemId": 337373, "description": "K17", "isStart": false, "isEnd": false}, {"problemId": 337373, "description": "I18", "isStart": false, "isEnd": true}], "data.apiId": 337373}