{"data.grade": "7A", "data.userGrade": null, "data.method": "Feet follow hands", "data.userRating": 5, "data.repeats": 1, "data.moves": [{"problemId": 351884, "description": "K5", "isStart": true, "isEnd": false}, {"problemId": 351884, "description": "J2", "isStart": true, "isEnd": false}, {"problemId": 351884, "description": "H9", "isStart": false, "isEnd": false}, {"problemId": 351884, "description": "K13", "isStart": false, "isEnd": false}, {"problemId": 351884, "description": "G16", "isStart": false, "isEnd": false}, {"problemId": 351884, "description": "G17", "isStart": false, "isEnd": false}, {"problemId": 351884, "description": "B18", "isStart": false, "isEnd": true}], "data.apiId": 351884}