{"data.grade": "7A", "data.userGrade": null, "data.method": "Feet follow hands", "data.userRating": 4, "data.repeats": 1, "data.moves": [{"problemId": 313970, "description": "G4", "isStart": true, "isEnd": false}, {"problemId": 313970, "description": "I4", "isStart": true, "isEnd": false}, {"problemId": 313970, "description": "J7", "isStart": false, "isEnd": false}, {"problemId": 313970, "description": "H11", "isStart": false, "isEnd": false}, {"problemId": 313970, "description": "J13", "isStart": false, "isEnd": false}, {"problemId": 313970, "description": "I16", "isStart": false, "isEnd": false}, {"problemId": 313970, "description": "K18", "isStart": false, "isEnd": true}], "data.apiId": 313970}