{"data.grade": "7A", "data.userGrade": null, "data.method": "Feet follow hands", "data.userRating": 5, "data.repeats": 1, "data.moves": [{"problemId": 331224, "description": "B4", "isStart": true, "isEnd": false}, {"problemId": 331224, "description": "B8", "isStart": false, "isEnd": false}, {"problemId": 331224, "description": "C10", "isStart": false, "isEnd": false}, {"problemId": 331224, "description": "F9", "isStart": false, "isEnd": false}, {"problemId": 331224, "description": "H11", "isStart": false, "isEnd": false}, {"problemId": 331224, "description": "K11", "isStart": false, "isEnd": false}, {"problemId": 331224, "description": "H13", "isStart": false, "isEnd": false}, {"problemId": 331224, "description": "J13", "isStart": false, "isEnd": false}, {"problemId": 331224, "description": "G16", "isStart": false, "isEnd": false}, {"problemId": 331224, "description": "F18", "isStart": false, "isEnd": true}, {"problemId": 331224, "description": "H5", "isStart": true, "isEnd": false}], "data.apiId": 331224}