{"data.grade": "7A", "data.userGrade": "7A", "data.method": "Feet follow hands", "data.userRating": 5, "data.repeats": 6, "data.moves": [{"problemId": 349688, "description": "D5", "isStart": true, "isEnd": false}, {"problemId": 349688, "description": "G3", "isStart": true, "isEnd": false}, {"problemId": 349688, "description": "G10", "isStart": false, "isEnd": false}, {"problemId": 349688, "description": "G13", "isStart": false, "isEnd": false}, {"problemId": 349688, "description": "J16", "isStart": false, "isEnd": false}, {"problemId": 349688, "description": "E18", "isStart": false, "isEnd": true}], "data.apiId": 349688}