{"data.grade": "7A", "data.userGrade": null, "data.method": "Feet follow hands", "data.userRating": 0, "data.repeats": 0, "data.moves": [{"problemId": 316324, "description": "C6", "isStart": true, "isEnd": false}, {"problemId": 316324, "description": "I6", "isStart": true, "isEnd": false}, {"problemId": 316324, "description": "F8", "isStart": false, "isEnd": false}, {"problemId": 316324, "description": "F12", "isStart": false, "isEnd": false}, {"problemId": 316324, "description": "F18", "isStart": false, "isEnd": true}], "data.apiId": 316324}