{"data.grade": "7A", "data.userGrade": "7A", "data.method": "Feet follow hands", "data.userRating": 4, "data.repeats": 14, "data.moves": [{"problemId": 371538, "description": "B2", "isStart": true, "isEnd": false}, {"problemId": 371538, "description": "F2", "isStart": true, "isEnd": false}, {"problemId": 371538, "description": "D6", "isStart": false, "isEnd": false}, {"problemId": 371538, "description": "B8", "isStart": false, "isEnd": false}, {"problemId": 371538, "description": "B12", "isStart": false, "isEnd": false}, {"problemId": 371538, "description": "F9", "isStart": false, "isEnd": false}, {"problemId": 371538, "description": "G13", "isStart": false, "isEnd": false}, {"problemId": 371538, "description": "J13", "isStart": false, "isEnd": false}, {"problemId": 371538, "description": "G16", "isStart": false, "isEnd": false}, {"problemId": 371538, "description": "D18", "isStart": false, "isEnd": true}, {"problemId": 371538, "description": "E16", "isStart": false, "isEnd": false}], "data.apiId": 371538}