{"data.grade": "7A", "data.userGrade": null, "data.method": "Feet follow hands", "data.userRating": 0, "data.repeats": 0, "data.moves": [{"problemId": 344529, "description": "H3", "isStart": true, "isEnd": false}, {"problemId": 344529, "description": "G7", "isStart": false, "isEnd": false}, {"problemId": 344529, "description": "E4", "isStart": true, "isEnd": false}, {"problemId": 344529, "description": "B10", "isStart": false, "isEnd": false}, {"problemId": 344529, "description": "D12", "isStart": false, "isEnd": false}, {"problemId": 344529, "description": "E14", "isStart": false, "isEnd": false}, {"problemId": 344529, "description": "C18", "isStart": false, "isEnd": true}], "data.apiId": 344529}