{"data.grade": "7A", "data.userGrade": null, "data.method": "Feet follow hands", "data.userRating": 4, "data.repeats": 1, "data.moves": [{"problemId": 388402, "description": "E5", "isStart": true, "isEnd": false}, {"problemId": 388402, "description": "F12", "isStart": false, "isEnd": false}, {"problemId": 388402, "description": "I18", "isStart": false, "isEnd": true}, {"problemId": 388402, "description": "C9", "isStart": false, "isEnd": false}, {"problemId": 388402, "description": "C6", "isStart": true, "isEnd": false}, {"problemId": 388402, "description": "E7", "isStart": false, "isEnd": false}, {"problemId": 388402, "description": "I14", "isStart": false, "isEnd": false}, {"problemId": 388402, "description": "G17", "isStart": false, "isEnd": false}], "data.apiId": 388402}