{"data.grade": "7A", "data.userGrade": null, "data.method": "Feet follow hands", "data.userRating": 5, "data.repeats": 2, "data.moves": [{"problemId": 319424, "description": "D5", "isStart": true, "isEnd": false}, {"problemId": 319424, "description": "I5", "isStart": true, "isEnd": false}, {"problemId": 319424, "description": "H9", "isStart": false, "isEnd": false}, {"problemId": 319424, "description": "J11", "isStart": false, "isEnd": false}, {"problemId": 319424, "description": "J18", "isStart": false, "isEnd": true}, {"problemId": 319424, "description": "G13", "isStart": false, "isEnd": false}], "data.apiId": 319424}