{"data.grade": "7A", "data.userGrade": null, "data.method": "Feet follow hands", "data.userRating": 5, "data.repeats": 1, "data.moves": [{"problemId": 320194, "description": "B6", "isStart": true, "isEnd": false}, {"problemId": 320194, "description": "E8", "isStart": false, "isEnd": false}, {"problemId": 320194, "description": "I10", "isStart": false, "isEnd": false}, {"problemId": 320194, "description": "G14", "isStart": false, "isEnd": false}, {"problemId": 320194, "description": "G17", "isStart": false, "isEnd": false}, {"problemId": 320194, "description": "D18", "isStart": false, "isEnd": true}], "data.apiId": 320194}