{"data.grade": "7A", "data.userGrade": null, "data.method": "Feet follow hands", "data.userRating": 4, "data.repeats": 1, "data.moves": [{"problemId": 379698, "description": "B4", "isStart": true, "isEnd": false}, {"problemId": 379698, "description": "A8", "isStart": false, "isEnd": false}, {"problemId": 379698, "description": "D9", "isStart": false, "isEnd": false}, {"problemId": 379698, "description": "F13", "isStart": false, "isEnd": false}, {"problemId": 379698, "description": "G16", "isStart": false, "isEnd": false}, {"problemId": 379698, "description": "K18", "isStart": false, "isEnd": true}], "data.apiId": 379698}