{"data.grade": "7A", "data.userGrade": "7A", "data.method": "Feet follow hands", "data.userRating": 3, "data.repeats": 1, "data.moves": [{"problemId": 451044, "description": "F5", "isStart": true, "isEnd": false}, {"problemId": 451044, "description": "C10", "isStart": false, "isEnd": false}, {"problemId": 451044, "description": "G14", "isStart": false, "isEnd": false}, {"problemId": 451044, "description": "H18", "isStart": false, "isEnd": true}, {"problemId": 451044, "description": "J18", "isStart": false, "isEnd": true}], "data.apiId": 451044}