{"data.grade": "7A", "data.userGrade": "7A", "data.method": "Feet follow hands", "data.userRating": 5, "data.repeats": 12, "data.moves": [{"problemId": 312793, "description": "B4", "isStart": true, "isEnd": false}, {"problemId": 312793, "description": "F4", "isStart": true, "isEnd": false}, {"problemId": 312793, "description": "B8", "isStart": false, "isEnd": false}, {"problemId": 312793, "description": "G9", "isStart": false, "isEnd": false}, {"problemId": 312793, "description": "D11", "isStart": false, "isEnd": false}, {"problemId": 312793, "description": "E14", "isStart": false, "isEnd": false}, {"problemId": 312793, "description": "B16", "isStart": false, "isEnd": false}, {"problemId": 312793, "description": "D18", "isStart": false, "isEnd": true}], "data.apiId": 312793}