{"data.grade": "7A", "data.userGrade": null, "data.method": "Feet follow hands", "data.userRating": 5, "data.repeats": 2, "data.moves": [{"problemId": 317880, "description": "G2", "isStart": true, "isEnd": false}, {"problemId": 317880, "description": "D4", "isStart": true, "isEnd": false}, {"problemId": 317880, "description": "H8", "isStart": false, "isEnd": false}, {"problemId": 317880, "description": "G11", "isStart": false, "isEnd": false}, {"problemId": 317880, "description": "J13", "isStart": false, "isEnd": false}, {"problemId": 317880, "description": "E15", "isStart": false, "isEnd": false}, {"problemId": 317880, "description": "G18", "isStart": false, "isEnd": true}], "data.apiId": 317880}