{"data.grade": "7A", "data.userGrade": "7A", "data.method": "Feet follow hands", "data.userRating": 4, "data.repeats": 1, "data.moves": [{"problemId": 428263, "description": "D3", "isStart": true, "isEnd": false}, {"problemId": 428263, "description": "G6", "isStart": false, "isEnd": false}, {"problemId": 428263, "description": "D12", "isStart": false, "isEnd": false}, {"problemId": 428263, "description": "C15", "isStart": false, "isEnd": false}, {"problemId": 428263, "description": "F16", "isStart": false, "isEnd": false}, {"problemId": 428263, "description": "G18", "isStart": false, "isEnd": true}, {"problemId": 428263, "description": "I12", "isStart": false, "isEnd": false}, {"problemId": 428263, "description": "H4", "isStart": true, "isEnd": false}, {"problemId": 428263, "description": "B8", "isStart": false, "isEnd": false}, {"problemId": 428263, "description": "E2", "isStart": false, "isEnd": false}, {"problemId": 428263, "description": "A2", "isStart": false, "isEnd": false}, {"problemId": 428263, "description": "G10", "isStart": false, "isEnd": false}, {"problemId": 428263, "description": "C13", "isStart": false, "isEnd": false}], "data.apiId": 428263}