{"data.grade": "7A", "data.userGrade": "6C+", "data.method": "Feet follow hands", "data.userRating": 3, "data.repeats": 9, "data.moves": [{"problemId": 423644, "description": "F3", "isStart": true, "isEnd": false}, {"problemId": 423644, "description": "G2", "isStart": true, "isEnd": false}, {"problemId": 423644, "description": "E6", "isStart": false, "isEnd": false}, {"problemId": 423644, "description": "G7", "isStart": false, "isEnd": false}, {"problemId": 423644, "description": "F9", "isStart": false, "isEnd": false}, {"problemId": 423644, "description": "J11", "isStart": false, "isEnd": false}, {"problemId": 423644, "description": "H15", "isStart": false, "isEnd": false}, {"problemId": 423644, "description": "H17", "isStart": false, "isEnd": false}, {"problemId": 423644, "description": "E18", "isStart": false, "isEnd": true}], "data.apiId": 423644}