{"data.grade": "7A", "data.userGrade": "7A", "data.method": "Feet follow hands", "data.userRating": 4, "data.repeats": 70, "data.moves": [{"problemId": 340749, "description": "G3", "isStart": true, "isEnd": false}, {"problemId": 340749, "description": "F4", "isStart": true, "isEnd": false}, {"problemId": 340749, "description": "E6", "isStart": false, "isEnd": false}, {"problemId": 340749, "description": "H9", "isStart": false, "isEnd": false}, {"problemId": 340749, "description": "D11", "isStart": false, "isEnd": false}, {"problemId": 340749, "description": "F13", "isStart": false, "isEnd": false}, {"problemId": 340749, "description": "C15", "isStart": false, "isEnd": false}, {"problemId": 340749, "description": "D17", "isStart": false, "isEnd": false}, {"problemId": 340749, "description": "G18", "isStart": false, "isEnd": true}], "data.apiId": 340749}