{"data.grade": "7A", "data.userGrade": null, "data.method": "Feet follow hands", "data.userRating": 0, "data.repeats": 0, "data.moves": [{"problemId": 341835, "description": "E4", "isStart": true, "isEnd": false}, {"problemId": 341835, "description": "H3", "isStart": true, "isEnd": false}, {"problemId": 341835, "description": "I9", "isStart": false, "isEnd": false}, {"problemId": 341835, "description": "I15", "isStart": false, "isEnd": false}, {"problemId": 341835, "description": "F12", "isStart": false, "isEnd": false}, {"problemId": 341835, "description": "D6", "isStart": false, "isEnd": false}, {"problemId": 341835, "description": "F18", "isStart": false, "isEnd": true}], "data.apiId": 341835}