{"data.grade": "7A", "data.userGrade": "6C+", "data.method": "Feet follow hands", "data.userRating": 5, "data.repeats": 8, "data.moves": [{"problemId": 449279, "description": "C5", "isStart": true, "isEnd": false}, {"problemId": 449279, "description": "B6", "isStart": true, "isEnd": false}, {"problemId": 449279, "description": "C8", "isStart": false, "isEnd": false}, {"problemId": 449279, "description": "F10", "isStart": false, "isEnd": false}, {"problemId": 449279, "description": "J11", "isStart": false, "isEnd": false}, {"problemId": 449279, "description": "G14", "isStart": false, "isEnd": false}, {"problemId": 449279, "description": "H16", "isStart": false, "isEnd": false}, {"problemId": 449279, "description": "F18", "isStart": false, "isEnd": true}, {"problemId": 449279, "description": "K7", "isStart": false, "isEnd": false}, {"problemId": 449279, "description": "F9", "isStart": false, "isEnd": false}], "data.apiId": 449279}