{"data.grade": "7A", "data.userGrade": "7A", "data.method": "Feet follow hands", "data.userRating": 4, "data.repeats": 1, "data.moves": [{"problemId": 443586, "description": "H2", "isStart": true, "isEnd": false}, {"problemId": 443586, "description": "K6", "isStart": true, "isEnd": false}, {"problemId": 443586, "description": "K9", "isStart": false, "isEnd": false}, {"problemId": 443586, "description": "F10", "isStart": false, "isEnd": false}, {"problemId": 443586, "description": "H14", "isStart": false, "isEnd": false}, {"problemId": 443586, "description": "F16", "isStart": false, "isEnd": false}, {"problemId": 443586, "description": "G18", "isStart": false, "isEnd": true}], "data.apiId": 443586}