{"data.grade": "7A", "data.userGrade": null, "data.method": "Feet follow hands", "data.userRating": 5, "data.repeats": 2, "data.moves": [{"problemId": 380312, "description": "A4", "isStart": true, "isEnd": false}, {"problemId": 380312, "description": "D11", "isStart": false, "isEnd": false}, {"problemId": 380312, "description": "F11", "isStart": false, "isEnd": false}, {"problemId": 380312, "description": "J13", "isStart": false, "isEnd": false}, {"problemId": 380312, "description": "H18", "isStart": false, "isEnd": true}, {"problemId": 380312, "description": "F8", "isStart": false, "isEnd": false}, {"problemId": 380312, "description": "K13", "isStart": false, "isEnd": false}, {"problemId": 380312, "description": "I7", "isStart": false, "isEnd": false}], "data.apiId": 380312}