{"data.grade": "7A", "data.userGrade": "7A", "data.method": "Feet follow hands", "data.userRating": 5, "data.repeats": 116, "data.moves": [{"problemId": 318281, "description": "B4", "isStart": true, "isEnd": false}, {"problemId": 318281, "description": "B8", "isStart": false, "isEnd": false}, {"problemId": 318281, "description": "G10", "isStart": false, "isEnd": false}, {"problemId": 318281, "description": "G11", "isStart": false, "isEnd": false}, {"problemId": 318281, "description": "J5", "isStart": false, "isEnd": false}, {"problemId": 318281, "description": "J13", "isStart": false, "isEnd": false}, {"problemId": 318281, "description": "G16", "isStart": false, "isEnd": false}, {"problemId": 318281, "description": "F17", "isStart": false, "isEnd": false}, {"problemId": 318281, "description": "B18", "isStart": false, "isEnd": true}], "data.apiId": 318281}