{"data.grade": "7A", "data.userGrade": "7A", "data.method": "Feet follow hands", "data.userRating": 5, "data.repeats": 5, "data.moves": [{"problemId": 314907, "description": "G11", "isStart": false, "isEnd": false}, {"problemId": 314907, "description": "H12", "isStart": false, "isEnd": false}, {"problemId": 314907, "description": "B8", "isStart": false, "isEnd": false}, {"problemId": 314907, "description": "B4", "isStart": true, "isEnd": false}, {"problemId": 314907, "description": "E6", "isStart": true, "isEnd": false}, {"problemId": 314907, "description": "H14", "isStart": false, "isEnd": false}, {"problemId": 314907, "description": "H17", "isStart": false, "isEnd": false}, {"problemId": 314907, "description": "F18", "isStart": false, "isEnd": true}, {"problemId": 314907, "description": "F10", "isStart": false, "isEnd": false}], "data.apiId": 314907}