{"data.grade": "7A", "data.userGrade": "6C+", "data.method": "Feet follow hands", "data.userRating": 4, "data.repeats": 6, "data.moves": [{"problemId": 441650, "description": "D5", "isStart": true, "isEnd": false}, {"problemId": 441650, "description": "C10", "isStart": false, "isEnd": false}, {"problemId": 441650, "description": "A3", "isStart": true, "isEnd": false}, {"problemId": 441650, "description": "J9", "isStart": false, "isEnd": false}, {"problemId": 441650, "description": "J15", "isStart": false, "isEnd": false}, {"problemId": 441650, "description": "F13", "isStart": false, "isEnd": false}, {"problemId": 441650, "description": "F14", "isStart": false, "isEnd": false}, {"problemId": 441650, "description": "I18", "isStart": false, "isEnd": true}], "data.apiId": 441650}