{"data.grade": "7A", "data.userGrade": null, "data.method": "Feet follow hands", "data.userRating": 5, "data.repeats": 1, "data.moves": [{"problemId": 333204, "description": "A3", "isStart": true, "isEnd": false}, {"problemId": 333204, "description": "B4", "isStart": true, "isEnd": false}, {"problemId": 333204, "description": "D6", "isStart": false, "isEnd": false}, {"problemId": 333204, "description": "F7", "isStart": false, "isEnd": false}, {"problemId": 333204, "description": "H9", "isStart": false, "isEnd": false}, {"problemId": 333204, "description": "I12", "isStart": false, "isEnd": false}, {"problemId": 333204, "description": "D18", "isStart": false, "isEnd": true}, {"problemId": 333204, "description": "H17", "isStart": false, "isEnd": false}, {"problemId": 333204, "description": "H14", "isStart": false, "isEnd": false}, {"problemId": 333204, "description": "D14", "isStart": false, "isEnd": false}], "data.apiId": 333204}