{"data.grade": "7A", "data.userGrade": "7A", "data.method": "Feet follow hands", "data.userRating": 4, "data.repeats": 6, "data.moves": [{"problemId": 344364, "description": "K3", "isStart": true, "isEnd": false}, {"problemId": 344364, "description": "G3", "isStart": true, "isEnd": false}, {"problemId": 344364, "description": "G6", "isStart": false, "isEnd": false}, {"problemId": 344364, "description": "I10", "isStart": false, "isEnd": false}, {"problemId": 344364, "description": "H11", "isStart": false, "isEnd": false}, {"problemId": 344364, "description": "J13", "isStart": false, "isEnd": false}, {"problemId": 344364, "description": "E15", "isStart": false, "isEnd": false}, {"problemId": 344364, "description": "H18", "isStart": false, "isEnd": true}], "data.apiId": 344364}