{"data.grade": "7A", "data.userGrade": null, "data.method": "Feet follow hands + screw ons", "data.userRating": 0, "data.repeats": 0, "data.moves": [{"problemId": 339269, "description": "F5", "isStart": true, "isEnd": false}, {"problemId": 339269, "description": "C7", "isStart": false, "isEnd": false}, {"problemId": 339269, "description": "G13", "isStart": false, "isEnd": false}, {"problemId": 339269, "description": "D12", "isStart": false, "isEnd": false}, {"problemId": 339269, "description": "H16", "isStart": false, "isEnd": false}, {"problemId": 339269, "description": "D18", "isStart": false, "isEnd": true}, {"problemId": 339269, "description": "G2", "isStart": false, "isEnd": false}, {"problemId": 339269, "description": "C1", "isStart": false, "isEnd": false}, {"problemId": 339269, "description": "K10", "isStart": false, "isEnd": false}], "data.apiId": 339269}