{"data.grade": "7A", "data.userGrade": "7A", "data.method": "Feet follow hands", "data.userRating": 5, "data.repeats": 17, "data.moves": [{"problemId": 308655, "description": "H6", "isStart": true, "isEnd": false}, {"problemId": 308655, "description": "K6", "isStart": true, "isEnd": false}, {"problemId": 308655, "description": "J10", "isStart": false, "isEnd": false}, {"problemId": 308655, "description": "F10", "isStart": false, "isEnd": false}, {"problemId": 308655, "description": "I14", "isStart": false, "isEnd": false}, {"problemId": 308655, "description": "H16", "isStart": false, "isEnd": false}, {"problemId": 308655, "description": "J18", "isStart": false, "isEnd": true}], "data.apiId": 308655}