{"data.grade": "7A", "data.userGrade": "7A", "data.method": "Feet follow hands", "data.userRating": 5, "data.repeats": 1, "data.moves": [{"problemId": 443582, "description": "D8", "isStart": false, "isEnd": false}, {"problemId": 443582, "description": "H8", "isStart": false, "isEnd": false}, {"problemId": 443582, "description": "J5", "isStart": true, "isEnd": false}, {"problemId": 443582, "description": "F2", "isStart": true, "isEnd": false}, {"problemId": 443582, "description": "A5", "isStart": false, "isEnd": false}, {"problemId": 443582, "description": "D12", "isStart": false, "isEnd": false}, {"problemId": 443582, "description": "I14", "isStart": false, "isEnd": false}, {"problemId": 443582, "description": "I16", "isStart": false, "isEnd": false}, {"problemId": 443582, "description": "K18", "isStart": false, "isEnd": true}], "data.apiId": 443582}