{"data.grade": "7A", "data.userGrade": null, "data.method": "Feet follow hands", "data.userRating": 5, "data.repeats": 1, "data.moves": [{"problemId": 308227, "description": "E4", "isStart": false, "isEnd": false}, {"problemId": 308227, "description": "H3", "isStart": true, "isEnd": false}, {"problemId": 308227, "description": "G7", "isStart": false, "isEnd": false}, {"problemId": 308227, "description": "D11", "isStart": false, "isEnd": false}, {"problemId": 308227, "description": "C13", "isStart": false, "isEnd": false}, {"problemId": 308227, "description": "G14", "isStart": false, "isEnd": false}, {"problemId": 308227, "description": "H18", "isStart": false, "isEnd": true}], "data.apiId": 308227}