{"data.grade": "7A", "data.userGrade": null, "data.method": "Feet follow hands", "data.userRating": 5, "data.repeats": 3, "data.moves": [{"problemId": 347657, "description": "D4", "isStart": true, "isEnd": false}, {"problemId": 347657, "description": "F4", "isStart": true, "isEnd": false}, {"problemId": 347657, "description": "D6", "isStart": false, "isEnd": false}, {"problemId": 347657, "description": "G8", "isStart": false, "isEnd": false}, {"problemId": 347657, "description": "I13", "isStart": false, "isEnd": false}, {"problemId": 347657, "description": "E10", "isStart": false, "isEnd": false}, {"problemId": 347657, "description": "E15", "isStart": false, "isEnd": false}, {"problemId": 347657, "description": "F17", "isStart": false, "isEnd": false}, {"problemId": 347657, "description": "A18", "isStart": false, "isEnd": true}], "data.apiId": 347657}