{"data.grade": "7A", "data.userGrade": "7A", "data.method": "Feet follow hands", "data.userRating": 4, "data.repeats": 2, "data.moves": [{"problemId": 337281, "description": "A15", "isStart": false, "isEnd": false}, {"problemId": 337281, "description": "D17", "isStart": false, "isEnd": false}, {"problemId": 337281, "description": "D16", "isStart": false, "isEnd": false}, {"problemId": 337281, "description": "H18", "isStart": false, "isEnd": true}, {"problemId": 337281, "description": "C12", "isStart": false, "isEnd": false}, {"problemId": 337281, "description": "A11", "isStart": false, "isEnd": false}, {"problemId": 337281, "description": "E8", "isStart": false, "isEnd": false}, {"problemId": 337281, "description": "B7", "isStart": false, "isEnd": false}, {"problemId": 337281, "description": "F4", "isStart": true, "isEnd": false}, {"problemId": 337281, "description": "D3", "isStart": true, "isEnd": false}], "data.apiId": 337281}