{"data.grade": "7A", "data.userGrade": "7A", "data.method": "Feet follow hands", "data.userRating": 4, "data.repeats": 10, "data.moves": [{"problemId": 433446, "description": "G10", "isStart": false, "isEnd": false}, {"problemId": 433446, "description": "A8", "isStart": false, "isEnd": false}, {"problemId": 433446, "description": "D5", "isStart": true, "isEnd": false}, {"problemId": 433446, "description": "D6", "isStart": false, "isEnd": false}, {"problemId": 433446, "description": "A2", "isStart": true, "isEnd": false}, {"problemId": 433446, "description": "D12", "isStart": false, "isEnd": false}, {"problemId": 433446, "description": "H14", "isStart": false, "isEnd": false}, {"problemId": 433446, "description": "G16", "isStart": false, "isEnd": false}, {"problemId": 433446, "description": "K18", "isStart": false, "isEnd": true}], "data.apiId": 433446}