{"data.grade": "7A", "data.userGrade": null, "data.method": "Feet follow hands", "data.userRating": 4, "data.repeats": 4, "data.moves": [{"problemId": 329259, "description": "E3", "isStart": true, "isEnd": false}, {"problemId": 329259, "description": "I4", "isStart": true, "isEnd": false}, {"problemId": 329259, "description": "G9", "isStart": false, "isEnd": false}, {"problemId": 329259, "description": "D10", "isStart": false, "isEnd": false}, {"problemId": 329259, "description": "F14", "isStart": false, "isEnd": false}, {"problemId": 329259, "description": "B15", "isStart": false, "isEnd": false}, {"problemId": 329259, "description": "D2", "isStart": false, "isEnd": false}, {"problemId": 329259, "description": "C5", "isStart": false, "isEnd": false}, {"problemId": 329259, "description": "F18", "isStart": false, "isEnd": true}], "data.apiId": 329259}