{"data.grade": "7A", "data.userGrade": null, "data.method": "Feet follow hands", "data.userRating": 5, "data.repeats": 2, "data.moves": [{"problemId": 329128, "description": "F7", "isStart": false, "isEnd": false}, {"problemId": 329128, "description": "G8", "isStart": false, "isEnd": false}, {"problemId": 329128, "description": "K9", "isStart": false, "isEnd": false}, {"problemId": 329128, "description": "J14", "isStart": false, "isEnd": false}, {"problemId": 329128, "description": "F16", "isStart": false, "isEnd": false}, {"problemId": 329128, "description": "J2", "isStart": true, "isEnd": false}, {"problemId": 329128, "description": "E4", "isStart": true, "isEnd": false}, {"problemId": 329128, "description": "K6", "isStart": false, "isEnd": false}, {"problemId": 329128, "description": "K13", "isStart": false, "isEnd": false}, {"problemId": 329128, "description": "H11", "isStart": false, "isEnd": false}, {"problemId": 329128, "description": "H17", "isStart": false, "isEnd": false}, {"problemId": 329128, "description": "D18", "isStart": false, "isEnd": true}, {"problemId": 329128, "description": "J4", "isStart": false, "isEnd": false}], "data.apiId": 329128}