{"data.grade": "7A", "data.userGrade": "7A", "data.method": "Feet follow hands", "data.userRating": 4, "data.repeats": 15, "data.moves": [{"problemId": 317327, "description": "J4", "isStart": true, "isEnd": false}, {"problemId": 317327, "description": "J6", "isStart": true, "isEnd": false}, {"problemId": 317327, "description": "J8", "isStart": false, "isEnd": false}, {"problemId": 317327, "description": "E8", "isStart": false, "isEnd": false}, {"problemId": 317327, "description": "F10", "isStart": false, "isEnd": false}, {"problemId": 317327, "description": "C5", "isStart": false, "isEnd": false}, {"problemId": 317327, "description": "D12", "isStart": false, "isEnd": false}, {"problemId": 317327, "description": "E14", "isStart": false, "isEnd": false}, {"problemId": 317327, "description": "D18", "isStart": false, "isEnd": true}], "data.apiId": 317327}