{"data.grade": "7A", "data.userGrade": null, "data.method": "Feet follow hands", "data.userRating": 4, "data.repeats": 1, "data.moves": [{"problemId": 315264, "description": "F3", "isStart": true, "isEnd": false}, {"problemId": 315264, "description": "D3", "isStart": true, "isEnd": false}, {"problemId": 315264, "description": "F7", "isStart": false, "isEnd": false}, {"problemId": 315264, "description": "B10", "isStart": false, "isEnd": false}, {"problemId": 315264, "description": "G13", "isStart": false, "isEnd": false}, {"problemId": 315264, "description": "F18", "isStart": false, "isEnd": true}], "data.apiId": 315264}