{"data.grade": "7A", "data.userGrade": null, "data.method": "Feet follow hands", "data.userRating": 1, "data.repeats": 1, "data.moves": [{"problemId": 309674, "description": "F18", "isStart": false, "isEnd": true}, {"problemId": 309674, "description": "A15", "isStart": false, "isEnd": false}, {"problemId": 309674, "description": "C13", "isStart": false, "isEnd": false}, {"problemId": 309674, "description": "D9", "isStart": false, "isEnd": false}, {"problemId": 309674, "description": "F5", "isStart": true, "isEnd": false}], "data.apiId": 309674}