{"data.grade": "7A", "data.userGrade": null, "data.method": "Feet follow hands", "data.userRating": 0, "data.repeats": 0, "data.moves": [{"problemId": 345488, "description": "B1", "isStart": true, "isEnd": false}, {"problemId": 345488, "description": "B4", "isStart": true, "isEnd": false}, {"problemId": 345488, "description": "E8", "isStart": false, "isEnd": false}, {"problemId": 345488, "description": "E11", "isStart": false, "isEnd": false}, {"problemId": 345488, "description": "K13", "isStart": false, "isEnd": false}, {"problemId": 345488, "description": "I16", "isStart": false, "isEnd": false}, {"problemId": 345488, "description": "F16", "isStart": false, "isEnd": false}, {"problemId": 345488, "description": "F17", "isStart": false, "isEnd": false}, {"problemId": 345488, "description": "A18", "isStart": false, "isEnd": true}], "data.apiId": 345488}