{"data.grade": "7A", "data.userGrade": null, "data.method": "Feet follow hands", "data.userRating": 4, "data.repeats": 6, "data.moves": [{"problemId": 355221, "description": "B6", "isStart": true, "isEnd": false}, {"problemId": 355221, "description": "C2", "isStart": true, "isEnd": false}, {"problemId": 355221, "description": "C8", "isStart": false, "isEnd": false}, {"problemId": 355221, "description": "C10", "isStart": false, "isEnd": false}, {"problemId": 355221, "description": "E14", "isStart": false, "isEnd": false}, {"problemId": 355221, "description": "F16", "isStart": false, "isEnd": false}, {"problemId": 355221, "description": "H11", "isStart": false, "isEnd": false}, {"problemId": 355221, "description": "H18", "isStart": false, "isEnd": true}], "data.apiId": 355221}