{"data.grade": "7A", "data.userGrade": null, "data.method": "Feet follow hands", "data.userRating": 4, "data.repeats": 21, "data.moves": [{"problemId": 356258, "description": "D5", "isStart": true, "isEnd": false}, {"problemId": 356258, "description": "E6", "isStart": true, "isEnd": false}, {"problemId": 356258, "description": "B8", "isStart": false, "isEnd": false}, {"problemId": 356258, "description": "G10", "isStart": false, "isEnd": false}, {"problemId": 356258, "description": "C13", "isStart": false, "isEnd": false}, {"problemId": 356258, "description": "F18", "isStart": false, "isEnd": true}], "data.apiId": 356258}