{"data.grade": "7A", "data.userGrade": "7A", "data.method": "Feet follow hands", "data.userRating": 5, "data.repeats": 3, "data.moves": [{"problemId": 328987, "description": "D5", "isStart": true, "isEnd": false}, {"problemId": 328987, "description": "D3", "isStart": true, "isEnd": false}, {"problemId": 328987, "description": "H8", "isStart": false, "isEnd": false}, {"problemId": 328987, "description": "E9", "isStart": false, "isEnd": false}, {"problemId": 328987, "description": "F11", "isStart": false, "isEnd": false}, {"problemId": 328987, "description": "D13", "isStart": false, "isEnd": false}, {"problemId": 328987, "description": "H14", "isStart": false, "isEnd": false}, {"problemId": 328987, "description": "G17", "isStart": false, "isEnd": false}, {"problemId": 328987, "description": "J18", "isStart": false, "isEnd": true}], "data.apiId": 328987}