{"data.grade": "7A", "data.userGrade": "7A", "data.method": "Feet follow hands", "data.userRating": 4, "data.repeats": 14, "data.moves": [{"problemId": 365466, "description": "H6", "isStart": true, "isEnd": false}, {"problemId": 365466, "description": "J3", "isStart": true, "isEnd": false}, {"problemId": 365466, "description": "J8", "isStart": false, "isEnd": false}, {"problemId": 365466, "description": "F10", "isStart": false, "isEnd": false}, {"problemId": 365466, "description": "F13", "isStart": false, "isEnd": false}, {"problemId": 365466, "description": "C15", "isStart": false, "isEnd": false}, {"problemId": 365466, "description": "F18", "isStart": false, "isEnd": true}], "data.apiId": 365466}