{"data.grade": "7A", "data.userGrade": "7A", "data.method": "Feet follow hands", "data.userRating": 5, "data.repeats": 3, "data.moves": [{"problemId": 460511, "description": "D5", "isStart": true, "isEnd": false}, {"problemId": 460511, "description": "F4", "isStart": true, "isEnd": false}, {"problemId": 460511, "description": "H6", "isStart": false, "isEnd": false}, {"problemId": 460511, "description": "G10", "isStart": false, "isEnd": false}, {"problemId": 460511, "description": "D12", "isStart": false, "isEnd": false}, {"problemId": 460511, "description": "H14", "isStart": false, "isEnd": false}, {"problemId": 460511, "description": "H15", "isStart": false, "isEnd": false}, {"problemId": 460511, "description": "I18", "isStart": false, "isEnd": true}], "data.apiId": 460511}