{"data.grade": "7A", "data.userGrade": "7A", "data.method": "Feet follow hands", "data.userRating": 4, "data.repeats": 5, "data.moves": [{"problemId": 339045, "description": "G13", "isStart": false, "isEnd": false}, {"problemId": 339045, "description": "I16", "isStart": false, "isEnd": false}, {"problemId": 339045, "description": "F18", "isStart": false, "isEnd": true}, {"problemId": 339045, "description": "D9", "isStart": false, "isEnd": false}, {"problemId": 339045, "description": "F4", "isStart": true, "isEnd": false}, {"problemId": 339045, "description": "C4", "isStart": true, "isEnd": false}], "data.apiId": 339045}