{"data.grade": "7A", "data.userGrade": "7A", "data.method": "Feet follow hands", "data.userRating": 4, "data.repeats": 4, "data.moves": [{"problemId": 326531, "description": "H4", "isStart": true, "isEnd": false}, {"problemId": 326531, "description": "E2", "isStart": true, "isEnd": false}, {"problemId": 326531, "description": "F6", "isStart": false, "isEnd": false}, {"problemId": 326531, "description": "G10", "isStart": false, "isEnd": false}, {"problemId": 326531, "description": "D13", "isStart": false, "isEnd": false}, {"problemId": 326531, "description": "E13", "isStart": false, "isEnd": false}, {"problemId": 326531, "description": "C18", "isStart": false, "isEnd": true}], "data.apiId": 326531}