{"data.grade": "7A", "data.userGrade": "7A", "data.method": "Feet follow hands", "data.userRating": 4, "data.repeats": 201, "data.moves": [{"problemId": 323132, "description": "G4", "isStart": true, "isEnd": false}, {"problemId": 323132, "description": "K1", "isStart": true, "isEnd": false}, {"problemId": 323132, "description": "G8", "isStart": false, "isEnd": false}, {"problemId": 323132, "description": "D9", "isStart": false, "isEnd": false}, {"problemId": 323132, "description": "G13", "isStart": false, "isEnd": false}, {"problemId": 323132, "description": "C15", "isStart": false, "isEnd": false}, {"problemId": 323132, "description": "D18", "isStart": false, "isEnd": true}], "data.apiId": 323132}