{"data.grade": "7A", "data.userGrade": "7A", "data.method": "Feet follow hands", "data.userRating": 0, "data.repeats": 0, "data.moves": [{"problemId": 449477, "description": "F5", "isStart": true, "isEnd": false}, {"problemId": 449477, "description": "F8", "isStart": false, "isEnd": false}, {"problemId": 449477, "description": "F12", "isStart": false, "isEnd": false}, {"problemId": 449477, "description": "C15", "isStart": false, "isEnd": false}, {"problemId": 449477, "description": "G18", "isStart": false, "isEnd": true}, {"problemId": 449477, "description": "F11", "isStart": false, "isEnd": false}, {"problemId": 449477, "description": "A9", "isStart": false, "isEnd": false}], "data.apiId": 449477}