{"data.grade": "7A", "data.userGrade": "7A", "data.method": "Feet follow hands", "data.userRating": 4, "data.repeats": 133, "data.moves": [{"problemId": 312579, "description": "H4", "isStart": true, "isEnd": false}, {"problemId": 312579, "description": "D11", "isStart": false, "isEnd": false}, {"problemId": 312579, "description": "G8", "isStart": false, "isEnd": false}, {"problemId": 312579, "description": "F14", "isStart": false, "isEnd": false}, {"problemId": 312579, "description": "F13", "isStart": false, "isEnd": false}, {"problemId": 312579, "description": "H18", "isStart": false, "isEnd": true}, {"problemId": 312579, "description": "D5", "isStart": true, "isEnd": false}], "data.apiId": 312579}