{"data.grade": "7A", "data.userGrade": null, "data.method": "Feet follow hands", "data.userRating": 5, "data.repeats": 2, "data.moves": [{"problemId": 345533, "description": "G7", "isStart": false, "isEnd": false}, {"problemId": 345533, "description": "H4", "isStart": true, "isEnd": false}, {"problemId": 345533, "description": "E9", "isStart": false, "isEnd": false}, {"problemId": 345533, "description": "E5", "isStart": true, "isEnd": false}, {"problemId": 345533, "description": "E12", "isStart": false, "isEnd": false}, {"problemId": 345533, "description": "G3", "isStart": false, "isEnd": false}, {"problemId": 345533, "description": "H13", "isStart": false, "isEnd": false}, {"problemId": 345533, "description": "E15", "isStart": false, "isEnd": false}, {"problemId": 345533, "description": "H18", "isStart": false, "isEnd": true}, {"problemId": 345533, "description": "C8", "isStart": false, "isEnd": false}], "data.apiId": 345533}