{"data.grade": "7A", "data.userGrade": null, "data.method": "Feet follow hands", "data.userRating": 4, "data.repeats": 15, "data.moves": [{"problemId": 343783, "description": "C4", "isStart": true, "isEnd": false}, {"problemId": 343783, "description": "D1", "isStart": false, "isEnd": false}, {"problemId": 343783, "description": "B8", "isStart": false, "isEnd": false}, {"problemId": 343783, "description": "C8", "isStart": false, "isEnd": false}, {"problemId": 343783, "description": "D11", "isStart": false, "isEnd": false}, {"problemId": 343783, "description": "F10", "isStart": false, "isEnd": false}, {"problemId": 343783, "description": "G13", "isStart": false, "isEnd": false}, {"problemId": 343783, "description": "H15", "isStart": false, "isEnd": false}, {"problemId": 343783, "description": "K17", "isStart": false, "isEnd": false}, {"problemId": 343783, "description": "H18", "isStart": false, "isEnd": true}], "data.apiId": 343783}