{"data.grade": "7A", "data.userGrade": "7A", "data.method": "Feet follow hands", "data.userRating": 5, "data.repeats": 1, "data.moves": [{"problemId": 423538, "description": "H3", "isStart": true, "isEnd": false}, {"problemId": 423538, "description": "D5", "isStart": true, "isEnd": false}, {"problemId": 423538, "description": "A4", "isStart": false, "isEnd": false}, {"problemId": 423538, "description": "D9", "isStart": false, "isEnd": false}, {"problemId": 423538, "description": "D11", "isStart": false, "isEnd": false}, {"problemId": 423538, "description": "I10", "isStart": false, "isEnd": false}, {"problemId": 423538, "description": "J13", "isStart": false, "isEnd": false}, {"problemId": 423538, "description": "E15", "isStart": false, "isEnd": false}, {"problemId": 423538, "description": "F16", "isStart": false, "isEnd": false}, {"problemId": 423538, "description": "D18", "isStart": false, "isEnd": true}], "data.apiId": 423538}