{"data.grade": "7A", "data.userGrade": null, "data.method": "Feet follow hands", "data.userRating": 4, "data.repeats": 1, "data.moves": [{"problemId": 356844, "description": "I3", "isStart": true, "isEnd": false}, {"problemId": 356844, "description": "H5", "isStart": true, "isEnd": false}, {"problemId": 356844, "description": "J9", "isStart": false, "isEnd": false}, {"problemId": 356844, "description": "E13", "isStart": false, "isEnd": false}, {"problemId": 356844, "description": "F18", "isStart": false, "isEnd": true}], "data.apiId": 356844}