{"data.grade": "7A", "data.userGrade": null, "data.method": "Feet follow hands", "data.userRating": 5, "data.repeats": 3, "data.moves": [{"problemId": 358167, "description": "C4", "isStart": true, "isEnd": false}, {"problemId": 358167, "description": "F7", "isStart": false, "isEnd": false}, {"problemId": 358167, "description": "E10", "isStart": false, "isEnd": false}, {"problemId": 358167, "description": "I12", "isStart": false, "isEnd": false}, {"problemId": 358167, "description": "H15", "isStart": false, "isEnd": false}, {"problemId": 358167, "description": "J18", "isStart": false, "isEnd": true}], "data.apiId": 358167}