{"data.grade": "7A", "data.userGrade": null, "data.method": "Feet follow hands + screw ons", "data.userRating": 4, "data.repeats": 5, "data.moves": [{"problemId": 331516, "description": "G4", "isStart": true, "isEnd": false}, {"problemId": 331516, "description": "I4", "isStart": true, "isEnd": false}, {"problemId": 331516, "description": "H7", "isStart": false, "isEnd": false}, {"problemId": 331516, "description": "K9", "isStart": false, "isEnd": false}, {"problemId": 331516, "description": "H11", "isStart": false, "isEnd": false}, {"problemId": 331516, "description": "J13", "isStart": false, "isEnd": false}, {"problemId": 331516, "description": "I14", "isStart": false, "isEnd": false}, {"problemId": 331516, "description": "H15", "isStart": false, "isEnd": false}, {"problemId": 331516, "description": "J18", "isStart": false, "isEnd": true}], "data.apiId": 331516}