{
  "Original School Holds": [
    {"id": 1, "location": "J10", "orientation": "E", "type": "Crimp"},
    {"id": 2, "location": "J8", "orientation": "N", "type": "Crimp"},
    {"id": 4, "location": "G1", "orientation": "E", "type": "Crimp"},
    {"id": 5, "location": "H6", "orientation": "N", "type": "Crimp"},
    {"id": 6, "location": "A13", "orientation": "E", "type": "Sloper"},
    {"id": 7, "location": "B17", "orientation": "N", "type": "Crimp"},
    {"id": 8, "location": "C3", "orientation": "W", "type": "Crimp"},
    {"id": 11, "location": "F16", "orientation": "N", "type": "Crimp"},
    {"id": 12, "location": "C8", "orientation": "N", "type": "Crimp"},
    {"id": 13, "location": "C5", "orientation": "S", "type": "Crimp"},
    {"id": 14, "location": "E2", "orientation": "S", "type": "Crimp"},
    {"id": 15, "location": "J1", "orientation": "N", "type": "Crimp"},
    {"id": 16, "location": "I17", "orientation": "N", "type": "Crimp"},
    {"id": 17, "location": "B6", "orientation": "N", "type": "Crimp"},
    {"id": 18, "location": "C2", "orientation": "S", "type": "Crimp"},
    {"id": 19, "location": "B16", "orientation": "NE", "type": "Crimp"},
    {"id": 20, "location": "H4", "orientation": "SE", "type": "Pinch"},
    {"id": 21, "location": "C15", "orientation": "NW", "type": "Jug"},
    {"id": 22, "location": "J3", "orientation": "NE", "type": "Crimp"},
    {"id": 23, "location": "A9", "orientation": "N", "type": "Crimp"},
    {"id": 24, "location": "F11", "orientation": "NE", "type": "Jug"},
    {"id": 25, "location": "I14", "orientation": "E", "type": "Crimp"},
    {"id": 26, "location": "K18", "orientation": "N", "type": "Crimp"},
    {"id": 27, "location": "H2", "orientation": "S", "type": "Sloper"},
    {"id": 28, "location": "G18", "orientation": "N", "type": "Crimp"},
    {"id": 29, "location": "D11", "orientation": "NW", "type": "Pinch"},
    {"id": 30, "location": "F14", "orientation": "N", "type": "Crimp"},
    {"id": 31, "location": "F13", "orientation": "W", "type": "Jug"},
    {"id": 32, "location": "F10", "orientation": "SW", "type": "Pinch"},
    {"id": 33, "location": "C4", "orientation": "N", "type": "Jug"},
    {"id": 34, "location": "K5", "orientation": "SW", "type": "Jug"},
    {"id": 35, "location": "K12", "orientation": "N", "type": "Crimp"}
  ],
  "Hold Sets": {
    "A": [
      {"id": 51, "location": "K17", "orientation": "NE", "type": "Jug"},
      {"id": 52, "location": "G17", "orientation": "N", "type": "Crimp"},
      {"id": 53, "location": "D17", "orientation": "N", "type": "Crimp"},
      {"id": 54, "location": "I12", "orientation": "N", "type": "Pinch"},
      {"id": 56, "location": "F4", "orientation": "E", "type": "Crimp"},
      {"id": 57, "location": "K3", "orientation": "N", "type": "Sloper"},
      {"id": 58, "location": "A16", "orientation": "NW", "type": "Pinch"},
      {"id": 59, "location": "J4", "orientation": "N", "type": "Jug"},
      {"id": 60, "location": "A15", "orientation": "N", "type": "Crimp"},
      {"id": 61, "location": "B2", "orientation": "SW", "type": "Jug"},
      {"id": 62, "location": "K1", "orientation": "SE", "type": "Crimp"},
      {"id": 63, "location": "E6", "orientation": "N", "type": "Crimp"},
      {"id": 64, "location": "F2", "orientation": "S", "type": "Jug"}
    ],
    "B": [
      {"id": 100, "location": "D3", "orientation": "SW", "type": "Sloper"},
      {"id": 102, "location": "C1", "orientation": "S", "type": "Sloper"},
      {"id": 103, "location": "H17", "orientation": "N", "type": "Crimp"},
      {"id": 105, "location": "H14", "orientation": "N", "type": "Pinch"},
      {"id": 106, "location": "H15", "orientation": "N", "type": "Jug"},
      {"id": 107, "location": "K16", "orientation": "NE", "type": "Sloper"},
      {"id": 108, "location": "K8", "orientation": "N", "type": "Jug"},
      {"id": 109, "location": "F1", "orientation": "", "type": "Sloper"},
      {"id": 110, "location": "E14", "orientation": "NE", "type": "Jug"},
      {"id": 111, "location": "A8", "orientation": "NW", "type": "Sloper"}
    ],
    "C": [
      {"id": 150, "location": "K14", "orientation": "NE", "type": "Sloper"},
      {"id": 151, "location": "D14", "orientation": "NE", "type": "Sloper"},
      {"id": 152, "location": "C12", "orientation": "SW", "type": "Jug"},
      {"id": 153, "location": "I1", "orientation": "SW", "type": "Sloper"},
      {"id": 154, "location": "H8", "orientation": "NE", "type": "Jug"},
      {"id": 155, "location": "E1", "orientation": "W", "type": "Pinch"}
    ],
    "Wooden Holds": [
      {"id": "w01", "location": "H7", "orientation": "SW", "type": "Pocket"},
      {"id": "w02", "location": "D7", "orientation": "SE", "type": "Pocket"},
      {"id": "w03", "location": "I18", "orientation": "W", "type": "Pinch"},
      {"id": "w04", "location": "C18", "orientation": "E", "type": "Pinch"},
      {"id": "w05", "location": "G12", "orientation": "E", "type": "Crimp"}
    ]
  }
}
