{"data.grade": "6C", "data.userGrade": null, "data.method": "Feet follow hands", "data.userRating": 3, "data.repeats": 2, "data.moves": [{"problemId": 315471, "description": "B4", "isStart": true, "isEnd": false}, {"problemId": 315471, "description": "H2", "isStart": true, "isEnd": false}, {"problemId": 315471, "description": "E8", "isStart": false, "isEnd": false}, {"problemId": 315471, "description": "F13", "isStart": false, "isEnd": false}, {"problemId": 315471, "description": "F12", "isStart": false, "isEnd": false}, {"problemId": 315471, "description": "H17", "isStart": false, "isEnd": false}, {"problemId": 315471, "description": "D18", "isStart": false, "isEnd": true}], "data.apiId": 315471}