{"data.grade": "6C", "data.userGrade": null, "data.method": "Feet follow hands", "data.userRating": 0, "data.repeats": 0, "data.moves": [{"problemId": 318878, "description": "C10", "isStart": false, "isEnd": false}, {"problemId": 318878, "description": "E12", "isStart": false, "isEnd": false}, {"problemId": 318878, "description": "F15", "isStart": false, "isEnd": false}, {"problemId": 318878, "description": "A5", "isStart": true, "isEnd": false}, {"problemId": 318878, "description": "C3", "isStart": true, "isEnd": false}, {"problemId": 318878, "description": "B7", "isStart": false, "isEnd": false}, {"problemId": 318878, "description": "D18", "isStart": false, "isEnd": true}], "data.apiId": 318878}