{"data.grade": "6C", "data.userGrade": "6C", "data.method": "Feet follow hands", "data.userRating": 4, "data.repeats": 105, "data.moves": [{"problemId": 336104, "description": "D4", "isStart": true, "isEnd": false}, {"problemId": 336104, "description": "F4", "isStart": true, "isEnd": false}, {"problemId": 336104, "description": "B8", "isStart": false, "isEnd": false}, {"problemId": 336104, "description": "G7", "isStart": false, "isEnd": false}, {"problemId": 336104, "description": "E11", "isStart": false, "isEnd": false}, {"problemId": 336104, "description": "D12", "isStart": false, "isEnd": false}, {"problemId": 336104, "description": "G14", "isStart": false, "isEnd": false}, {"problemId": 336104, "description": "E14", "isStart": false, "isEnd": false}, {"problemId": 336104, "description": "E16", "isStart": false, "isEnd": false}, {"problemId": 336104, "description": "A18", "isStart": false, "isEnd": true}], "data.apiId": 336104}