{"data.grade": "6C", "data.userGrade": null, "data.method": "Feet follow hands", "data.userRating": 1, "data.repeats": 1, "data.moves": [{"problemId": 332342, "description": "F3", "isStart": true, "isEnd": false}, {"problemId": 332342, "description": "B3", "isStart": true, "isEnd": false}, {"problemId": 332342, "description": "B8", "isStart": false, "isEnd": false}, {"problemId": 332342, "description": "G10", "isStart": false, "isEnd": false}, {"problemId": 332342, "description": "K6", "isStart": false, "isEnd": false}, {"problemId": 332342, "description": "J13", "isStart": false, "isEnd": false}, {"problemId": 332342, "description": "G16", "isStart": false, "isEnd": false}, {"problemId": 332342, "description": "F18", "isStart": false, "isEnd": true}, {"problemId": 332342, "description": "E11", "isStart": false, "isEnd": false}], "data.apiId": 332342}