{"data.grade": "6C", "data.userGrade": null, "data.method": "Feet follow hands", "data.userRating": 0, "data.repeats": 0, "data.moves": [{"problemId": 387321, "description": "K1", "isStart": true, "isEnd": false}, {"problemId": 387321, "description": "F4", "isStart": false, "isEnd": false}, {"problemId": 387321, "description": "E6", "isStart": false, "isEnd": false}, {"problemId": 387321, "description": "H9", "isStart": false, "isEnd": false}, {"problemId": 387321, "description": "I12", "isStart": false, "isEnd": false}, {"problemId": 387321, "description": "K13", "isStart": false, "isEnd": false}, {"problemId": 387321, "description": "I16", "isStart": false, "isEnd": false}, {"problemId": 387321, "description": "K17", "isStart": false, "isEnd": false}, {"problemId": 387321, "description": "H18", "isStart": false, "isEnd": true}], "data.apiId": 387321}