{"data.grade": "6C", "data.userGrade": null, "data.method": "Feet follow hands", "data.userRating": 4, "data.repeats": 1, "data.moves": [{"problemId": 358437, "description": "A8", "isStart": false, "isEnd": false}, {"problemId": 358437, "description": "H17", "isStart": false, "isEnd": false}, {"problemId": 358437, "description": "J18", "isStart": false, "isEnd": true}, {"problemId": 358437, "description": "F12", "isStart": false, "isEnd": false}, {"problemId": 358437, "description": "E7", "isStart": false, "isEnd": false}, {"problemId": 358437, "description": "D5", "isStart": true, "isEnd": false}, {"problemId": 358437, "description": "G4", "isStart": true, "isEnd": false}, {"problemId": 358437, "description": "E16", "isStart": false, "isEnd": false}], "data.apiId": 358437}