{"data.grade": "6C", "data.userGrade": "6C", "data.method": "Feet follow hands", "data.userRating": 4, "data.repeats": 27, "data.moves": [{"problemId": 339118, "description": "E6", "isStart": true, "isEnd": false}, {"problemId": 339118, "description": "F5", "isStart": true, "isEnd": false}, {"problemId": 339118, "description": "C10", "isStart": false, "isEnd": false}, {"problemId": 339118, "description": "D18", "isStart": false, "isEnd": true}, {"problemId": 339118, "description": "G10", "isStart": false, "isEnd": false}, {"problemId": 339118, "description": "E14", "isStart": false, "isEnd": false}, {"problemId": 339118, "description": "C15", "isStart": false, "isEnd": false}], "data.apiId": 339118}