{"data.grade": "6C", "data.userGrade": "6B+", "data.method": "Feet follow hands", "data.userRating": 4, "data.repeats": 9, "data.moves": [{"problemId": 437846, "description": "G4", "isStart": true, "isEnd": false}, {"problemId": 437846, "description": "J6", "isStart": true, "isEnd": false}, {"problemId": 437846, "description": "F7", "isStart": false, "isEnd": false}, {"problemId": 437846, "description": "H9", "isStart": false, "isEnd": false}, {"problemId": 437846, "description": "F11", "isStart": false, "isEnd": false}, {"problemId": 437846, "description": "F13", "isStart": false, "isEnd": false}, {"problemId": 437846, "description": "B13", "isStart": false, "isEnd": false}, {"problemId": 437846, "description": "E14", "isStart": false, "isEnd": false}, {"problemId": 437846, "description": "B18", "isStart": false, "isEnd": true}], "data.apiId": 437846}