{"data.grade": "6C", "data.userGrade": null, "data.method": "Feet follow hands", "data.userRating": 0, "data.repeats": 0, "data.moves": [{"problemId": 311922, "description": "B4", "isStart": true, "isEnd": false}, {"problemId": 311922, "description": "C7", "isStart": false, "isEnd": false}, {"problemId": 311922, "description": "A3", "isStart": false, "isEnd": false}, {"problemId": 311922, "description": "C11", "isStart": false, "isEnd": false}, {"problemId": 311922, "description": "A12", "isStart": false, "isEnd": false}, {"problemId": 311922, "description": "D15", "isStart": false, "isEnd": false}, {"problemId": 311922, "description": "A18", "isStart": false, "isEnd": true}], "data.apiId": 311922}