{"data.grade": "6C", "data.userGrade": null, "data.method": "Feet follow hands", "data.userRating": 0, "data.repeats": 0, "data.moves": [{"problemId": 354311, "description": "J2", "isStart": true, "isEnd": false}, {"problemId": 354311, "description": "E3", "isStart": true, "isEnd": false}, {"problemId": 354311, "description": "G8", "isStart": false, "isEnd": false}, {"problemId": 354311, "description": "G10", "isStart": false, "isEnd": false}, {"problemId": 354311, "description": "H11", "isStart": false, "isEnd": false}, {"problemId": 354311, "description": "C12", "isStart": false, "isEnd": false}, {"problemId": 354311, "description": "D15", "isStart": false, "isEnd": false}, {"problemId": 354311, "description": "H18", "isStart": false, "isEnd": true}, {"problemId": 354311, "description": "D6", "isStart": false, "isEnd": false}], "data.apiId": 354311}