{"data.grade": "6C", "data.userGrade": null, "data.method": "Feet follow hands", "data.userRating": 5, "data.repeats": 4, "data.moves": [{"problemId": 404345, "description": "K5", "isStart": true, "isEnd": false}, {"problemId": 404345, "description": "J8", "isStart": false, "isEnd": false}, {"problemId": 404345, "description": "F10", "isStart": false, "isEnd": false}, {"problemId": 404345, "description": "F11", "isStart": false, "isEnd": false}, {"problemId": 404345, "description": "F13", "isStart": false, "isEnd": false}, {"problemId": 404345, "description": "F14", "isStart": false, "isEnd": false}, {"problemId": 404345, "description": "C15", "isStart": false, "isEnd": false}, {"problemId": 404345, "description": "D18", "isStart": false, "isEnd": true}, {"problemId": 404345, "description": "H4", "isStart": false, "isEnd": false}, {"problemId": 404345, "description": "J3", "isStart": false, "isEnd": false}, {"problemId": 404345, "description": "G6", "isStart": true, "isEnd": false}], "data.apiId": 404345}