{"data.grade": "6C", "data.userGrade": null, "data.method": "Feet follow hands", "data.userRating": 4, "data.repeats": 5, "data.moves": [{"problemId": 367455, "description": "A5", "isStart": true, "isEnd": false}, {"problemId": 367455, "description": "D5", "isStart": true, "isEnd": false}, {"problemId": 367455, "description": "F7", "isStart": false, "isEnd": false}, {"problemId": 367455, "description": "G10", "isStart": false, "isEnd": false}, {"problemId": 367455, "description": "F12", "isStart": false, "isEnd": false}, {"problemId": 367455, "description": "E14", "isStart": false, "isEnd": false}, {"problemId": 367455, "description": "F18", "isStart": false, "isEnd": true}], "data.apiId": 367455}