{"data.grade": "6C", "data.userGrade": "6C", "data.method": "Feet follow hands", "data.userRating": 4, "data.repeats": 20, "data.moves": [{"problemId": 314116, "description": "E4", "isStart": true, "isEnd": false}, {"problemId": 314116, "description": "H5", "isStart": true, "isEnd": false}, {"problemId": 314116, "description": "I8", "isStart": false, "isEnd": false}, {"problemId": 314116, "description": "K1", "isStart": false, "isEnd": false}, {"problemId": 314116, "description": "F12", "isStart": false, "isEnd": false}, {"problemId": 314116, "description": "B13", "isStart": false, "isEnd": false}, {"problemId": 314116, "description": "C16", "isStart": false, "isEnd": false}, {"problemId": 314116, "description": "F18", "isStart": false, "isEnd": true}, {"problemId": 314116, "description": "B6", "isStart": false, "isEnd": false}], "data.apiId": 314116}