{"data.grade": "6C", "data.userGrade": "6C", "data.method": "Feet follow hands", "data.userRating": 5, "data.repeats": 1, "data.moves": [{"problemId": 432097, "description": "G2", "isStart": true, "isEnd": false}, {"problemId": 432097, "description": "F8", "isStart": false, "isEnd": false}, {"problemId": 432097, "description": "E13", "isStart": false, "isEnd": false}, {"problemId": 432097, "description": "H18", "isStart": false, "isEnd": true}, {"problemId": 432097, "description": "D2", "isStart": true, "isEnd": false}], "data.apiId": 432097}