{"data.grade": "6C", "data.userGrade": null, "data.method": "Feet follow hands", "data.userRating": 5, "data.repeats": 3, "data.moves": [{"problemId": 339640, "description": "F4", "isStart": true, "isEnd": false}, {"problemId": 339640, "description": "H9", "isStart": false, "isEnd": false}, {"problemId": 339640, "description": "C13", "isStart": false, "isEnd": false}, {"problemId": 339640, "description": "J4", "isStart": true, "isEnd": false}, {"problemId": 339640, "description": "H12", "isStart": false, "isEnd": false}, {"problemId": 339640, "description": "F17", "isStart": false, "isEnd": false}, {"problemId": 339640, "description": "B18", "isStart": false, "isEnd": true}], "data.apiId": 339640}