{"data.grade": "6C", "data.userGrade": "6C", "data.method": "Feet follow hands", "data.userRating": 4, "data.repeats": 8, "data.moves": [{"problemId": 435241, "description": "J5", "isStart": true, "isEnd": false}, {"problemId": 435241, "description": "H5", "isStart": true, "isEnd": false}, {"problemId": 435241, "description": "H8", "isStart": false, "isEnd": false}, {"problemId": 435241, "description": "G10", "isStart": false, "isEnd": false}, {"problemId": 435241, "description": "C4", "isStart": false, "isEnd": false}, {"problemId": 435241, "description": "F13", "isStart": false, "isEnd": false}, {"problemId": 435241, "description": "H17", "isStart": false, "isEnd": false}, {"problemId": 435241, "description": "H15", "isStart": false, "isEnd": false}, {"problemId": 435241, "description": "K18", "isStart": false, "isEnd": true}, {"problemId": 435241, "description": "C7", "isStart": false, "isEnd": false}], "data.apiId": 435241}