{"data.grade": "6C", "data.userGrade": null, "data.method": "Feet follow hands", "data.userRating": 0, "data.repeats": 0, "data.moves": [{"problemId": 356993, "description": "C4", "isStart": true, "isEnd": false}, {"problemId": 356993, "description": "F3", "isStart": true, "isEnd": false}, {"problemId": 356993, "description": "F7", "isStart": false, "isEnd": false}, {"problemId": 356993, "description": "I10", "isStart": false, "isEnd": false}, {"problemId": 356993, "description": "D12", "isStart": false, "isEnd": false}, {"problemId": 356993, "description": "C13", "isStart": false, "isEnd": false}, {"problemId": 356993, "description": "A9", "isStart": false, "isEnd": false}, {"problemId": 356993, "description": "D17", "isStart": false, "isEnd": false}, {"problemId": 356993, "description": "E18", "isStart": false, "isEnd": true}], "data.apiId": 356993}