{"data.grade": "6C", "data.userGrade": null, "data.method": "Feet follow hands", "data.userRating": 5, "data.repeats": 2, "data.moves": [{"problemId": 345997, "description": "E4", "isStart": true, "isEnd": false}, {"problemId": 345997, "description": "G10", "isStart": false, "isEnd": false}, {"problemId": 345997, "description": "F12", "isStart": false, "isEnd": false}, {"problemId": 345997, "description": "J16", "isStart": false, "isEnd": false}, {"problemId": 345997, "description": "J14", "isStart": false, "isEnd": false}, {"problemId": 345997, "description": "K18", "isStart": false, "isEnd": true}, {"problemId": 345997, "description": "I4", "isStart": true, "isEnd": false}, {"problemId": 345997, "description": "K5", "isStart": false, "isEnd": false}], "data.apiId": 345997}