{"data.grade": "6C", "data.userGrade": "6C", "data.method": "Feet follow hands", "data.userRating": 5, "data.repeats": 20, "data.moves": [{"problemId": 308452, "description": "D5", "isStart": true, "isEnd": false}, {"problemId": 308452, "description": "H9", "isStart": false, "isEnd": false}, {"problemId": 308452, "description": "D12", "isStart": false, "isEnd": false}, {"problemId": 308452, "description": "E14", "isStart": false, "isEnd": false}, {"problemId": 308452, "description": "A15", "isStart": false, "isEnd": false}, {"problemId": 308452, "description": "D18", "isStart": false, "isEnd": true}], "data.apiId": 308452}