{"data.grade": "6C", "data.userGrade": null, "data.method": "Feet follow hands", "data.userRating": 0, "data.repeats": 0, "data.moves": [{"problemId": 420855, "description": "B2", "isStart": true, "isEnd": false}, {"problemId": 420855, "description": "B5", "isStart": true, "isEnd": false}, {"problemId": 420855, "description": "F6", "isStart": false, "isEnd": false}, {"problemId": 420855, "description": "D9", "isStart": false, "isEnd": false}, {"problemId": 420855, "description": "F12", "isStart": false, "isEnd": false}, {"problemId": 420855, "description": "G13", "isStart": false, "isEnd": false}, {"problemId": 420855, "description": "I15", "isStart": false, "isEnd": false}, {"problemId": 420855, "description": "F18", "isStart": false, "isEnd": true}], "data.apiId": 420855}