{"data.grade": "6C", "data.userGrade": "6C", "data.method": "Footless + kickboard", "data.userRating": 4, "data.repeats": 18, "data.moves": [{"problemId": 413254, "description": "F5", "isStart": true, "isEnd": false}, {"problemId": 413254, "description": "G8", "isStart": false, "isEnd": false}, {"problemId": 413254, "description": "D9", "isStart": false, "isEnd": false}, {"problemId": 413254, "description": "G10", "isStart": false, "isEnd": false}, {"problemId": 413254, "description": "D12", "isStart": false, "isEnd": false}, {"problemId": 413254, "description": "G13", "isStart": false, "isEnd": false}, {"problemId": 413254, "description": "D15", "isStart": false, "isEnd": false}, {"problemId": 413254, "description": "G16", "isStart": false, "isEnd": false}, {"problemId": 413254, "description": "F18", "isStart": false, "isEnd": true}], "data.apiId": 413254}