{"data.grade": "6C", "data.userGrade": null, "data.method": "Feet follow hands", "data.userRating": 0, "data.repeats": 0, "data.moves": [{"problemId": 384783, "description": "E4", "isStart": true, "isEnd": false}, {"problemId": 384783, "description": "G3", "isStart": true, "isEnd": false}, {"problemId": 384783, "description": "H6", "isStart": false, "isEnd": false}, {"problemId": 384783, "description": "D1", "isStart": false, "isEnd": false}, {"problemId": 384783, "description": "J9", "isStart": false, "isEnd": false}, {"problemId": 384783, "description": "K13", "isStart": false, "isEnd": false}, {"problemId": 384783, "description": "I16", "isStart": false, "isEnd": false}, {"problemId": 384783, "description": "F18", "isStart": false, "isEnd": true}], "data.apiId": 384783}