{"data.grade": "6C", "data.userGrade": "6C", "data.method": "Feet follow hands", "data.userRating": 5, "data.repeats": 4, "data.moves": [{"problemId": 336521, "description": "A8", "isStart": false, "isEnd": false}, {"problemId": 336521, "description": "E11", "isStart": false, "isEnd": false}, {"problemId": 336521, "description": "D11", "isStart": false, "isEnd": false}, {"problemId": 336521, "description": "I11", "isStart": false, "isEnd": false}, {"problemId": 336521, "description": "H11", "isStart": false, "isEnd": false}, {"problemId": 336521, "description": "K13", "isStart": false, "isEnd": false}, {"problemId": 336521, "description": "F5", "isStart": true, "isEnd": false}, {"problemId": 336521, "description": "D6", "isStart": true, "isEnd": false}, {"problemId": 336521, "description": "H18", "isStart": false, "isEnd": true}, {"problemId": 336521, "description": "K8", "isStart": false, "isEnd": false}, {"problemId": 336521, "description": "H15", "isStart": false, "isEnd": false}], "data.apiId": 336521}