{"data.grade": "6C", "data.userGrade": "6C", "data.method": "Feet follow hands", "data.userRating": 4, "data.repeats": 28, "data.moves": [{"problemId": 309898, "description": "B4", "isStart": true, "isEnd": false}, {"problemId": 309898, "description": "E6", "isStart": false, "isEnd": false}, {"problemId": 309898, "description": "D9", "isStart": false, "isEnd": false}, {"problemId": 309898, "description": "F12", "isStart": false, "isEnd": false}, {"problemId": 309898, "description": "E14", "isStart": false, "isEnd": false}, {"problemId": 309898, "description": "A16", "isStart": false, "isEnd": false}, {"problemId": 309898, "description": "A18", "isStart": false, "isEnd": true}], "data.apiId": 309898}