{"data.grade": "6C", "data.userGrade": null, "data.method": "Feet follow hands", "data.userRating": 3, "data.repeats": 4, "data.moves": [{"problemId": 319014, "description": "H1", "isStart": true, "isEnd": false}, {"problemId": 319014, "description": "J5", "isStart": true, "isEnd": false}, {"problemId": 319014, "description": "G6", "isStart": false, "isEnd": false}, {"problemId": 319014, "description": "G8", "isStart": false, "isEnd": false}, {"problemId": 319014, "description": "C10", "isStart": false, "isEnd": false}, {"problemId": 319014, "description": "E14", "isStart": false, "isEnd": false}, {"problemId": 319014, "description": "A16", "isStart": false, "isEnd": false}, {"problemId": 319014, "description": "F18", "isStart": false, "isEnd": true}], "data.apiId": 319014}