{"data.grade": "6C", "data.userGrade": null, "data.method": "Feet follow hands", "data.userRating": 5, "data.repeats": 1, "data.moves": [{"problemId": 320066, "description": "H18", "isStart": false, "isEnd": true}, {"problemId": 320066, "description": "E15", "isStart": false, "isEnd": false}, {"problemId": 320066, "description": "G15", "isStart": false, "isEnd": false}, {"problemId": 320066, "description": "D11", "isStart": false, "isEnd": false}, {"problemId": 320066, "description": "D5", "isStart": true, "isEnd": false}, {"problemId": 320066, "description": "F1", "isStart": true, "isEnd": false}, {"problemId": 320066, "description": "G8", "isStart": false, "isEnd": false}], "data.apiId": 320066}