{"data.grade": "6C", "data.userGrade": "6C", "data.method": "Feet follow hands", "data.userRating": 4, "data.repeats": 25, "data.moves": [{"problemId": 308211, "description": "K4", "isStart": true, "isEnd": false}, {"problemId": 308211, "description": "H5", "isStart": true, "isEnd": false}, {"problemId": 308211, "description": "I8", "isStart": false, "isEnd": false}, {"problemId": 308211, "description": "F12", "isStart": false, "isEnd": false}, {"problemId": 308211, "description": "F15", "isStart": false, "isEnd": false}, {"problemId": 308211, "description": "E18", "isStart": false, "isEnd": true}], "data.apiId": 308211}