{"data.grade": "6C", "data.userGrade": "6C", "data.method": "Feet follow hands", "data.userRating": 5, "data.repeats": 15, "data.moves": [{"problemId": 402264, "description": "C10", "isStart": false, "isEnd": false}, {"problemId": 402264, "description": "G13", "isStart": false, "isEnd": false}, {"problemId": 402264, "description": "G16", "isStart": false, "isEnd": false}, {"problemId": 402264, "description": "J18", "isStart": false, "isEnd": true}, {"problemId": 402264, "description": "C5", "isStart": true, "isEnd": false}, {"problemId": 402264, "description": "B6", "isStart": true, "isEnd": false}], "data.apiId": 402264}