{"data.grade": "6C", "data.userGrade": null, "data.method": "Feet follow hands", "data.userRating": 0, "data.repeats": 0, "data.moves": [{"problemId": 343524, "description": "J6", "isStart": true, "isEnd": false}, {"problemId": 343524, "description": "K9", "isStart": false, "isEnd": false}, {"problemId": 343524, "description": "G12", "isStart": false, "isEnd": false}, {"problemId": 343524, "description": "I14", "isStart": false, "isEnd": false}, {"problemId": 343524, "description": "F18", "isStart": false, "isEnd": true}, {"problemId": 343524, "description": "J3", "isStart": true, "isEnd": false}], "data.apiId": 343524}