{"data.grade": "6C", "data.userGrade": "6C", "data.method": "Feet follow hands", "data.userRating": 5, "data.repeats": 5, "data.moves": [{"problemId": 450326, "description": "K5", "isStart": true, "isEnd": false}, {"problemId": 450326, "description": "G6", "isStart": true, "isEnd": false}, {"problemId": 450326, "description": "K9", "isStart": false, "isEnd": false}, {"problemId": 450326, "description": "F10", "isStart": false, "isEnd": false}, {"problemId": 450326, "description": "G13", "isStart": false, "isEnd": false}, {"problemId": 450326, "description": "E14", "isStart": false, "isEnd": false}, {"problemId": 450326, "description": "A15", "isStart": false, "isEnd": false}, {"problemId": 450326, "description": "B18", "isStart": false, "isEnd": true}, {"problemId": 450326, "description": "H11", "isStart": false, "isEnd": false}], "data.apiId": 450326}