{"data.grade": "6C", "data.userGrade": "6C", "data.method": "Feet follow hands", "data.userRating": 4, "data.repeats": 91, "data.moves": [{"problemId": 315363, "description": "D3", "isStart": true, "isEnd": false}, {"problemId": 315363, "description": "F3", "isStart": true, "isEnd": false}, {"problemId": 315363, "description": "E8", "isStart": false, "isEnd": false}, {"problemId": 315363, "description": "G10", "isStart": false, "isEnd": false}, {"problemId": 315363, "description": "F12", "isStart": false, "isEnd": false}, {"problemId": 315363, "description": "H14", "isStart": false, "isEnd": false}, {"problemId": 315363, "description": "F18", "isStart": false, "isEnd": true}, {"problemId": 315363, "description": "E16", "isStart": false, "isEnd": false}], "data.apiId": 315363}