{"data.grade": "6C", "data.userGrade": null, "data.method": "Feet follow hands", "data.userRating": 4, "data.repeats": 14, "data.moves": [{"problemId": 394447, "description": "E3", "isStart": true, "isEnd": false}, {"problemId": 394447, "description": "A4", "isStart": true, "isEnd": false}, {"problemId": 394447, "description": "F9", "isStart": false, "isEnd": false}, {"problemId": 394447, "description": "J11", "isStart": false, "isEnd": false}, {"problemId": 394447, "description": "G14", "isStart": false, "isEnd": false}, {"problemId": 394447, "description": "H15", "isStart": false, "isEnd": false}, {"problemId": 394447, "description": "F18", "isStart": false, "isEnd": true}], "data.apiId": 394447}