{"data.grade": "6C", "data.userGrade": null, "data.method": "Feet follow hands", "data.userRating": 4, "data.repeats": 5, "data.moves": [{"problemId": 386601, "description": "G3", "isStart": true, "isEnd": false}, {"problemId": 386601, "description": "F7", "isStart": false, "isEnd": false}, {"problemId": 386601, "description": "I10", "isStart": false, "isEnd": false}, {"problemId": 386601, "description": "G11", "isStart": false, "isEnd": false}, {"problemId": 386601, "description": "G14", "isStart": false, "isEnd": false}, {"problemId": 386601, "description": "C15", "isStart": false, "isEnd": false}, {"problemId": 386601, "description": "F18", "isStart": false, "isEnd": true}, {"problemId": 386601, "description": "D9", "isStart": false, "isEnd": false}, {"problemId": 386601, "description": "D6", "isStart": true, "isEnd": false}], "data.apiId": 386601}