{"data.grade": "6C", "data.userGrade": null, "data.method": "Feet follow hands", "data.userRating": 4, "data.repeats": 1, "data.moves": [{"problemId": 327694, "description": "H5", "isStart": true, "isEnd": false}, {"problemId": 327694, "description": "D4", "isStart": true, "isEnd": false}, {"problemId": 327694, "description": "F9", "isStart": false, "isEnd": false}, {"problemId": 327694, "description": "J11", "isStart": false, "isEnd": false}, {"problemId": 327694, "description": "I15", "isStart": false, "isEnd": false}, {"problemId": 327694, "description": "J18", "isStart": false, "isEnd": true}], "data.apiId": 327694}