{"data.grade": "6C", "data.userGrade": "6C", "data.method": "Feet follow hands", "data.userRating": 4, "data.repeats": 14, "data.moves": [{"problemId": 350701, "description": "F5", "isStart": true, "isEnd": false}, {"problemId": 350701, "description": "A5", "isStart": true, "isEnd": false}, {"problemId": 350701, "description": "F7", "isStart": false, "isEnd": false}, {"problemId": 350701, "description": "H10", "isStart": false, "isEnd": false}, {"problemId": 350701, "description": "H11", "isStart": false, "isEnd": false}, {"problemId": 350701, "description": "J13", "isStart": false, "isEnd": false}, {"problemId": 350701, "description": "G16", "isStart": false, "isEnd": false}, {"problemId": 350701, "description": "F18", "isStart": false, "isEnd": true}], "data.apiId": 350701}