{"data.grade": "6C", "data.userGrade": null, "data.method": "Feet follow hands", "data.userRating": 5, "data.repeats": 2, "data.moves": [{"problemId": 348618, "description": "H4", "isStart": true, "isEnd": false}, {"problemId": 348618, "description": "F4", "isStart": true, "isEnd": false}, {"problemId": 348618, "description": "C7", "isStart": false, "isEnd": false}, {"problemId": 348618, "description": "B9", "isStart": false, "isEnd": false}, {"problemId": 348618, "description": "F11", "isStart": false, "isEnd": false}, {"problemId": 348618, "description": "D11", "isStart": false, "isEnd": false}, {"problemId": 348618, "description": "H14", "isStart": false, "isEnd": false}, {"problemId": 348618, "description": "G16", "isStart": false, "isEnd": false}, {"problemId": 348618, "description": "J18", "isStart": false, "isEnd": true}], "data.apiId": 348618}