{"data.grade": "6C", "data.userGrade": "6C", "data.method": "Feet follow hands", "data.userRating": 5, "data.repeats": 1, "data.moves": [{"problemId": 410878, "description": "G4", "isStart": true, "isEnd": false}, {"problemId": 410878, "description": "J6", "isStart": true, "isEnd": false}, {"problemId": 410878, "description": "H11", "isStart": false, "isEnd": false}, {"problemId": 410878, "description": "K14", "isStart": false, "isEnd": false}, {"problemId": 410878, "description": "G16", "isStart": false, "isEnd": false}, {"problemId": 410878, "description": "J18", "isStart": false, "isEnd": true}], "data.apiId": 410878}