{"data.grade": "6C", "data.userGrade": null, "data.method": "Feet follow hands", "data.userRating": 5, "data.repeats": 3, "data.moves": [{"problemId": 311578, "description": "I5", "isStart": false, "isEnd": false}, {"problemId": 311578, "description": "H9", "isStart": false, "isEnd": false}, {"problemId": 311578, "description": "K2", "isStart": false, "isEnd": false}, {"problemId": 311578, "description": "I10", "isStart": false, "isEnd": false}, {"problemId": 311578, "description": "E12", "isStart": false, "isEnd": false}, {"problemId": 311578, "description": "H18", "isStart": false, "isEnd": true}, {"problemId": 311578, "description": "G2", "isStart": true, "isEnd": false}, {"problemId": 311578, "description": "D5", "isStart": true, "isEnd": false}, {"problemId": 311578, "description": "F13", "isStart": false, "isEnd": false}, {"problemId": 311578, "description": "D16", "isStart": false, "isEnd": false}], "data.apiId": 311578}