{"data.grade": "6C", "data.userGrade": null, "data.method": "Feet follow hands", "data.userRating": 5, "data.repeats": 1, "data.moves": [{"problemId": 309622, "description": "E3", "isStart": true, "isEnd": false}, {"problemId": 309622, "description": "G3", "isStart": true, "isEnd": false}, {"problemId": 309622, "description": "F7", "isStart": false, "isEnd": false}, {"problemId": 309622, "description": "C10", "isStart": false, "isEnd": false}, {"problemId": 309622, "description": "G12", "isStart": false, "isEnd": false}, {"problemId": 309622, "description": "D15", "isStart": false, "isEnd": false}, {"problemId": 309622, "description": "E18", "isStart": false, "isEnd": true}], "data.apiId": 309622}