{"data.grade": "6C", "data.userGrade": null, "data.method": "Feet follow hands", "data.userRating": 0, "data.repeats": 0, "data.moves": [{"problemId": 335705, "description": "I2", "isStart": true, "isEnd": false}, {"problemId": 335705, "description": "G3", "isStart": true, "isEnd": false}, {"problemId": 335705, "description": "K9", "isStart": false, "isEnd": false}, {"problemId": 335705, "description": "H11", "isStart": false, "isEnd": false}, {"problemId": 335705, "description": "G13", "isStart": false, "isEnd": false}, {"problemId": 335705, "description": "F18", "isStart": false, "isEnd": true}], "data.apiId": 335705}