{"data.grade": "6C", "data.userGrade": null, "data.method": "Feet follow hands", "data.userRating": 4, "data.repeats": 19, "data.moves": [{"problemId": 388348, "description": "E4", "isStart": true, "isEnd": false}, {"problemId": 388348, "description": "K5", "isStart": true, "isEnd": false}, {"problemId": 388348, "description": "I8", "isStart": false, "isEnd": false}, {"problemId": 388348, "description": "F10", "isStart": false, "isEnd": false}, {"problemId": 388348, "description": "G13", "isStart": false, "isEnd": false}, {"problemId": 388348, "description": "B10", "isStart": false, "isEnd": false}, {"problemId": 388348, "description": "E14", "isStart": false, "isEnd": false}, {"problemId": 388348, "description": "G16", "isStart": false, "isEnd": false}, {"problemId": 388348, "description": "D18", "isStart": false, "isEnd": true}], "data.apiId": 388348}