{"data.grade": "6C", "data.userGrade": null, "data.method": "Feet follow hands", "data.userRating": 4, "data.repeats": 6, "data.moves": [{"problemId": 343022, "description": "C4", "isStart": true, "isEnd": false}, {"problemId": 343022, "description": "G8", "isStart": false, "isEnd": false}, {"problemId": 343022, "description": "E9", "isStart": false, "isEnd": false}, {"problemId": 343022, "description": "E11", "isStart": false, "isEnd": false}, {"problemId": 343022, "description": "A10", "isStart": false, "isEnd": false}, {"problemId": 343022, "description": "A14", "isStart": false, "isEnd": false}, {"problemId": 343022, "description": "C15", "isStart": false, "isEnd": false}, {"problemId": 343022, "description": "B18", "isStart": false, "isEnd": true}], "data.apiId": 343022}