{"data.grade": "6C", "data.userGrade": "6C", "data.method": "Feet follow hands", "data.userRating": 0, "data.repeats": 0, "data.moves": [{"problemId": 427631, "description": "H2", "isStart": true, "isEnd": false}, {"problemId": 427631, "description": "K5", "isStart": true, "isEnd": false}, {"problemId": 427631, "description": "G8", "isStart": false, "isEnd": false}, {"problemId": 427631, "description": "D9", "isStart": false, "isEnd": false}, {"problemId": 427631, "description": "F12", "isStart": false, "isEnd": false}, {"problemId": 427631, "description": "J13", "isStart": false, "isEnd": false}, {"problemId": 427631, "description": "G16", "isStart": false, "isEnd": false}, {"problemId": 427631, "description": "F18", "isStart": false, "isEnd": true}], "data.apiId": 427631}