{"data.grade": "6C", "data.userGrade": null, "data.method": "Feet follow hands", "data.userRating": 4, "data.repeats": 2, "data.moves": [{"problemId": 413078, "description": "D5", "isStart": true, "isEnd": false}, {"problemId": 413078, "description": "F3", "isStart": true, "isEnd": false}, {"problemId": 413078, "description": "G7", "isStart": false, "isEnd": false}, {"problemId": 413078, "description": "D9", "isStart": false, "isEnd": false}, {"problemId": 413078, "description": "H11", "isStart": false, "isEnd": false}, {"problemId": 413078, "description": "G14", "isStart": false, "isEnd": false}, {"problemId": 413078, "description": "I16", "isStart": false, "isEnd": false}, {"problemId": 413078, "description": "H18", "isStart": false, "isEnd": true}], "data.apiId": 413078}