{"data.grade": "6C", "data.userGrade": null, "data.method": "Feet follow hands", "data.userRating": 0, "data.repeats": 0, "data.moves": [{"problemId": 338039, "description": "H10", "isStart": false, "isEnd": false}, {"problemId": 338039, "description": "D10", "isStart": false, "isEnd": false}, {"problemId": 338039, "description": "K6", "isStart": true, "isEnd": false}, {"problemId": 338039, "description": "C16", "isStart": false, "isEnd": false}, {"problemId": 338039, "description": "H18", "isStart": false, "isEnd": true}], "data.apiId": 338039}