{"data.grade": "6C", "data.userGrade": null, "data.method": "Feet follow hands", "data.userRating": 0, "data.repeats": 0, "data.moves": [{"problemId": 411000, "description": "G6", "isStart": true, "isEnd": false}, {"problemId": 411000, "description": "I5", "isStart": true, "isEnd": false}, {"problemId": 411000, "description": "J11", "isStart": false, "isEnd": false}, {"problemId": 411000, "description": "H15", "isStart": false, "isEnd": false}, {"problemId": 411000, "description": "G18", "isStart": false, "isEnd": true}], "data.apiId": 411000}