{"data.grade": "6C", "data.userGrade": null, "data.method": "Feet follow hands", "data.userRating": 0, "data.repeats": 0, "data.moves": [{"problemId": 361076, "description": "B6", "isStart": false, "isEnd": false}, {"problemId": 361076, "description": "E6", "isStart": false, "isEnd": false}, {"problemId": 361076, "description": "D9", "isStart": false, "isEnd": false}, {"problemId": 361076, "description": "F11", "isStart": false, "isEnd": false}, {"problemId": 361076, "description": "C13", "isStart": false, "isEnd": false}, {"problemId": 361076, "description": "C15", "isStart": false, "isEnd": false}, {"problemId": 361076, "description": "F18", "isStart": false, "isEnd": true}, {"problemId": 361076, "description": "A5", "isStart": true, "isEnd": false}], "data.apiId": 361076}