{"data.grade": "6C", "data.userGrade": "6C", "data.method": "Feet follow hands", "data.userRating": 4, "data.repeats": 281, "data.moves": [{"problemId": 319900, "description": "H6", "isStart": true, "isEnd": false}, {"problemId": 319900, "description": "I2", "isStart": true, "isEnd": false}, {"problemId": 319900, "description": "H8", "isStart": false, "isEnd": false}, {"problemId": 319900, "description": "D9", "isStart": false, "isEnd": false}, {"problemId": 319900, "description": "E11", "isStart": false, "isEnd": false}, {"problemId": 319900, "description": "D2", "isStart": false, "isEnd": false}, {"problemId": 319900, "description": "B13", "isStart": false, "isEnd": false}, {"problemId": 319900, "description": "E16", "isStart": false, "isEnd": false}, {"problemId": 319900, "description": "D18", "isStart": false, "isEnd": true}], "data.apiId": 319900}