{"data.grade": "6C", "data.userGrade": null, "data.method": "Feet follow hands", "data.userRating": 5, "data.repeats": 2, "data.moves": [{"problemId": 343457, "description": "E4", "isStart": true, "isEnd": false}, {"problemId": 343457, "description": "H2", "isStart": true, "isEnd": false}, {"problemId": 343457, "description": "I7", "isStart": false, "isEnd": false}, {"problemId": 343457, "description": "D9", "isStart": false, "isEnd": false}, {"problemId": 343457, "description": "H12", "isStart": false, "isEnd": false}, {"problemId": 343457, "description": "G14", "isStart": false, "isEnd": false}, {"problemId": 343457, "description": "J16", "isStart": false, "isEnd": false}, {"problemId": 343457, "description": "H18", "isStart": false, "isEnd": true}], "data.apiId": 343457}