{"data.grade": "6C", "data.userGrade": "6C", "data.method": "Feet follow hands", "data.userRating": 4, "data.repeats": 2, "data.moves": [{"problemId": 426516, "description": "B2", "isStart": true, "isEnd": false}, {"problemId": 426516, "description": "D2", "isStart": true, "isEnd": false}, {"problemId": 426516, "description": "E6", "isStart": false, "isEnd": false}, {"problemId": 426516, "description": "A8", "isStart": false, "isEnd": false}, {"problemId": 426516, "description": "G10", "isStart": false, "isEnd": false}, {"problemId": 426516, "description": "E12", "isStart": false, "isEnd": false}, {"problemId": 426516, "description": "F13", "isStart": false, "isEnd": false}, {"problemId": 426516, "description": "B15", "isStart": false, "isEnd": false}, {"problemId": 426516, "description": "D18", "isStart": false, "isEnd": true}], "data.apiId": 426516}