{"data.grade": "7A", "data.userGrade": "7A", "data.method": "Feet follow hands", "data.userRating": 4, "data.repeats": 327, "data.moves": [{"problemId": 309860, "description": "H3", "isStart": true, "isEnd": false}, {"problemId": 309860, "description": "F4", "isStart": true, "isEnd": false}, {"problemId": 309860, "description": "D9", "isStart": false, "isEnd": false}, {"problemId": 309860, "description": "I10", "isStart": false, "isEnd": false}, {"problemId": 309860, "description": "H18", "isStart": false, "isEnd": true}, {"problemId": 309860, "description": "F13", "isStart": false, "isEnd": false}, {"problemId": 309860, "description": "D16", "isStart": false, "isEnd": false}], "data.apiId": 309860}