{"data.grade": "7A", "data.userGrade": "7A", "data.method": "Feet follow hands", "data.userRating": 4, "data.repeats": 21, "data.moves": [{"problemId": 344460, "description": "I3", "isStart": true, "isEnd": false}, {"problemId": 344460, "description": "E4", "isStart": true, "isEnd": false}, {"problemId": 344460, "description": "H9", "isStart": false, "isEnd": false}, {"problemId": 344460, "description": "G10", "isStart": false, "isEnd": false}, {"problemId": 344460, "description": "D11", "isStart": false, "isEnd": false}, {"problemId": 344460, "description": "C13", "isStart": false, "isEnd": false}, {"problemId": 344460, "description": "E14", "isStart": false, "isEnd": false}, {"problemId": 344460, "description": "C17", "isStart": false, "isEnd": false}, {"problemId": 344460, "description": "G18", "isStart": false, "isEnd": true}], "data.apiId": 344460}