{"data.grade": "7A", "data.userGrade": null, "data.method": "Feet follow hands", "data.userRating": 5, "data.repeats": 4, "data.moves": [{"problemId": 322751, "description": "D5", "isStart": true, "isEnd": false}, {"problemId": 322751, "description": "H4", "isStart": true, "isEnd": false}, {"problemId": 322751, "description": "F10", "isStart": false, "isEnd": false}, {"problemId": 322751, "description": "A8", "isStart": false, "isEnd": false}, {"problemId": 322751, "description": "C12", "isStart": false, "isEnd": false}, {"problemId": 322751, "description": "F16", "isStart": false, "isEnd": false}, {"problemId": 322751, "description": "F17", "isStart": false, "isEnd": false}, {"problemId": 322751, "description": "J18", "isStart": false, "isEnd": true}], "data.apiId": 322751}