{"data.grade": "7A", "data.userGrade": null, "data.method": "Feet follow hands", "data.userRating": 4, "data.repeats": 9, "data.moves": [{"problemId": 410548, "description": "E6", "isStart": true, "isEnd": false}, {"problemId": 410548, "description": "K6", "isStart": false, "isEnd": false}, {"problemId": 410548, "description": "H4", "isStart": true, "isEnd": false}, {"problemId": 410548, "description": "G10", "isStart": false, "isEnd": false}, {"problemId": 410548, "description": "G13", "isStart": false, "isEnd": false}, {"problemId": 410548, "description": "F18", "isStart": false, "isEnd": true}], "data.apiId": 410548}