{"data.grade": "7A", "data.userGrade": null, "data.method": "Feet follow hands", "data.userRating": 0, "data.repeats": 0, "data.moves": [{"problemId": 333163, "description": "G10", "isStart": false, "isEnd": false}, {"problemId": 333163, "description": "I5", "isStart": true, "isEnd": false}, {"problemId": 333163, "description": "E14", "isStart": false, "isEnd": false}, {"problemId": 333163, "description": "E3", "isStart": true, "isEnd": false}, {"problemId": 333163, "description": "H9", "isStart": false, "isEnd": false}, {"problemId": 333163, "description": "D14", "isStart": false, "isEnd": false}, {"problemId": 333163, "description": "B18", "isStart": false, "isEnd": true}], "data.apiId": 333163}