{"data.grade": "7A", "data.userGrade": null, "data.method": "Feet follow hands", "data.userRating": 0, "data.repeats": 0, "data.moves": [{"problemId": 414903, "description": "E4", "isStart": true, "isEnd": false}, {"problemId": 414903, "description": "G4", "isStart": true, "isEnd": false}, {"problemId": 414903, "description": "C6", "isStart": false, "isEnd": false}, {"problemId": 414903, "description": "D8", "isStart": false, "isEnd": false}, {"problemId": 414903, "description": "C11", "isStart": false, "isEnd": false}, {"problemId": 414903, "description": "D13", "isStart": false, "isEnd": false}, {"problemId": 414903, "description": "F17", "isStart": false, "isEnd": false}, {"problemId": 414903, "description": "E16", "isStart": false, "isEnd": false}, {"problemId": 414903, "description": "F18", "isStart": false, "isEnd": true}, {"problemId": 414903, "description": "A2", "isStart": false, "isEnd": false}], "data.apiId": 414903}