{"data.grade": "7A", "data.userGrade": "7A", "data.method": "Feet follow hands", "data.userRating": 5, "data.repeats": 38, "data.moves": [{"problemId": 316042, "description": "E6", "isStart": true, "isEnd": false}, {"problemId": 316042, "description": "B2", "isStart": true, "isEnd": false}, {"problemId": 316042, "description": "B8", "isStart": false, "isEnd": false}, {"problemId": 316042, "description": "E13", "isStart": false, "isEnd": false}, {"problemId": 316042, "description": "K11", "isStart": false, "isEnd": false}, {"problemId": 316042, "description": "H15", "isStart": false, "isEnd": false}, {"problemId": 316042, "description": "I15", "isStart": false, "isEnd": false}, {"problemId": 316042, "description": "K18", "isStart": false, "isEnd": true}], "data.apiId": 316042}