{"data.grade": "7A", "data.userGrade": null, "data.method": "Feet follow hands", "data.userRating": 4, "data.repeats": 3, "data.moves": [{"problemId": 330821, "description": "B3", "isStart": true, "isEnd": false}, {"problemId": 330821, "description": "D6", "isStart": false, "isEnd": false}, {"problemId": 330821, "description": "H5", "isStart": false, "isEnd": false}, {"problemId": 330821, "description": "E6", "isStart": false, "isEnd": false}, {"problemId": 330821, "description": "G10", "isStart": false, "isEnd": false}, {"problemId": 330821, "description": "H15", "isStart": false, "isEnd": false}, {"problemId": 330821, "description": "G16", "isStart": false, "isEnd": false}, {"problemId": 330821, "description": "H18", "isStart": false, "isEnd": true}, {"problemId": 330821, "description": "A4", "isStart": true, "isEnd": false}, {"problemId": 330821, "description": "D13", "isStart": false, "isEnd": false}, {"problemId": 330821, "description": "F14", "isStart": false, "isEnd": false}, {"problemId": 330821, "description": "I7", "isStart": false, "isEnd": false}, {"problemId": 330821, "description": "E2", "isStart": false, "isEnd": false}], "data.apiId": 330821}