{"data.grade": "7A", "data.userGrade": "7A", "data.method": "Feet follow hands", "data.userRating": 4, "data.repeats": 514, "data.moves": [{"problemId": 316404, "description": "F4", "isStart": true, "isEnd": false}, {"problemId": 316404, "description": "I5", "isStart": true, "isEnd": false}, {"problemId": 316404, "description": "H9", "isStart": false, "isEnd": false}, {"problemId": 316404, "description": "I12", "isStart": false, "isEnd": false}, {"problemId": 316404, "description": "G14", "isStart": false, "isEnd": false}, {"problemId": 316404, "description": "G17", "isStart": false, "isEnd": false}, {"problemId": 316404, "description": "D18", "isStart": false, "isEnd": true}], "data.apiId": 316404}