{"data.grade": "7A", "data.userGrade": null, "data.method": "Feet follow hands", "data.userRating": 0, "data.repeats": 0, "data.moves": [{"problemId": 440544, "description": "D5", "isStart": true, "isEnd": false}, {"problemId": 440544, "description": "H4", "isStart": true, "isEnd": false}, {"problemId": 440544, "description": "F10", "isStart": false, "isEnd": false}, {"problemId": 440544, "description": "F14", "isStart": false, "isEnd": false}, {"problemId": 440544, "description": "I14", "isStart": false, "isEnd": false}, {"problemId": 440544, "description": "H17", "isStart": false, "isEnd": false}, {"problemId": 440544, "description": "K18", "isStart": false, "isEnd": true}], "data.apiId": 440544}