{"data.grade": "7A", "data.userGrade": null, "data.method": "Feet follow hands", "data.userRating": 5, "data.repeats": 2, "data.moves": [{"problemId": 310913, "description": "A5", "isStart": true, "isEnd": false}, {"problemId": 310913, "description": "D5", "isStart": true, "isEnd": false}, {"problemId": 310913, "description": "G10", "isStart": false, "isEnd": false}, {"problemId": 310913, "description": "G11", "isStart": false, "isEnd": false}, {"problemId": 310913, "description": "H13", "isStart": false, "isEnd": false}, {"problemId": 310913, "description": "E15", "isStart": false, "isEnd": false}, {"problemId": 310913, "description": "H18", "isStart": false, "isEnd": true}], "data.apiId": 310913}