{"data.grade": "7A", "data.userGrade": "7A", "data.method": "Feet follow hands", "data.userRating": 4, "data.repeats": 9, "data.moves": [{"problemId": 330379, "description": "G4", "isStart": true, "isEnd": false}, {"problemId": 330379, "description": "J3", "isStart": true, "isEnd": false}, {"problemId": 330379, "description": "H6", "isStart": false, "isEnd": false}, {"problemId": 330379, "description": "J8", "isStart": false, "isEnd": false}, {"problemId": 330379, "description": "F11", "isStart": false, "isEnd": false}, {"problemId": 330379, "description": "I14", "isStart": false, "isEnd": false}, {"problemId": 330379, "description": "F16", "isStart": false, "isEnd": false}, {"problemId": 330379, "description": "F18", "isStart": false, "isEnd": true}], "data.apiId": 330379}