{"data.grade": "7A", "data.userGrade": "7A", "data.method": "Feet follow hands", "data.userRating": 4, "data.repeats": 11, "data.moves": [{"problemId": 327072, "description": "A4", "isStart": true, "isEnd": false}, {"problemId": 327072, "description": "D6", "isStart": false, "isEnd": false}, {"problemId": 327072, "description": "D9", "isStart": false, "isEnd": false}, {"problemId": 327072, "description": "F13", "isStart": false, "isEnd": false}, {"problemId": 327072, "description": "B16", "isStart": false, "isEnd": false}, {"problemId": 327072, "description": "E18", "isStart": false, "isEnd": true}], "data.apiId": 327072}