{"data.grade": "7A", "data.userGrade": "7A", "data.method": "Feet follow hands", "data.userRating": 4, "data.repeats": 14, "data.moves": [{"problemId": 330253, "description": "E6", "isStart": true, "isEnd": false}, {"problemId": 330253, "description": "H4", "isStart": true, "isEnd": false}, {"problemId": 330253, "description": "E8", "isStart": false, "isEnd": false}, {"problemId": 330253, "description": "B10", "isStart": false, "isEnd": false}, {"problemId": 330253, "description": "C3", "isStart": false, "isEnd": false}, {"problemId": 330253, "description": "G16", "isStart": false, "isEnd": false}, {"problemId": 330253, "description": "G13", "isStart": false, "isEnd": false}, {"problemId": 330253, "description": "F11", "isStart": false, "isEnd": false}, {"problemId": 330253, "description": "K18", "isStart": false, "isEnd": true}], "data.apiId": 330253}