{"data.grade": "7A", "data.userGrade": "7A", "data.method": "Feet follow hands", "data.userRating": 4, "data.repeats": 8, "data.moves": [{"problemId": 322044, "description": "J6", "isStart": true, "isEnd": false}, {"problemId": 322044, "description": "H4", "isStart": true, "isEnd": false}, {"problemId": 322044, "description": "G10", "isStart": false, "isEnd": false}, {"problemId": 322044, "description": "D12", "isStart": false, "isEnd": false}, {"problemId": 322044, "description": "H14", "isStart": false, "isEnd": false}, {"problemId": 322044, "description": "G16", "isStart": false, "isEnd": false}, {"problemId": 322044, "description": "K18", "isStart": false, "isEnd": true}], "data.apiId": 322044}