{"data.grade": "7A", "data.userGrade": null, "data.method": "Feet follow hands", "data.userRating": 5, "data.repeats": 1, "data.moves": [{"problemId": 344742, "description": "I8", "isStart": false, "isEnd": false}, {"problemId": 344742, "description": "D5", "isStart": true, "isEnd": false}, {"problemId": 344742, "description": "F12", "isStart": false, "isEnd": false}, {"problemId": 344742, "description": "F15", "isStart": false, "isEnd": false}, {"problemId": 344742, "description": "B18", "isStart": false, "isEnd": true}], "data.apiId": 344742}