{"data.grade": "7A", "data.userGrade": null, "data.method": "Feet follow hands", "data.userRating": 4, "data.repeats": 4, "data.moves": [{"problemId": 318952, "description": "B3", "isStart": true, "isEnd": false}, {"problemId": 318952, "description": "D2", "isStart": true, "isEnd": false}, {"problemId": 318952, "description": "H5", "isStart": false, "isEnd": false}, {"problemId": 318952, "description": "F8", "isStart": false, "isEnd": false}, {"problemId": 318952, "description": "I10", "isStart": false, "isEnd": false}, {"problemId": 318952, "description": "G11", "isStart": false, "isEnd": false}, {"problemId": 318952, "description": "I13", "isStart": false, "isEnd": false}, {"problemId": 318952, "description": "C14", "isStart": false, "isEnd": false}, {"problemId": 318952, "description": "B18", "isStart": false, "isEnd": true}, {"problemId": 318952, "description": "A18", "isStart": false, "isEnd": true}], "data.apiId": 318952}