{"data.grade": "7A", "data.userGrade": "7A", "data.method": "Feet follow hands", "data.userRating": 5, "data.repeats": 8, "data.moves": [{"problemId": 349037, "description": "D5", "isStart": true, "isEnd": false}, {"problemId": 349037, "description": "G10", "isStart": false, "isEnd": false}, {"problemId": 349037, "description": "H11", "isStart": false, "isEnd": false}, {"problemId": 349037, "description": "I16", "isStart": false, "isEnd": false}, {"problemId": 349037, "description": "H17", "isStart": false, "isEnd": false}, {"problemId": 349037, "description": "D18", "isStart": false, "isEnd": true}, {"problemId": 349037, "description": "K13", "isStart": false, "isEnd": false}, {"problemId": 349037, "description": "I5", "isStart": true, "isEnd": false}], "data.apiId": 349037}