{"data.grade": "7A", "data.userGrade": null, "data.method": "Feet follow hands", "data.userRating": 0, "data.repeats": 0, "data.moves": [{"problemId": 354612, "description": "H4", "isStart": true, "isEnd": false}, {"problemId": 354612, "description": "C6", "isStart": true, "isEnd": false}, {"problemId": 354612, "description": "C3", "isStart": false, "isEnd": false}, {"problemId": 354612, "description": "B9", "isStart": false, "isEnd": false}, {"problemId": 354612, "description": "C11", "isStart": false, "isEnd": false}, {"problemId": 354612, "description": "C12", "isStart": false, "isEnd": false}, {"problemId": 354612, "description": "G12", "isStart": false, "isEnd": false}, {"problemId": 354612, "description": "E17", "isStart": false, "isEnd": false}, {"problemId": 354612, "description": "C18", "isStart": false, "isEnd": true}], "data.apiId": 354612}