{"data.grade": "7A", "data.userGrade": null, "data.method": "Feet follow hands", "data.userRating": 4, "data.repeats": 2, "data.moves": [{"problemId": 378430, "description": "F4", "isStart": true, "isEnd": false}, {"problemId": 378430, "description": "J4", "isStart": true, "isEnd": false}, {"problemId": 378430, "description": "G8", "isStart": false, "isEnd": false}, {"problemId": 378430, "description": "B10", "isStart": false, "isEnd": false}, {"problemId": 378430, "description": "E3", "isStart": false, "isEnd": false}, {"problemId": 378430, "description": "E14", "isStart": false, "isEnd": false}, {"problemId": 378430, "description": "C15", "isStart": false, "isEnd": false}, {"problemId": 378430, "description": "H17", "isStart": false, "isEnd": false}, {"problemId": 378430, "description": "H18", "isStart": false, "isEnd": true}], "data.apiId": 378430}