{"data.grade": "7A", "data.userGrade": null, "data.method": "Feet follow hands", "data.userRating": 5, "data.repeats": 1, "data.moves": [{"problemId": 323494, "description": "B6", "isStart": true, "isEnd": false}, {"problemId": 323494, "description": "A4", "isStart": true, "isEnd": false}, {"problemId": 323494, "description": "G8", "isStart": false, "isEnd": false}, {"problemId": 323494, "description": "F11", "isStart": false, "isEnd": false}, {"problemId": 323494, "description": "J13", "isStart": false, "isEnd": false}, {"problemId": 323494, "description": "G16", "isStart": false, "isEnd": false}, {"problemId": 323494, "description": "H17", "isStart": false, "isEnd": false}, {"problemId": 323494, "description": "D18", "isStart": false, "isEnd": true}], "data.apiId": 323494}