{"data.grade": "7A", "data.userGrade": null, "data.method": "Feet follow hands", "data.userRating": 4, "data.repeats": 3, "data.moves": [{"problemId": 367249, "description": "F5", "isStart": true, "isEnd": false}, {"problemId": 367249, "description": "H7", "isStart": false, "isEnd": false}, {"problemId": 367249, "description": "E9", "isStart": false, "isEnd": false}, {"problemId": 367249, "description": "G12", "isStart": false, "isEnd": false}, {"problemId": 367249, "description": "D13", "isStart": false, "isEnd": false}, {"problemId": 367249, "description": "H15", "isStart": false, "isEnd": false}, {"problemId": 367249, "description": "F18", "isStart": false, "isEnd": true}], "data.apiId": 367249}