{"data.grade": "7A", "data.userGrade": null, "data.method": "Feet follow hands", "data.userRating": 4, "data.repeats": 11, "data.moves": [{"problemId": 324790, "description": "E3", "isStart": true, "isEnd": false}, {"problemId": 324790, "description": "F7", "isStart": false, "isEnd": false}, {"problemId": 324790, "description": "I10", "isStart": false, "isEnd": false}, {"problemId": 324790, "description": "B7", "isStart": false, "isEnd": false}, {"problemId": 324790, "description": "E14", "isStart": false, "isEnd": false}, {"problemId": 324790, "description": "C17", "isStart": false, "isEnd": false}, {"problemId": 324790, "description": "D12", "isStart": false, "isEnd": false}, {"problemId": 324790, "description": "I2", "isStart": true, "isEnd": false}, {"problemId": 324790, "description": "F18", "isStart": false, "isEnd": true}], "data.apiId": 324790}