{"data.grade": "7A", "data.userGrade": "7A", "data.method": "Feet follow hands", "data.userRating": 4, "data.repeats": 71, "data.moves": [{"problemId": 310289, "description": "I4", "isStart": true, "isEnd": false}, {"problemId": 310289, "description": "D3", "isStart": true, "isEnd": false}, {"problemId": 310289, "description": "E6", "isStart": false, "isEnd": false}, {"problemId": 310289, "description": "F7", "isStart": false, "isEnd": false}, {"problemId": 310289, "description": "B8", "isStart": false, "isEnd": false}, {"problemId": 310289, "description": "C10", "isStart": false, "isEnd": false}, {"problemId": 310289, "description": "A11", "isStart": false, "isEnd": false}, {"problemId": 310289, "description": "F13", "isStart": false, "isEnd": false}, {"problemId": 310289, "description": "E14", "isStart": false, "isEnd": false}, {"problemId": 310289, "description": "I16", "isStart": false, "isEnd": false}, {"problemId": 310289, "description": "F18", "isStart": false, "isEnd": true}], "data.apiId": 310289}