{"data.grade": "7A", "data.userGrade": null, "data.method": "Feet follow hands", "data.userRating": 0, "data.repeats": 0, "data.moves": [{"problemId": 320329, "description": "E4", "isStart": true, "isEnd": false}, {"problemId": 320329, "description": "I4", "isStart": true, "isEnd": false}, {"problemId": 320329, "description": "E11", "isStart": false, "isEnd": false}, {"problemId": 320329, "description": "J8", "isStart": false, "isEnd": false}, {"problemId": 320329, "description": "I14", "isStart": false, "isEnd": false}, {"problemId": 320329, "description": "G8", "isStart": false, "isEnd": false}, {"problemId": 320329, "description": "F16", "isStart": false, "isEnd": false}, {"problemId": 320329, "description": "D18", "isStart": false, "isEnd": true}], "data.apiId": 320329}