{"data.grade": "7A", "data.userGrade": null, "data.method": "Footless + kickboard", "data.userRating": 0, "data.repeats": 0, "data.moves": [{"problemId": 456446, "description": "I5", "isStart": true, "isEnd": false}, {"problemId": 456446, "description": "G6", "isStart": true, "isEnd": false}, {"problemId": 456446, "description": "D9", "isStart": false, "isEnd": false}, {"problemId": 456446, "description": "F12", "isStart": false, "isEnd": false}, {"problemId": 456446, "description": "B14", "isStart": false, "isEnd": false}, {"problemId": 456446, "description": "C16", "isStart": false, "isEnd": false}, {"problemId": 456446, "description": "H18", "isStart": false, "isEnd": true}], "data.apiId": 456446}