{"data.grade": "7A", "data.userGrade": "7A", "data.method": "Feet follow hands", "data.userRating": 4, "data.repeats": 918, "data.moves": [{"problemId": 312774, "description": "K5", "isStart": true, "isEnd": false}, {"problemId": 312774, "description": "G1", "isStart": true, "isEnd": false}, {"problemId": 312774, "description": "F6", "isStart": false, "isEnd": false}, {"problemId": 312774, "description": "G10", "isStart": false, "isEnd": false}, {"problemId": 312774, "description": "D12", "isStart": false, "isEnd": false}, {"problemId": 312774, "description": "C13", "isStart": false, "isEnd": false}, {"problemId": 312774, "description": "C16", "isStart": false, "isEnd": false}, {"problemId": 312774, "description": "A18", "isStart": false, "isEnd": true}], "data.apiId": 312774}