{"data.grade": "7A", "data.userGrade": "7A", "data.method": "Feet follow hands", "data.userRating": 5, "data.repeats": 8, "data.moves": [{"problemId": 402015, "description": "F5", "isStart": true, "isEnd": false}, {"problemId": 402015, "description": "E11", "isStart": false, "isEnd": false}, {"problemId": 402015, "description": "F13", "isStart": false, "isEnd": false}, {"problemId": 402015, "description": "H15", "isStart": false, "isEnd": false}, {"problemId": 402015, "description": "D18", "isStart": false, "isEnd": true}], "data.apiId": 402015}