{"data.grade": "7A", "data.userGrade": null, "data.method": "Feet follow hands", "data.userRating": 5, "data.repeats": 2, "data.moves": [{"problemId": 311593, "description": "I3", "isStart": true, "isEnd": false}, {"problemId": 311593, "description": "G4", "isStart": true, "isEnd": false}, {"problemId": 311593, "description": "G6", "isStart": false, "isEnd": false}, {"problemId": 311593, "description": "I9", "isStart": false, "isEnd": false}, {"problemId": 311593, "description": "E9", "isStart": false, "isEnd": false}, {"problemId": 311593, "description": "E12", "isStart": false, "isEnd": false}, {"problemId": 311593, "description": "F14", "isStart": false, "isEnd": false}, {"problemId": 311593, "description": "D16", "isStart": false, "isEnd": false}, {"problemId": 311593, "description": "G18", "isStart": false, "isEnd": true}], "data.apiId": 311593}