{"data.grade": "7A", "data.userGrade": null, "data.method": "Feet follow hands", "data.userRating": 5, "data.repeats": 2, "data.moves": [{"problemId": 309025, "description": "G5", "isStart": true, "isEnd": false}, {"problemId": 309025, "description": "E5", "isStart": true, "isEnd": false}, {"problemId": 309025, "description": "D7", "isStart": false, "isEnd": false}, {"problemId": 309025, "description": "G9", "isStart": false, "isEnd": false}, {"problemId": 309025, "description": "E12", "isStart": false, "isEnd": false}, {"problemId": 309025, "description": "D13", "isStart": false, "isEnd": false}, {"problemId": 309025, "description": "B15", "isStart": false, "isEnd": false}, {"problemId": 309025, "description": "C18", "isStart": false, "isEnd": true}], "data.apiId": 309025}