{"data.grade": "7A", "data.userGrade": "7A", "data.method": "Feet follow hands", "data.userRating": 4, "data.repeats": 33, "data.moves": [{"problemId": 309488, "description": "E4", "isStart": true, "isEnd": false}, {"problemId": 309488, "description": "H3", "isStart": true, "isEnd": false}, {"problemId": 309488, "description": "H9", "isStart": false, "isEnd": false}, {"problemId": 309488, "description": "G11", "isStart": false, "isEnd": false}, {"problemId": 309488, "description": "H14", "isStart": false, "isEnd": false}, {"problemId": 309488, "description": "G16", "isStart": false, "isEnd": false}, {"problemId": 309488, "description": "J18", "isStart": false, "isEnd": true}], "data.apiId": 309488}