{"data.grade": "7A", "data.userGrade": null, "data.method": "Feet follow hands", "data.userRating": 0, "data.repeats": 0, "data.moves": [{"problemId": 316233, "description": "I3", "isStart": true, "isEnd": false}, {"problemId": 316233, "description": "J8", "isStart": false, "isEnd": false}, {"problemId": 316233, "description": "I10", "isStart": false, "isEnd": false}, {"problemId": 316233, "description": "E11", "isStart": false, "isEnd": false}, {"problemId": 316233, "description": "D7", "isStart": false, "isEnd": false}, {"problemId": 316233, "description": "H15", "isStart": false, "isEnd": false}, {"problemId": 316233, "description": "H18", "isStart": false, "isEnd": true}], "data.apiId": 316233}