{"data.grade": "7A", "data.userGrade": null, "data.method": "Feet follow hands", "data.userRating": 0, "data.repeats": 0, "data.moves": [{"problemId": 347098, "description": "D4", "isStart": true, "isEnd": false}, {"problemId": 347098, "description": "H4", "isStart": false, "isEnd": false}, {"problemId": 347098, "description": "G6", "isStart": false, "isEnd": false}, {"problemId": 347098, "description": "I10", "isStart": false, "isEnd": false}, {"problemId": 347098, "description": "G9", "isStart": false, "isEnd": false}, {"problemId": 347098, "description": "D12", "isStart": false, "isEnd": false}, {"problemId": 347098, "description": "D15", "isStart": false, "isEnd": false}, {"problemId": 347098, "description": "A18", "isStart": false, "isEnd": true}], "data.apiId": 347098}