{"data.grade": "7A", "data.userGrade": null, "data.method": "Feet follow hands", "data.userRating": 0, "data.repeats": 0, "data.moves": [{"problemId": 338939, "description": "A5", "isStart": true, "isEnd": false}, {"problemId": 338939, "description": "F3", "isStart": true, "isEnd": false}, {"problemId": 338939, "description": "C7", "isStart": false, "isEnd": false}, {"problemId": 338939, "description": "G9", "isStart": false, "isEnd": false}, {"problemId": 338939, "description": "H13", "isStart": false, "isEnd": false}, {"problemId": 338939, "description": "C15", "isStart": false, "isEnd": false}, {"problemId": 338939, "description": "G15", "isStart": false, "isEnd": false}, {"problemId": 338939, "description": "D18", "isStart": false, "isEnd": true}, {"problemId": 338939, "description": "F11", "isStart": false, "isEnd": false}], "data.apiId": 338939}