{"data.grade": "7A", "data.userGrade": "7A", "data.method": "Feet follow hands", "data.userRating": 4, "data.repeats": 48, "data.moves": [{"problemId": 316311, "description": "H2", "isStart": true, "isEnd": false}, {"problemId": 316311, "description": "H6", "isStart": true, "isEnd": false}, {"problemId": 316311, "description": "H9", "isStart": false, "isEnd": false}, {"problemId": 316311, "description": "D11", "isStart": false, "isEnd": false}, {"problemId": 316311, "description": "E14", "isStart": false, "isEnd": false}, {"problemId": 316311, "description": "D18", "isStart": false, "isEnd": true}], "data.apiId": 316311}