{"data.grade": "7A", "data.userGrade": "7A", "data.method": "Feet follow hands", "data.userRating": 5, "data.repeats": 7, "data.moves": [{"problemId": 341791, "description": "D5", "isStart": false, "isEnd": false}, {"problemId": 341791, "description": "G4", "isStart": true, "isEnd": false}, {"problemId": 341791, "description": "C7", "isStart": false, "isEnd": false}, {"problemId": 341791, "description": "A9", "isStart": false, "isEnd": false}, {"problemId": 341791, "description": "F11", "isStart": false, "isEnd": false}, {"problemId": 341791, "description": "E14", "isStart": false, "isEnd": false}, {"problemId": 341791, "description": "H15", "isStart": false, "isEnd": false}, {"problemId": 341791, "description": "F16", "isStart": false, "isEnd": false}, {"problemId": 341791, "description": "J18", "isStart": false, "isEnd": true}], "data.apiId": 341791}