{"data.grade": "7A", "data.userGrade": null, "data.method": "Feet follow hands + screw ons", "data.userRating": 5, "data.repeats": 3, "data.moves": [{"problemId": 316548, "description": "I3", "isStart": true, "isEnd": false}, {"problemId": 316548, "description": "J6", "isStart": true, "isEnd": false}, {"problemId": 316548, "description": "H10", "isStart": false, "isEnd": false}, {"problemId": 316548, "description": "C13", "isStart": false, "isEnd": false}, {"problemId": 316548, "description": "D17", "isStart": false, "isEnd": false}, {"problemId": 316548, "description": "H18", "isStart": false, "isEnd": true}], "data.apiId": 316548}