{"data.grade": "7A", "data.userGrade": null, "data.method": "Feet follow hands", "data.userRating": 4, "data.repeats": 8, "data.moves": [{"problemId": 348848, "description": "D12", "isStart": false, "isEnd": false}, {"problemId": 348848, "description": "D15", "isStart": false, "isEnd": false}, {"problemId": 348848, "description": "F18", "isStart": false, "isEnd": true}, {"problemId": 348848, "description": "G10", "isStart": false, "isEnd": false}, {"problemId": 348848, "description": "F5", "isStart": true, "isEnd": false}], "data.apiId": 348848}