{"data.grade": "7A", "data.userGrade": "7A", "data.method": "Feet follow hands", "data.userRating": 5, "data.repeats": 12, "data.moves": [{"problemId": 391262, "description": "B8", "isStart": false, "isEnd": false}, {"problemId": 391262, "description": "A6", "isStart": true, "isEnd": false}, {"problemId": 391262, "description": "F10", "isStart": false, "isEnd": false}, {"problemId": 391262, "description": "F13", "isStart": false, "isEnd": false}, {"problemId": 391262, "description": "H15", "isStart": false, "isEnd": false}, {"problemId": 391262, "description": "H17", "isStart": false, "isEnd": false}, {"problemId": 391262, "description": "J18", "isStart": false, "isEnd": true}, {"problemId": 391262, "description": "J5", "isStart": false, "isEnd": false}], "data.apiId": 391262}