{"data.grade": "7A", "data.userGrade": null, "data.method": "Feet follow hands + screw ons", "data.userRating": 0, "data.repeats": 0, "data.moves": [{"problemId": 448990, "description": "G6", "isStart": true, "isEnd": false}, {"problemId": 448990, "description": "K3", "isStart": true, "isEnd": false}, {"problemId": 448990, "description": "I9", "isStart": false, "isEnd": false}, {"problemId": 448990, "description": "D11", "isStart": false, "isEnd": false}, {"problemId": 448990, "description": "C10", "isStart": false, "isEnd": false}, {"problemId": 448990, "description": "A10", "isStart": false, "isEnd": false}, {"problemId": 448990, "description": "C5", "isStart": false, "isEnd": false}, {"problemId": 448990, "description": "B15", "isStart": false, "isEnd": false}, {"problemId": 448990, "description": "C18", "isStart": false, "isEnd": true}], "data.apiId": 448990}