{"data.grade": "7A", "data.userGrade": "7A", "data.method": "Feet follow hands", "data.userRating": 4, "data.repeats": 9, "data.moves": [{"problemId": 310168, "description": "G2", "isStart": true, "isEnd": false}, {"problemId": 310168, "description": "E3", "isStart": true, "isEnd": false}, {"problemId": 310168, "description": "E7", "isStart": false, "isEnd": false}, {"problemId": 310168, "description": "B11", "isStart": false, "isEnd": false}, {"problemId": 310168, "description": "E13", "isStart": false, "isEnd": false}, {"problemId": 310168, "description": "E16", "isStart": false, "isEnd": false}, {"problemId": 310168, "description": "J18", "isStart": false, "isEnd": true}, {"problemId": 310168, "description": "I9", "isStart": false, "isEnd": false}], "data.apiId": 310168}