{"data.grade": "7A", "data.userGrade": null, "data.method": "Feet follow hands", "data.userRating": 5, "data.repeats": 1, "data.moves": [{"problemId": 406862, "description": "J4", "isStart": true, "isEnd": false}, {"problemId": 406862, "description": "E8", "isStart": false, "isEnd": false}, {"problemId": 406862, "description": "E9", "isStart": false, "isEnd": false}, {"problemId": 406862, "description": "J11", "isStart": false, "isEnd": false}, {"problemId": 406862, "description": "H15", "isStart": false, "isEnd": false}, {"problemId": 406862, "description": "G15", "isStart": false, "isEnd": false}, {"problemId": 406862, "description": "D18", "isStart": false, "isEnd": true}, {"problemId": 406862, "description": "E3", "isStart": true, "isEnd": false}], "data.apiId": 406862}