{"data.grade": "7A", "data.userGrade": null, "data.method": "Feet follow hands", "data.userRating": 4, "data.repeats": 6, "data.moves": [{"problemId": 326252, "description": "F5", "isStart": true, "isEnd": false}, {"problemId": 326252, "description": "G8", "isStart": false, "isEnd": false}, {"problemId": 326252, "description": "C10", "isStart": false, "isEnd": false}, {"problemId": 326252, "description": "D13", "isStart": false, "isEnd": false}, {"problemId": 326252, "description": "A15", "isStart": false, "isEnd": false}, {"problemId": 326252, "description": "B18", "isStart": false, "isEnd": true}], "data.apiId": 326252}