{"data.grade": "7A", "data.userGrade": "7A", "data.method": "Feet follow hands", "data.userRating": 4, "data.repeats": 2, "data.moves": [{"problemId": 422246, "description": "G4", "isStart": true, "isEnd": false}, {"problemId": 422246, "description": "I5", "isStart": true, "isEnd": false}, {"problemId": 422246, "description": "H9", "isStart": false, "isEnd": false}, {"problemId": 422246, "description": "K11", "isStart": false, "isEnd": false}, {"problemId": 422246, "description": "G13", "isStart": false, "isEnd": false}, {"problemId": 422246, "description": "H17", "isStart": false, "isEnd": false}, {"problemId": 422246, "description": "D18", "isStart": false, "isEnd": false}, {"problemId": 422246, "description": "C17", "isStart": false, "isEnd": false}, {"problemId": 422246, "description": "A18", "isStart": false, "isEnd": true}], "data.apiId": 422246}