{"data.grade": "7A", "data.userGrade": null, "data.method": "Feet follow hands", "data.userRating": 0, "data.repeats": 0, "data.moves": [{"problemId": 362228, "description": "B6", "isStart": true, "isEnd": false}, {"problemId": 362228, "description": "A6", "isStart": true, "isEnd": false}, {"problemId": 362228, "description": "D11", "isStart": false, "isEnd": false}, {"problemId": 362228, "description": "J11", "isStart": false, "isEnd": false}, {"problemId": 362228, "description": "K15", "isStart": false, "isEnd": false}, {"problemId": 362228, "description": "K18", "isStart": false, "isEnd": true}, {"problemId": 362228, "description": "C11", "isStart": false, "isEnd": false}, {"problemId": 362228, "description": "H12", "isStart": false, "isEnd": false}], "data.apiId": 362228}