{"data.grade": "7A", "data.userGrade": null, "data.method": "Feet follow hands", "data.userRating": 5, "data.repeats": 1, "data.moves": [{"problemId": 328236, "description": "J1", "isStart": true, "isEnd": false}, {"problemId": 328236, "description": "H6", "isStart": true, "isEnd": false}, {"problemId": 328236, "description": "I9", "isStart": false, "isEnd": false}, {"problemId": 328236, "description": "D11", "isStart": false, "isEnd": false}, {"problemId": 328236, "description": "I14", "isStart": false, "isEnd": false}, {"problemId": 328236, "description": "F18", "isStart": false, "isEnd": true}], "data.apiId": 328236}