{"data.grade": "7A", "data.userGrade": null, "data.method": "Feet follow hands", "data.userRating": 4, "data.repeats": 1, "data.moves": [{"problemId": 346553, "description": "C5", "isStart": true, "isEnd": false}, {"problemId": 346553, "description": "B6", "isStart": true, "isEnd": false}, {"problemId": 346553, "description": "D1", "isStart": false, "isEnd": false}, {"problemId": 346553, "description": "I3", "isStart": false, "isEnd": false}, {"problemId": 346553, "description": "G7", "isStart": false, "isEnd": false}, {"problemId": 346553, "description": "D9", "isStart": false, "isEnd": false}, {"problemId": 346553, "description": "H12", "isStart": false, "isEnd": false}, {"problemId": 346553, "description": "E14", "isStart": false, "isEnd": false}, {"problemId": 346553, "description": "G16", "isStart": false, "isEnd": false}, {"problemId": 346553, "description": "D18", "isStart": false, "isEnd": true}], "data.apiId": 346553}