{"data.grade": "7A", "data.userGrade": "7A", "data.method": "Feet follow hands", "data.userRating": 5, "data.repeats": 3, "data.moves": [{"problemId": 332630, "description": "B9", "isStart": false, "isEnd": false}, {"problemId": 332630, "description": "A5", "isStart": true, "isEnd": false}, {"problemId": 332630, "description": "C10", "isStart": false, "isEnd": false}, {"problemId": 332630, "description": "I10", "isStart": false, "isEnd": false}, {"problemId": 332630, "description": "H9", "isStart": false, "isEnd": false}, {"problemId": 332630, "description": "J11", "isStart": false, "isEnd": false}, {"problemId": 332630, "description": "C2", "isStart": false, "isEnd": false}, {"problemId": 332630, "description": "H15", "isStart": false, "isEnd": false}, {"problemId": 332630, "description": "H17", "isStart": false, "isEnd": false}, {"problemId": 332630, "description": "G18", "isStart": false, "isEnd": true}, {"problemId": 332630, "description": "F4", "isStart": false, "isEnd": false}], "data.apiId": 332630}