{"data.grade": "7A", "data.userGrade": "7A", "data.method": "Feet follow hands", "data.userRating": 5, "data.repeats": 2, "data.moves": [{"problemId": 452862, "description": "I3", "isStart": true, "isEnd": false}, {"problemId": 452862, "description": "D5", "isStart": true, "isEnd": false}, {"problemId": 452862, "description": "H8", "isStart": false, "isEnd": false}, {"problemId": 452862, "description": "H12", "isStart": false, "isEnd": false}, {"problemId": 452862, "description": "K13", "isStart": false, "isEnd": false}, {"problemId": 452862, "description": "H17", "isStart": false, "isEnd": false}, {"problemId": 452862, "description": "G18", "isStart": false, "isEnd": true}], "data.apiId": 452862}