{"data.grade": "7A", "data.userGrade": null, "data.method": "Feet follow hands", "data.userRating": 5, "data.repeats": 1, "data.moves": [{"problemId": 315920, "description": "C4", "isStart": true, "isEnd": false}, {"problemId": 315920, "description": "A8", "isStart": false, "isEnd": false}, {"problemId": 315920, "description": "F10", "isStart": false, "isEnd": false}, {"problemId": 315920, "description": "E12", "isStart": false, "isEnd": false}, {"problemId": 315920, "description": "H13", "isStart": false, "isEnd": false}, {"problemId": 315920, "description": "F16", "isStart": false, "isEnd": false}, {"problemId": 315920, "description": "J18", "isStart": false, "isEnd": true}], "data.apiId": 315920}