{"data.grade": "7A", "data.userGrade": "7A", "data.method": "Feet follow hands", "data.userRating": 4, "data.repeats": 1, "data.moves": [{"problemId": 440897, "description": "K1", "isStart": true, "isEnd": false}, {"problemId": 440897, "description": "G6", "isStart": true, "isEnd": false}, {"problemId": 440897, "description": "K10", "isStart": false, "isEnd": false}, {"problemId": 440897, "description": "E13", "isStart": false, "isEnd": false}, {"problemId": 440897, "description": "B18", "isStart": false, "isEnd": true}], "data.apiId": 440897}