{"data.grade": "7A", "data.userGrade": null, "data.method": "Feet follow hands", "data.userRating": 5, "data.repeats": 2, "data.moves": [{"problemId": 334997, "description": "F2", "isStart": true, "isEnd": false}, {"problemId": 334997, "description": "J4", "isStart": true, "isEnd": false}, {"problemId": 334997, "description": "H8", "isStart": false, "isEnd": false}, {"problemId": 334997, "description": "G11", "isStart": false, "isEnd": false}, {"problemId": 334997, "description": "I14", "isStart": false, "isEnd": false}, {"problemId": 334997, "description": "C15", "isStart": false, "isEnd": false}, {"problemId": 334997, "description": "F17", "isStart": false, "isEnd": false}, {"problemId": 334997, "description": "B18", "isStart": false, "isEnd": true}], "data.apiId": 334997}