{"data.grade": "7A", "data.userGrade": null, "data.method": "Feet follow hands", "data.userRating": 4, "data.repeats": 1, "data.moves": [{"problemId": 318397, "description": "F4", "isStart": true, "isEnd": false}, {"problemId": 318397, "description": "D6", "isStart": false, "isEnd": false}, {"problemId": 318397, "description": "F9", "isStart": false, "isEnd": false}, {"problemId": 318397, "description": "J11", "isStart": false, "isEnd": false}, {"problemId": 318397, "description": "F14", "isStart": false, "isEnd": false}, {"problemId": 318397, "description": "H14", "isStart": false, "isEnd": false}, {"problemId": 318397, "description": "C12", "isStart": false, "isEnd": false}, {"problemId": 318397, "description": "D18", "isStart": false, "isEnd": true}, {"problemId": 318397, "description": "A8", "isStart": false, "isEnd": false}, {"problemId": 318397, "description": "K5", "isStart": false, "isEnd": false}], "data.apiId": 318397}