{"data.grade": "7A", "data.userGrade": null, "data.method": "Feet follow hands", "data.userRating": 0, "data.repeats": 0, "data.moves": [{"problemId": 314363, "description": "I14", "isStart": false, "isEnd": false}, {"problemId": 314363, "description": "H6", "isStart": true, "isEnd": false}, {"problemId": 314363, "description": "K5", "isStart": true, "isEnd": false}, {"problemId": 314363, "description": "I10", "isStart": false, "isEnd": false}, {"problemId": 314363, "description": "H17", "isStart": false, "isEnd": false}, {"problemId": 314363, "description": "G18", "isStart": false, "isEnd": true}, {"problemId": 314363, "description": "H11", "isStart": false, "isEnd": false}], "data.apiId": 314363}