{"data.grade": "7A", "data.userGrade": "7A", "data.method": "Footless + kickboard", "data.userRating": 4, "data.repeats": 3, "data.moves": [{"problemId": 456696, "description": "J4", "isStart": true, "isEnd": false}, {"problemId": 456696, "description": "G6", "isStart": true, "isEnd": false}, {"problemId": 456696, "description": "F3", "isStart": false, "isEnd": false}, {"problemId": 456696, "description": "G9", "isStart": false, "isEnd": false}, {"problemId": 456696, "description": "F12", "isStart": false, "isEnd": false}, {"problemId": 456696, "description": "G15", "isStart": false, "isEnd": false}, {"problemId": 456696, "description": "D18", "isStart": false, "isEnd": true}], "data.apiId": 456696}