{"data.grade": "7A", "data.userGrade": null, "data.method": "Feet follow hands", "data.userRating": 5, "data.repeats": 4, "data.moves": [{"problemId": 317580, "description": "F5", "isStart": true, "isEnd": false}, {"problemId": 317580, "description": "B10", "isStart": false, "isEnd": false}, {"problemId": 317580, "description": "D12", "isStart": false, "isEnd": false}, {"problemId": 317580, "description": "E14", "isStart": false, "isEnd": false}, {"problemId": 317580, "description": "C17", "isStart": false, "isEnd": false}, {"problemId": 317580, "description": "H18", "isStart": false, "isEnd": true}], "data.apiId": 317580}