{"data.grade": "7A", "data.userGrade": null, "data.method": "Feet follow hands", "data.userRating": 3, "data.repeats": 2, "data.moves": [{"problemId": 346973, "description": "D5", "isStart": true, "isEnd": false}, {"problemId": 346973, "description": "G10", "isStart": false, "isEnd": false}, {"problemId": 346973, "description": "H11", "isStart": false, "isEnd": false}, {"problemId": 346973, "description": "J13", "isStart": false, "isEnd": false}, {"problemId": 346973, "description": "F3", "isStart": true, "isEnd": false}, {"problemId": 346973, "description": "K7", "isStart": false, "isEnd": false}, {"problemId": 346973, "description": "G16", "isStart": false, "isEnd": false}, {"problemId": 346973, "description": "H18", "isStart": false, "isEnd": true}], "data.apiId": 346973}