{"data.grade": "7A", "data.userGrade": "7A", "data.method": "Feet follow hands", "data.userRating": 5, "data.repeats": 3, "data.moves": [{"problemId": 397110, "description": "E6", "isStart": true, "isEnd": false}, {"problemId": 397110, "description": "E3", "isStart": true, "isEnd": false}, {"problemId": 397110, "description": "G9", "isStart": false, "isEnd": false}, {"problemId": 397110, "description": "E9", "isStart": false, "isEnd": false}, {"problemId": 397110, "description": "D12", "isStart": false, "isEnd": false}, {"problemId": 397110, "description": "F13", "isStart": false, "isEnd": false}, {"problemId": 397110, "description": "E15", "isStart": false, "isEnd": false}, {"problemId": 397110, "description": "E18", "isStart": false, "isEnd": true}], "data.apiId": 397110}