{"data.grade": "7A", "data.userGrade": null, "data.method": "Feet follow hands", "data.userRating": 5, "data.repeats": 1, "data.moves": [{"problemId": 363554, "description": "F5", "isStart": true, "isEnd": false}, {"problemId": 363554, "description": "J7", "isStart": false, "isEnd": false}, {"problemId": 363554, "description": "C8", "isStart": false, "isEnd": false}, {"problemId": 363554, "description": "H11", "isStart": false, "isEnd": false}, {"problemId": 363554, "description": "G11", "isStart": false, "isEnd": false}, {"problemId": 363554, "description": "C12", "isStart": false, "isEnd": false}, {"problemId": 363554, "description": "F14", "isStart": false, "isEnd": false}, {"problemId": 363554, "description": "B16", "isStart": false, "isEnd": false}, {"problemId": 363554, "description": "E18", "isStart": false, "isEnd": true}], "data.apiId": 363554}