{"data.grade": "7A", "data.userGrade": null, "data.method": "Feet follow hands", "data.userRating": 5, "data.repeats": 1, "data.moves": [{"problemId": 327342, "description": "K4", "isStart": true, "isEnd": false}, {"problemId": 327342, "description": "I1", "isStart": true, "isEnd": false}, {"problemId": 327342, "description": "G6", "isStart": false, "isEnd": false}, {"problemId": 327342, "description": "H9", "isStart": false, "isEnd": false}, {"problemId": 327342, "description": "D11", "isStart": false, "isEnd": false}, {"problemId": 327342, "description": "D15", "isStart": false, "isEnd": false}, {"problemId": 327342, "description": "D16", "isStart": false, "isEnd": false}, {"problemId": 327342, "description": "A6", "isStart": false, "isEnd": false}, {"problemId": 327342, "description": "H18", "isStart": false, "isEnd": true}], "data.apiId": 327342}