{"data.grade": "7A", "data.userGrade": "7A", "data.method": "Feet follow hands", "data.userRating": 4, "data.repeats": 19, "data.moves": [{"problemId": 391384, "description": "H1", "isStart": true, "isEnd": false}, {"problemId": 391384, "description": "J6", "isStart": true, "isEnd": false}, {"problemId": 391384, "description": "G8", "isStart": false, "isEnd": false}, {"problemId": 391384, "description": "G10", "isStart": false, "isEnd": false}, {"problemId": 391384, "description": "B9", "isStart": false, "isEnd": false}, {"problemId": 391384, "description": "B13", "isStart": false, "isEnd": false}, {"problemId": 391384, "description": "E14", "isStart": false, "isEnd": false}, {"problemId": 391384, "description": "C17", "isStart": false, "isEnd": false}, {"problemId": 391384, "description": "F18", "isStart": false, "isEnd": true}], "data.apiId": 391384}