{"data.grade": "7A", "data.userGrade": "7A", "data.method": "Feet follow hands", "data.userRating": 4, "data.repeats": 21, "data.moves": [{"problemId": 351430, "description": "D5", "isStart": true, "isEnd": false}, {"problemId": 351430, "description": "F6", "isStart": true, "isEnd": false}, {"problemId": 351430, "description": "I8", "isStart": false, "isEnd": false}, {"problemId": 351430, "description": "F12", "isStart": false, "isEnd": false}, {"problemId": 351430, "description": "C8", "isStart": false, "isEnd": false}, {"problemId": 351430, "description": "G18", "isStart": false, "isEnd": true}, {"problemId": 351430, "description": "C14", "isStart": false, "isEnd": false}, {"problemId": 351430, "description": "G17", "isStart": false, "isEnd": false}, {"problemId": 351430, "description": "I18", "isStart": false, "isEnd": true}], "data.apiId": 351430}