{"data.grade": "7A", "data.userGrade": "7A", "data.method": "Feet follow hands", "data.userRating": 5, "data.repeats": 111, "data.moves": [{"problemId": 315847, "description": "I5", "isStart": true, "isEnd": false}, {"problemId": 315847, "description": "G6", "isStart": true, "isEnd": false}, {"problemId": 315847, "description": "D9", "isStart": false, "isEnd": false}, {"problemId": 315847, "description": "G13", "isStart": false, "isEnd": false}, {"problemId": 315847, "description": "D18", "isStart": false, "isEnd": true}], "data.apiId": 315847}