{"data.grade": "7A", "data.userGrade": "6C+", "data.method": "Feet follow hands", "data.userRating": 4, "data.repeats": 9, "data.moves": [{"problemId": 444836, "description": "D8", "isStart": false, "isEnd": false}, {"problemId": 444836, "description": "G10", "isStart": false, "isEnd": false}, {"problemId": 444836, "description": "D12", "isStart": false, "isEnd": false}, {"problemId": 444836, "description": "F5", "isStart": true, "isEnd": false}, {"problemId": 444836, "description": "D5", "isStart": true, "isEnd": false}, {"problemId": 444836, "description": "F15", "isStart": false, "isEnd": false}, {"problemId": 444836, "description": "D18", "isStart": false, "isEnd": true}], "data.apiId": 444836}