{"data.grade": "7A", "data.userGrade": "7A", "data.method": "Feet follow hands", "data.userRating": 4, "data.repeats": 9, "data.moves": [{"problemId": 370017, "description": "H18", "isStart": false, "isEnd": true}, {"problemId": 370017, "description": "H8", "isStart": false, "isEnd": false}, {"problemId": 370017, "description": "H5", "isStart": true, "isEnd": false}, {"problemId": 370017, "description": "F10", "isStart": false, "isEnd": false}, {"problemId": 370017, "description": "F14", "isStart": false, "isEnd": false}, {"problemId": 370017, "description": "E14", "isStart": false, "isEnd": false}], "data.apiId": 370017}