{"data.grade": "7A", "data.userGrade": "7A", "data.method": "Feet follow hands", "data.userRating": 4, "data.repeats": 10, "data.moves": [{"problemId": 324624, "description": "H14", "isStart": false, "isEnd": false}, {"problemId": 324624, "description": "F10", "isStart": false, "isEnd": false}, {"problemId": 324624, "description": "F8", "isStart": false, "isEnd": false}, {"problemId": 324624, "description": "G4", "isStart": true, "isEnd": false}, {"problemId": 324624, "description": "H3", "isStart": true, "isEnd": false}, {"problemId": 324624, "description": "D17", "isStart": false, "isEnd": false}, {"problemId": 324624, "description": "H18", "isStart": false, "isEnd": true}], "data.apiId": 324624}