{"data.grade": "7A", "data.userGrade": "7A", "data.method": "Feet follow hands", "data.userRating": 0, "data.repeats": 0, "data.moves": [{"problemId": 446056, "description": "F11", "isStart": false, "isEnd": false}, {"problemId": 446056, "description": "E14", "isStart": false, "isEnd": false}, {"problemId": 446056, "description": "J9", "isStart": false, "isEnd": false}, {"problemId": 446056, "description": "G18", "isStart": false, "isEnd": true}, {"problemId": 446056, "description": "K18", "isStart": false, "isEnd": true}, {"problemId": 446056, "description": "H17", "isStart": false, "isEnd": false}, {"problemId": 446056, "description": "D4", "isStart": true, "isEnd": false}, {"problemId": 446056, "description": "B3", "isStart": true, "isEnd": false}, {"problemId": 446056, "description": "A3", "isStart": false, "isEnd": false}, {"problemId": 446056, "description": "B8", "isStart": false, "isEnd": false}], "data.apiId": 446056}