{"data.grade": "7A", "data.userGrade": null, "data.method": "Feet follow hands + screw ons", "data.userRating": 0, "data.repeats": 0, "data.moves": [{"problemId": 327770, "description": "H4", "isStart": false, "isEnd": false}, {"problemId": 327770, "description": "H5", "isStart": true, "isEnd": false}, {"problemId": 327770, "description": "E4", "isStart": true, "isEnd": false}, {"problemId": 327770, "description": "C7", "isStart": false, "isEnd": false}, {"problemId": 327770, "description": "G7", "isStart": false, "isEnd": false}, {"problemId": 327770, "description": "E11", "isStart": false, "isEnd": false}, {"problemId": 327770, "description": "J13", "isStart": false, "isEnd": false}, {"problemId": 327770, "description": "I16", "isStart": false, "isEnd": false}, {"problemId": 327770, "description": "J18", "isStart": false, "isEnd": true}], "data.apiId": 327770}