{"data.grade": "7A", "data.userGrade": null, "data.method": "Feet follow hands", "data.userRating": 5, "data.repeats": 1, "data.moves": [{"problemId": 419554, "description": "F5", "isStart": true, "isEnd": false}, {"problemId": 419554, "description": "H10", "isStart": false, "isEnd": false}, {"problemId": 419554, "description": "C13", "isStart": false, "isEnd": false}, {"problemId": 419554, "description": "F16", "isStart": false, "isEnd": false}, {"problemId": 419554, "description": "C18", "isStart": false, "isEnd": true}], "data.apiId": 419554}