{"data.grade": "7A", "data.userGrade": null, "data.method": "Feet follow hands", "data.userRating": 0, "data.repeats": 0, "data.moves": [{"problemId": 407886, "description": "E3", "isStart": true, "isEnd": false}, {"problemId": 407886, "description": "E4", "isStart": true, "isEnd": false}, {"problemId": 407886, "description": "I9", "isStart": false, "isEnd": false}, {"problemId": 407886, "description": "I10", "isStart": false, "isEnd": false}, {"problemId": 407886, "description": "K13", "isStart": false, "isEnd": false}, {"problemId": 407886, "description": "K5", "isStart": false, "isEnd": false}, {"problemId": 407886, "description": "G16", "isStart": false, "isEnd": false}, {"problemId": 407886, "description": "F18", "isStart": false, "isEnd": true}], "data.apiId": 407886}