{"data.grade": "7A", "data.userGrade": "7A", "data.method": "Feet follow hands", "data.userRating": 4, "data.repeats": 21, "data.moves": [{"problemId": 356085, "description": "G5", "isStart": true, "isEnd": false}, {"problemId": 356085, "description": "E5", "isStart": true, "isEnd": false}, {"problemId": 356085, "description": "E8", "isStart": false, "isEnd": false}, {"problemId": 356085, "description": "A10", "isStart": false, "isEnd": false}, {"problemId": 356085, "description": "E14", "isStart": false, "isEnd": false}, {"problemId": 356085, "description": "C15", "isStart": false, "isEnd": false}, {"problemId": 356085, "description": "F18", "isStart": false, "isEnd": true}], "data.apiId": 356085}