{"data.grade": "7A", "data.userGrade": null, "data.method": "Feet follow hands", "data.userRating": 5, "data.repeats": 2, "data.moves": [{"problemId": 325923, "description": "F6", "isStart": true, "isEnd": false}, {"problemId": 325923, "description": "E6", "isStart": true, "isEnd": false}, {"problemId": 325923, "description": "J2", "isStart": false, "isEnd": false}, {"problemId": 325923, "description": "I9", "isStart": false, "isEnd": false}, {"problemId": 325923, "description": "G11", "isStart": false, "isEnd": false}, {"problemId": 325923, "description": "G12", "isStart": false, "isEnd": false}, {"problemId": 325923, "description": "D13", "isStart": false, "isEnd": false}, {"problemId": 325923, "description": "G15", "isStart": false, "isEnd": false}, {"problemId": 325923, "description": "F18", "isStart": false, "isEnd": true}], "data.apiId": 325923}