{"data.grade": "7A", "data.userGrade": null, "data.method": "Feet follow hands", "data.userRating": 1, "data.repeats": 1, "data.moves": [{"problemId": 333310, "description": "H6", "isStart": true, "isEnd": false}, {"problemId": 333310, "description": "H9", "isStart": false, "isEnd": false}, {"problemId": 333310, "description": "D11", "isStart": false, "isEnd": false}, {"problemId": 333310, "description": "E12", "isStart": false, "isEnd": false}, {"problemId": 333310, "description": "B14", "isStart": false, "isEnd": false}, {"problemId": 333310, "description": "E14", "isStart": false, "isEnd": false}, {"problemId": 333310, "description": "D18", "isStart": false, "isEnd": true}, {"problemId": 333310, "description": "J4", "isStart": true, "isEnd": false}], "data.apiId": 333310}