{"data.grade": "7A", "data.userGrade": null, "data.method": "Feet follow hands", "data.userRating": 5, "data.repeats": 2, "data.moves": [{"problemId": 331497, "description": "D5", "isStart": true, "isEnd": false}, {"problemId": 331497, "description": "H9", "isStart": false, "isEnd": false}, {"problemId": 331497, "description": "E12", "isStart": false, "isEnd": false}, {"problemId": 331497, "description": "D13", "isStart": false, "isEnd": false}, {"problemId": 331497, "description": "D16", "isStart": false, "isEnd": false}, {"problemId": 331497, "description": "C18", "isStart": false, "isEnd": true}], "data.apiId": 331497}