{"data.grade": "7A", "data.userGrade": "7A", "data.method": "Feet follow hands", "data.userRating": 5, "data.repeats": 28, "data.moves": [{"problemId": 340828, "description": "F6", "isStart": true, "isEnd": false}, {"problemId": 340828, "description": "K5", "isStart": true, "isEnd": false}, {"problemId": 340828, "description": "K9", "isStart": false, "isEnd": false}, {"problemId": 340828, "description": "H14", "isStart": false, "isEnd": false}, {"problemId": 340828, "description": "E14", "isStart": false, "isEnd": false}, {"problemId": 340828, "description": "F18", "isStart": false, "isEnd": true}, {"problemId": 340828, "description": "G11", "isStart": false, "isEnd": false}], "data.apiId": 340828}