{"data.grade": "7A", "data.userGrade": null, "data.method": "Feet follow hands + screw ons", "data.userRating": 0, "data.repeats": 0, "data.moves": [{"problemId": 352096, "description": "F5", "isStart": true, "isEnd": false}, {"problemId": 352096, "description": "I8", "isStart": false, "isEnd": false}, {"problemId": 352096, "description": "F12", "isStart": false, "isEnd": false}, {"problemId": 352096, "description": "H2", "isStart": false, "isEnd": false}, {"problemId": 352096, "description": "C18", "isStart": false, "isEnd": true}, {"problemId": 352096, "description": "C15", "isStart": false, "isEnd": false}, {"problemId": 352096, "description": "A9", "isStart": false, "isEnd": false}, {"problemId": 352096, "description": "F16", "isStart": false, "isEnd": false}], "data.apiId": 352096}