{"data.grade": "7A", "data.userGrade": null, "data.method": "Feet follow hands", "data.userRating": 4, "data.repeats": 3, "data.moves": [{"problemId": 332827, "description": "K3", "isStart": true, "isEnd": false}, {"problemId": 332827, "description": "G6", "isStart": true, "isEnd": false}, {"problemId": 332827, "description": "I6", "isStart": false, "isEnd": false}, {"problemId": 332827, "description": "D5", "isStart": false, "isEnd": false}, {"problemId": 332827, "description": "E7", "isStart": false, "isEnd": false}, {"problemId": 332827, "description": "A8", "isStart": false, "isEnd": false}, {"problemId": 332827, "description": "E11", "isStart": false, "isEnd": false}, {"problemId": 332827, "description": "D2", "isStart": false, "isEnd": false}, {"problemId": 332827, "description": "K7", "isStart": false, "isEnd": false}, {"problemId": 332827, "description": "E12", "isStart": false, "isEnd": false}, {"problemId": 332827, "description": "G14", "isStart": false, "isEnd": false}, {"problemId": 332827, "description": "G16", "isStart": false, "isEnd": false}, {"problemId": 332827, "description": "J18", "isStart": false, "isEnd": true}], "data.apiId": 332827}