{"data.grade": "7A", "data.userGrade": "7A", "data.method": "Feet follow hands", "data.userRating": 4, "data.repeats": 11, "data.moves": [{"problemId": 351148, "description": "D5", "isStart": true, "isEnd": false}, {"problemId": 351148, "description": "I7", "isStart": false, "isEnd": false}, {"problemId": 351148, "description": "F12", "isStart": false, "isEnd": false}, {"problemId": 351148, "description": "K13", "isStart": false, "isEnd": false}, {"problemId": 351148, "description": "J18", "isStart": false, "isEnd": true}], "data.apiId": 351148}