{"data.grade": "7A", "data.userGrade": "7A", "data.method": "Feet follow hands", "data.userRating": 4, "data.repeats": 37, "data.moves": [{"problemId": 322648, "description": "H5", "isStart": true, "isEnd": false}, {"problemId": 322648, "description": "K9", "isStart": false, "isEnd": false}, {"problemId": 322648, "description": "G11", "isStart": false, "isEnd": false}, {"problemId": 322648, "description": "F13", "isStart": false, "isEnd": false}, {"problemId": 322648, "description": "C8", "isStart": false, "isEnd": false}, {"problemId": 322648, "description": "C15", "isStart": false, "isEnd": false}, {"problemId": 322648, "description": "F18", "isStart": false, "isEnd": true}, {"problemId": 322648, "description": "J2", "isStart": true, "isEnd": false}], "data.apiId": 322648}