{"data.grade": "7A", "data.userGrade": "6C+", "data.method": "Feet follow hands", "data.userRating": 4, "data.repeats": 10, "data.moves": [{"problemId": 440043, "description": "I3", "isStart": true, "isEnd": false}, {"problemId": 440043, "description": "E3", "isStart": true, "isEnd": false}, {"problemId": 440043, "description": "K6", "isStart": false, "isEnd": false}, {"problemId": 440043, "description": "F8", "isStart": false, "isEnd": false}, {"problemId": 440043, "description": "J11", "isStart": false, "isEnd": false}, {"problemId": 440043, "description": "J14", "isStart": false, "isEnd": false}, {"problemId": 440043, "description": "I15", "isStart": false, "isEnd": false}, {"problemId": 440043, "description": "E16", "isStart": false, "isEnd": false}, {"problemId": 440043, "description": "E18", "isStart": false, "isEnd": true}], "data.apiId": 440043}