{"data.grade": "7A", "data.userGrade": null, "data.method": "Feet follow hands", "data.userRating": 3, "data.repeats": 5, "data.moves": [{"problemId": 309431, "description": "H3", "isStart": true, "isEnd": false}, {"problemId": 309431, "description": "E4", "isStart": true, "isEnd": false}, {"problemId": 309431, "description": "I9", "isStart": false, "isEnd": false}, {"problemId": 309431, "description": "J10", "isStart": false, "isEnd": false}, {"problemId": 309431, "description": "G8", "isStart": false, "isEnd": false}, {"problemId": 309431, "description": "I16", "isStart": false, "isEnd": false}, {"problemId": 309431, "description": "J2", "isStart": false, "isEnd": false}, {"problemId": 309431, "description": "K4", "isStart": false, "isEnd": false}, {"problemId": 309431, "description": "K14", "isStart": false, "isEnd": false}, {"problemId": 309431, "description": "G11", "isStart": false, "isEnd": false}, {"problemId": 309431, "description": "H18", "isStart": false, "isEnd": true}], "data.apiId": 309431}