{"data.grade": "7A", "data.userGrade": null, "data.method": "Feet follow hands", "data.userRating": 5, "data.repeats": 1, "data.moves": [{"problemId": 339111, "description": "E3", "isStart": true, "isEnd": false}, {"problemId": 339111, "description": "D4", "isStart": true, "isEnd": false}, {"problemId": 339111, "description": "I7", "isStart": false, "isEnd": false}, {"problemId": 339111, "description": "D10", "isStart": false, "isEnd": false}, {"problemId": 339111, "description": "I13", "isStart": false, "isEnd": false}, {"problemId": 339111, "description": "F18", "isStart": false, "isEnd": true}], "data.apiId": 339111}