{"data.grade": "7A", "data.userGrade": "7A", "data.method": "Feet follow hands", "data.userRating": 4, "data.repeats": 6, "data.moves": [{"problemId": 317014, "description": "F13", "isStart": false, "isEnd": false}, {"problemId": 317014, "description": "E14", "isStart": false, "isEnd": false}, {"problemId": 317014, "description": "J16", "isStart": false, "isEnd": false}, {"problemId": 317014, "description": "J18", "isStart": false, "isEnd": true}, {"problemId": 317014, "description": "D9", "isStart": false, "isEnd": false}, {"problemId": 317014, "description": "I7", "isStart": false, "isEnd": false}, {"problemId": 317014, "description": "K4", "isStart": true, "isEnd": false}], "data.apiId": 317014}