{"data.grade": "7A", "data.userGrade": null, "data.method": "Feet follow hands", "data.userRating": 4, "data.repeats": 4, "data.moves": [{"problemId": 365506, "description": "D5", "isStart": true, "isEnd": false}, {"problemId": 365506, "description": "G10", "isStart": false, "isEnd": false}, {"problemId": 365506, "description": "G14", "isStart": false, "isEnd": false}, {"problemId": 365506, "description": "J16", "isStart": false, "isEnd": false}, {"problemId": 365506, "description": "K18", "isStart": false, "isEnd": true}], "data.apiId": 365506}