{"data.grade": "7A", "data.userGrade": null, "data.method": "Feet follow hands", "data.userRating": 0, "data.repeats": 0, "data.moves": [{"problemId": 345205, "description": "G4", "isStart": true, "isEnd": false}, {"problemId": 345205, "description": "H3", "isStart": true, "isEnd": false}, {"problemId": 345205, "description": "E6", "isStart": false, "isEnd": false}, {"problemId": 345205, "description": "G9", "isStart": false, "isEnd": false}, {"problemId": 345205, "description": "D12", "isStart": false, "isEnd": false}, {"problemId": 345205, "description": "C16", "isStart": false, "isEnd": false}, {"problemId": 345205, "description": "G18", "isStart": false, "isEnd": true}], "data.apiId": 345205}