{"data.grade": "7A", "data.userGrade": "7A", "data.method": "Feet follow hands", "data.userRating": 4, "data.repeats": 7, "data.moves": [{"problemId": 355783, "description": "A4", "isStart": true, "isEnd": false}, {"problemId": 355783, "description": "D5", "isStart": true, "isEnd": false}, {"problemId": 355783, "description": "E8", "isStart": false, "isEnd": false}, {"problemId": 355783, "description": "F12", "isStart": false, "isEnd": false}, {"problemId": 355783, "description": "F17", "isStart": false, "isEnd": false}, {"problemId": 355783, "description": "B18", "isStart": false, "isEnd": true}], "data.apiId": 355783}