{"data.grade": "7A", "data.userGrade": null, "data.method": "Feet follow hands", "data.userRating": 4, "data.repeats": 8, "data.moves": [{"problemId": 383762, "description": "B3", "isStart": true, "isEnd": false}, {"problemId": 383762, "description": "D10", "isStart": false, "isEnd": false}, {"problemId": 383762, "description": "F14", "isStart": false, "isEnd": false}, {"problemId": 383762, "description": "D11", "isStart": false, "isEnd": false}, {"problemId": 383762, "description": "B6", "isStart": true, "isEnd": false}, {"problemId": 383762, "description": "E15", "isStart": false, "isEnd": false}, {"problemId": 383762, "description": "J18", "isStart": false, "isEnd": true}, {"problemId": 383762, "description": "J16", "isStart": false, "isEnd": false}], "data.apiId": 383762}