{"data.grade": "7A", "data.userGrade": null, "data.method": "Feet follow hands", "data.userRating": 4, "data.repeats": 4, "data.moves": [{"problemId": 390246, "description": "F5", "isStart": true, "isEnd": false}, {"problemId": 390246, "description": "B9", "isStart": false, "isEnd": false}, {"problemId": 390246, "description": "D12", "isStart": false, "isEnd": false}, {"problemId": 390246, "description": "I12", "isStart": false, "isEnd": false}, {"problemId": 390246, "description": "H14", "isStart": false, "isEnd": false}, {"problemId": 390246, "description": "K16", "isStart": false, "isEnd": false}, {"problemId": 390246, "description": "K8", "isStart": false, "isEnd": false}, {"problemId": 390246, "description": "H18", "isStart": false, "isEnd": true}, {"problemId": 390246, "description": "D11", "isStart": false, "isEnd": false}], "data.apiId": 390246}