{"data.grade": "7A", "data.userGrade": "7A", "data.method": "Feet follow hands", "data.userRating": 4, "data.repeats": 7, "data.moves": [{"problemId": 324797, "description": "F5", "isStart": true, "isEnd": false}, {"problemId": 324797, "description": "C7", "isStart": false, "isEnd": false}, {"problemId": 324797, "description": "F12", "isStart": false, "isEnd": false}, {"problemId": 324797, "description": "K13", "isStart": false, "isEnd": false}, {"problemId": 324797, "description": "I16", "isStart": false, "isEnd": false}, {"problemId": 324797, "description": "H17", "isStart": false, "isEnd": false}, {"problemId": 324797, "description": "D18", "isStart": false, "isEnd": true}], "data.apiId": 324797}