{"data.grade": "7A", "data.userGrade": null, "data.method": "Screw ons only", "data.userRating": 0, "data.repeats": 0, "data.moves": [{"problemId": 319566, "description": "B6", "isStart": true, "isEnd": false}, {"problemId": 319566, "description": "E2", "isStart": true, "isEnd": false}, {"problemId": 319566, "description": "G6", "isStart": false, "isEnd": false}, {"problemId": 319566, "description": "D9", "isStart": false, "isEnd": false}, {"problemId": 319566, "description": "J11", "isStart": false, "isEnd": false}, {"problemId": 319566, "description": "I12", "isStart": false, "isEnd": false}, {"problemId": 319566, "description": "J15", "isStart": false, "isEnd": false}, {"problemId": 319566, "description": "F18", "isStart": false, "isEnd": true}], "data.apiId": 319566}