{"data.grade": "7A", "data.userGrade": null, "data.method": "Feet follow hands", "data.userRating": 5, "data.repeats": 1, "data.moves": [{"problemId": 332069, "description": "I1", "isStart": true, "isEnd": false}, {"problemId": 332069, "description": "H5", "isStart": true, "isEnd": false}, {"problemId": 332069, "description": "E4", "isStart": false, "isEnd": false}, {"problemId": 332069, "description": "G9", "isStart": false, "isEnd": false}, {"problemId": 332069, "description": "D12", "isStart": false, "isEnd": false}, {"problemId": 332069, "description": "G13", "isStart": false, "isEnd": false}, {"problemId": 332069, "description": "D15", "isStart": false, "isEnd": false}, {"problemId": 332069, "description": "E18", "isStart": false, "isEnd": true}], "data.apiId": 332069}