{"data.grade": "7A", "data.userGrade": "7A", "data.method": "Feet follow hands", "data.userRating": 4, "data.repeats": 6, "data.moves": [{"problemId": 456907, "description": "C6", "isStart": true, "isEnd": false}, {"problemId": 456907, "description": "F3", "isStart": true, "isEnd": false}, {"problemId": 456907, "description": "H8", "isStart": false, "isEnd": false}, {"problemId": 456907, "description": "F11", "isStart": false, "isEnd": false}, {"problemId": 456907, "description": "H14", "isStart": false, "isEnd": false}, {"problemId": 456907, "description": "E16", "isStart": false, "isEnd": false}, {"problemId": 456907, "description": "I18", "isStart": false, "isEnd": true}], "data.apiId": 456907}