{"data.grade": "7A", "data.userGrade": "7A", "data.method": "Feet follow hands", "data.userRating": 3, "data.repeats": 1, "data.moves": [{"problemId": 421282, "description": "A8", "isStart": false, "isEnd": false}, {"problemId": 421282, "description": "B4", "isStart": true, "isEnd": false}, {"problemId": 421282, "description": "F12", "isStart": false, "isEnd": false}, {"problemId": 421282, "description": "C15", "isStart": false, "isEnd": false}, {"problemId": 421282, "description": "H18", "isStart": false, "isEnd": true}, {"problemId": 421282, "description": "G7", "isStart": false, "isEnd": false}], "data.apiId": 421282}