{"data.grade": "7A", "data.userGrade": "7A", "data.method": "Feet follow hands", "data.userRating": 4, "data.repeats": 32, "data.moves": [{"problemId": 409190, "description": "F5", "isStart": true, "isEnd": false}, {"problemId": 409190, "description": "A5", "isStart": true, "isEnd": false}, {"problemId": 409190, "description": "D9", "isStart": false, "isEnd": false}, {"problemId": 409190, "description": "G13", "isStart": false, "isEnd": false}, {"problemId": 409190, "description": "J8", "isStart": false, "isEnd": false}, {"problemId": 409190, "description": "J14", "isStart": false, "isEnd": false}, {"problemId": 409190, "description": "F18", "isStart": false, "isEnd": true}], "data.apiId": 409190}