{"data.grade": "7A", "data.userGrade": "7A", "data.method": "Feet follow hands", "data.userRating": 4, "data.repeats": 52, "data.moves": [{"problemId": 316120, "description": "I3", "isStart": true, "isEnd": false}, {"problemId": 316120, "description": "E3", "isStart": true, "isEnd": false}, {"problemId": 316120, "description": "E7", "isStart": false, "isEnd": false}, {"problemId": 316120, "description": "D10", "isStart": false, "isEnd": false}, {"problemId": 316120, "description": "C14", "isStart": false, "isEnd": false}, {"problemId": 316120, "description": "F15", "isStart": false, "isEnd": false}, {"problemId": 316120, "description": "B18", "isStart": false, "isEnd": true}], "data.apiId": 316120}