{"data.grade": "7A", "data.userGrade": null, "data.method": "Feet follow hands", "data.userRating": 0, "data.repeats": 0, "data.moves": [{"problemId": 357473, "description": "A5", "isStart": true, "isEnd": false}, {"problemId": 357473, "description": "E8", "isStart": false, "isEnd": false}, {"problemId": 357473, "description": "E9", "isStart": false, "isEnd": false}, {"problemId": 357473, "description": "H11", "isStart": false, "isEnd": false}, {"problemId": 357473, "description": "H13", "isStart": false, "isEnd": false}, {"problemId": 357473, "description": "J15", "isStart": false, "isEnd": false}, {"problemId": 357473, "description": "H18", "isStart": false, "isEnd": true}], "data.apiId": 357473}