{"data.grade": "7A", "data.userGrade": null, "data.method": "Feet follow hands", "data.userRating": 4, "data.repeats": 7, "data.moves": [{"problemId": 317226, "description": "H4", "isStart": true, "isEnd": false}, {"problemId": 317226, "description": "F2", "isStart": true, "isEnd": false}, {"problemId": 317226, "description": "D9", "isStart": false, "isEnd": false}, {"problemId": 317226, "description": "G13", "isStart": false, "isEnd": false}, {"problemId": 317226, "description": "D15", "isStart": false, "isEnd": false}, {"problemId": 317226, "description": "D18", "isStart": false, "isEnd": true}], "data.apiId": 317226}