{"data.grade": "7A", "data.userGrade": null, "data.method": "Feet follow hands", "data.userRating": 0, "data.repeats": 0, "data.moves": [{"problemId": 348096, "description": "I2", "isStart": true, "isEnd": false}, {"problemId": 348096, "description": "F5", "isStart": true, "isEnd": false}, {"problemId": 348096, "description": "H8", "isStart": false, "isEnd": false}, {"problemId": 348096, "description": "D12", "isStart": false, "isEnd": false}, {"problemId": 348096, "description": "H16", "isStart": false, "isEnd": false}, {"problemId": 348096, "description": "F18", "isStart": false, "isEnd": true}], "data.apiId": 348096}