{"data.grade": "7A", "data.userGrade": null, "data.method": "Feet follow hands", "data.userRating": 5, "data.repeats": 2, "data.moves": [{"problemId": 319799, "description": "I3", "isStart": true, "isEnd": false}, {"problemId": 319799, "description": "D3", "isStart": true, "isEnd": false}, {"problemId": 319799, "description": "H8", "isStart": false, "isEnd": false}, {"problemId": 319799, "description": "J8", "isStart": false, "isEnd": false}, {"problemId": 319799, "description": "G11", "isStart": false, "isEnd": false}, {"problemId": 319799, "description": "F11", "isStart": false, "isEnd": false}, {"problemId": 319799, "description": "C6", "isStart": false, "isEnd": false}, {"problemId": 319799, "description": "E14", "isStart": false, "isEnd": false}, {"problemId": 319799, "description": "D17", "isStart": false, "isEnd": false}, {"problemId": 319799, "description": "A18", "isStart": false, "isEnd": true}], "data.apiId": 319799}