{"data.grade": "7A", "data.userGrade": null, "data.method": "Feet follow hands", "data.userRating": 0, "data.repeats": 0, "data.moves": [{"problemId": 358094, "description": "E13", "isStart": false, "isEnd": false}, {"problemId": 358094, "description": "B18", "isStart": false, "isEnd": true}, {"problemId": 358094, "description": "D5", "isStart": true, "isEnd": false}, {"problemId": 358094, "description": "H5", "isStart": true, "isEnd": false}, {"problemId": 358094, "description": "D2", "isStart": false, "isEnd": false}], "data.apiId": 358094}