{"data.grade": "7A", "data.userGrade": "7A", "data.method": "Feet follow hands", "data.userRating": 4, "data.repeats": 1310, "data.moves": [{"problemId": 341667, "description": "I7", "isStart": false, "isEnd": false}, {"problemId": 341667, "description": "G12", "isStart": false, "isEnd": false}, {"problemId": 341667, "description": "D18", "isStart": false, "isEnd": true}, {"problemId": 341667, "description": "K5", "isStart": false, "isEnd": false}, {"problemId": 341667, "description": "F16", "isStart": false, "isEnd": false}, {"problemId": 341667, "description": "D13", "isStart": false, "isEnd": false}, {"problemId": 341667, "description": "D3", "isStart": true, "isEnd": false}, {"problemId": 341667, "description": "H1", "isStart": true, "isEnd": false}], "data.apiId": 341667}