{"data.grade": "7A", "data.userGrade": "7A", "data.method": "Feet follow hands", "data.userRating": 4, "data.repeats": 21, "data.moves": [{"problemId": 319736, "description": "A5", "isStart": true, "isEnd": false}, {"problemId": 319736, "description": "B4", "isStart": true, "isEnd": false}, {"problemId": 319736, "description": "E8", "isStart": false, "isEnd": false}, {"problemId": 319736, "description": "C10", "isStart": false, "isEnd": false}, {"problemId": 319736, "description": "G14", "isStart": false, "isEnd": false}, {"problemId": 319736, "description": "F18", "isStart": false, "isEnd": true}], "data.apiId": 319736}