{"data.grade": "7A", "data.userGrade": null, "data.method": "Feet follow hands", "data.userRating": 5, "data.repeats": 2, "data.moves": [{"problemId": 317185, "description": "K3", "isStart": true, "isEnd": false}, {"problemId": 317185, "description": "H6", "isStart": true, "isEnd": false}, {"problemId": 317185, "description": "H8", "isStart": false, "isEnd": false}, {"problemId": 317185, "description": "D8", "isStart": false, "isEnd": false}, {"problemId": 317185, "description": "G12", "isStart": false, "isEnd": false}, {"problemId": 317185, "description": "H13", "isStart": false, "isEnd": false}, {"problemId": 317185, "description": "K14", "isStart": false, "isEnd": false}, {"problemId": 317185, "description": "J17", "isStart": false, "isEnd": false}, {"problemId": 317185, "description": "K18", "isStart": false, "isEnd": true}, {"problemId": 317185, "description": "F2", "isStart": false, "isEnd": false}, {"problemId": 317185, "description": "B5", "isStart": false, "isEnd": false}], "data.apiId": 317185}