{"data.grade": "7A", "data.userGrade": null, "data.method": "Feet follow hands", "data.userRating": 3, "data.repeats": 2, "data.moves": [{"problemId": 348087, "description": "E4", "isStart": true, "isEnd": false}, {"problemId": 348087, "description": "I2", "isStart": true, "isEnd": false}, {"problemId": 348087, "description": "D2", "isStart": false, "isEnd": false}, {"problemId": 348087, "description": "H8", "isStart": false, "isEnd": false}, {"problemId": 348087, "description": "H11", "isStart": false, "isEnd": false}, {"problemId": 348087, "description": "J13", "isStart": false, "isEnd": false}, {"problemId": 348087, "description": "K6", "isStart": false, "isEnd": false}, {"problemId": 348087, "description": "H18", "isStart": false, "isEnd": true}], "data.apiId": 348087}