{"data.grade": "7A", "data.userGrade": null, "data.method": "Feet follow hands", "data.userRating": 0, "data.repeats": 0, "data.moves": [{"problemId": 343415, "description": "D6", "isStart": true, "isEnd": false}, {"problemId": 343415, "description": "B4", "isStart": true, "isEnd": false}, {"problemId": 343415, "description": "K5", "isStart": false, "isEnd": false}, {"problemId": 343415, "description": "K13", "isStart": false, "isEnd": false}, {"problemId": 343415, "description": "I16", "isStart": false, "isEnd": false}, {"problemId": 343415, "description": "G9", "isStart": false, "isEnd": false}, {"problemId": 343415, "description": "G10", "isStart": false, "isEnd": false}, {"problemId": 343415, "description": "J12", "isStart": false, "isEnd": false}, {"problemId": 343415, "description": "H18", "isStart": false, "isEnd": true}], "data.apiId": 343415}