{"data.grade": "7A", "data.userGrade": null, "data.method": "Feet follow hands", "data.userRating": 0, "data.repeats": 0, "data.moves": [{"problemId": 378109, "description": "K5", "isStart": true, "isEnd": false}, {"problemId": 378109, "description": "H6", "isStart": true, "isEnd": false}, {"problemId": 378109, "description": "H4", "isStart": false, "isEnd": false}, {"problemId": 378109, "description": "J8", "isStart": false, "isEnd": false}, {"problemId": 378109, "description": "J10", "isStart": false, "isEnd": false}, {"problemId": 378109, "description": "F10", "isStart": false, "isEnd": false}, {"problemId": 378109, "description": "F11", "isStart": false, "isEnd": false}, {"problemId": 378109, "description": "C8", "isStart": false, "isEnd": false}, {"problemId": 378109, "description": "C5", "isStart": false, "isEnd": false}, {"problemId": 378109, "description": "F14", "isStart": false, "isEnd": false}, {"problemId": 378109, "description": "F16", "isStart": false, "isEnd": false}, {"problemId": 378109, "description": "G18", "isStart": false, "isEnd": true}], "data.apiId": 378109}