{"data.grade": "7A", "data.userGrade": "7A", "data.method": "Feet follow hands", "data.userRating": 5, "data.repeats": 4, "data.moves": [{"problemId": 319915, "description": "E4", "isStart": true, "isEnd": false}, {"problemId": 319915, "description": "F4", "isStart": true, "isEnd": false}, {"problemId": 319915, "description": "C7", "isStart": false, "isEnd": false}, {"problemId": 319915, "description": "A9", "isStart": false, "isEnd": false}, {"problemId": 319915, "description": "C11", "isStart": false, "isEnd": false}, {"problemId": 319915, "description": "B12", "isStart": false, "isEnd": false}, {"problemId": 319915, "description": "F13", "isStart": false, "isEnd": false}, {"problemId": 319915, "description": "G16", "isStart": false, "isEnd": false}, {"problemId": 319915, "description": "H18", "isStart": false, "isEnd": true}], "data.apiId": 319915}