{"data.grade": "7A", "data.userGrade": null, "data.method": "Feet follow hands", "data.userRating": 0, "data.repeats": 0, "data.moves": [{"problemId": 325212, "description": "G15", "isStart": false, "isEnd": false}, {"problemId": 325212, "description": "K11", "isStart": false, "isEnd": false}, {"problemId": 325212, "description": "F18", "isStart": false, "isEnd": true}, {"problemId": 325212, "description": "J8", "isStart": false, "isEnd": false}, {"problemId": 325212, "description": "I11", "isStart": false, "isEnd": false}, {"problemId": 325212, "description": "K8", "isStart": false, "isEnd": false}, {"problemId": 325212, "description": "K6", "isStart": true, "isEnd": false}, {"problemId": 325212, "description": "K1", "isStart": true, "isEnd": false}, {"problemId": 325212, "description": "K14", "isStart": false, "isEnd": false}], "data.apiId": 325212}