{"data.grade": "7A", "data.userGrade": null, "data.method": "Feet follow hands", "data.userRating": 0, "data.repeats": 0, "data.moves": [{"problemId": 319082, "description": "E3", "isStart": true, "isEnd": false}, {"problemId": 319082, "description": "H2", "isStart": true, "isEnd": false}, {"problemId": 319082, "description": "H4", "isStart": false, "isEnd": false}, {"problemId": 319082, "description": "F6", "isStart": false, "isEnd": false}, {"problemId": 319082, "description": "J8", "isStart": false, "isEnd": false}, {"problemId": 319082, "description": "F10", "isStart": false, "isEnd": false}, {"problemId": 319082, "description": "J13", "isStart": false, "isEnd": false}, {"problemId": 319082, "description": "G14", "isStart": false, "isEnd": false}, {"problemId": 319082, "description": "I18", "isStart": false, "isEnd": true}, {"problemId": 319082, "description": "K16", "isStart": false, "isEnd": false}, {"problemId": 319082, "description": "D17", "isStart": false, "isEnd": false}], "data.apiId": 319082}