{"data.grade": "7A", "data.userGrade": null, "data.method": "Feet follow hands", "data.userRating": 4, "data.repeats": 8, "data.moves": [{"problemId": 351181, "description": "B6", "isStart": true, "isEnd": false}, {"problemId": 351181, "description": "C5", "isStart": true, "isEnd": false}, {"problemId": 351181, "description": "A9", "isStart": false, "isEnd": false}, {"problemId": 351181, "description": "D11", "isStart": false, "isEnd": false}, {"problemId": 351181, "description": "F11", "isStart": false, "isEnd": false}, {"problemId": 351181, "description": "F5", "isStart": false, "isEnd": false}, {"problemId": 351181, "description": "F13", "isStart": false, "isEnd": false}, {"problemId": 351181, "description": "C15", "isStart": false, "isEnd": false}, {"problemId": 351181, "description": "F18", "isStart": false, "isEnd": true}], "data.apiId": 351181}