{"data.grade": "7A", "data.userGrade": "7A", "data.method": "Feet follow hands", "data.userRating": 5, "data.repeats": 23, "data.moves": [{"problemId": 335853, "description": "J4", "isStart": true, "isEnd": false}, {"problemId": 335853, "description": "J8", "isStart": false, "isEnd": false}, {"problemId": 335853, "description": "F12", "isStart": false, "isEnd": false}, {"problemId": 335853, "description": "K9", "isStart": false, "isEnd": false}, {"problemId": 335853, "description": "H15", "isStart": false, "isEnd": false}, {"problemId": 335853, "description": "D18", "isStart": false, "isEnd": true}], "data.apiId": 335853}