{"data.grade": "7A", "data.userGrade": null, "data.method": "Feet follow hands", "data.userRating": 5, "data.repeats": 7, "data.moves": [{"problemId": 347002, "description": "D4", "isStart": true, "isEnd": false}, {"problemId": 347002, "description": "D2", "isStart": true, "isEnd": false}, {"problemId": 347002, "description": "H7", "isStart": false, "isEnd": false}, {"problemId": 347002, "description": "F10", "isStart": false, "isEnd": false}, {"problemId": 347002, "description": "F11", "isStart": false, "isEnd": false}, {"problemId": 347002, "description": "B12", "isStart": false, "isEnd": false}, {"problemId": 347002, "description": "A14", "isStart": false, "isEnd": false}, {"problemId": 347002, "description": "A18", "isStart": false, "isEnd": true}], "data.apiId": 347002}