{"data.grade": "7A", "data.userGrade": null, "data.method": "Feet follow hands", "data.userRating": 0, "data.repeats": 0, "data.moves": [{"problemId": 350388, "description": "E3", "isStart": true, "isEnd": false}, {"problemId": 350388, "description": "I4", "isStart": true, "isEnd": false}, {"problemId": 350388, "description": "F9", "isStart": false, "isEnd": false}, {"problemId": 350388, "description": "A12", "isStart": false, "isEnd": false}, {"problemId": 350388, "description": "E14", "isStart": false, "isEnd": false}, {"problemId": 350388, "description": "D18", "isStart": false, "isEnd": true}], "data.apiId": 350388}