{"data.grade": "7A", "data.userGrade": null, "data.method": "Feet follow hands", "data.userRating": 0, "data.repeats": 0, "data.moves": [{"problemId": 452910, "description": "F6", "isStart": true, "isEnd": false}, {"problemId": 452910, "description": "I10", "isStart": false, "isEnd": false}, {"problemId": 452910, "description": "K13", "isStart": false, "isEnd": false}, {"problemId": 452910, "description": "H1", "isStart": true, "isEnd": false}, {"problemId": 452910, "description": "I16", "isStart": false, "isEnd": false}, {"problemId": 452910, "description": "J18", "isStart": false, "isEnd": true}], "data.apiId": 452910}