{"data.grade": "7A", "data.userGrade": null, "data.method": "Feet follow hands", "data.userRating": 4, "data.repeats": 16, "data.moves": [{"problemId": 353897, "description": "H4", "isStart": true, "isEnd": false}, {"problemId": 353897, "description": "D3", "isStart": true, "isEnd": false}, {"problemId": 353897, "description": "B10", "isStart": false, "isEnd": false}, {"problemId": 353897, "description": "F7", "isStart": false, "isEnd": false}, {"problemId": 353897, "description": "G10", "isStart": false, "isEnd": false}, {"problemId": 353897, "description": "C13", "isStart": false, "isEnd": false}, {"problemId": 353897, "description": "G15", "isStart": false, "isEnd": false}, {"problemId": 353897, "description": "E18", "isStart": false, "isEnd": true}], "data.apiId": 353897}