{"data.grade": "7A", "data.userGrade": "7A", "data.method": "Feet follow hands", "data.userRating": 5, "data.repeats": 8, "data.moves": [{"problemId": 366531, "description": "C4", "isStart": true, "isEnd": false}, {"problemId": 366531, "description": "B7", "isStart": false, "isEnd": false}, {"problemId": 366531, "description": "E11", "isStart": false, "isEnd": false}, {"problemId": 366531, "description": "A12", "isStart": false, "isEnd": false}, {"problemId": 366531, "description": "C15", "isStart": false, "isEnd": false}, {"problemId": 366531, "description": "F18", "isStart": false, "isEnd": true}], "data.apiId": 366531}