{"data.grade": "7A", "data.userGrade": "7A", "data.method": "Feet follow hands", "data.userRating": 4, "data.repeats": 9, "data.moves": [{"problemId": 314468, "description": "H5", "isStart": true, "isEnd": false}, {"problemId": 314468, "description": "D10", "isStart": false, "isEnd": false}, {"problemId": 314468, "description": "J11", "isStart": false, "isEnd": false}, {"problemId": 314468, "description": "J16", "isStart": false, "isEnd": false}, {"problemId": 314468, "description": "G16", "isStart": false, "isEnd": false}, {"problemId": 314468, "description": "C16", "isStart": false, "isEnd": false}, {"problemId": 314468, "description": "B18", "isStart": false, "isEnd": true}], "data.apiId": 314468}