{"data.grade": "7A", "data.userGrade": null, "data.method": "Feet follow hands", "data.userRating": 0, "data.repeats": 0, "data.moves": [{"problemId": 349355, "description": "C4", "isStart": true, "isEnd": false}, {"problemId": 349355, "description": "B9", "isStart": false, "isEnd": false}, {"problemId": 349355, "description": "F11", "isStart": false, "isEnd": false}, {"problemId": 349355, "description": "B12", "isStart": false, "isEnd": false}, {"problemId": 349355, "description": "E14", "isStart": false, "isEnd": false}, {"problemId": 349355, "description": "A16", "isStart": false, "isEnd": false}, {"problemId": 349355, "description": "A18", "isStart": false, "isEnd": true}], "data.apiId": 349355}