{"data.grade": "7A", "data.userGrade": null, "data.method": "Feet follow hands", "data.userRating": 5, "data.repeats": 2, "data.moves": [{"problemId": 349388, "description": "F10", "isStart": false, "isEnd": false}, {"problemId": 349388, "description": "D11", "isStart": false, "isEnd": false}, {"problemId": 349388, "description": "I14", "isStart": false, "isEnd": false}, {"problemId": 349388, "description": "H15", "isStart": false, "isEnd": false}, {"problemId": 349388, "description": "K18", "isStart": false, "isEnd": true}, {"problemId": 349388, "description": "A9", "isStart": false, "isEnd": false}, {"problemId": 349388, "description": "B6", "isStart": true, "isEnd": false}, {"problemId": 349388, "description": "D5", "isStart": true, "isEnd": false}], "data.apiId": 349388}