{"data.grade": "7A", "data.userGrade": null, "data.method": "Feet follow hands", "data.userRating": 4, "data.repeats": 6, "data.moves": [{"problemId": 323448, "description": "D5", "isStart": true, "isEnd": false}, {"problemId": 323448, "description": "F3", "isStart": true, "isEnd": false}, {"problemId": 323448, "description": "G10", "isStart": false, "isEnd": false}, {"problemId": 323448, "description": "B10", "isStart": false, "isEnd": false}, {"problemId": 323448, "description": "D15", "isStart": false, "isEnd": false}, {"problemId": 323448, "description": "C17", "isStart": false, "isEnd": false}, {"problemId": 323448, "description": "F18", "isStart": false, "isEnd": true}], "data.apiId": 323448}