{"data.grade": "7A", "data.userGrade": "7A", "data.method": "Feet follow hands", "data.userRating": 5, "data.repeats": 4, "data.moves": [{"problemId": 456972, "description": "I3", "isStart": true, "isEnd": false}, {"problemId": 456972, "description": "F6", "isStart": true, "isEnd": false}, {"problemId": 456972, "description": "J8", "isStart": false, "isEnd": false}, {"problemId": 456972, "description": "F10", "isStart": false, "isEnd": false}, {"problemId": 456972, "description": "F2", "isStart": false, "isEnd": false}, {"problemId": 456972, "description": "H13", "isStart": false, "isEnd": false}, {"problemId": 456972, "description": "D15", "isStart": false, "isEnd": false}, {"problemId": 456972, "description": "H18", "isStart": false, "isEnd": true}], "data.apiId": 456972}