{"data.grade": "7A", "data.userGrade": null, "data.method": "Feet follow hands", "data.userRating": 5, "data.repeats": 1, "data.moves": [{"problemId": 308613, "description": "J4", "isStart": true, "isEnd": false}, {"problemId": 308613, "description": "J8", "isStart": false, "isEnd": false}, {"problemId": 308613, "description": "E9", "isStart": false, "isEnd": false}, {"problemId": 308613, "description": "G12", "isStart": false, "isEnd": false}, {"problemId": 308613, "description": "E15", "isStart": false, "isEnd": false}, {"problemId": 308613, "description": "J18", "isStart": false, "isEnd": true}], "data.apiId": 308613}