{"data.grade": "7A", "data.userGrade": null, "data.method": "Feet follow hands", "data.userRating": 4, "data.repeats": 3, "data.moves": [{"problemId": 355398, "description": "J3", "isStart": true, "isEnd": false}, {"problemId": 355398, "description": "J4", "isStart": true, "isEnd": false}, {"problemId": 355398, "description": "J7", "isStart": false, "isEnd": false}, {"problemId": 355398, "description": "H9", "isStart": false, "isEnd": false}, {"problemId": 355398, "description": "I11", "isStart": false, "isEnd": false}, {"problemId": 355398, "description": "H14", "isStart": false, "isEnd": false}, {"problemId": 355398, "description": "K18", "isStart": false, "isEnd": true}], "data.apiId": 355398}