{"data.grade": "7A", "data.userGrade": null, "data.method": "Feet follow hands", "data.userRating": 4, "data.repeats": 3, "data.moves": [{"problemId": 391321, "description": "E5", "isStart": true, "isEnd": false}, {"problemId": 391321, "description": "B5", "isStart": true, "isEnd": false}, {"problemId": 391321, "description": "A7", "isStart": false, "isEnd": false}, {"problemId": 391321, "description": "B9", "isStart": false, "isEnd": false}, {"problemId": 391321, "description": "A11", "isStart": false, "isEnd": false}, {"problemId": 391321, "description": "E14", "isStart": false, "isEnd": false}, {"problemId": 391321, "description": "D17", "isStart": false, "isEnd": false}, {"problemId": 391321, "description": "F18", "isStart": false, "isEnd": true}], "data.apiId": 391321}