{"data.grade": "7A", "data.userGrade": null, "data.method": "Feet follow hands", "data.userRating": 0, "data.repeats": 0, "data.moves": [{"problemId": 318100, "description": "G2", "isStart": true, "isEnd": false}, {"problemId": 318100, "description": "K6", "isStart": true, "isEnd": false}, {"problemId": 318100, "description": "H7", "isStart": false, "isEnd": false}, {"problemId": 318100, "description": "K9", "isStart": false, "isEnd": false}, {"problemId": 318100, "description": "G12", "isStart": false, "isEnd": false}, {"problemId": 318100, "description": "F13", "isStart": false, "isEnd": false}, {"problemId": 318100, "description": "B15", "isStart": false, "isEnd": false}, {"problemId": 318100, "description": "A9", "isStart": false, "isEnd": false}, {"problemId": 318100, "description": "D16", "isStart": false, "isEnd": false}, {"problemId": 318100, "description": "H18", "isStart": false, "isEnd": true}], "data.apiId": 318100}