{"data.grade": "7A", "data.userGrade": null, "data.method": "Feet follow hands", "data.userRating": 4, "data.repeats": 1, "data.moves": [{"problemId": 360614, "description": "F5", "isStart": true, "isEnd": false}, {"problemId": 360614, "description": "D5", "isStart": true, "isEnd": false}, {"problemId": 360614, "description": "C3", "isStart": false, "isEnd": false}, {"problemId": 360614, "description": "G9", "isStart": false, "isEnd": false}, {"problemId": 360614, "description": "C11", "isStart": false, "isEnd": false}, {"problemId": 360614, "description": "F13", "isStart": false, "isEnd": false}, {"problemId": 360614, "description": "E15", "isStart": false, "isEnd": false}, {"problemId": 360614, "description": "J15", "isStart": false, "isEnd": false}, {"problemId": 360614, "description": "J18", "isStart": false, "isEnd": true}], "data.apiId": 360614}