{"data.grade": "7A", "data.userGrade": null, "data.method": "Feet follow hands", "data.userRating": 4, "data.repeats": 1, "data.moves": [{"problemId": 362411, "description": "H2", "isStart": true, "isEnd": false}, {"problemId": 362411, "description": "K5", "isStart": true, "isEnd": false}, {"problemId": 362411, "description": "I8", "isStart": false, "isEnd": false}, {"problemId": 362411, "description": "F11", "isStart": false, "isEnd": false}, {"problemId": 362411, "description": "H14", "isStart": false, "isEnd": false}, {"problemId": 362411, "description": "H16", "isStart": false, "isEnd": false}, {"problemId": 362411, "description": "K18", "isStart": false, "isEnd": true}], "data.apiId": 362411}