{"data.grade": "7A", "data.userGrade": null, "data.method": "Feet follow hands", "data.userRating": 5, "data.repeats": 2, "data.moves": [{"problemId": 368104, "description": "D6", "isStart": true, "isEnd": false}, {"problemId": 368104, "description": "G10", "isStart": false, "isEnd": false}, {"problemId": 368104, "description": "F8", "isStart": false, "isEnd": false}, {"problemId": 368104, "description": "D15", "isStart": false, "isEnd": false}, {"problemId": 368104, "description": "H18", "isStart": false, "isEnd": true}], "data.apiId": 368104}