{"data.grade": "7A", "data.userGrade": null, "data.method": "Feet follow hands", "data.userRating": 4, "data.repeats": 5, "data.moves": [{"problemId": 393038, "description": "C4", "isStart": true, "isEnd": false}, {"problemId": 393038, "description": "D4", "isStart": true, "isEnd": false}, {"problemId": 393038, "description": "D6", "isStart": false, "isEnd": false}, {"problemId": 393038, "description": "C7", "isStart": false, "isEnd": false}, {"problemId": 393038, "description": "D9", "isStart": false, "isEnd": false}, {"problemId": 393038, "description": "B10", "isStart": false, "isEnd": false}, {"problemId": 393038, "description": "C11", "isStart": false, "isEnd": false}, {"problemId": 393038, "description": "B13", "isStart": false, "isEnd": false}, {"problemId": 393038, "description": "D13", "isStart": false, "isEnd": false}, {"problemId": 393038, "description": "C15", "isStart": false, "isEnd": false}, {"problemId": 393038, "description": "A16", "isStart": false, "isEnd": false}, {"problemId": 393038, "description": "C17", "isStart": false, "isEnd": false}, {"problemId": 393038, "description": "B18", "isStart": false, "isEnd": true}], "data.apiId": 393038}