{"data.grade": "7A", "data.userGrade": "7A", "data.method": "Feet follow hands", "data.userRating": 4, "data.repeats": 25, "data.moves": [{"problemId": 315799, "description": "D5", "isStart": true, "isEnd": false}, {"problemId": 315799, "description": "I3", "isStart": true, "isEnd": false}, {"problemId": 315799, "description": "G10", "isStart": false, "isEnd": false}, {"problemId": 315799, "description": "B13", "isStart": false, "isEnd": false}, {"problemId": 315799, "description": "D18", "isStart": false, "isEnd": true}, {"problemId": 315799, "description": "A8", "isStart": false, "isEnd": false}], "data.apiId": 315799}