{"data.grade": "7A", "data.userGrade": null, "data.method": "Footless + kickboard", "data.userRating": 0, "data.repeats": 0, "data.moves": [{"problemId": 356938, "description": "F6", "isStart": true, "isEnd": false}, {"problemId": 356938, "description": "J5", "isStart": true, "isEnd": false}, {"problemId": 356938, "description": "I8", "isStart": false, "isEnd": false}, {"problemId": 356938, "description": "D9", "isStart": false, "isEnd": false}, {"problemId": 356938, "description": "G12", "isStart": false, "isEnd": false}, {"problemId": 356938, "description": "G14", "isStart": false, "isEnd": false}, {"problemId": 356938, "description": "H16", "isStart": false, "isEnd": false}, {"problemId": 356938, "description": "E18", "isStart": false, "isEnd": true}], "data.apiId": 356938}