{"data.grade": "7A", "data.userGrade": null, "data.method": "Feet follow hands", "data.userRating": 4, "data.repeats": 4, "data.moves": [{"problemId": 395801, "description": "B6", "isStart": true, "isEnd": false}, {"problemId": 395801, "description": "F3", "isStart": true, "isEnd": false}, {"problemId": 395801, "description": "E8", "isStart": false, "isEnd": false}, {"problemId": 395801, "description": "C10", "isStart": false, "isEnd": false}, {"problemId": 395801, "description": "F13", "isStart": false, "isEnd": false}, {"problemId": 395801, "description": "D18", "isStart": false, "isEnd": true}], "data.apiId": 395801}