{"data.grade": "7A", "data.userGrade": null, "data.method": "Feet follow hands", "data.userRating": 0, "data.repeats": 0, "data.moves": [{"problemId": 347735, "description": "A5", "isStart": true, "isEnd": false}, {"problemId": 347735, "description": "D5", "isStart": false, "isEnd": false}, {"problemId": 347735, "description": "F9", "isStart": false, "isEnd": false}, {"problemId": 347735, "description": "D12", "isStart": false, "isEnd": false}, {"problemId": 347735, "description": "H14", "isStart": false, "isEnd": false}, {"problemId": 347735, "description": "I15", "isStart": false, "isEnd": false}, {"problemId": 347735, "description": "J10", "isStart": false, "isEnd": false}, {"problemId": 347735, "description": "K18", "isStart": false, "isEnd": true}], "data.apiId": 347735}