{"data.grade": "7A", "data.userGrade": null, "data.method": "Feet follow hands", "data.userRating": 4, "data.repeats": 20, "data.moves": [{"problemId": 372001, "description": "D4", "isStart": true, "isEnd": false}, {"problemId": 372001, "description": "F9", "isStart": false, "isEnd": false}, {"problemId": 372001, "description": "G11", "isStart": false, "isEnd": false}, {"problemId": 372001, "description": "J9", "isStart": false, "isEnd": false}, {"problemId": 372001, "description": "J14", "isStart": false, "isEnd": false}, {"problemId": 372001, "description": "J17", "isStart": false, "isEnd": false}, {"problemId": 372001, "description": "F15", "isStart": false, "isEnd": false}, {"problemId": 372001, "description": "E18", "isStart": false, "isEnd": true}, {"problemId": 372001, "description": "D2", "isStart": true, "isEnd": false}], "data.apiId": 372001}