{"data.grade": "7A", "data.userGrade": null, "data.method": "Feet follow hands", "data.userRating": 5, "data.repeats": 4, "data.moves": [{"problemId": 315027, "description": "H5", "isStart": true, "isEnd": false}, {"problemId": 315027, "description": "E10", "isStart": false, "isEnd": false}, {"problemId": 315027, "description": "E7", "isStart": false, "isEnd": false}, {"problemId": 315027, "description": "B11", "isStart": false, "isEnd": false}, {"problemId": 315027, "description": "D14", "isStart": false, "isEnd": false}, {"problemId": 315027, "description": "F15", "isStart": false, "isEnd": false}, {"problemId": 315027, "description": "E18", "isStart": false, "isEnd": true}, {"problemId": 315027, "description": "A4", "isStart": false, "isEnd": false}], "data.apiId": 315027}