{"data.grade": "7A", "data.userGrade": "7A", "data.method": "Feet follow hands", "data.userRating": 5, "data.repeats": 1, "data.moves": [{"problemId": 430711, "description": "G6", "isStart": true, "isEnd": false}, {"problemId": 430711, "description": "K2", "isStart": true, "isEnd": false}, {"problemId": 430711, "description": "H9", "isStart": false, "isEnd": false}, {"problemId": 430711, "description": "D11", "isStart": false, "isEnd": false}, {"problemId": 430711, "description": "D13", "isStart": false, "isEnd": false}, {"problemId": 430711, "description": "A15", "isStart": false, "isEnd": false}, {"problemId": 430711, "description": "B18", "isStart": false, "isEnd": true}], "data.apiId": 430711}