{"data.grade": "7A", "data.userGrade": "7A", "data.method": "Feet follow hands", "data.userRating": 4, "data.repeats": 28, "data.moves": [{"problemId": 352991, "description": "C4", "isStart": true, "isEnd": false}, {"problemId": 352991, "description": "F10", "isStart": false, "isEnd": false}, {"problemId": 352991, "description": "F13", "isStart": false, "isEnd": false}, {"problemId": 352991, "description": "F14", "isStart": false, "isEnd": false}, {"problemId": 352991, "description": "B16", "isStart": false, "isEnd": false}, {"problemId": 352991, "description": "B18", "isStart": false, "isEnd": true}, {"problemId": 352991, "description": "B8", "isStart": false, "isEnd": false}, {"problemId": 352991, "description": "B7", "isStart": false, "isEnd": false}, {"problemId": 352991, "description": "A5", "isStart": true, "isEnd": false}], "data.apiId": 352991}