{"data.grade": "7A", "data.userGrade": null, "data.method": "Feet follow hands", "data.userRating": 0, "data.repeats": 0, "data.moves": [{"problemId": 391316, "description": "C15", "isStart": false, "isEnd": false}, {"problemId": 391316, "description": "C14", "isStart": false, "isEnd": false}, {"problemId": 391316, "description": "H15", "isStart": false, "isEnd": false}, {"problemId": 391316, "description": "H14", "isStart": false, "isEnd": false}, {"problemId": 391316, "description": "I10", "isStart": false, "isEnd": false}, {"problemId": 391316, "description": "H9", "isStart": false, "isEnd": false}, {"problemId": 391316, "description": "G8", "isStart": false, "isEnd": false}, {"problemId": 391316, "description": "E8", "isStart": false, "isEnd": false}, {"problemId": 391316, "description": "F8", "isStart": false, "isEnd": false}, {"problemId": 391316, "description": "D8", "isStart": false, "isEnd": false}, {"problemId": 391316, "description": "C9", "isStart": false, "isEnd": false}, {"problemId": 391316, "description": "B10", "isStart": false, "isEnd": false}, {"problemId": 391316, "description": "F1", "isStart": true, "isEnd": false}, {"problemId": 391316, "description": "E18", "isStart": false, "isEnd": true}], "data.apiId": 391316}