{"data.grade": "7A", "data.userGrade": null, "data.method": "Feet follow hands", "data.userRating": 4, "data.repeats": 4, "data.moves": [{"problemId": 336539, "description": "K5", "isStart": true, "isEnd": false}, {"problemId": 336539, "description": "H6", "isStart": true, "isEnd": false}, {"problemId": 336539, "description": "J8", "isStart": false, "isEnd": false}, {"problemId": 336539, "description": "F10", "isStart": false, "isEnd": false}, {"problemId": 336539, "description": "F13", "isStart": false, "isEnd": false}, {"problemId": 336539, "description": "D16", "isStart": false, "isEnd": false}, {"problemId": 336539, "description": "I18", "isStart": false, "isEnd": true}, {"problemId": 336539, "description": "K4", "isStart": false, "isEnd": false}], "data.apiId": 336539}