{"data.grade": "7A", "data.userGrade": null, "data.method": "Feet follow hands", "data.userRating": 0, "data.repeats": 0, "data.moves": [{"problemId": 462570, "description": "D5", "isStart": true, "isEnd": false}, {"problemId": 462570, "description": "G7", "isStart": false, "isEnd": false}, {"problemId": 462570, "description": "G11", "isStart": false, "isEnd": false}, {"problemId": 462570, "description": "F13", "isStart": false, "isEnd": false}, {"problemId": 462570, "description": "E16", "isStart": false, "isEnd": false}, {"problemId": 462570, "description": "D18", "isStart": false, "isEnd": true}], "data.apiId": 462570}