{"data.grade": "7A", "data.userGrade": null, "data.method": "Feet follow hands", "data.userRating": 5, "data.repeats": 1, "data.moves": [{"problemId": 327511, "description": "F3", "isStart": true, "isEnd": false}, {"problemId": 327511, "description": "B7", "isStart": false, "isEnd": false}, {"problemId": 327511, "description": "D5", "isStart": true, "isEnd": false}, {"problemId": 327511, "description": "G10", "isStart": false, "isEnd": false}, {"problemId": 327511, "description": "G12", "isStart": false, "isEnd": false}, {"problemId": 327511, "description": "K15", "isStart": false, "isEnd": false}, {"problemId": 327511, "description": "I18", "isStart": false, "isEnd": true}], "data.apiId": 327511}