{"data.grade": "7A", "data.userGrade": null, "data.method": "Feet follow hands", "data.userRating": 3, "data.repeats": 1, "data.moves": [{"problemId": 317009, "description": "I8", "isStart": false, "isEnd": false}, {"problemId": 317009, "description": "K11", "isStart": false, "isEnd": false}, {"problemId": 317009, "description": "J14", "isStart": false, "isEnd": false}, {"problemId": 317009, "description": "E16", "isStart": false, "isEnd": false}, {"problemId": 317009, "description": "E18", "isStart": false, "isEnd": true}, {"problemId": 317009, "description": "H5", "isStart": true, "isEnd": false}], "data.apiId": 317009}