{"data.grade": "7A", "data.userGrade": "7A", "data.method": "Feet follow hands", "data.userRating": 4, "data.repeats": 14, "data.moves": [{"problemId": 325078, "description": "J4", "isStart": true, "isEnd": false}, {"problemId": 325078, "description": "G4", "isStart": true, "isEnd": false}, {"problemId": 325078, "description": "J7", "isStart": false, "isEnd": false}, {"problemId": 325078, "description": "F7", "isStart": false, "isEnd": false}, {"problemId": 325078, "description": "F10", "isStart": false, "isEnd": false}, {"problemId": 325078, "description": "I12", "isStart": false, "isEnd": false}, {"problemId": 325078, "description": "F13", "isStart": false, "isEnd": false}, {"problemId": 325078, "description": "H15", "isStart": false, "isEnd": false}, {"problemId": 325078, "description": "D15", "isStart": false, "isEnd": false}, {"problemId": 325078, "description": "D17", "isStart": false, "isEnd": false}, {"problemId": 325078, "description": "A18", "isStart": false, "isEnd": true}], "data.apiId": 325078}