{"data.grade": "7A", "data.userGrade": "7A", "data.method": "Feet follow hands", "data.userRating": 4, "data.repeats": 12, "data.moves": [{"problemId": 402938, "description": "F5", "isStart": true, "isEnd": false}, {"problemId": 402938, "description": "J6", "isStart": true, "isEnd": false}, {"problemId": 402938, "description": "G6", "isStart": false, "isEnd": false}, {"problemId": 402938, "description": "K9", "isStart": false, "isEnd": false}, {"problemId": 402938, "description": "F11", "isStart": false, "isEnd": false}, {"problemId": 402938, "description": "I14", "isStart": false, "isEnd": false}, {"problemId": 402938, "description": "D15", "isStart": false, "isEnd": false}, {"problemId": 402938, "description": "D18", "isStart": false, "isEnd": true}, {"problemId": 402938, "description": "H12", "isStart": false, "isEnd": false}], "data.apiId": 402938}