{"data.grade": "7A", "data.userGrade": null, "data.method": "Feet follow hands", "data.userRating": 0, "data.repeats": 0, "data.moves": [{"problemId": 343161, "description": "D4", "isStart": true, "isEnd": false}, {"problemId": 343161, "description": "D2", "isStart": true, "isEnd": false}, {"problemId": 343161, "description": "G8", "isStart": false, "isEnd": false}, {"problemId": 343161, "description": "G10", "isStart": false, "isEnd": false}, {"problemId": 343161, "description": "J13", "isStart": false, "isEnd": false}, {"problemId": 343161, "description": "F17", "isStart": false, "isEnd": false}, {"problemId": 343161, "description": "D18", "isStart": false, "isEnd": true}], "data.apiId": 343161}