{"data.grade": "7A", "data.userGrade": "7A", "data.method": "Feet follow hands", "data.userRating": 4, "data.repeats": 11, "data.moves": [{"problemId": 329180, "description": "E6", "isStart": true, "isEnd": false}, {"problemId": 329180, "description": "H5", "isStart": true, "isEnd": false}, {"problemId": 329180, "description": "G8", "isStart": false, "isEnd": false}, {"problemId": 329180, "description": "D11", "isStart": false, "isEnd": false}, {"problemId": 329180, "description": "G14", "isStart": false, "isEnd": false}, {"problemId": 329180, "description": "H14", "isStart": false, "isEnd": false}, {"problemId": 329180, "description": "K16", "isStart": false, "isEnd": false}, {"problemId": 329180, "description": "K10", "isStart": false, "isEnd": false}, {"problemId": 329180, "description": "J18", "isStart": false, "isEnd": true}], "data.apiId": 329180}