{"data.grade": "7A", "data.userGrade": null, "data.method": "Feet follow hands", "data.userRating": 5, "data.repeats": 4, "data.moves": [{"problemId": 320217, "description": "A14", "isStart": false, "isEnd": false}, {"problemId": 320217, "description": "C10", "isStart": false, "isEnd": false}, {"problemId": 320217, "description": "G10", "isStart": false, "isEnd": false}, {"problemId": 320217, "description": "I8", "isStart": false, "isEnd": false}, {"problemId": 320217, "description": "H5", "isStart": true, "isEnd": false}, {"problemId": 320217, "description": "K4", "isStart": true, "isEnd": false}, {"problemId": 320217, "description": "A17", "isStart": false, "isEnd": false}, {"problemId": 320217, "description": "D18", "isStart": false, "isEnd": true}, {"problemId": 320217, "description": "H18", "isStart": false, "isEnd": true}], "data.apiId": 320217}