{"data.grade": "7A", "data.userGrade": null, "data.method": "Feet follow hands", "data.userRating": 0, "data.repeats": 0, "data.moves": [{"problemId": 345445, "description": "D5", "isStart": true, "isEnd": false}, {"problemId": 345445, "description": "G8", "isStart": false, "isEnd": false}, {"problemId": 345445, "description": "H11", "isStart": false, "isEnd": false}, {"problemId": 345445, "description": "J14", "isStart": false, "isEnd": false}, {"problemId": 345445, "description": "E15", "isStart": false, "isEnd": false}, {"problemId": 345445, "description": "G15", "isStart": false, "isEnd": false}, {"problemId": 345445, "description": "D18", "isStart": false, "isEnd": true}], "data.apiId": 345445}