{"data.grade": "7A", "data.userGrade": null, "data.method": "Feet follow hands", "data.userRating": 3, "data.repeats": 2, "data.moves": [{"problemId": 414093, "description": "H1", "isStart": true, "isEnd": false}, {"problemId": 414093, "description": "F4", "isStart": true, "isEnd": false}, {"problemId": 414093, "description": "I7", "isStart": false, "isEnd": false}, {"problemId": 414093, "description": "G10", "isStart": false, "isEnd": false}, {"problemId": 414093, "description": "H11", "isStart": false, "isEnd": false}, {"problemId": 414093, "description": "E15", "isStart": false, "isEnd": false}, {"problemId": 414093, "description": "G15", "isStart": false, "isEnd": false}, {"problemId": 414093, "description": "F18", "isStart": false, "isEnd": true}], "data.apiId": 414093}