{"data.grade": "7A", "data.userGrade": "6C+", "data.method": "Feet follow hands", "data.userRating": 4, "data.repeats": 23, "data.moves": [{"problemId": 424871, "description": "D5", "isStart": true, "isEnd": false}, {"problemId": 424871, "description": "I5", "isStart": true, "isEnd": false}, {"problemId": 424871, "description": "F9", "isStart": false, "isEnd": false}, {"problemId": 424871, "description": "F12", "isStart": false, "isEnd": false}, {"problemId": 424871, "description": "K1", "isStart": false, "isEnd": false}, {"problemId": 424871, "description": "I14", "isStart": false, "isEnd": false}, {"problemId": 424871, "description": "H15", "isStart": false, "isEnd": false}, {"problemId": 424871, "description": "J18", "isStart": false, "isEnd": true}], "data.apiId": 424871}