{"data.grade": "7A", "data.userGrade": null, "data.method": "Feet follow hands", "data.userRating": 5, "data.repeats": 1, "data.moves": [{"problemId": 330043, "description": "G11", "isStart": false, "isEnd": false}, {"problemId": 330043, "description": "E14", "isStart": false, "isEnd": false}, {"problemId": 330043, "description": "G16", "isStart": false, "isEnd": false}, {"problemId": 330043, "description": "C18", "isStart": false, "isEnd": true}, {"problemId": 330043, "description": "E7", "isStart": false, "isEnd": false}, {"problemId": 330043, "description": "H6", "isStart": true, "isEnd": false}], "data.apiId": 330043}