{"data.grade": "7A", "data.userGrade": null, "data.method": "Feet follow hands", "data.userRating": 4, "data.repeats": 18, "data.moves": [{"problemId": 355212, "description": "F3", "isStart": true, "isEnd": false}, {"problemId": 355212, "description": "C6", "isStart": true, "isEnd": false}, {"problemId": 355212, "description": "A6", "isStart": false, "isEnd": false}, {"problemId": 355212, "description": "F9", "isStart": false, "isEnd": false}, {"problemId": 355212, "description": "I11", "isStart": false, "isEnd": false}, {"problemId": 355212, "description": "H14", "isStart": false, "isEnd": false}, {"problemId": 355212, "description": "H16", "isStart": false, "isEnd": false}, {"problemId": 355212, "description": "D18", "isStart": false, "isEnd": true}], "data.apiId": 355212}