{"data.grade": "7A", "data.userGrade": null, "data.method": "Feet follow hands", "data.userRating": 4, "data.repeats": 2, "data.moves": [{"problemId": 331529, "description": "G11", "isStart": false, "isEnd": false}, {"problemId": 331529, "description": "K6", "isStart": false, "isEnd": false}, {"problemId": 331529, "description": "G4", "isStart": true, "isEnd": false}, {"problemId": 331529, "description": "I4", "isStart": true, "isEnd": false}, {"problemId": 331529, "description": "H6", "isStart": false, "isEnd": false}, {"problemId": 331529, "description": "J14", "isStart": false, "isEnd": false}, {"problemId": 331529, "description": "I15", "isStart": false, "isEnd": false}, {"problemId": 331529, "description": "J18", "isStart": false, "isEnd": true}, {"problemId": 331529, "description": "J8", "isStart": false, "isEnd": false}], "data.apiId": 331529}