{"data.grade": "7A", "data.userGrade": "7A", "data.method": "Feet follow hands + screw ons", "data.userRating": 5, "data.repeats": 31, "data.moves": [{"problemId": 311786, "description": "C6", "isStart": true, "isEnd": false}, {"problemId": 311786, "description": "E5", "isStart": true, "isEnd": false}, {"problemId": 311786, "description": "G9", "isStart": false, "isEnd": false}, {"problemId": 311786, "description": "E9", "isStart": false, "isEnd": false}, {"problemId": 311786, "description": "G12", "isStart": false, "isEnd": false}, {"problemId": 311786, "description": "E15", "isStart": false, "isEnd": false}, {"problemId": 311786, "description": "H16", "isStart": false, "isEnd": false}, {"problemId": 311786, "description": "I18", "isStart": false, "isEnd": true}], "data.apiId": 311786}