{"data.grade": "7A", "data.userGrade": null, "data.method": "Feet follow hands", "data.userRating": 0, "data.repeats": 0, "data.moves": [{"problemId": 317839, "description": "E4", "isStart": true, "isEnd": false}, {"problemId": 317839, "description": "K2", "isStart": true, "isEnd": false}, {"problemId": 317839, "description": "I7", "isStart": false, "isEnd": false}, {"problemId": 317839, "description": "F11", "isStart": false, "isEnd": false}, {"problemId": 317839, "description": "E14", "isStart": false, "isEnd": false}, {"problemId": 317839, "description": "D18", "isStart": false, "isEnd": true}], "data.apiId": 317839}