{"data.grade": "7A", "data.userGrade": null, "data.method": "Feet follow hands", "data.userRating": 5, "data.repeats": 1, "data.moves": [{"problemId": 309462, "description": "I4", "isStart": true, "isEnd": false}, {"problemId": 309462, "description": "E4", "isStart": true, "isEnd": false}, {"problemId": 309462, "description": "G8", "isStart": false, "isEnd": false}, {"problemId": 309462, "description": "C9", "isStart": false, "isEnd": false}, {"problemId": 309462, "description": "D11", "isStart": false, "isEnd": false}, {"problemId": 309462, "description": "A6", "isStart": false, "isEnd": false}, {"problemId": 309462, "description": "C13", "isStart": false, "isEnd": false}, {"problemId": 309462, "description": "F18", "isStart": false, "isEnd": true}, {"problemId": 309462, "description": "G15", "isStart": false, "isEnd": false}], "data.apiId": 309462}