{"data.grade": "7A", "data.userGrade": null, "data.method": "Feet follow hands", "data.userRating": 4, "data.repeats": 1, "data.moves": [{"problemId": 380097, "description": "A5", "isStart": true, "isEnd": false}, {"problemId": 380097, "description": "D8", "isStart": false, "isEnd": false}, {"problemId": 380097, "description": "G7", "isStart": false, "isEnd": false}, {"problemId": 380097, "description": "H9", "isStart": false, "isEnd": false}, {"problemId": 380097, "description": "D12", "isStart": false, "isEnd": false}, {"problemId": 380097, "description": "I12", "isStart": false, "isEnd": false}, {"problemId": 380097, "description": "H14", "isStart": false, "isEnd": false}, {"problemId": 380097, "description": "H18", "isStart": false, "isEnd": true}], "data.apiId": 380097}