{"data.grade": "7A", "data.userGrade": null, "data.method": "Feet follow hands", "data.userRating": 5, "data.repeats": 4, "data.moves": [{"problemId": 377339, "description": "E5", "isStart": true, "isEnd": false}, {"problemId": 377339, "description": "B5", "isStart": true, "isEnd": false}, {"problemId": 377339, "description": "B8", "isStart": false, "isEnd": false}, {"problemId": 377339, "description": "E9", "isStart": false, "isEnd": false}, {"problemId": 377339, "description": "F11", "isStart": false, "isEnd": false}, {"problemId": 377339, "description": "G13", "isStart": false, "isEnd": false}, {"problemId": 377339, "description": "D16", "isStart": false, "isEnd": false}, {"problemId": 377339, "description": "G18", "isStart": false, "isEnd": true}, {"problemId": 377339, "description": "A3", "isStart": false, "isEnd": false}, {"problemId": 377339, "description": "I7", "isStart": false, "isEnd": false}, {"problemId": 377339, "description": "I10", "isStart": false, "isEnd": false}], "data.apiId": 377339}