{"data.grade": "7A", "data.userGrade": null, "data.method": "Feet follow hands + screw ons", "data.userRating": 0, "data.repeats": 0, "data.moves": [{"problemId": 308336, "description": "E5", "isStart": true, "isEnd": false}, {"problemId": 308336, "description": "B4", "isStart": true, "isEnd": false}, {"problemId": 308336, "description": "D7", "isStart": false, "isEnd": false}, {"problemId": 308336, "description": "A10", "isStart": false, "isEnd": false}, {"problemId": 308336, "description": "E12", "isStart": false, "isEnd": false}, {"problemId": 308336, "description": "B12", "isStart": false, "isEnd": false}, {"problemId": 308336, "description": "G15", "isStart": false, "isEnd": false}, {"problemId": 308336, "description": "E15", "isStart": false, "isEnd": false}, {"problemId": 308336, "description": "C18", "isStart": false, "isEnd": true}], "data.apiId": 308336}