{"data.grade": "7A", "data.userGrade": null, "data.method": "Feet follow hands", "data.userRating": 5, "data.repeats": 4, "data.moves": [{"problemId": 341752, "description": "F18", "isStart": false, "isEnd": true}, {"problemId": 341752, "description": "G13", "isStart": false, "isEnd": false}, {"problemId": 341752, "description": "D12", "isStart": false, "isEnd": false}, {"problemId": 341752, "description": "G7", "isStart": false, "isEnd": false}, {"problemId": 341752, "description": "E4", "isStart": true, "isEnd": false}, {"problemId": 341752, "description": "I3", "isStart": true, "isEnd": false}], "data.apiId": 341752}