{"data.grade": "7A", "data.userGrade": "7A", "data.method": "Feet follow hands", "data.userRating": 4, "data.repeats": 15, "data.moves": [{"problemId": 355319, "description": "A4", "isStart": true, "isEnd": false}, {"problemId": 355319, "description": "D11", "isStart": false, "isEnd": false}, {"problemId": 355319, "description": "E3", "isStart": true, "isEnd": false}, {"problemId": 355319, "description": "F18", "isStart": false, "isEnd": true}, {"problemId": 355319, "description": "F7", "isStart": false, "isEnd": false}, {"problemId": 355319, "description": "H14", "isStart": false, "isEnd": false}], "data.apiId": 355319}