{"data.grade": "7A", "data.userGrade": null, "data.method": "Feet follow hands", "data.userRating": 0, "data.repeats": 0, "data.moves": [{"problemId": 343736, "description": "H6", "isStart": false, "isEnd": false}, {"problemId": 343736, "description": "H9", "isStart": false, "isEnd": false}, {"problemId": 343736, "description": "H4", "isStart": true, "isEnd": false}, {"problemId": 343736, "description": "K5", "isStart": true, "isEnd": false}, {"problemId": 343736, "description": "F10", "isStart": false, "isEnd": false}, {"problemId": 343736, "description": "G14", "isStart": false, "isEnd": false}, {"problemId": 343736, "description": "I16", "isStart": false, "isEnd": false}, {"problemId": 343736, "description": "I18", "isStart": false, "isEnd": true}], "data.apiId": 343736}