{"data.grade": "7A", "data.userGrade": null, "data.method": "Feet follow hands", "data.userRating": 0, "data.repeats": 0, "data.moves": [{"problemId": 336766, "description": "C9", "isStart": false, "isEnd": false}, {"problemId": 336766, "description": "F13", "isStart": false, "isEnd": false}, {"problemId": 336766, "description": "F4", "isStart": true, "isEnd": false}, {"problemId": 336766, "description": "C17", "isStart": false, "isEnd": false}, {"problemId": 336766, "description": "F18", "isStart": false, "isEnd": true}, {"problemId": 336766, "description": "C4", "isStart": true, "isEnd": false}, {"problemId": 336766, "description": "G9", "isStart": false, "isEnd": false}], "data.apiId": 336766}