{"data.grade": "7A", "data.userGrade": null, "data.method": "Feet follow hands", "data.userRating": 5, "data.repeats": 1, "data.moves": [{"problemId": 318170, "description": "B4", "isStart": true, "isEnd": false}, {"problemId": 318170, "description": "A8", "isStart": false, "isEnd": false}, {"problemId": 318170, "description": "G10", "isStart": false, "isEnd": false}, {"problemId": 318170, "description": "G14", "isStart": false, "isEnd": false}, {"problemId": 318170, "description": "F16", "isStart": false, "isEnd": false}, {"problemId": 318170, "description": "H18", "isStart": false, "isEnd": true}], "data.apiId": 318170}