{"data.grade": "7A", "data.userGrade": null, "data.method": "Feet follow hands + screw ons", "data.userRating": 1, "data.repeats": 1, "data.moves": [{"problemId": 309745, "description": "A5", "isStart": true, "isEnd": false}, {"problemId": 309745, "description": "B4", "isStart": true, "isEnd": false}, {"problemId": 309745, "description": "C7", "isStart": false, "isEnd": false}, {"problemId": 309745, "description": "A8", "isStart": false, "isEnd": false}, {"problemId": 309745, "description": "B11", "isStart": false, "isEnd": false}, {"problemId": 309745, "description": "C12", "isStart": false, "isEnd": false}, {"problemId": 309745, "description": "C14", "isStart": false, "isEnd": false}, {"problemId": 309745, "description": "A16", "isStart": false, "isEnd": false}, {"problemId": 309745, "description": "B18", "isStart": false, "isEnd": true}], "data.apiId": 309745}