{"data.grade": "7A", "data.userGrade": null, "data.method": "Feet follow hands", "data.userRating": 0, "data.repeats": 0, "data.moves": [{"problemId": 331538, "description": "F6", "isStart": false, "isEnd": false}, {"problemId": 331538, "description": "G4", "isStart": true, "isEnd": false}, {"problemId": 331538, "description": "I4", "isStart": true, "isEnd": false}, {"problemId": 331538, "description": "I10", "isStart": false, "isEnd": false}, {"problemId": 331538, "description": "H11", "isStart": false, "isEnd": false}, {"problemId": 331538, "description": "K8", "isStart": false, "isEnd": false}, {"problemId": 331538, "description": "I15", "isStart": false, "isEnd": false}, {"problemId": 331538, "description": "K11", "isStart": false, "isEnd": false}, {"problemId": 331538, "description": "J16", "isStart": false, "isEnd": false}, {"problemId": 331538, "description": "F18", "isStart": false, "isEnd": true}], "data.apiId": 331538}