{"data.grade": "7A", "data.userGrade": null, "data.method": "Feet follow hands", "data.userRating": 0, "data.repeats": 0, "data.moves": [{"problemId": 339540, "description": "K4", "isStart": true, "isEnd": false}, {"problemId": 339540, "description": "G4", "isStart": true, "isEnd": false}, {"problemId": 339540, "description": "E8", "isStart": false, "isEnd": false}, {"problemId": 339540, "description": "A8", "isStart": false, "isEnd": false}, {"problemId": 339540, "description": "C13", "isStart": false, "isEnd": false}, {"problemId": 339540, "description": "C17", "isStart": false, "isEnd": false}, {"problemId": 339540, "description": "H18", "isStart": false, "isEnd": true}], "data.apiId": 339540}