{"data.grade": "7A", "data.userGrade": null, "data.method": "Feet follow hands", "data.userRating": 3, "data.repeats": 2, "data.moves": [{"problemId": 350122, "description": "E4", "isStart": true, "isEnd": false}, {"problemId": 350122, "description": "C2", "isStart": false, "isEnd": false}, {"problemId": 350122, "description": "D9", "isStart": false, "isEnd": false}, {"problemId": 350122, "description": "D11", "isStart": false, "isEnd": false}, {"problemId": 350122, "description": "A4", "isStart": false, "isEnd": false}, {"problemId": 350122, "description": "A6", "isStart": false, "isEnd": false}, {"problemId": 350122, "description": "C13", "isStart": false, "isEnd": false}, {"problemId": 350122, "description": "D15", "isStart": false, "isEnd": false}, {"problemId": 350122, "description": "E18", "isStart": false, "isEnd": true}, {"problemId": 350122, "description": "G6", "isStart": true, "isEnd": false}], "data.apiId": 350122}