{"data.grade": "7A", "data.userGrade": null, "data.method": "Feet follow hands", "data.userRating": 0, "data.repeats": 0, "data.moves": [{"problemId": 443366, "description": "F4", "isStart": true, "isEnd": false}, {"problemId": 443366, "description": "D9", "isStart": false, "isEnd": false}, {"problemId": 443366, "description": "I5", "isStart": false, "isEnd": false}, {"problemId": 443366, "description": "J11", "isStart": false, "isEnd": false}, {"problemId": 443366, "description": "G16", "isStart": false, "isEnd": false}, {"problemId": 443366, "description": "E18", "isStart": false, "isEnd": true}], "data.apiId": 443366}