{"data.grade": "7A", "data.userGrade": "7A", "data.method": "Feet follow hands", "data.userRating": 4, "data.repeats": 2, "data.moves": [{"problemId": 310250, "description": "B4", "isStart": true, "isEnd": false}, {"problemId": 310250, "description": "D4", "isStart": true, "isEnd": false}, {"problemId": 310250, "description": "H7", "isStart": false, "isEnd": false}, {"problemId": 310250, "description": "F10", "isStart": false, "isEnd": false}, {"problemId": 310250, "description": "J11", "isStart": false, "isEnd": false}, {"problemId": 310250, "description": "H14", "isStart": false, "isEnd": false}, {"problemId": 310250, "description": "I15", "isStart": false, "isEnd": false}, {"problemId": 310250, "description": "F18", "isStart": false, "isEnd": true}], "data.apiId": 310250}