{"data.grade": "7A", "data.userGrade": "7A", "data.method": "Feet follow hands", "data.userRating": 5, "data.repeats": 8, "data.moves": [{"problemId": 311778, "description": "B4", "isStart": true, "isEnd": false}, {"problemId": 311778, "description": "A8", "isStart": false, "isEnd": false}, {"problemId": 311778, "description": "G3", "isStart": false, "isEnd": false}, {"problemId": 311778, "description": "E11", "isStart": false, "isEnd": false}, {"problemId": 311778, "description": "F10", "isStart": false, "isEnd": false}, {"problemId": 311778, "description": "I12", "isStart": false, "isEnd": false}, {"problemId": 311778, "description": "H15", "isStart": false, "isEnd": false}, {"problemId": 311778, "description": "G17", "isStart": false, "isEnd": false}, {"problemId": 311778, "description": "D18", "isStart": false, "isEnd": true}], "data.apiId": 311778}