{"data.grade": "7A", "data.userGrade": null, "data.method": "Feet follow hands", "data.userRating": 5, "data.repeats": 2, "data.moves": [{"problemId": 351686, "description": "G8", "isStart": false, "isEnd": false}, {"problemId": 351686, "description": "F10", "isStart": false, "isEnd": false}, {"problemId": 351686, "description": "E4", "isStart": true, "isEnd": false}, {"problemId": 351686, "description": "G4", "isStart": true, "isEnd": false}, {"problemId": 351686, "description": "H12", "isStart": false, "isEnd": false}, {"problemId": 351686, "description": "H15", "isStart": false, "isEnd": false}, {"problemId": 351686, "description": "I15", "isStart": false, "isEnd": false}, {"problemId": 351686, "description": "F18", "isStart": false, "isEnd": true}], "data.apiId": 351686}