{"data.grade": "7A", "data.userGrade": null, "data.method": "Screw ons only", "data.userRating": 0, "data.repeats": 0, "data.moves": [{"problemId": 335829, "description": "D5", "isStart": true, "isEnd": false}, {"problemId": 335829, "description": "J3", "isStart": true, "isEnd": false}, {"problemId": 335829, "description": "G8", "isStart": false, "isEnd": false}, {"problemId": 335829, "description": "D13", "isStart": false, "isEnd": false}, {"problemId": 335829, "description": "H16", "isStart": false, "isEnd": false}, {"problemId": 335829, "description": "F18", "isStart": false, "isEnd": true}], "data.apiId": 335829}