{"data.grade": "7A", "data.userGrade": "7A", "data.method": "Feet follow hands", "data.userRating": 4, "data.repeats": 5, "data.moves": [{"problemId": 435428, "description": "B3", "isStart": true, "isEnd": false}, {"problemId": 435428, "description": "D4", "isStart": true, "isEnd": false}, {"problemId": 435428, "description": "G6", "isStart": false, "isEnd": false}, {"problemId": 435428, "description": "D9", "isStart": false, "isEnd": false}, {"problemId": 435428, "description": "I10", "isStart": false, "isEnd": false}, {"problemId": 435428, "description": "G11", "isStart": false, "isEnd": false}, {"problemId": 435428, "description": "J14", "isStart": false, "isEnd": false}, {"problemId": 435428, "description": "G16", "isStart": false, "isEnd": false}, {"problemId": 435428, "description": "J18", "isStart": false, "isEnd": true}], "data.apiId": 435428}