{"data.grade": "7A", "data.userGrade": null, "data.method": "Feet follow hands", "data.userRating": 5, "data.repeats": 1, "data.moves": [{"problemId": 323164, "description": "E4", "isStart": true, "isEnd": false}, {"problemId": 323164, "description": "I5", "isStart": false, "isEnd": false}, {"problemId": 323164, "description": "H9", "isStart": false, "isEnd": false}, {"problemId": 323164, "description": "J13", "isStart": false, "isEnd": false}, {"problemId": 323164, "description": "G13", "isStart": false, "isEnd": false}, {"problemId": 323164, "description": "G18", "isStart": false, "isEnd": true}], "data.apiId": 323164}