{"data.grade": "7A", "data.userGrade": null, "data.method": "Feet follow hands", "data.userRating": 4, "data.repeats": 1, "data.moves": [{"problemId": 318536, "description": "F3", "isStart": true, "isEnd": false}, {"problemId": 318536, "description": "D3", "isStart": true, "isEnd": false}, {"problemId": 318536, "description": "F7", "isStart": false, "isEnd": false}, {"problemId": 318536, "description": "I10", "isStart": false, "isEnd": false}, {"problemId": 318536, "description": "G13", "isStart": false, "isEnd": false}, {"problemId": 318536, "description": "C17", "isStart": false, "isEnd": false}, {"problemId": 318536, "description": "C18", "isStart": false, "isEnd": true}, {"problemId": 318536, "description": "K5", "isStart": false, "isEnd": false}], "data.apiId": 318536}