{"data.grade": "7A", "data.userGrade": null, "data.method": "Feet follow hands", "data.userRating": 0, "data.repeats": 0, "data.moves": [{"problemId": 353293, "description": "I3", "isStart": true, "isEnd": false}, {"problemId": 353293, "description": "J5", "isStart": true, "isEnd": false}, {"problemId": 353293, "description": "H7", "isStart": false, "isEnd": false}, {"problemId": 353293, "description": "J10", "isStart": false, "isEnd": false}, {"problemId": 353293, "description": "H12", "isStart": false, "isEnd": false}, {"problemId": 353293, "description": "I15", "isStart": false, "isEnd": false}, {"problemId": 353293, "description": "F16", "isStart": false, "isEnd": false}, {"problemId": 353293, "description": "E18", "isStart": false, "isEnd": true}], "data.apiId": 353293}