{"data.grade": "7A", "data.userGrade": "7A", "data.method": "Feet follow hands", "data.userRating": 4, "data.repeats": 2, "data.moves": [{"problemId": 337801, "description": "J3", "isStart": true, "isEnd": false}, {"problemId": 337801, "description": "H6", "isStart": true, "isEnd": false}, {"problemId": 337801, "description": "J8", "isStart": false, "isEnd": false}, {"problemId": 337801, "description": "F10", "isStart": false, "isEnd": false}, {"problemId": 337801, "description": "A9", "isStart": false, "isEnd": false}, {"problemId": 337801, "description": "C15", "isStart": false, "isEnd": false}, {"problemId": 337801, "description": "F13", "isStart": false, "isEnd": false}, {"problemId": 337801, "description": "G18", "isStart": false, "isEnd": true}], "data.apiId": 337801}