{"data.grade": "7A", "data.userGrade": "7A", "data.method": "Feet follow hands", "data.userRating": 4, "data.repeats": 17, "data.moves": [{"problemId": 387095, "description": "A5", "isStart": true, "isEnd": false}, {"problemId": 387095, "description": "F5", "isStart": false, "isEnd": false}, {"problemId": 387095, "description": "E8", "isStart": false, "isEnd": false}, {"problemId": 387095, "description": "H9", "isStart": false, "isEnd": false}, {"problemId": 387095, "description": "H12", "isStart": false, "isEnd": false}, {"problemId": 387095, "description": "I14", "isStart": false, "isEnd": false}, {"problemId": 387095, "description": "F16", "isStart": false, "isEnd": false}, {"problemId": 387095, "description": "F18", "isStart": false, "isEnd": true}], "data.apiId": 387095}