{"data.grade": "7A", "data.userGrade": "7A", "data.method": "Feet follow hands", "data.userRating": 5, "data.repeats": 102, "data.moves": [{"problemId": 318261, "description": "A5", "isStart": true, "isEnd": false}, {"problemId": 318261, "description": "E8", "isStart": false, "isEnd": false}, {"problemId": 318261, "description": "A11", "isStart": false, "isEnd": false}, {"problemId": 318261, "description": "C13", "isStart": false, "isEnd": false}, {"problemId": 318261, "description": "H14", "isStart": false, "isEnd": false}, {"problemId": 318261, "description": "H17", "isStart": false, "isEnd": false}, {"problemId": 318261, "description": "K18", "isStart": false, "isEnd": true}], "data.apiId": 318261}