{"data.grade": "7A", "data.userGrade": null, "data.method": "Feet follow hands", "data.userRating": 5, "data.repeats": 4, "data.moves": [{"problemId": 335569, "description": "D5", "isStart": true, "isEnd": false}, {"problemId": 335569, "description": "G4", "isStart": true, "isEnd": false}, {"problemId": 335569, "description": "H9", "isStart": false, "isEnd": false}, {"problemId": 335569, "description": "J13", "isStart": false, "isEnd": false}, {"problemId": 335569, "description": "I11", "isStart": false, "isEnd": false}, {"problemId": 335569, "description": "F18", "isStart": false, "isEnd": true}, {"problemId": 335569, "description": "E15", "isStart": false, "isEnd": false}, {"problemId": 335569, "description": "G14", "isStart": false, "isEnd": false}], "data.apiId": 335569}