{"data.grade": "7A", "data.userGrade": null, "data.method": "Feet follow hands", "data.userRating": 0, "data.repeats": 0, "data.moves": [{"problemId": 380079, "description": "K2", "isStart": true, "isEnd": false}, {"problemId": 380079, "description": "I6", "isStart": true, "isEnd": false}, {"problemId": 380079, "description": "H8", "isStart": false, "isEnd": false}, {"problemId": 380079, "description": "J10", "isStart": false, "isEnd": false}, {"problemId": 380079, "description": "H12", "isStart": false, "isEnd": false}, {"problemId": 380079, "description": "K14", "isStart": false, "isEnd": false}, {"problemId": 380079, "description": "G16", "isStart": false, "isEnd": false}, {"problemId": 380079, "description": "G17", "isStart": false, "isEnd": false}, {"problemId": 380079, "description": "D16", "isStart": false, "isEnd": false}, {"problemId": 380079, "description": "D17", "isStart": false, "isEnd": false}, {"problemId": 380079, "description": "A18", "isStart": false, "isEnd": true}, {"problemId": 380079, "description": "F11", "isStart": false, "isEnd": false}], "data.apiId": 380079}