{"data.grade": "7A", "data.userGrade": null, "data.method": "Feet follow hands", "data.userRating": 5, "data.repeats": 6, "data.moves": [{"problemId": 347437, "description": "J4", "isStart": true, "isEnd": false}, {"problemId": 347437, "description": "K3", "isStart": true, "isEnd": false}, {"problemId": 347437, "description": "I5", "isStart": false, "isEnd": false}, {"problemId": 347437, "description": "E8", "isStart": false, "isEnd": false}, {"problemId": 347437, "description": "E11", "isStart": false, "isEnd": false}, {"problemId": 347437, "description": "A11", "isStart": false, "isEnd": false}, {"problemId": 347437, "description": "A15", "isStart": false, "isEnd": false}, {"problemId": 347437, "description": "A18", "isStart": false, "isEnd": true}], "data.apiId": 347437}