{"data.grade": "7A", "data.userGrade": "7A", "data.method": "Feet follow hands", "data.userRating": 5, "data.repeats": 5, "data.moves": [{"problemId": 308616, "description": "D5", "isStart": true, "isEnd": false}, {"problemId": 308616, "description": "F9", "isStart": false, "isEnd": false}, {"problemId": 308616, "description": "H12", "isStart": false, "isEnd": false}, {"problemId": 308616, "description": "C12", "isStart": false, "isEnd": false}, {"problemId": 308616, "description": "E16", "isStart": false, "isEnd": false}, {"problemId": 308616, "description": "C18", "isStart": false, "isEnd": true}], "data.apiId": 308616}