{"data.grade": "7A", "data.userGrade": "7A", "data.method": "Feet follow hands", "data.userRating": 4, "data.repeats": 29, "data.moves": [{"problemId": 397959, "description": "E4", "isStart": true, "isEnd": false}, {"problemId": 397959, "description": "I4", "isStart": true, "isEnd": false}, {"problemId": 397959, "description": "H9", "isStart": false, "isEnd": false}, {"problemId": 397959, "description": "G10", "isStart": false, "isEnd": false}, {"problemId": 397959, "description": "K11", "isStart": false, "isEnd": false}, {"problemId": 397959, "description": "K13", "isStart": false, "isEnd": false}, {"problemId": 397959, "description": "H15", "isStart": false, "isEnd": false}, {"problemId": 397959, "description": "H17", "isStart": false, "isEnd": false}, {"problemId": 397959, "description": "D18", "isStart": false, "isEnd": true}], "data.apiId": 397959}