{"data.grade": "7A", "data.userGrade": "7A", "data.method": "Feet follow hands", "data.userRating": 5, "data.repeats": 6, "data.moves": [{"problemId": 318033, "description": "B4", "isStart": true, "isEnd": false}, {"problemId": 318033, "description": "F3", "isStart": true, "isEnd": false}, {"problemId": 318033, "description": "D6", "isStart": false, "isEnd": false}, {"problemId": 318033, "description": "B7", "isStart": false, "isEnd": false}, {"problemId": 318033, "description": "F10", "isStart": false, "isEnd": false}, {"problemId": 318033, "description": "D11", "isStart": false, "isEnd": false}, {"problemId": 318033, "description": "F14", "isStart": false, "isEnd": false}, {"problemId": 318033, "description": "C12", "isStart": false, "isEnd": false}, {"problemId": 318033, "description": "F17", "isStart": false, "isEnd": false}, {"problemId": 318033, "description": "D18", "isStart": false, "isEnd": true}], "data.apiId": 318033}