{"data.grade": "7A", "data.userGrade": "7A", "data.method": "Feet follow hands", "data.userRating": 4, "data.repeats": 5, "data.moves": [{"problemId": 365513, "description": "C4", "isStart": true, "isEnd": false}, {"problemId": 365513, "description": "H6", "isStart": true, "isEnd": false}, {"problemId": 365513, "description": "F9", "isStart": false, "isEnd": false}, {"problemId": 365513, "description": "F13", "isStart": false, "isEnd": false}, {"problemId": 365513, "description": "C15", "isStart": false, "isEnd": false}, {"problemId": 365513, "description": "H18", "isStart": false, "isEnd": true}], "data.apiId": 365513}