{"data.grade": "7A", "data.userGrade": null, "data.method": "Feet follow hands", "data.userRating": 0, "data.repeats": 0, "data.moves": [{"problemId": 415740, "description": "A6", "isStart": true, "isEnd": false}, {"problemId": 415740, "description": "D7", "isStart": false, "isEnd": false}, {"problemId": 415740, "description": "B9", "isStart": false, "isEnd": false}, {"problemId": 415740, "description": "F11", "isStart": false, "isEnd": false}, {"problemId": 415740, "description": "G11", "isStart": false, "isEnd": false}, {"problemId": 415740, "description": "J13", "isStart": false, "isEnd": false}, {"problemId": 415740, "description": "K7", "isStart": false, "isEnd": false}, {"problemId": 415740, "description": "I16", "isStart": false, "isEnd": false}, {"problemId": 415740, "description": "H18", "isStart": false, "isEnd": true}], "data.apiId": 415740}