{"data.grade": "7A", "data.userGrade": null, "data.method": "Feet follow hands", "data.userRating": 4, "data.repeats": 3, "data.moves": [{"problemId": 314940, "description": "J6", "isStart": true, "isEnd": false}, {"problemId": 314940, "description": "H2", "isStart": true, "isEnd": false}, {"problemId": 314940, "description": "F7", "isStart": false, "isEnd": false}, {"problemId": 314940, "description": "F12", "isStart": false, "isEnd": false}, {"problemId": 314940, "description": "E14", "isStart": false, "isEnd": false}, {"problemId": 314940, "description": "D18", "isStart": false, "isEnd": true}], "data.apiId": 314940}