{"data.grade": "7A", "data.userGrade": null, "data.method": "Feet follow hands", "data.userRating": 4, "data.repeats": 7, "data.moves": [{"problemId": 402297, "description": "H4", "isStart": true, "isEnd": false}, {"problemId": 402297, "description": "D7", "isStart": false, "isEnd": false}, {"problemId": 402297, "description": "H9", "isStart": false, "isEnd": false}, {"problemId": 402297, "description": "H10", "isStart": false, "isEnd": false}, {"problemId": 402297, "description": "D11", "isStart": false, "isEnd": false}, {"problemId": 402297, "description": "G14", "isStart": false, "isEnd": false}, {"problemId": 402297, "description": "E16", "isStart": false, "isEnd": false}, {"problemId": 402297, "description": "F18", "isStart": false, "isEnd": true}, {"problemId": 402297, "description": "H18", "isStart": false, "isEnd": true}], "data.apiId": 402297}