{"data.grade": "7A", "data.userGrade": "7A", "data.method": "Feet follow hands", "data.userRating": 3, "data.repeats": 12, "data.moves": [{"problemId": 424397, "description": "B4", "isStart": true, "isEnd": false}, {"problemId": 424397, "description": "C3", "isStart": true, "isEnd": false}, {"problemId": 424397, "description": "F7", "isStart": false, "isEnd": false}, {"problemId": 424397, "description": "B10", "isStart": false, "isEnd": false}, {"problemId": 424397, "description": "F10", "isStart": false, "isEnd": false}, {"problemId": 424397, "description": "F13", "isStart": false, "isEnd": false}, {"problemId": 424397, "description": "I14", "isStart": false, "isEnd": false}, {"problemId": 424397, "description": "I16", "isStart": false, "isEnd": false}, {"problemId": 424397, "description": "H17", "isStart": false, "isEnd": false}, {"problemId": 424397, "description": "D18", "isStart": false, "isEnd": true}], "data.apiId": 424397}