{"data.grade": "7A", "data.userGrade": null, "data.method": "Feet follow hands", "data.userRating": 0, "data.repeats": 0, "data.moves": [{"problemId": 329364, "description": "C4", "isStart": true, "isEnd": false}, {"problemId": 329364, "description": "C8", "isStart": false, "isEnd": false}, {"problemId": 329364, "description": "A10", "isStart": false, "isEnd": false}, {"problemId": 329364, "description": "E14", "isStart": false, "isEnd": false}, {"problemId": 329364, "description": "D13", "isStart": false, "isEnd": false}, {"problemId": 329364, "description": "I14", "isStart": false, "isEnd": false}, {"problemId": 329364, "description": "H15", "isStart": false, "isEnd": false}, {"problemId": 329364, "description": "K18", "isStart": false, "isEnd": true}, {"problemId": 329364, "description": "K8", "isStart": false, "isEnd": false}], "data.apiId": 329364}