{"data.grade": "7A", "data.userGrade": "7A", "data.method": "Feet follow hands", "data.userRating": 5, "data.repeats": 5, "data.moves": [{"problemId": 401942, "description": "G5", "isStart": true, "isEnd": false}, {"problemId": 401942, "description": "D5", "isStart": true, "isEnd": false}, {"problemId": 401942, "description": "D7", "isStart": false, "isEnd": false}, {"problemId": 401942, "description": "B7", "isStart": false, "isEnd": false}, {"problemId": 401942, "description": "D10", "isStart": false, "isEnd": false}, {"problemId": 401942, "description": "G9", "isStart": false, "isEnd": false}, {"problemId": 401942, "description": "I14", "isStart": false, "isEnd": false}, {"problemId": 401942, "description": "H18", "isStart": false, "isEnd": true}, {"problemId": 401942, "description": "G16", "isStart": false, "isEnd": false}, {"problemId": 401942, "description": "G12", "isStart": false, "isEnd": false}], "data.apiId": 401942}