{"data.grade": "7A", "data.userGrade": "7A", "data.method": "Feet follow hands", "data.userRating": 4, "data.repeats": 17, "data.moves": [{"problemId": 378757, "description": "K6", "isStart": true, "isEnd": false}, {"problemId": 378757, "description": "J4", "isStart": true, "isEnd": false}, {"problemId": 378757, "description": "K9", "isStart": false, "isEnd": false}, {"problemId": 378757, "description": "H11", "isStart": false, "isEnd": false}, {"problemId": 378757, "description": "J13", "isStart": false, "isEnd": false}, {"problemId": 378757, "description": "I16", "isStart": false, "isEnd": false}, {"problemId": 378757, "description": "E11", "isStart": false, "isEnd": false}, {"problemId": 378757, "description": "H18", "isStart": false, "isEnd": true}], "data.apiId": 378757}