{"data.grade": "7A", "data.userGrade": null, "data.method": "Feet follow hands", "data.userRating": 5, "data.repeats": 7, "data.moves": [{"problemId": 400936, "description": "H5", "isStart": true, "isEnd": false}, {"problemId": 400936, "description": "G9", "isStart": false, "isEnd": false}, {"problemId": 400936, "description": "D10", "isStart": false, "isEnd": false}, {"problemId": 400936, "description": "F11", "isStart": false, "isEnd": false}, {"problemId": 400936, "description": "A11", "isStart": false, "isEnd": false}, {"problemId": 400936, "description": "C16", "isStart": false, "isEnd": false}, {"problemId": 400936, "description": "A6", "isStart": false, "isEnd": false}, {"problemId": 400936, "description": "G18", "isStart": false, "isEnd": true}], "data.apiId": 400936}