{"data.grade": "7A", "data.userGrade": "7A", "data.method": "Feet follow hands", "data.userRating": 5, "data.repeats": 5, "data.moves": [{"problemId": 342293, "description": "E4", "isStart": true, "isEnd": false}, {"problemId": 342293, "description": "H4", "isStart": true, "isEnd": false}, {"problemId": 342293, "description": "J9", "isStart": false, "isEnd": false}, {"problemId": 342293, "description": "H11", "isStart": false, "isEnd": false}, {"problemId": 342293, "description": "J15", "isStart": false, "isEnd": false}, {"problemId": 342293, "description": "H18", "isStart": false, "isEnd": true}], "data.apiId": 342293}