{"data.grade": "7A", "data.userGrade": "6C+", "data.method": "Feet follow hands", "data.userRating": 4, "data.repeats": 17, "data.moves": [{"problemId": 436698, "description": "H5", "isStart": true, "isEnd": false}, {"problemId": 436698, "description": "F8", "isStart": false, "isEnd": false}, {"problemId": 436698, "description": "I10", "isStart": false, "isEnd": false}, {"problemId": 436698, "description": "G11", "isStart": false, "isEnd": false}, {"problemId": 436698, "description": "J13", "isStart": false, "isEnd": false}, {"problemId": 436698, "description": "H15", "isStart": false, "isEnd": false}, {"problemId": 436698, "description": "J17", "isStart": false, "isEnd": false}, {"problemId": 436698, "description": "H18", "isStart": false, "isEnd": false}, {"problemId": 436698, "description": "F18", "isStart": false, "isEnd": false}, {"problemId": 436698, "description": "E18", "isStart": false, "isEnd": true}], "data.apiId": 436698}