{"data.grade": "7A", "data.userGrade": null, "data.method": "Feet follow hands", "data.userRating": 4, "data.repeats": 4, "data.moves": [{"problemId": 366020, "description": "C7", "isStart": false, "isEnd": false}, {"problemId": 366020, "description": "G7", "isStart": false, "isEnd": false}, {"problemId": 366020, "description": "F10", "isStart": false, "isEnd": false}, {"problemId": 366020, "description": "F5", "isStart": true, "isEnd": false}, {"problemId": 366020, "description": "J11", "isStart": false, "isEnd": false}, {"problemId": 366020, "description": "I13", "isStart": false, "isEnd": false}, {"problemId": 366020, "description": "K7", "isStart": false, "isEnd": false}, {"problemId": 366020, "description": "J16", "isStart": false, "isEnd": false}, {"problemId": 366020, "description": "E18", "isStart": false, "isEnd": true}, {"problemId": 366020, "description": "G2", "isStart": false, "isEnd": false}], "data.apiId": 366020}