{"data.grade": "7A", "data.userGrade": null, "data.method": "Feet follow hands + screw ons", "data.userRating": 5, "data.repeats": 1, "data.moves": [{"problemId": 349434, "description": "F5", "isStart": true, "isEnd": false}, {"problemId": 349434, "description": "I8", "isStart": false, "isEnd": false}, {"problemId": 349434, "description": "E12", "isStart": false, "isEnd": false}, {"problemId": 349434, "description": "D15", "isStart": false, "isEnd": false}, {"problemId": 349434, "description": "B18", "isStart": false, "isEnd": true}], "data.apiId": 349434}