{"data.grade": "7A", "data.userGrade": null, "data.method": "Feet follow hands", "data.userRating": 5, "data.repeats": 6, "data.moves": [{"problemId": 311384, "description": "C4", "isStart": true, "isEnd": false}, {"problemId": 311384, "description": "H3", "isStart": false, "isEnd": false}, {"problemId": 311384, "description": "G7", "isStart": false, "isEnd": false}, {"problemId": 311384, "description": "D11", "isStart": false, "isEnd": false}, {"problemId": 311384, "description": "G13", "isStart": false, "isEnd": false}, {"problemId": 311384, "description": "J18", "isStart": false, "isEnd": true}], "data.apiId": 311384}