{"data.grade": "7A", "data.userGrade": null, "data.method": "Feet follow hands", "data.userRating": 5, "data.repeats": 1, "data.moves": [{"problemId": 350029, "description": "H1", "isStart": true, "isEnd": false}, {"problemId": 350029, "description": "F2", "isStart": true, "isEnd": false}, {"problemId": 350029, "description": "H4", "isStart": false, "isEnd": false}, {"problemId": 350029, "description": "H6", "isStart": false, "isEnd": false}, {"problemId": 350029, "description": "K9", "isStart": false, "isEnd": false}, {"problemId": 350029, "description": "F11", "isStart": false, "isEnd": false}, {"problemId": 350029, "description": "E13", "isStart": false, "isEnd": false}, {"problemId": 350029, "description": "I18", "isStart": false, "isEnd": true}], "data.apiId": 350029}