{"data.grade": "7A", "data.userGrade": null, "data.method": "Feet follow hands", "data.userRating": 4, "data.repeats": 1, "data.moves": [{"problemId": 363546, "description": "H8", "isStart": false, "isEnd": false}, {"problemId": 363546, "description": "C4", "isStart": true, "isEnd": false}, {"problemId": 363546, "description": "C7", "isStart": false, "isEnd": false}, {"problemId": 363546, "description": "H12", "isStart": false, "isEnd": false}, {"problemId": 363546, "description": "K6", "isStart": false, "isEnd": false}, {"problemId": 363546, "description": "K14", "isStart": false, "isEnd": false}, {"problemId": 363546, "description": "F17", "isStart": false, "isEnd": false}, {"problemId": 363546, "description": "K18", "isStart": false, "isEnd": true}], "data.apiId": 363546}