{"data.grade": "7A", "data.userGrade": null, "data.method": "Feet follow hands", "data.userRating": 4, "data.repeats": 1, "data.moves": [{"problemId": 353836, "description": "K9", "isStart": false, "isEnd": false}, {"problemId": 353836, "description": "K5", "isStart": true, "isEnd": false}, {"problemId": 353836, "description": "F8", "isStart": false, "isEnd": false}, {"problemId": 353836, "description": "H2", "isStart": true, "isEnd": false}, {"problemId": 353836, "description": "G12", "isStart": false, "isEnd": false}, {"problemId": 353836, "description": "H14", "isStart": false, "isEnd": false}, {"problemId": 353836, "description": "E18", "isStart": false, "isEnd": true}], "data.apiId": 353836}