{"data.grade": "7A", "data.userGrade": null, "data.method": "Feet follow hands", "data.userRating": 5, "data.repeats": 1, "data.moves": [{"problemId": 335597, "description": "J4", "isStart": true, "isEnd": false}, {"problemId": 335597, "description": "K3", "isStart": true, "isEnd": false}, {"problemId": 335597, "description": "H9", "isStart": false, "isEnd": false}, {"problemId": 335597, "description": "G7", "isStart": false, "isEnd": false}, {"problemId": 335597, "description": "G13", "isStart": false, "isEnd": false}, {"problemId": 335597, "description": "B18", "isStart": false, "isEnd": true}, {"problemId": 335597, "description": "C14", "isStart": false, "isEnd": false}], "data.apiId": 335597}