{"data.grade": "7A", "data.userGrade": "7A", "data.method": "Feet follow hands", "data.userRating": 4, "data.repeats": 18, "data.moves": [{"problemId": 368963, "description": "G6", "isStart": true, "isEnd": false}, {"problemId": 368963, "description": "K6", "isStart": true, "isEnd": false}, {"problemId": 368963, "description": "I10", "isStart": false, "isEnd": false}, {"problemId": 368963, "description": "D2", "isStart": false, "isEnd": false}, {"problemId": 368963, "description": "D11", "isStart": false, "isEnd": false}, {"problemId": 368963, "description": "G13", "isStart": false, "isEnd": false}, {"problemId": 368963, "description": "F18", "isStart": false, "isEnd": true}, {"problemId": 368963, "description": "H18", "isStart": false, "isEnd": true}, {"problemId": 368963, "description": "B7", "isStart": false, "isEnd": false}], "data.apiId": 368963}