{"data.grade": "7A", "data.userGrade": "7A", "data.method": "Feet follow hands", "data.userRating": 4, "data.repeats": 3, "data.moves": [{"problemId": 425259, "description": "F10", "isStart": false, "isEnd": false}, {"problemId": 425259, "description": "F13", "isStart": false, "isEnd": false}, {"problemId": 425259, "description": "H9", "isStart": false, "isEnd": false}, {"problemId": 425259, "description": "G6", "isStart": true, "isEnd": false}, {"problemId": 425259, "description": "J4", "isStart": true, "isEnd": false}, {"problemId": 425259, "description": "C15", "isStart": false, "isEnd": false}, {"problemId": 425259, "description": "F16", "isStart": false, "isEnd": false}, {"problemId": 425259, "description": "G17", "isStart": false, "isEnd": false}, {"problemId": 425259, "description": "K18", "isStart": false, "isEnd": true}], "data.apiId": 425259}