{"data.grade": "7A", "data.userGrade": null, "data.method": "Feet follow hands", "data.userRating": 4, "data.repeats": 1, "data.moves": [{"problemId": 350887, "description": "E13", "isStart": false, "isEnd": false}, {"problemId": 350887, "description": "K18", "isStart": false, "isEnd": true}, {"problemId": 350887, "description": "C8", "isStart": false, "isEnd": false}, {"problemId": 350887, "description": "B9", "isStart": false, "isEnd": false}, {"problemId": 350887, "description": "K12", "isStart": false, "isEnd": false}, {"problemId": 350887, "description": "D6", "isStart": true, "isEnd": false}, {"problemId": 350887, "description": "C1", "isStart": true, "isEnd": false}, {"problemId": 350887, "description": "G5", "isStart": false, "isEnd": false}, {"problemId": 350887, "description": "F17", "isStart": false, "isEnd": false}], "data.apiId": 350887}