{"data.grade": "7A", "data.userGrade": "7A", "data.method": "Feet follow hands", "data.userRating": 4, "data.repeats": 8, "data.moves": [{"problemId": 369185, "description": "H5", "isStart": true, "isEnd": false}, {"problemId": 369185, "description": "J2", "isStart": true, "isEnd": false}, {"problemId": 369185, "description": "E7", "isStart": false, "isEnd": false}, {"problemId": 369185, "description": "I7", "isStart": false, "isEnd": false}, {"problemId": 369185, "description": "E13", "isStart": false, "isEnd": false}, {"problemId": 369185, "description": "J18", "isStart": false, "isEnd": true}], "data.apiId": 369185}