{"data.grade": "7A", "data.userGrade": "7A", "data.method": "Feet follow hands + screw ons", "data.userRating": 5, "data.repeats": 1, "data.moves": [{"problemId": 437062, "description": "J6", "isStart": true, "isEnd": false}, {"problemId": 437062, "description": "G6", "isStart": true, "isEnd": false}, {"problemId": 437062, "description": "I10", "isStart": false, "isEnd": false}, {"problemId": 437062, "description": "D12", "isStart": false, "isEnd": false}, {"problemId": 437062, "description": "I13", "isStart": false, "isEnd": false}, {"problemId": 437062, "description": "F17", "isStart": false, "isEnd": false}, {"problemId": 437062, "description": "E18", "isStart": false, "isEnd": true}], "data.apiId": 437062}