{"data.grade": "7A", "data.userGrade": null, "data.method": "Feet follow hands", "data.userRating": 4, "data.repeats": 1, "data.moves": [{"problemId": 393160, "description": "I5", "isStart": true, "isEnd": false}, {"problemId": 393160, "description": "G3", "isStart": true, "isEnd": false}, {"problemId": 393160, "description": "F7", "isStart": false, "isEnd": false}, {"problemId": 393160, "description": "F10", "isStart": false, "isEnd": false}, {"problemId": 393160, "description": "D12", "isStart": false, "isEnd": false}, {"problemId": 393160, "description": "A8", "isStart": false, "isEnd": false}, {"problemId": 393160, "description": "G15", "isStart": false, "isEnd": false}, {"problemId": 393160, "description": "H17", "isStart": false, "isEnd": false}, {"problemId": 393160, "description": "I18", "isStart": false, "isEnd": true}], "data.apiId": 393160}