{"data.grade": "7A", "data.userGrade": null, "data.method": "Feet follow hands", "data.userRating": 0, "data.repeats": 0, "data.moves": [{"problemId": 343947, "description": "D5", "isStart": true, "isEnd": false}, {"problemId": 343947, "description": "H6", "isStart": true, "isEnd": false}, {"problemId": 343947, "description": "F10", "isStart": false, "isEnd": false}, {"problemId": 343947, "description": "D13", "isStart": false, "isEnd": false}, {"problemId": 343947, "description": "G16", "isStart": false, "isEnd": false}, {"problemId": 343947, "description": "K18", "isStart": false, "isEnd": true}, {"problemId": 343947, "description": "I9", "isStart": false, "isEnd": false}], "data.apiId": 343947}