{"data.grade": "7A", "data.userGrade": null, "data.method": "Feet follow hands", "data.userRating": 4, "data.repeats": 4, "data.moves": [{"problemId": 395198, "description": "F1", "isStart": true, "isEnd": false}, {"problemId": 395198, "description": "J4", "isStart": true, "isEnd": false}, {"problemId": 395198, "description": "H6", "isStart": false, "isEnd": false}, {"problemId": 395198, "description": "K9", "isStart": false, "isEnd": false}, {"problemId": 395198, "description": "H12", "isStart": false, "isEnd": false}, {"problemId": 395198, "description": "I12", "isStart": false, "isEnd": false}, {"problemId": 395198, "description": "E14", "isStart": false, "isEnd": false}, {"problemId": 395198, "description": "I13", "isStart": false, "isEnd": false}, {"problemId": 395198, "description": "H18", "isStart": false, "isEnd": true}], "data.apiId": 395198}