{"data.grade": "7A", "data.userGrade": null, "data.method": "Feet follow hands + screw ons", "data.userRating": 5, "data.repeats": 1, "data.moves": [{"problemId": 322915, "description": "B4", "isStart": true, "isEnd": false}, {"problemId": 322915, "description": "G7", "isStart": false, "isEnd": false}, {"problemId": 322915, "description": "F6", "isStart": true, "isEnd": false}, {"problemId": 322915, "description": "H9", "isStart": false, "isEnd": false}, {"problemId": 322915, "description": "K13", "isStart": false, "isEnd": false}, {"problemId": 322915, "description": "G16", "isStart": false, "isEnd": false}, {"problemId": 322915, "description": "I12", "isStart": false, "isEnd": false}, {"problemId": 322915, "description": "F18", "isStart": false, "isEnd": true}], "data.apiId": 322915}