{"data.grade": "7A", "data.userGrade": null, "data.method": "Feet follow hands", "data.userRating": 0, "data.repeats": 0, "data.moves": [{"problemId": 375017, "description": "B3", "isStart": true, "isEnd": false}, {"problemId": 375017, "description": "A6", "isStart": true, "isEnd": false}, {"problemId": 375017, "description": "E11", "isStart": false, "isEnd": false}, {"problemId": 375017, "description": "E13", "isStart": false, "isEnd": false}, {"problemId": 375017, "description": "F18", "isStart": false, "isEnd": true}], "data.apiId": 375017}