{"data.grade": "7A", "data.userGrade": null, "data.method": "Feet follow hands", "data.userRating": 4, "data.repeats": 1, "data.moves": [{"problemId": 350055, "description": "G6", "isStart": true, "isEnd": false}, {"problemId": 350055, "description": "K3", "isStart": true, "isEnd": false}, {"problemId": 350055, "description": "I10", "isStart": false, "isEnd": false}, {"problemId": 350055, "description": "D12", "isStart": false, "isEnd": false}, {"problemId": 350055, "description": "F15", "isStart": false, "isEnd": false}, {"problemId": 350055, "description": "D16", "isStart": false, "isEnd": false}, {"problemId": 350055, "description": "H18", "isStart": false, "isEnd": true}], "data.apiId": 350055}