{"data.grade": "7A", "data.userGrade": null, "data.method": "Feet follow hands", "data.userRating": 4, "data.repeats": 1, "data.moves": [{"problemId": 402065, "description": "F5", "isStart": true, "isEnd": false}, {"problemId": 402065, "description": "B9", "isStart": false, "isEnd": false}, {"problemId": 402065, "description": "A12", "isStart": false, "isEnd": false}, {"problemId": 402065, "description": "E14", "isStart": false, "isEnd": false}, {"problemId": 402065, "description": "E18", "isStart": false, "isEnd": true}], "data.apiId": 402065}