{"data.grade": "7A", "data.userGrade": "7A", "data.method": "Feet follow hands", "data.userRating": 5, "data.repeats": 6, "data.moves": [{"problemId": 344027, "description": "B3", "isStart": true, "isEnd": false}, {"problemId": 344027, "description": "G2", "isStart": true, "isEnd": false}, {"problemId": 344027, "description": "E7", "isStart": false, "isEnd": false}, {"problemId": 344027, "description": "H9", "isStart": false, "isEnd": false}, {"problemId": 344027, "description": "H11", "isStart": false, "isEnd": false}, {"problemId": 344027, "description": "J13", "isStart": false, "isEnd": false}, {"problemId": 344027, "description": "E15", "isStart": false, "isEnd": false}, {"problemId": 344027, "description": "G15", "isStart": false, "isEnd": false}, {"problemId": 344027, "description": "F18", "isStart": false, "isEnd": true}], "data.apiId": 344027}