{"data.grade": "7A", "data.userGrade": null, "data.method": "Feet follow hands", "data.userRating": 0, "data.repeats": 0, "data.moves": [{"problemId": 425627, "description": "H3", "isStart": true, "isEnd": false}, {"problemId": 425627, "description": "E4", "isStart": true, "isEnd": false}, {"problemId": 425627, "description": "I5", "isStart": false, "isEnd": false}, {"problemId": 425627, "description": "G13", "isStart": false, "isEnd": false}, {"problemId": 425627, "description": "B18", "isStart": false, "isEnd": true}, {"problemId": 425627, "description": "F8", "isStart": false, "isEnd": false}, {"problemId": 425627, "description": "J3", "isStart": false, "isEnd": false}], "data.apiId": 425627}