{"data.grade": "7A", "data.userGrade": null, "data.method": "Feet follow hands", "data.userRating": 5, "data.repeats": 2, "data.moves": [{"problemId": 413318, "description": "A5", "isStart": true, "isEnd": false}, {"problemId": 413318, "description": "F3", "isStart": true, "isEnd": false}, {"problemId": 413318, "description": "D9", "isStart": false, "isEnd": false}, {"problemId": 413318, "description": "I10", "isStart": false, "isEnd": false}, {"problemId": 413318, "description": "J8", "isStart": false, "isEnd": false}, {"problemId": 413318, "description": "K6", "isStart": false, "isEnd": false}, {"problemId": 413318, "description": "I12", "isStart": false, "isEnd": false}, {"problemId": 413318, "description": "K13", "isStart": false, "isEnd": false}, {"problemId": 413318, "description": "H18", "isStart": false, "isEnd": true}], "data.apiId": 413318}