{"data.grade": "7A", "data.userGrade": "7A", "data.method": "Feet follow hands", "data.userRating": 5, "data.repeats": 11, "data.moves": [{"problemId": 340545, "description": "I5", "isStart": true, "isEnd": false}, {"problemId": 340545, "description": "G4", "isStart": true, "isEnd": false}, {"problemId": 340545, "description": "F7", "isStart": false, "isEnd": false}, {"problemId": 340545, "description": "I9", "isStart": false, "isEnd": false}, {"problemId": 340545, "description": "F11", "isStart": false, "isEnd": false}, {"problemId": 340545, "description": "F13", "isStart": false, "isEnd": false}, {"problemId": 340545, "description": "C15", "isStart": false, "isEnd": false}, {"problemId": 340545, "description": "F17", "isStart": false, "isEnd": false}, {"problemId": 340545, "description": "C18", "isStart": false, "isEnd": true}], "data.apiId": 340545}