{"data.grade": "7A", "data.userGrade": "7A", "data.method": "Feet follow hands", "data.userRating": 4, "data.repeats": 11, "data.moves": [{"problemId": 446047, "description": "D9", "isStart": false, "isEnd": false}, {"problemId": 446047, "description": "G13", "isStart": false, "isEnd": false}, {"problemId": 446047, "description": "D18", "isStart": false, "isEnd": true}, {"problemId": 446047, "description": "I4", "isStart": true, "isEnd": false}, {"problemId": 446047, "description": "D3", "isStart": true, "isEnd": false}, {"problemId": 446047, "description": "C7", "isStart": false, "isEnd": false}, {"problemId": 446047, "description": "G6", "isStart": false, "isEnd": false}, {"problemId": 446047, "description": "C15", "isStart": false, "isEnd": false}], "data.apiId": 446047}