{"data.grade": "7A", "data.userGrade": null, "data.method": "Feet follow hands", "data.userRating": 0, "data.repeats": 0, "data.moves": [{"problemId": 312550, "description": "G8", "isStart": false, "isEnd": false}, {"problemId": 312550, "description": "C11", "isStart": false, "isEnd": false}, {"problemId": 312550, "description": "C13", "isStart": false, "isEnd": false}, {"problemId": 312550, "description": "I13", "isStart": false, "isEnd": false}, {"problemId": 312550, "description": "H18", "isStart": false, "isEnd": true}, {"problemId": 312550, "description": "E4", "isStart": true, "isEnd": false}, {"problemId": 312550, "description": "J2", "isStart": true, "isEnd": false}, {"problemId": 312550, "description": "A8", "isStart": false, "isEnd": false}, {"problemId": 312550, "description": "C2", "isStart": false, "isEnd": false}], "data.apiId": 312550}