{"data.grade": "7A", "data.userGrade": "7A", "data.method": "Feet follow hands", "data.userRating": 4, "data.repeats": 5, "data.moves": [{"problemId": 420031, "description": "A6", "isStart": true, "isEnd": false}, {"problemId": 420031, "description": "A5", "isStart": true, "isEnd": false}, {"problemId": 420031, "description": "F8", "isStart": false, "isEnd": false}, {"problemId": 420031, "description": "D12", "isStart": false, "isEnd": false}, {"problemId": 420031, "description": "J13", "isStart": false, "isEnd": false}, {"problemId": 420031, "description": "E15", "isStart": false, "isEnd": false}, {"problemId": 420031, "description": "J18", "isStart": false, "isEnd": true}], "data.apiId": 420031}