{"data.grade": "7A", "data.userGrade": "7A", "data.method": "Feet follow hands", "data.userRating": 4, "data.repeats": 10, "data.moves": [{"problemId": 309017, "description": "C4", "isStart": true, "isEnd": false}, {"problemId": 309017, "description": "D9", "isStart": false, "isEnd": false}, {"problemId": 309017, "description": "H10", "isStart": false, "isEnd": false}, {"problemId": 309017, "description": "F14", "isStart": false, "isEnd": false}, {"problemId": 309017, "description": "H18", "isStart": false, "isEnd": true}], "data.apiId": 309017}