{"data.grade": "7A", "data.userGrade": null, "data.method": "Feet follow hands", "data.userRating": 0, "data.repeats": 0, "data.moves": [{"problemId": 452193, "description": "B6", "isStart": true, "isEnd": false}, {"problemId": 452193, "description": "B4", "isStart": true, "isEnd": false}, {"problemId": 452193, "description": "G7", "isStart": false, "isEnd": false}, {"problemId": 452193, "description": "G3", "isStart": false, "isEnd": false}, {"problemId": 452193, "description": "G11", "isStart": false, "isEnd": false}, {"problemId": 452193, "description": "K13", "isStart": false, "isEnd": false}, {"problemId": 452193, "description": "F14", "isStart": false, "isEnd": false}, {"problemId": 452193, "description": "E14", "isStart": false, "isEnd": false}, {"problemId": 452193, "description": "A14", "isStart": false, "isEnd": false}, {"problemId": 452193, "description": "B18", "isStart": false, "isEnd": true}], "data.apiId": 452193}