{"data.grade": "7A", "data.userGrade": null, "data.method": "Feet follow hands", "data.userRating": 0, "data.repeats": 0, "data.moves": [{"problemId": 377074, "description": "E6", "isStart": true, "isEnd": false}, {"problemId": 377074, "description": "F4", "isStart": true, "isEnd": false}, {"problemId": 377074, "description": "J8", "isStart": false, "isEnd": false}, {"problemId": 377074, "description": "H11", "isStart": false, "isEnd": false}, {"problemId": 377074, "description": "J12", "isStart": false, "isEnd": false}, {"problemId": 377074, "description": "C12", "isStart": false, "isEnd": false}, {"problemId": 377074, "description": "C16", "isStart": false, "isEnd": false}, {"problemId": 377074, "description": "B18", "isStart": false, "isEnd": true}], "data.apiId": 377074}