{"data.grade": "7A", "data.userGrade": "7A", "data.method": "Feet follow hands", "data.userRating": 5, "data.repeats": 1, "data.moves": [{"problemId": 443617, "description": "E3", "isStart": true, "isEnd": false}, {"problemId": 443617, "description": "H5", "isStart": true, "isEnd": false}, {"problemId": 443617, "description": "I8", "isStart": false, "isEnd": false}, {"problemId": 443617, "description": "E12", "isStart": false, "isEnd": false}, {"problemId": 443617, "description": "I13", "isStart": false, "isEnd": false}, {"problemId": 443617, "description": "D16", "isStart": false, "isEnd": false}, {"problemId": 443617, "description": "I18", "isStart": false, "isEnd": true}], "data.apiId": 443617}