{"data.grade": "7A", "data.userGrade": "7A", "data.method": "Feet follow hands", "data.userRating": 4, "data.repeats": 36, "data.moves": [{"problemId": 335059, "description": "J8", "isStart": false, "isEnd": false}, {"problemId": 335059, "description": "F10", "isStart": false, "isEnd": false}, {"problemId": 335059, "description": "F13", "isStart": false, "isEnd": false}, {"problemId": 335059, "description": "C15", "isStart": false, "isEnd": false}, {"problemId": 335059, "description": "F18", "isStart": false, "isEnd": true}, {"problemId": 335059, "description": "G6", "isStart": true, "isEnd": false}, {"problemId": 335059, "description": "J3", "isStart": true, "isEnd": false}], "data.apiId": 335059}