{"data.grade": "7A", "data.userGrade": "7A", "data.method": "Feet follow hands", "data.userRating": 4, "data.repeats": 10, "data.moves": [{"problemId": 434643, "description": "A5", "isStart": true, "isEnd": false}, {"problemId": 434643, "description": "G8", "isStart": false, "isEnd": false}, {"problemId": 434643, "description": "B10", "isStart": false, "isEnd": false}, {"problemId": 434643, "description": "G13", "isStart": false, "isEnd": false}, {"problemId": 434643, "description": "F3", "isStart": true, "isEnd": false}, {"problemId": 434643, "description": "H15", "isStart": false, "isEnd": false}, {"problemId": 434643, "description": "K18", "isStart": false, "isEnd": true}], "data.apiId": 434643}