{"data.grade": "7A", "data.userGrade": null, "data.method": "Feet follow hands", "data.userRating": 0, "data.repeats": 0, "data.moves": [{"problemId": 350330, "description": "H6", "isStart": true, "isEnd": false}, {"problemId": 350330, "description": "D3", "isStart": true, "isEnd": false}, {"problemId": 350330, "description": "C2", "isStart": false, "isEnd": false}, {"problemId": 350330, "description": "F10", "isStart": false, "isEnd": false}, {"problemId": 350330, "description": "D11", "isStart": false, "isEnd": false}, {"problemId": 350330, "description": "A12", "isStart": false, "isEnd": false}, {"problemId": 350330, "description": "G14", "isStart": false, "isEnd": false}, {"problemId": 350330, "description": "C15", "isStart": false, "isEnd": false}, {"problemId": 350330, "description": "D17", "isStart": false, "isEnd": false}, {"problemId": 350330, "description": "A18", "isStart": false, "isEnd": true}], "data.apiId": 350330}