{"data.grade": "7A", "data.userGrade": "7A", "data.method": "Feet follow hands", "data.userRating": 3, "data.repeats": 1, "data.moves": [{"problemId": 428819, "description": "H6", "isStart": true, "isEnd": false}, {"problemId": 428819, "description": "C8", "isStart": false, "isEnd": false}, {"problemId": 428819, "description": "F11", "isStart": false, "isEnd": false}, {"problemId": 428819, "description": "C13", "isStart": false, "isEnd": false}, {"problemId": 428819, "description": "D18", "isStart": false, "isEnd": true}], "data.apiId": 428819}