{"data.grade": "7A", "data.userGrade": "7A", "data.method": "Feet follow hands", "data.userRating": 4, "data.repeats": 42, "data.moves": [{"problemId": 355327, "description": "D4", "isStart": true, "isEnd": false}, {"problemId": 355327, "description": "H2", "isStart": true, "isEnd": false}, {"problemId": 355327, "description": "H8", "isStart": false, "isEnd": false}, {"problemId": 355327, "description": "D10", "isStart": false, "isEnd": false}, {"problemId": 355327, "description": "I13", "isStart": false, "isEnd": false}, {"problemId": 355327, "description": "C14", "isStart": false, "isEnd": false}, {"problemId": 355327, "description": "E18", "isStart": false, "isEnd": true}], "data.apiId": 355327}