{"data.grade": "7A", "data.userGrade": "7A", "data.method": "Screw ons only", "data.userRating": 4, "data.repeats": 1, "data.moves": [{"problemId": 358124, "description": "D5", "isStart": true, "isEnd": false}, {"problemId": 358124, "description": "G10", "isStart": false, "isEnd": false}, {"problemId": 358124, "description": "D11", "isStart": false, "isEnd": false}, {"problemId": 358124, "description": "I14", "isStart": false, "isEnd": false}, {"problemId": 358124, "description": "H17", "isStart": false, "isEnd": false}, {"problemId": 358124, "description": "K18", "isStart": false, "isEnd": true}], "data.apiId": 358124}