{"data.grade": "7A", "data.userGrade": "7A", "data.method": "Feet follow hands", "data.userRating": 4, "data.repeats": 48, "data.moves": [{"problemId": 385100, "description": "H3", "isStart": true, "isEnd": false}, {"problemId": 385100, "description": "E4", "isStart": true, "isEnd": false}, {"problemId": 385100, "description": "F7", "isStart": false, "isEnd": false}, {"problemId": 385100, "description": "F12", "isStart": false, "isEnd": false}, {"problemId": 385100, "description": "B9", "isStart": false, "isEnd": false}, {"problemId": 385100, "description": "D15", "isStart": false, "isEnd": false}, {"problemId": 385100, "description": "D18", "isStart": false, "isEnd": true}], "data.apiId": 385100}