{"data.grade": "7A", "data.userGrade": null, "data.method": "Feet follow hands", "data.userRating": 3, "data.repeats": 3, "data.moves": [{"problemId": 331908, "description": "F5", "isStart": true, "isEnd": false}, {"problemId": 331908, "description": "D9", "isStart": false, "isEnd": false}, {"problemId": 331908, "description": "I10", "isStart": false, "isEnd": false}, {"problemId": 331908, "description": "G12", "isStart": false, "isEnd": false}, {"problemId": 331908, "description": "H13", "isStart": false, "isEnd": false}, {"problemId": 331908, "description": "E15", "isStart": false, "isEnd": false}, {"problemId": 331908, "description": "H18", "isStart": false, "isEnd": true}], "data.apiId": 331908}