{"data.grade": "7A", "data.userGrade": "7A", "data.method": "Feet follow hands", "data.userRating": 4, "data.repeats": 2, "data.moves": [{"problemId": 448124, "description": "C4", "isStart": true, "isEnd": false}, {"problemId": 448124, "description": "C7", "isStart": false, "isEnd": false}, {"problemId": 448124, "description": "G8", "isStart": false, "isEnd": false}, {"problemId": 448124, "description": "H11", "isStart": false, "isEnd": false}, {"problemId": 448124, "description": "J13", "isStart": false, "isEnd": false}, {"problemId": 448124, "description": "G16", "isStart": false, "isEnd": false}, {"problemId": 448124, "description": "H18", "isStart": false, "isEnd": true}], "data.apiId": 448124}