{"data.grade": "7A", "data.userGrade": null, "data.method": "Feet follow hands", "data.userRating": 5, "data.repeats": 5, "data.moves": [{"problemId": 401782, "description": "B3", "isStart": true, "isEnd": false}, {"problemId": 401782, "description": "F2", "isStart": true, "isEnd": false}, {"problemId": 401782, "description": "D9", "isStart": false, "isEnd": false}, {"problemId": 401782, "description": "G13", "isStart": false, "isEnd": false}, {"problemId": 401782, "description": "G16", "isStart": false, "isEnd": false}, {"problemId": 401782, "description": "K18", "isStart": false, "isEnd": true}], "data.apiId": 401782}