{"data.grade": "7A", "data.userGrade": null, "data.method": "Feet follow hands", "data.userRating": 0, "data.repeats": 0, "data.moves": [{"problemId": 431876, "description": "H5", "isStart": true, "isEnd": false}, {"problemId": 431876, "description": "C9", "isStart": false, "isEnd": false}, {"problemId": 431876, "description": "E13", "isStart": false, "isEnd": false}, {"problemId": 431876, "description": "H17", "isStart": false, "isEnd": false}, {"problemId": 431876, "description": "K18", "isStart": false, "isEnd": true}], "data.apiId": 431876}