{"data.grade": "7A", "data.userGrade": "7A", "data.method": "Feet follow hands", "data.userRating": 5, "data.repeats": 1, "data.moves": [{"problemId": 443637, "description": "K5", "isStart": true, "isEnd": false}, {"problemId": 443637, "description": "K3", "isStart": true, "isEnd": false}, {"problemId": 443637, "description": "J8", "isStart": false, "isEnd": false}, {"problemId": 443637, "description": "D8", "isStart": false, "isEnd": false}, {"problemId": 443637, "description": "G11", "isStart": false, "isEnd": false}, {"problemId": 443637, "description": "B12", "isStart": false, "isEnd": false}, {"problemId": 443637, "description": "E14", "isStart": false, "isEnd": false}, {"problemId": 443637, "description": "E18", "isStart": false, "isEnd": true}, {"problemId": 443637, "description": "B4", "isStart": false, "isEnd": false}], "data.apiId": 443637}