{"data.grade": "7A", "data.userGrade": "7A", "data.method": "Feet follow hands", "data.userRating": 4, "data.repeats": 43, "data.moves": [{"problemId": 353822, "description": "D2", "isStart": true, "isEnd": false}, {"problemId": 353822, "description": "J4", "isStart": true, "isEnd": false}, {"problemId": 353822, "description": "F7", "isStart": false, "isEnd": false}, {"problemId": 353822, "description": "C10", "isStart": false, "isEnd": false}, {"problemId": 353822, "description": "G13", "isStart": false, "isEnd": false}, {"problemId": 353822, "description": "D18", "isStart": false, "isEnd": true}], "data.apiId": 353822}