{"data.grade": "7A", "data.userGrade": "7A", "data.method": "Feet follow hands", "data.userRating": 5, "data.repeats": 6, "data.moves": [{"problemId": 326293, "description": "D12", "isStart": false, "isEnd": false}, {"problemId": 326293, "description": "G15", "isStart": false, "isEnd": false}, {"problemId": 326293, "description": "G10", "isStart": false, "isEnd": false}, {"problemId": 326293, "description": "C7", "isStart": false, "isEnd": false}, {"problemId": 326293, "description": "G16", "isStart": false, "isEnd": false}, {"problemId": 326293, "description": "K18", "isStart": false, "isEnd": true}, {"problemId": 326293, "description": "E4", "isStart": true, "isEnd": false}, {"problemId": 326293, "description": "F7", "isStart": false, "isEnd": false}], "data.apiId": 326293}