{"data.grade": "7A", "data.userGrade": null, "data.method": "Feet follow hands", "data.userRating": 0, "data.repeats": 0, "data.moves": [{"problemId": 320163, "description": "G4", "isStart": true, "isEnd": false}, {"problemId": 320163, "description": "G3", "isStart": true, "isEnd": false}, {"problemId": 320163, "description": "H6", "isStart": false, "isEnd": false}, {"problemId": 320163, "description": "I12", "isStart": false, "isEnd": false}, {"problemId": 320163, "description": "I14", "isStart": false, "isEnd": false}, {"problemId": 320163, "description": "D16", "isStart": false, "isEnd": false}, {"problemId": 320163, "description": "E18", "isStart": false, "isEnd": true}, {"problemId": 320163, "description": "K8", "isStart": false, "isEnd": false}], "data.apiId": 320163}