{"data.grade": "7A", "data.userGrade": "7A", "data.method": "Feet follow hands + screw ons", "data.userRating": 4, "data.repeats": 15, "data.moves": [{"problemId": 328178, "description": "E4", "isStart": true, "isEnd": false}, {"problemId": 328178, "description": "K5", "isStart": true, "isEnd": false}, {"problemId": 328178, "description": "H8", "isStart": false, "isEnd": false}, {"problemId": 328178, "description": "F12", "isStart": false, "isEnd": false}, {"problemId": 328178, "description": "H16", "isStart": false, "isEnd": false}, {"problemId": 328178, "description": "D18", "isStart": false, "isEnd": true}], "data.apiId": 328178}