{"data.grade": "7A", "data.userGrade": "7A", "data.method": "Feet follow hands", "data.userRating": 4, "data.repeats": 17, "data.moves": [{"problemId": 353736, "description": "C4", "isStart": true, "isEnd": false}, {"problemId": 353736, "description": "B7", "isStart": false, "isEnd": false}, {"problemId": 353736, "description": "F10", "isStart": false, "isEnd": false}, {"problemId": 353736, "description": "F13", "isStart": false, "isEnd": false}, {"problemId": 353736, "description": "I14", "isStart": false, "isEnd": false}, {"problemId": 353736, "description": "F16", "isStart": false, "isEnd": false}, {"problemId": 353736, "description": "K18", "isStart": false, "isEnd": true}], "data.apiId": 353736}