{"data.grade": "7A", "data.userGrade": null, "data.method": "Feet follow hands", "data.userRating": 4, "data.repeats": 6, "data.moves": [{"problemId": 406588, "description": "K1", "isStart": true, "isEnd": false}, {"problemId": 406588, "description": "H5", "isStart": true, "isEnd": false}, {"problemId": 406588, "description": "H10", "isStart": false, "isEnd": false}, {"problemId": 406588, "description": "C13", "isStart": false, "isEnd": false}, {"problemId": 406588, "description": "F16", "isStart": false, "isEnd": false}, {"problemId": 406588, "description": "A18", "isStart": false, "isEnd": true}], "data.apiId": 406588}