{"data.grade": "7A", "data.userGrade": "7A", "data.method": "Feet follow hands", "data.userRating": 5, "data.repeats": 20, "data.moves": [{"problemId": 357504, "description": "A6", "isStart": true, "isEnd": false}, {"problemId": 357504, "description": "E3", "isStart": true, "isEnd": false}, {"problemId": 357504, "description": "D10", "isStart": false, "isEnd": false}, {"problemId": 357504, "description": "H8", "isStart": false, "isEnd": false}, {"problemId": 357504, "description": "G11", "isStart": false, "isEnd": false}, {"problemId": 357504, "description": "J14", "isStart": false, "isEnd": false}, {"problemId": 357504, "description": "K6", "isStart": false, "isEnd": false}, {"problemId": 357504, "description": "F17", "isStart": false, "isEnd": false}, {"problemId": 357504, "description": "E17", "isStart": false, "isEnd": false}, {"problemId": 357504, "description": "B18", "isStart": false, "isEnd": true}], "data.apiId": 357504}