{"data.grade": "7A", "data.userGrade": null, "data.method": "Feet follow hands", "data.userRating": 0, "data.repeats": 0, "data.moves": [{"problemId": 341699, "description": "K18", "isStart": false, "isEnd": true}, {"problemId": 341699, "description": "H14", "isStart": false, "isEnd": false}, {"problemId": 341699, "description": "J10", "isStart": false, "isEnd": false}, {"problemId": 341699, "description": "F7", "isStart": false, "isEnd": false}, {"problemId": 341699, "description": "I4", "isStart": true, "isEnd": false}, {"problemId": 341699, "description": "F1", "isStart": true, "isEnd": false}], "data.apiId": 341699}