{"data.grade": "7A", "data.userGrade": null, "data.method": "Feet follow hands", "data.userRating": 4, "data.repeats": 9, "data.moves": [{"problemId": 372977, "description": "J6", "isStart": true, "isEnd": false}, {"problemId": 372977, "description": "K6", "isStart": true, "isEnd": false}, {"problemId": 372977, "description": "H8", "isStart": false, "isEnd": false}, {"problemId": 372977, "description": "K1", "isStart": false, "isEnd": false}, {"problemId": 372977, "description": "I10", "isStart": false, "isEnd": false}, {"problemId": 372977, "description": "F13", "isStart": false, "isEnd": false}, {"problemId": 372977, "description": "C15", "isStart": false, "isEnd": false}, {"problemId": 372977, "description": "F11", "isStart": false, "isEnd": false}, {"problemId": 372977, "description": "D17", "isStart": false, "isEnd": false}, {"problemId": 372977, "description": "A18", "isStart": false, "isEnd": true}, {"problemId": 372977, "description": "A8", "isStart": false, "isEnd": false}], "data.apiId": 372977}