{"data.grade": "7A", "data.userGrade": "7A", "data.method": "Feet follow hands", "data.userRating": 4, "data.repeats": 18, "data.moves": [{"problemId": 315315, "description": "K4", "isStart": true, "isEnd": false}, {"problemId": 315315, "description": "I7", "isStart": false, "isEnd": false}, {"problemId": 315315, "description": "G10", "isStart": false, "isEnd": false}, {"problemId": 315315, "description": "D12", "isStart": false, "isEnd": false}, {"problemId": 315315, "description": "G15", "isStart": false, "isEnd": false}, {"problemId": 315315, "description": "D16", "isStart": false, "isEnd": false}, {"problemId": 315315, "description": "D18", "isStart": false, "isEnd": true}], "data.apiId": 315315}