{"data.grade": "7A", "data.userGrade": "7A", "data.method": "Feet follow hands", "data.userRating": 4, "data.repeats": 17, "data.moves": [{"problemId": 317863, "description": "K1", "isStart": true, "isEnd": false}, {"problemId": 317863, "description": "H7", "isStart": false, "isEnd": false}, {"problemId": 317863, "description": "K9", "isStart": false, "isEnd": false}, {"problemId": 317863, "description": "E17", "isStart": false, "isEnd": false}, {"problemId": 317863, "description": "H18", "isStart": false, "isEnd": true}, {"problemId": 317863, "description": "G4", "isStart": true, "isEnd": false}, {"problemId": 317863, "description": "H11", "isStart": false, "isEnd": false}, {"problemId": 317863, "description": "G13", "isStart": false, "isEnd": false}, {"problemId": 317863, "description": "K5", "isStart": false, "isEnd": false}], "data.apiId": 317863}