{"data.grade": "7A", "data.userGrade": null, "data.method": "Feet follow hands", "data.userRating": 0, "data.repeats": 0, "data.moves": [{"problemId": 338890, "description": "I3", "isStart": true, "isEnd": false}, {"problemId": 338890, "description": "H4", "isStart": true, "isEnd": false}, {"problemId": 338890, "description": "F8", "isStart": false, "isEnd": false}, {"problemId": 338890, "description": "I10", "isStart": false, "isEnd": false}, {"problemId": 338890, "description": "D12", "isStart": false, "isEnd": false}, {"problemId": 338890, "description": "C6", "isStart": false, "isEnd": false}, {"problemId": 338890, "description": "E14", "isStart": false, "isEnd": false}, {"problemId": 338890, "description": "D18", "isStart": false, "isEnd": true}], "data.apiId": 338890}