{"data.grade": "7A", "data.userGrade": null, "data.method": "Feet follow hands", "data.userRating": 0, "data.repeats": 0, "data.moves": [{"problemId": 339998, "description": "B2", "isStart": true, "isEnd": false}, {"problemId": 339998, "description": "B4", "isStart": false, "isEnd": false}, {"problemId": 339998, "description": "F8", "isStart": false, "isEnd": false}, {"problemId": 339998, "description": "D11", "isStart": false, "isEnd": false}, {"problemId": 339998, "description": "F15", "isStart": false, "isEnd": false}, {"problemId": 339998, "description": "F16", "isStart": false, "isEnd": false}, {"problemId": 339998, "description": "J18", "isStart": false, "isEnd": true}], "data.apiId": 339998}