{"data.grade": "7A", "data.userGrade": null, "data.method": "Feet follow hands", "data.userRating": 4, "data.repeats": 2, "data.moves": [{"problemId": 311837, "description": "A5", "isStart": true, "isEnd": false}, {"problemId": 311837, "description": "G8", "isStart": false, "isEnd": false}, {"problemId": 311837, "description": "F7", "isStart": false, "isEnd": false}, {"problemId": 311837, "description": "F18", "isStart": false, "isEnd": true}, {"problemId": 311837, "description": "J13", "isStart": false, "isEnd": false}, {"problemId": 311837, "description": "D12", "isStart": false, "isEnd": false}, {"problemId": 311837, "description": "G16", "isStart": false, "isEnd": false}], "data.apiId": 311837}