{"data.grade": "7A", "data.userGrade": null, "data.method": "Feet follow hands", "data.userRating": 5, "data.repeats": 1, "data.moves": [{"problemId": 364254, "description": "C4", "isStart": true, "isEnd": false}, {"problemId": 364254, "description": "A8", "isStart": false, "isEnd": false}, {"problemId": 364254, "description": "E11", "isStart": false, "isEnd": false}, {"problemId": 364254, "description": "H14", "isStart": false, "isEnd": false}, {"problemId": 364254, "description": "H15", "isStart": false, "isEnd": false}, {"problemId": 364254, "description": "K18", "isStart": false, "isEnd": true}], "data.apiId": 364254}