{"data.grade": "7A", "data.userGrade": null, "data.method": "Feet follow hands", "data.userRating": 5, "data.repeats": 2, "data.moves": [{"problemId": 347298, "description": "H5", "isStart": true, "isEnd": false}, {"problemId": 347298, "description": "D4", "isStart": true, "isEnd": false}, {"problemId": 347298, "description": "I7", "isStart": false, "isEnd": false}, {"problemId": 347298, "description": "K4", "isStart": false, "isEnd": false}, {"problemId": 347298, "description": "K9", "isStart": false, "isEnd": false}, {"problemId": 347298, "description": "G13", "isStart": false, "isEnd": false}, {"problemId": 347298, "description": "E16", "isStart": false, "isEnd": false}, {"problemId": 347298, "description": "A13", "isStart": false, "isEnd": false}, {"problemId": 347298, "description": "B18", "isStart": false, "isEnd": true}], "data.apiId": 347298}