{"data.grade": "7A", "data.userGrade": null, "data.method": "Feet follow hands", "data.userRating": 5, "data.repeats": 2, "data.moves": [{"problemId": 338688, "description": "B5", "isStart": false, "isEnd": false}, {"problemId": 338688, "description": "C6", "isStart": true, "isEnd": false}, {"problemId": 338688, "description": "E5", "isStart": true, "isEnd": false}, {"problemId": 338688, "description": "D11", "isStart": false, "isEnd": false}, {"problemId": 338688, "description": "G9", "isStart": false, "isEnd": false}, {"problemId": 338688, "description": "J18", "isStart": false, "isEnd": true}, {"problemId": 338688, "description": "F14", "isStart": false, "isEnd": false}, {"problemId": 338688, "description": "D16", "isStart": false, "isEnd": false}, {"problemId": 338688, "description": "H17", "isStart": false, "isEnd": false}, {"problemId": 338688, "description": "G17", "isStart": false, "isEnd": false}], "data.apiId": 338688}