{"data.grade": "7A", "data.userGrade": null, "data.method": "Feet follow hands", "data.userRating": 5, "data.repeats": 8, "data.moves": [{"problemId": 341320, "description": "A9", "isStart": false, "isEnd": false}, {"problemId": 341320, "description": "F5", "isStart": true, "isEnd": false}, {"problemId": 341320, "description": "A11", "isStart": false, "isEnd": false}, {"problemId": 341320, "description": "B11", "isStart": false, "isEnd": false}, {"problemId": 341320, "description": "F13", "isStart": false, "isEnd": false}, {"problemId": 341320, "description": "D15", "isStart": false, "isEnd": false}, {"problemId": 341320, "description": "H18", "isStart": false, "isEnd": true}], "data.apiId": 341320}