{"data.grade": "7A", "data.userGrade": null, "data.method": "Feet follow hands", "data.userRating": 0, "data.repeats": 0, "data.moves": [{"problemId": 453774, "description": "H2", "isStart": true, "isEnd": false}, {"problemId": 453774, "description": "K1", "isStart": true, "isEnd": false}, {"problemId": 453774, "description": "K6", "isStart": false, "isEnd": false}, {"problemId": 453774, "description": "H8", "isStart": false, "isEnd": false}, {"problemId": 453774, "description": "J10", "isStart": false, "isEnd": false}, {"problemId": 453774, "description": "H12", "isStart": false, "isEnd": false}, {"problemId": 453774, "description": "H14", "isStart": false, "isEnd": false}, {"problemId": 453774, "description": "D18", "isStart": false, "isEnd": true}], "data.apiId": 453774}