{"data.grade": "7A", "data.userGrade": null, "data.method": "Feet follow hands", "data.userRating": 5, "data.repeats": 1, "data.moves": [{"problemId": 331758, "description": "F5", "isStart": true, "isEnd": false}, {"problemId": 331758, "description": "B8", "isStart": false, "isEnd": false}, {"problemId": 331758, "description": "E12", "isStart": false, "isEnd": false}, {"problemId": 331758, "description": "D13", "isStart": false, "isEnd": false}, {"problemId": 331758, "description": "E15", "isStart": false, "isEnd": false}, {"problemId": 331758, "description": "G15", "isStart": false, "isEnd": false}, {"problemId": 331758, "description": "H18", "isStart": false, "isEnd": true}], "data.apiId": 331758}