{"data.grade": "7A", "data.userGrade": "7A", "data.method": "Feet follow hands", "data.userRating": 5, "data.repeats": 1, "data.moves": [{"problemId": 453021, "description": "C12", "isStart": false, "isEnd": false}, {"problemId": 453021, "description": "B7", "isStart": false, "isEnd": false}, {"problemId": 453021, "description": "J6", "isStart": true, "isEnd": false}, {"problemId": 453021, "description": "E17", "isStart": false, "isEnd": false}, {"problemId": 453021, "description": "A18", "isStart": false, "isEnd": true}, {"problemId": 453021, "description": "J8", "isStart": false, "isEnd": false}, {"problemId": 453021, "description": "F10", "isStart": false, "isEnd": false}, {"problemId": 453021, "description": "H14", "isStart": false, "isEnd": false}, {"problemId": 453021, "description": "I4", "isStart": true, "isEnd": false}], "data.apiId": 453021}