{"data.grade": "7A", "data.userGrade": null, "data.method": "Feet follow hands", "data.userRating": 5, "data.repeats": 1, "data.moves": [{"problemId": 346643, "description": "J4", "isStart": true, "isEnd": false}, {"problemId": 346643, "description": "H2", "isStart": true, "isEnd": false}, {"problemId": 346643, "description": "E8", "isStart": false, "isEnd": false}, {"problemId": 346643, "description": "E12", "isStart": false, "isEnd": false}, {"problemId": 346643, "description": "B13", "isStart": false, "isEnd": false}, {"problemId": 346643, "description": "B18", "isStart": false, "isEnd": true}], "data.apiId": 346643}