{"data.grade": "7A", "data.userGrade": "7A", "data.method": "Feet follow hands", "data.userRating": 4, "data.repeats": 9, "data.moves": [{"problemId": 379671, "description": "D5", "isStart": true, "isEnd": false}, {"problemId": 379671, "description": "F4", "isStart": true, "isEnd": false}, {"problemId": 379671, "description": "C10", "isStart": false, "isEnd": false}, {"problemId": 379671, "description": "A11", "isStart": false, "isEnd": false}, {"problemId": 379671, "description": "J8", "isStart": false, "isEnd": false}, {"problemId": 379671, "description": "G13", "isStart": false, "isEnd": false}, {"problemId": 379671, "description": "B15", "isStart": false, "isEnd": false}, {"problemId": 379671, "description": "F18", "isStart": false, "isEnd": true}], "data.apiId": 379671}