{"data.grade": "7A", "data.userGrade": null, "data.method": "Footless + kickboard", "data.userRating": 0, "data.repeats": 0, "data.moves": [{"problemId": 354215, "description": "C5", "isStart": true, "isEnd": false}, {"problemId": 354215, "description": "H4", "isStart": true, "isEnd": false}, {"problemId": 354215, "description": "G8", "isStart": false, "isEnd": false}, {"problemId": 354215, "description": "D9", "isStart": false, "isEnd": false}, {"problemId": 354215, "description": "H14", "isStart": false, "isEnd": false}, {"problemId": 354215, "description": "F18", "isStart": false, "isEnd": true}], "data.apiId": 354215}