{"data.grade": "7A", "data.userGrade": null, "data.method": "Feet follow hands", "data.userRating": 3, "data.repeats": 7, "data.moves": [{"problemId": 355014, "description": "F3", "isStart": true, "isEnd": false}, {"problemId": 355014, "description": "I2", "isStart": true, "isEnd": false}, {"problemId": 355014, "description": "F7", "isStart": false, "isEnd": false}, {"problemId": 355014, "description": "I10", "isStart": false, "isEnd": false}, {"problemId": 355014, "description": "F13", "isStart": false, "isEnd": false}, {"problemId": 355014, "description": "E16", "isStart": false, "isEnd": false}, {"problemId": 355014, "description": "A18", "isStart": false, "isEnd": true}, {"problemId": 355014, "description": "K1", "isStart": false, "isEnd": false}], "data.apiId": 355014}