{"data.grade": "7A", "data.userGrade": null, "data.method": "Feet follow hands", "data.userRating": 4, "data.repeats": 3, "data.moves": [{"problemId": 384678, "description": "G13", "isStart": false, "isEnd": false}, {"problemId": 384678, "description": "A5", "isStart": true, "isEnd": false}, {"problemId": 384678, "description": "D11", "isStart": false, "isEnd": false}, {"problemId": 384678, "description": "D8", "isStart": false, "isEnd": false}, {"problemId": 384678, "description": "I16", "isStart": false, "isEnd": false}, {"problemId": 384678, "description": "G18", "isStart": false, "isEnd": true}], "data.apiId": 384678}