{"data.grade": "7A", "data.userGrade": null, "data.method": "Feet follow hands", "data.userRating": 5, "data.repeats": 7, "data.moves": [{"problemId": 385449, "description": "A4", "isStart": true, "isEnd": false}, {"problemId": 385449, "description": "K4", "isStart": false, "isEnd": false}, {"problemId": 385449, "description": "E7", "isStart": false, "isEnd": false}, {"problemId": 385449, "description": "E8", "isStart": false, "isEnd": false}, {"problemId": 385449, "description": "J9", "isStart": false, "isEnd": false}, {"problemId": 385449, "description": "H12", "isStart": false, "isEnd": false}, {"problemId": 385449, "description": "I14", "isStart": false, "isEnd": false}, {"problemId": 385449, "description": "I15", "isStart": false, "isEnd": false}, {"problemId": 385449, "description": "K18", "isStart": false, "isEnd": true}], "data.apiId": 385449}