{"data.grade": "7A", "data.userGrade": null, "data.method": "Feet follow hands", "data.userRating": 4, "data.repeats": 4, "data.moves": [{"problemId": 373217, "description": "D4", "isStart": true, "isEnd": false}, {"problemId": 373217, "description": "H4", "isStart": true, "isEnd": false}, {"problemId": 373217, "description": "D9", "isStart": false, "isEnd": false}, {"problemId": 373217, "description": "K5", "isStart": false, "isEnd": false}, {"problemId": 373217, "description": "J8", "isStart": false, "isEnd": false}, {"problemId": 373217, "description": "J11", "isStart": false, "isEnd": false}, {"problemId": 373217, "description": "I12", "isStart": false, "isEnd": false}, {"problemId": 373217, "description": "K13", "isStart": false, "isEnd": false}, {"problemId": 373217, "description": "I16", "isStart": false, "isEnd": false}, {"problemId": 373217, "description": "K18", "isStart": false, "isEnd": true}], "data.apiId": 373217}