{"data.grade": "7A", "data.userGrade": null, "data.method": "Feet follow hands + screw ons", "data.userRating": 0, "data.repeats": 0, "data.moves": [{"problemId": 423166, "description": "B4", "isStart": true, "isEnd": false}, {"problemId": 423166, "description": "E7", "isStart": false, "isEnd": false}, {"problemId": 423166, "description": "D11", "isStart": false, "isEnd": false}, {"problemId": 423166, "description": "G14", "isStart": false, "isEnd": false}, {"problemId": 423166, "description": "H18", "isStart": false, "isEnd": true}], "data.apiId": 423166}