{"data.grade": "7A", "data.userGrade": null, "data.method": "Feet follow hands", "data.userRating": 4, "data.repeats": 1, "data.moves": [{"problemId": 415779, "description": "F5", "isStart": true, "isEnd": false}, {"problemId": 415779, "description": "F10", "isStart": false, "isEnd": false}, {"problemId": 415779, "description": "E12", "isStart": false, "isEnd": false}, {"problemId": 415779, "description": "H15", "isStart": false, "isEnd": false}, {"problemId": 415779, "description": "I16", "isStart": false, "isEnd": false}, {"problemId": 415779, "description": "K18", "isStart": false, "isEnd": true}], "data.apiId": 415779}