{"data.grade": "7A", "data.userGrade": null, "data.method": "Feet follow hands", "data.userRating": 5, "data.repeats": 6, "data.moves": [{"problemId": 345622, "description": "G6", "isStart": true, "isEnd": false}, {"problemId": 345622, "description": "J6", "isStart": true, "isEnd": false}, {"problemId": 345622, "description": "K9", "isStart": false, "isEnd": false}, {"problemId": 345622, "description": "G11", "isStart": false, "isEnd": false}, {"problemId": 345622, "description": "F13", "isStart": false, "isEnd": false}, {"problemId": 345622, "description": "D16", "isStart": false, "isEnd": false}, {"problemId": 345622, "description": "J18", "isStart": false, "isEnd": true}], "data.apiId": 345622}