{"data.grade": "7A", "data.userGrade": "7A", "data.method": "Feet follow hands", "data.userRating": 5, "data.repeats": 42, "data.moves": [{"problemId": 312808, "description": "C4", "isStart": true, "isEnd": false}, {"problemId": 312808, "description": "B8", "isStart": false, "isEnd": false}, {"problemId": 312808, "description": "F10", "isStart": false, "isEnd": false}, {"problemId": 312808, "description": "F13", "isStart": false, "isEnd": false}, {"problemId": 312808, "description": "H14", "isStart": false, "isEnd": false}, {"problemId": 312808, "description": "D16", "isStart": false, "isEnd": false}, {"problemId": 312808, "description": "C18", "isStart": false, "isEnd": true}], "data.apiId": 312808}