{"data.grade": "7A", "data.userGrade": "7A", "data.method": "Feet follow hands", "data.userRating": 4, "data.repeats": 3, "data.moves": [{"problemId": 451770, "description": "D5", "isStart": true, "isEnd": false}, {"problemId": 451770, "description": "C4", "isStart": true, "isEnd": false}, {"problemId": 451770, "description": "G9", "isStart": false, "isEnd": false}, {"problemId": 451770, "description": "D12", "isStart": false, "isEnd": false}, {"problemId": 451770, "description": "E14", "isStart": false, "isEnd": false}, {"problemId": 451770, "description": "A16", "isStart": false, "isEnd": false}, {"problemId": 451770, "description": "I3", "isStart": false, "isEnd": false}, {"problemId": 451770, "description": "C15", "isStart": false, "isEnd": false}, {"problemId": 451770, "description": "A9", "isStart": false, "isEnd": false}, {"problemId": 451770, "description": "C18", "isStart": false, "isEnd": true}, {"problemId": 451770, "description": "D18", "isStart": false, "isEnd": true}], "data.apiId": 451770}