{"data.grade": "7A", "data.userGrade": null, "data.method": "Feet follow hands", "data.userRating": 5, "data.repeats": 1, "data.moves": [{"problemId": 311954, "description": "D5", "isStart": true, "isEnd": false}, {"problemId": 311954, "description": "G3", "isStart": true, "isEnd": false}, {"problemId": 311954, "description": "C10", "isStart": false, "isEnd": false}, {"problemId": 311954, "description": "G13", "isStart": false, "isEnd": false}, {"problemId": 311954, "description": "D18", "isStart": false, "isEnd": true}], "data.apiId": 311954}