{"data.grade": "7A", "data.userGrade": null, "data.method": "Feet follow hands", "data.userRating": 5, "data.repeats": 3, "data.moves": [{"problemId": 337795, "description": "G3", "isStart": true, "isEnd": false}, {"problemId": 337795, "description": "F5", "isStart": true, "isEnd": false}, {"problemId": 337795, "description": "I8", "isStart": false, "isEnd": false}, {"problemId": 337795, "description": "F12", "isStart": false, "isEnd": false}, {"problemId": 337795, "description": "B14", "isStart": false, "isEnd": false}, {"problemId": 337795, "description": "F16", "isStart": false, "isEnd": false}, {"problemId": 337795, "description": "H18", "isStart": false, "isEnd": true}], "data.apiId": 337795}