{"data.grade": "7A", "data.userGrade": "7A", "data.method": "Feet follow hands", "data.userRating": 4, "data.repeats": 1, "data.moves": [{"problemId": 450518, "description": "E4", "isStart": true, "isEnd": false}, {"problemId": 450518, "description": "H4", "isStart": true, "isEnd": false}, {"problemId": 450518, "description": "H8", "isStart": false, "isEnd": false}, {"problemId": 450518, "description": "D11", "isStart": false, "isEnd": false}, {"problemId": 450518, "description": "E14", "isStart": false, "isEnd": false}, {"problemId": 450518, "description": "B16", "isStart": false, "isEnd": false}, {"problemId": 450518, "description": "A18", "isStart": false, "isEnd": true}], "data.apiId": 450518}