{"data.grade": "7A", "data.userGrade": "7A", "data.method": "Feet follow hands", "data.userRating": 5, "data.repeats": 3, "data.moves": [{"problemId": 317659, "description": "B1", "isStart": true, "isEnd": false}, {"problemId": 317659, "description": "A8", "isStart": false, "isEnd": false}, {"problemId": 317659, "description": "C11", "isStart": false, "isEnd": false}, {"problemId": 317659, "description": "D11", "isStart": false, "isEnd": false}, {"problemId": 317659, "description": "F4", "isStart": true, "isEnd": false}, {"problemId": 317659, "description": "H13", "isStart": false, "isEnd": false}, {"problemId": 317659, "description": "C15", "isStart": false, "isEnd": false}, {"problemId": 317659, "description": "G15", "isStart": false, "isEnd": false}, {"problemId": 317659, "description": "F18", "isStart": false, "isEnd": true}], "data.apiId": 317659}