{"data.grade": "7A", "data.userGrade": "7A", "data.method": "Feet follow hands", "data.userRating": 4, "data.repeats": 20, "data.moves": [{"problemId": 363669, "description": "D4", "isStart": true, "isEnd": false}, {"problemId": 363669, "description": "G2", "isStart": true, "isEnd": false}, {"problemId": 363669, "description": "H5", "isStart": false, "isEnd": false}, {"problemId": 363669, "description": "I8", "isStart": false, "isEnd": false}, {"problemId": 363669, "description": "F12", "isStart": false, "isEnd": false}, {"problemId": 363669, "description": "E14", "isStart": false, "isEnd": false}, {"problemId": 363669, "description": "G16", "isStart": false, "isEnd": false}, {"problemId": 363669, "description": "H18", "isStart": false, "isEnd": true}], "data.apiId": 363669}