{"data.grade": "7A", "data.userGrade": null, "data.method": "Feet follow hands", "data.userRating": 0, "data.repeats": 0, "data.moves": [{"problemId": 358489, "description": "B2", "isStart": true, "isEnd": false}, {"problemId": 358489, "description": "D4", "isStart": true, "isEnd": false}, {"problemId": 358489, "description": "C6", "isStart": false, "isEnd": false}, {"problemId": 358489, "description": "G9", "isStart": false, "isEnd": false}, {"problemId": 358489, "description": "G15", "isStart": false, "isEnd": false}, {"problemId": 358489, "description": "C15", "isStart": false, "isEnd": false}, {"problemId": 358489, "description": "D18", "isStart": false, "isEnd": true}, {"problemId": 358489, "description": "E12", "isStart": false, "isEnd": false}], "data.apiId": 358489}