{"data.grade": "7A", "data.userGrade": "7A", "data.method": "Feet follow hands", "data.userRating": 5, "data.repeats": 37, "data.moves": [{"problemId": 339577, "description": "H3", "isStart": true, "isEnd": false}, {"problemId": 339577, "description": "K9", "isStart": false, "isEnd": false}, {"problemId": 339577, "description": "K11", "isStart": false, "isEnd": false}, {"problemId": 339577, "description": "H14", "isStart": false, "isEnd": false}, {"problemId": 339577, "description": "H17", "isStart": false, "isEnd": false}, {"problemId": 339577, "description": "D18", "isStart": false, "isEnd": true}, {"problemId": 339577, "description": "F7", "isStart": false, "isEnd": false}, {"problemId": 339577, "description": "G4", "isStart": true, "isEnd": false}], "data.apiId": 339577}