{"data.grade": "7A", "data.userGrade": "7A", "data.method": "Feet follow hands", "data.userRating": 4, "data.repeats": 154, "data.moves": [{"problemId": 313729, "description": "G3", "isStart": true, "isEnd": false}, {"problemId": 313729, "description": "J4", "isStart": true, "isEnd": false}, {"problemId": 313729, "description": "G6", "isStart": false, "isEnd": false}, {"problemId": 313729, "description": "K9", "isStart": false, "isEnd": false}, {"problemId": 313729, "description": "H11", "isStart": false, "isEnd": false}, {"problemId": 313729, "description": "G13", "isStart": false, "isEnd": false}, {"problemId": 313729, "description": "E14", "isStart": false, "isEnd": false}, {"problemId": 313729, "description": "D17", "isStart": false, "isEnd": false}, {"problemId": 313729, "description": "G18", "isStart": false, "isEnd": true}], "data.apiId": 313729}