{"data.grade": "7A", "data.userGrade": null, "data.method": "Feet follow hands", "data.userRating": 4, "data.repeats": 5, "data.moves": [{"problemId": 395761, "description": "K9", "isStart": false, "isEnd": false}, {"problemId": 395761, "description": "I12", "isStart": false, "isEnd": false}, {"problemId": 395761, "description": "H14", "isStart": false, "isEnd": false}, {"problemId": 395761, "description": "C8", "isStart": false, "isEnd": false}, {"problemId": 395761, "description": "J4", "isStart": true, "isEnd": false}, {"problemId": 395761, "description": "J6", "isStart": true, "isEnd": false}, {"problemId": 395761, "description": "E14", "isStart": false, "isEnd": false}, {"problemId": 395761, "description": "D17", "isStart": false, "isEnd": false}, {"problemId": 395761, "description": "A18", "isStart": false, "isEnd": true}], "data.apiId": 395761}