{"data.grade": "7A", "data.userGrade": null, "data.method": "Feet follow hands", "data.userRating": 0, "data.repeats": 0, "data.moves": [{"problemId": 423536, "description": "A4", "isStart": true, "isEnd": false}, {"problemId": 423536, "description": "D9", "isStart": false, "isEnd": false}, {"problemId": 423536, "description": "I10", "isStart": false, "isEnd": false}, {"problemId": 423536, "description": "J13", "isStart": false, "isEnd": false}, {"problemId": 423536, "description": "F16", "isStart": false, "isEnd": false}, {"problemId": 423536, "description": "E15", "isStart": false, "isEnd": false}, {"problemId": 423536, "description": "D18", "isStart": false, "isEnd": true}, {"problemId": 423536, "description": "I2", "isStart": true, "isEnd": false}, {"problemId": 423536, "description": "D5", "isStart": false, "isEnd": false}, {"problemId": 423536, "description": "D11", "isStart": false, "isEnd": false}], "data.apiId": 423536}