{"data.grade": "7A", "data.userGrade": null, "data.method": "Feet follow hands", "data.userRating": 5, "data.repeats": 5, "data.moves": [{"problemId": 342507, "description": "H9", "isStart": false, "isEnd": false}, {"problemId": 342507, "description": "G10", "isStart": false, "isEnd": false}, {"problemId": 342507, "description": "C13", "isStart": false, "isEnd": false}, {"problemId": 342507, "description": "F18", "isStart": false, "isEnd": true}, {"problemId": 342507, "description": "K8", "isStart": false, "isEnd": false}, {"problemId": 342507, "description": "K5", "isStart": true, "isEnd": false}], "data.apiId": 342507}