{"data.grade": "7A", "data.userGrade": null, "data.method": "Feet follow hands", "data.userRating": 5, "data.repeats": 1, "data.moves": [{"problemId": 319992, "description": "G2", "isStart": true, "isEnd": false}, {"problemId": 319992, "description": "J2", "isStart": true, "isEnd": false}, {"problemId": 319992, "description": "A5", "isStart": false, "isEnd": false}, {"problemId": 319992, "description": "F7", "isStart": false, "isEnd": false}, {"problemId": 319992, "description": "D9", "isStart": false, "isEnd": false}, {"problemId": 319992, "description": "B13", "isStart": false, "isEnd": false}, {"problemId": 319992, "description": "C14", "isStart": false, "isEnd": false}, {"problemId": 319992, "description": "D14", "isStart": false, "isEnd": false}, {"problemId": 319992, "description": "I13", "isStart": false, "isEnd": false}, {"problemId": 319992, "description": "I16", "isStart": false, "isEnd": false}, {"problemId": 319992, "description": "K18", "isStart": false, "isEnd": true}], "data.apiId": 319992}