{"data.grade": "7A", "data.userGrade": null, "data.method": "Feet follow hands", "data.userRating": 4, "data.repeats": 1, "data.moves": [{"problemId": 356900, "description": "B4", "isStart": true, "isEnd": false}, {"problemId": 356900, "description": "C5", "isStart": true, "isEnd": false}, {"problemId": 356900, "description": "C8", "isStart": false, "isEnd": false}, {"problemId": 356900, "description": "C10", "isStart": false, "isEnd": false}, {"problemId": 356900, "description": "C11", "isStart": false, "isEnd": false}, {"problemId": 356900, "description": "F13", "isStart": false, "isEnd": false}, {"problemId": 356900, "description": "C15", "isStart": false, "isEnd": false}, {"problemId": 356900, "description": "D18", "isStart": false, "isEnd": true}], "data.apiId": 356900}