{"data.grade": "7A", "data.userGrade": "7A", "data.method": "Footless + kickboard", "data.userRating": 4, "data.repeats": 7, "data.moves": [{"problemId": 399451, "description": "A5", "isStart": true, "isEnd": false}, {"problemId": 399451, "description": "E6", "isStart": true, "isEnd": false}, {"problemId": 399451, "description": "C10", "isStart": false, "isEnd": false}, {"problemId": 399451, "description": "G13", "isStart": false, "isEnd": false}, {"problemId": 399451, "description": "H18", "isStart": false, "isEnd": true}], "data.apiId": 399451}