{"data.grade": "7A", "data.userGrade": "7A", "data.method": "Feet follow hands", "data.userRating": 5, "data.repeats": 5, "data.moves": [{"problemId": 350992, "description": "D11", "isStart": false, "isEnd": false}, {"problemId": 350992, "description": "G9", "isStart": false, "isEnd": false}, {"problemId": 350992, "description": "I11", "isStart": false, "isEnd": false}, {"problemId": 350992, "description": "D6", "isStart": true, "isEnd": false}, {"problemId": 350992, "description": "C4", "isStart": true, "isEnd": false}, {"problemId": 350992, "description": "H6", "isStart": false, "isEnd": false}, {"problemId": 350992, "description": "H14", "isStart": false, "isEnd": false}, {"problemId": 350992, "description": "H16", "isStart": false, "isEnd": false}, {"problemId": 350992, "description": "E18", "isStart": false, "isEnd": true}], "data.apiId": 350992}