{"data.grade": "7A", "data.userGrade": "7A", "data.method": "Feet follow hands", "data.userRating": 4, "data.repeats": 13, "data.moves": [{"problemId": 323703, "description": "C4", "isStart": true, "isEnd": false}, {"problemId": 323703, "description": "B7", "isStart": false, "isEnd": false}, {"problemId": 323703, "description": "F10", "isStart": false, "isEnd": false}, {"problemId": 323703, "description": "D11", "isStart": false, "isEnd": false}, {"problemId": 323703, "description": "F14", "isStart": false, "isEnd": false}, {"problemId": 323703, "description": "F16", "isStart": false, "isEnd": false}, {"problemId": 323703, "description": "G18", "isStart": false, "isEnd": true}], "data.apiId": 323703}