{"data.grade": "7A", "data.userGrade": "7A", "data.method": "Feet follow hands", "data.userRating": 4, "data.repeats": 3, "data.moves": [{"problemId": 420703, "description": "B8", "isStart": false, "isEnd": false}, {"problemId": 420703, "description": "F12", "isStart": false, "isEnd": false}, {"problemId": 420703, "description": "F5", "isStart": true, "isEnd": false}, {"problemId": 420703, "description": "C15", "isStart": false, "isEnd": false}, {"problemId": 420703, "description": "A18", "isStart": false, "isEnd": true}, {"problemId": 420703, "description": "D18", "isStart": false, "isEnd": false}], "data.apiId": 420703}