{"data.grade": "7A", "data.userGrade": "7A", "data.method": "Feet follow hands", "data.userRating": 4, "data.repeats": 36, "data.moves": [{"problemId": 406632, "description": "D4", "isStart": true, "isEnd": false}, {"problemId": 406632, "description": "H5", "isStart": true, "isEnd": false}, {"problemId": 406632, "description": "H10", "isStart": false, "isEnd": false}, {"problemId": 406632, "description": "C16", "isStart": false, "isEnd": false}, {"problemId": 406632, "description": "H18", "isStart": false, "isEnd": true}, {"problemId": 406632, "description": "C13", "isStart": false, "isEnd": false}], "data.apiId": 406632}