{"data.grade": "7A", "data.userGrade": null, "data.method": "Feet follow hands", "data.userRating": 4, "data.repeats": 6, "data.moves": [{"problemId": 413080, "description": "B4", "isStart": true, "isEnd": false}, {"problemId": 413080, "description": "B8", "isStart": false, "isEnd": false}, {"problemId": 413080, "description": "F10", "isStart": false, "isEnd": false}, {"problemId": 413080, "description": "D12", "isStart": false, "isEnd": false}, {"problemId": 413080, "description": "E14", "isStart": false, "isEnd": false}, {"problemId": 413080, "description": "C17", "isStart": false, "isEnd": false}, {"problemId": 413080, "description": "F18", "isStart": false, "isEnd": true}], "data.apiId": 413080}