{"data.grade": "7A", "data.userGrade": null, "data.method": "Feet follow hands", "data.userRating": 0, "data.repeats": 0, "data.moves": [{"problemId": 361725, "description": "B5", "isStart": true, "isEnd": false}, {"problemId": 361725, "description": "E2", "isStart": true, "isEnd": false}, {"problemId": 361725, "description": "H5", "isStart": false, "isEnd": false}, {"problemId": 361725, "description": "G11", "isStart": false, "isEnd": false}, {"problemId": 361725, "description": "D11", "isStart": false, "isEnd": false}, {"problemId": 361725, "description": "A15", "isStart": false, "isEnd": false}, {"problemId": 361725, "description": "F18", "isStart": false, "isEnd": true}], "data.apiId": 361725}