{"data.grade": "7A", "data.userGrade": null, "data.method": "Feet follow hands", "data.userRating": 0, "data.repeats": 0, "data.moves": [{"problemId": 371409, "description": "K5", "isStart": true, "isEnd": false}, {"problemId": 371409, "description": "G7", "isStart": false, "isEnd": false}, {"problemId": 371409, "description": "H7", "isStart": false, "isEnd": false}, {"problemId": 371409, "description": "D9", "isStart": false, "isEnd": false}, {"problemId": 371409, "description": "G13", "isStart": false, "isEnd": false}, {"problemId": 371409, "description": "B15", "isStart": false, "isEnd": false}, {"problemId": 371409, "description": "C18", "isStart": false, "isEnd": true}], "data.apiId": 371409}