{"data.grade": "7A", "data.userGrade": null, "data.method": "Feet follow hands", "data.userRating": 5, "data.repeats": 3, "data.moves": [{"problemId": 334842, "description": "G3", "isStart": true, "isEnd": false}, {"problemId": 334842, "description": "F4", "isStart": true, "isEnd": false}, {"problemId": 334842, "description": "D6", "isStart": false, "isEnd": false}, {"problemId": 334842, "description": "B8", "isStart": false, "isEnd": false}, {"problemId": 334842, "description": "B11", "isStart": false, "isEnd": false}, {"problemId": 334842, "description": "A12", "isStart": false, "isEnd": false}, {"problemId": 334842, "description": "E15", "isStart": false, "isEnd": false}, {"problemId": 334842, "description": "H18", "isStart": false, "isEnd": true}, {"problemId": 334842, "description": "A3", "isStart": false, "isEnd": false}, {"problemId": 334842, "description": "E14", "isStart": false, "isEnd": false}], "data.apiId": 334842}