{"data.grade": "7A", "data.userGrade": null, "data.method": "Feet follow hands", "data.userRating": 5, "data.repeats": 1, "data.moves": [{"problemId": 350268, "description": "E6", "isStart": true, "isEnd": false}, {"problemId": 350268, "description": "F10", "isStart": false, "isEnd": false}, {"problemId": 350268, "description": "B12", "isStart": false, "isEnd": false}, {"problemId": 350268, "description": "E14", "isStart": false, "isEnd": false}, {"problemId": 350268, "description": "A16", "isStart": false, "isEnd": false}, {"problemId": 350268, "description": "C18", "isStart": false, "isEnd": true}], "data.apiId": 350268}