{"data.grade": "7A", "data.userGrade": null, "data.method": "Feet follow hands", "data.userRating": 5, "data.repeats": 1, "data.moves": [{"problemId": 317935, "description": "F4", "isStart": true, "isEnd": false}, {"problemId": 317935, "description": "F2", "isStart": true, "isEnd": false}, {"problemId": 317935, "description": "E7", "isStart": false, "isEnd": false}, {"problemId": 317935, "description": "C9", "isStart": false, "isEnd": false}, {"problemId": 317935, "description": "F13", "isStart": false, "isEnd": false}, {"problemId": 317935, "description": "D16", "isStart": false, "isEnd": false}, {"problemId": 317935, "description": "H18", "isStart": false, "isEnd": true}], "data.apiId": 317935}