{"data.grade": "7A", "data.userGrade": null, "data.method": "Feet follow hands", "data.userRating": 4, "data.repeats": 3, "data.moves": [{"problemId": 335621, "description": "B2", "isStart": true, "isEnd": false}, {"problemId": 335621, "description": "F2", "isStart": true, "isEnd": false}, {"problemId": 335621, "description": "E8", "isStart": false, "isEnd": false}, {"problemId": 335621, "description": "A11", "isStart": false, "isEnd": false}, {"problemId": 335621, "description": "C13", "isStart": false, "isEnd": false}, {"problemId": 335621, "description": "A15", "isStart": false, "isEnd": false}, {"problemId": 335621, "description": "A18", "isStart": false, "isEnd": true}], "data.apiId": 335621}