{"data.grade": "7A", "data.userGrade": null, "data.method": "Feet follow hands", "data.userRating": 4, "data.repeats": 5, "data.moves": [{"problemId": 331150, "description": "D5", "isStart": true, "isEnd": false}, {"problemId": 331150, "description": "E6", "isStart": true, "isEnd": false}, {"problemId": 331150, "description": "F10", "isStart": false, "isEnd": false}, {"problemId": 331150, "description": "I11", "isStart": false, "isEnd": false}, {"problemId": 331150, "description": "F14", "isStart": false, "isEnd": false}, {"problemId": 331150, "description": "H18", "isStart": false, "isEnd": true}, {"problemId": 331150, "description": "J16", "isStart": false, "isEnd": false}], "data.apiId": 331150}