{"data.grade": "7A", "data.userGrade": null, "data.method": "Feet follow hands", "data.userRating": 5, "data.repeats": 4, "data.moves": [{"problemId": 334779, "description": "H6", "isStart": true, "isEnd": false}, {"problemId": 334779, "description": "K5", "isStart": true, "isEnd": false}, {"problemId": 334779, "description": "G10", "isStart": false, "isEnd": false}, {"problemId": 334779, "description": "D11", "isStart": false, "isEnd": false}, {"problemId": 334779, "description": "E14", "isStart": false, "isEnd": false}, {"problemId": 334779, "description": "A15", "isStart": false, "isEnd": false}, {"problemId": 334779, "description": "B18", "isStart": false, "isEnd": true}], "data.apiId": 334779}