{"data.grade": "7A", "data.userGrade": null, "data.method": "Feet follow hands", "data.userRating": 5, "data.repeats": 5, "data.moves": [{"problemId": 311731, "description": "E3", "isStart": true, "isEnd": false}, {"problemId": 311731, "description": "H4", "isStart": true, "isEnd": false}, {"problemId": 311731, "description": "E8", "isStart": false, "isEnd": false}, {"problemId": 311731, "description": "A11", "isStart": false, "isEnd": false}, {"problemId": 311731, "description": "E14", "isStart": false, "isEnd": false}, {"problemId": 311731, "description": "E15", "isStart": false, "isEnd": false}, {"problemId": 311731, "description": "H18", "isStart": false, "isEnd": true}], "data.apiId": 311731}