{"data.grade": "7A", "data.userGrade": null, "data.method": "Feet follow hands + screw ons", "data.userRating": 0, "data.repeats": 0, "data.moves": [{"problemId": 316218, "description": "E4", "isStart": true, "isEnd": false}, {"problemId": 316218, "description": "D7", "isStart": false, "isEnd": false}, {"problemId": 316218, "description": "A10", "isStart": false, "isEnd": false}, {"problemId": 316218, "description": "E12", "isStart": false, "isEnd": false}, {"problemId": 316218, "description": "G12", "isStart": false, "isEnd": false}, {"problemId": 316218, "description": "G4", "isStart": true, "isEnd": false}, {"problemId": 316218, "description": "H16", "isStart": false, "isEnd": false}, {"problemId": 316218, "description": "J10", "isStart": false, "isEnd": false}, {"problemId": 316218, "description": "I18", "isStart": false, "isEnd": true}], "data.apiId": 316218}