{"data.grade": "7A", "data.userGrade": "7A", "data.method": "Feet follow hands", "data.userRating": 0, "data.repeats": 0, "data.moves": [{"problemId": 436473, "description": "C4", "isStart": true, "isEnd": false}, {"problemId": 436473, "description": "B7", "isStart": false, "isEnd": false}, {"problemId": 436473, "description": "A9", "isStart": false, "isEnd": false}, {"problemId": 436473, "description": "D11", "isStart": false, "isEnd": false}, {"problemId": 436473, "description": "C15", "isStart": false, "isEnd": false}, {"problemId": 436473, "description": "F18", "isStart": false, "isEnd": true}], "data.apiId": 436473}