{"data.grade": "7A", "data.userGrade": null, "data.method": "Feet follow hands", "data.userRating": 4, "data.repeats": 5, "data.moves": [{"problemId": 320068, "description": "F5", "isStart": true, "isEnd": false}, {"problemId": 320068, "description": "B8", "isStart": false, "isEnd": false}, {"problemId": 320068, "description": "E8", "isStart": false, "isEnd": false}, {"problemId": 320068, "description": "D11", "isStart": false, "isEnd": false}, {"problemId": 320068, "description": "F11", "isStart": false, "isEnd": false}, {"problemId": 320068, "description": "J10", "isStart": false, "isEnd": false}, {"problemId": 320068, "description": "H14", "isStart": false, "isEnd": false}, {"problemId": 320068, "description": "H18", "isStart": false, "isEnd": true}, {"problemId": 320068, "description": "A5", "isStart": true, "isEnd": false}, {"problemId": 320068, "description": "K15", "isStart": false, "isEnd": false}], "data.apiId": 320068}