{"data.grade": "7A", "data.userGrade": "7A", "data.method": "Feet follow hands", "data.userRating": 4, "data.repeats": 10, "data.moves": [{"problemId": 406973, "description": "G4", "isStart": true, "isEnd": false}, {"problemId": 406973, "description": "J4", "isStart": true, "isEnd": false}, {"problemId": 406973, "description": "H9", "isStart": false, "isEnd": false}, {"problemId": 406973, "description": "K11", "isStart": false, "isEnd": false}, {"problemId": 406973, "description": "G13", "isStart": false, "isEnd": false}, {"problemId": 406973, "description": "F18", "isStart": false, "isEnd": true}], "data.apiId": 406973}