{"data.grade": "7A", "data.userGrade": "7A", "data.method": "Feet follow hands", "data.userRating": 4, "data.repeats": 3134, "data.moves": [{"problemId": 308257, "description": "B8", "isStart": false, "isEnd": false}, {"problemId": 308257, "description": "B4", "isStart": true, "isEnd": false}, {"problemId": 308257, "description": "D15", "isStart": false, "isEnd": false}, {"problemId": 308257, "description": "E11", "isStart": false, "isEnd": false}, {"problemId": 308257, "description": "H18", "isStart": false, "isEnd": true}], "data.apiId": 308257}