{"data.grade": "7A", "data.userGrade": "7A", "data.method": "Feet follow hands + screw ons", "data.userRating": 5, "data.repeats": 1, "data.moves": [{"problemId": 319771, "description": "B5", "isStart": true, "isEnd": false}, {"problemId": 319771, "description": "D6", "isStart": true, "isEnd": false}, {"problemId": 319771, "description": "A12", "isStart": false, "isEnd": false}, {"problemId": 319771, "description": "B11", "isStart": false, "isEnd": false}, {"problemId": 319771, "description": "E14", "isStart": false, "isEnd": false}, {"problemId": 319771, "description": "H11", "isStart": false, "isEnd": false}, {"problemId": 319771, "description": "D15", "isStart": false, "isEnd": false}, {"problemId": 319771, "description": "F18", "isStart": false, "isEnd": true}, {"problemId": 319771, "description": "F3", "isStart": false, "isEnd": false}, {"problemId": 319771, "description": "A2", "isStart": false, "isEnd": false}], "data.apiId": 319771}