{"data.grade": "7A", "data.userGrade": "7A", "data.method": "Feet follow hands", "data.userRating": 5, "data.repeats": 19, "data.moves": [{"problemId": 330782, "description": "H4", "isStart": true, "isEnd": false}, {"problemId": 330782, "description": "D5", "isStart": true, "isEnd": false}, {"problemId": 330782, "description": "G10", "isStart": false, "isEnd": false}, {"problemId": 330782, "description": "A11", "isStart": false, "isEnd": false}, {"problemId": 330782, "description": "F13", "isStart": false, "isEnd": false}, {"problemId": 330782, "description": "C15", "isStart": false, "isEnd": false}, {"problemId": 330782, "description": "H18", "isStart": false, "isEnd": true}], "data.apiId": 330782}