{"data.grade": "7A", "data.userGrade": null, "data.method": "Feet follow hands", "data.userRating": 4, "data.repeats": 1, "data.moves": [{"problemId": 346622, "description": "C7", "isStart": false, "isEnd": false}, {"problemId": 346622, "description": "C3", "isStart": true, "isEnd": false}, {"problemId": 346622, "description": "F3", "isStart": true, "isEnd": false}, {"problemId": 346622, "description": "H9", "isStart": false, "isEnd": false}, {"problemId": 346622, "description": "E12", "isStart": false, "isEnd": false}, {"problemId": 346622, "description": "H15", "isStart": false, "isEnd": false}, {"problemId": 346622, "description": "E18", "isStart": false, "isEnd": true}], "data.apiId": 346622}