{"data.grade": "7A", "data.userGrade": "7A", "data.method": "Feet follow hands", "data.userRating": 5, "data.repeats": 9, "data.moves": [{"problemId": 326826, "description": "K6", "isStart": true, "isEnd": false}, {"problemId": 326826, "description": "J6", "isStart": true, "isEnd": false}, {"problemId": 326826, "description": "K8", "isStart": false, "isEnd": false}, {"problemId": 326826, "description": "H9", "isStart": false, "isEnd": false}, {"problemId": 326826, "description": "G10", "isStart": false, "isEnd": false}, {"problemId": 326826, "description": "K2", "isStart": false, "isEnd": false}, {"problemId": 326826, "description": "B10", "isStart": false, "isEnd": false}, {"problemId": 326826, "description": "C14", "isStart": false, "isEnd": false}, {"problemId": 326826, "description": "B6", "isStart": false, "isEnd": false}, {"problemId": 326826, "description": "E14", "isStart": false, "isEnd": false}, {"problemId": 326826, "description": "C17", "isStart": false, "isEnd": false}, {"problemId": 326826, "description": "H18", "isStart": false, "isEnd": true}, {"problemId": 326826, "description": "J7", "isStart": false, "isEnd": false}], "data.apiId": 326826}