{"data.grade": "7A", "data.userGrade": "7A", "data.method": "Feet follow hands + screw ons", "data.userRating": 5, "data.repeats": 5, "data.moves": [{"problemId": 328961, "description": "G3", "isStart": true, "isEnd": false}, {"problemId": 328961, "description": "H7", "isStart": false, "isEnd": false}, {"problemId": 328961, "description": "G11", "isStart": false, "isEnd": false}, {"problemId": 328961, "description": "F13", "isStart": false, "isEnd": false}, {"problemId": 328961, "description": "B15", "isStart": false, "isEnd": false}, {"problemId": 328961, "description": "D18", "isStart": false, "isEnd": true}, {"problemId": 328961, "description": "J5", "isStart": true, "isEnd": false}, {"problemId": 328961, "description": "K9", "isStart": false, "isEnd": false}], "data.apiId": 328961}