{"data.grade": "7A", "data.userGrade": null, "data.method": "Feet follow hands", "data.userRating": 0, "data.repeats": 0, "data.moves": [{"problemId": 451891, "description": "B3", "isStart": true, "isEnd": false}, {"problemId": 451891, "description": "A5", "isStart": true, "isEnd": false}, {"problemId": 451891, "description": "F6", "isStart": false, "isEnd": false}, {"problemId": 451891, "description": "D11", "isStart": false, "isEnd": false}, {"problemId": 451891, "description": "J10", "isStart": false, "isEnd": false}, {"problemId": 451891, "description": "H16", "isStart": false, "isEnd": false}, {"problemId": 451891, "description": "B18", "isStart": false, "isEnd": true}, {"problemId": 451891, "description": "J3", "isStart": false, "isEnd": false}], "data.apiId": 451891}