{"data.grade": "7A", "data.userGrade": "7A", "data.method": "Feet follow hands", "data.userRating": 5, "data.repeats": 7, "data.moves": [{"problemId": 402520, "description": "C6", "isStart": true, "isEnd": false}, {"problemId": 402520, "description": "C3", "isStart": true, "isEnd": false}, {"problemId": 402520, "description": "G9", "isStart": false, "isEnd": false}, {"problemId": 402520, "description": "D11", "isStart": false, "isEnd": false}, {"problemId": 402520, "description": "H14", "isStart": false, "isEnd": false}, {"problemId": 402520, "description": "H17", "isStart": false, "isEnd": false}, {"problemId": 402520, "description": "F17", "isStart": false, "isEnd": false}, {"problemId": 402520, "description": "B18", "isStart": false, "isEnd": true}], "data.apiId": 402520}