{"data.grade": "7A", "data.userGrade": "7A", "data.method": "Feet follow hands", "data.userRating": 5, "data.repeats": 6, "data.moves": [{"problemId": 414126, "description": "E4", "isStart": true, "isEnd": false}, {"problemId": 414126, "description": "H4", "isStart": true, "isEnd": false}, {"problemId": 414126, "description": "J9", "isStart": false, "isEnd": false}, {"problemId": 414126, "description": "F12", "isStart": false, "isEnd": false}, {"problemId": 414126, "description": "E14", "isStart": false, "isEnd": false}, {"problemId": 414126, "description": "C17", "isStart": false, "isEnd": false}, {"problemId": 414126, "description": "E18", "isStart": false, "isEnd": true}], "data.apiId": 414126}