{"data.grade": "7A", "data.userGrade": "7A", "data.method": "Feet follow hands", "data.userRating": 5, "data.repeats": 2, "data.moves": [{"problemId": 346984, "description": "F12", "isStart": false, "isEnd": false}, {"problemId": 346984, "description": "H15", "isStart": false, "isEnd": false}, {"problemId": 346984, "description": "H18", "isStart": false, "isEnd": true}, {"problemId": 346984, "description": "C4", "isStart": true, "isEnd": false}, {"problemId": 346984, "description": "A5", "isStart": true, "isEnd": false}, {"problemId": 346984, "description": "B10", "isStart": false, "isEnd": false}, {"problemId": 346984, "description": "B7", "isStart": false, "isEnd": false}], "data.apiId": 346984}