{"data.grade": "7A", "data.userGrade": null, "data.method": "Feet follow hands", "data.userRating": 5, "data.repeats": 4, "data.moves": [{"problemId": 341798, "description": "F6", "isStart": true, "isEnd": false}, {"problemId": 341798, "description": "J2", "isStart": false, "isEnd": false}, {"problemId": 341798, "description": "I4", "isStart": true, "isEnd": false}, {"problemId": 341798, "description": "J9", "isStart": false, "isEnd": false}, {"problemId": 341798, "description": "E11", "isStart": false, "isEnd": false}, {"problemId": 341798, "description": "J13", "isStart": false, "isEnd": false}, {"problemId": 341798, "description": "H18", "isStart": false, "isEnd": true}], "data.apiId": 341798}