{"data.grade": "7A", "data.userGrade": "7A", "data.method": "Feet follow hands", "data.userRating": 5, "data.repeats": 41, "data.moves": [{"problemId": 309906, "description": "C4", "isStart": true, "isEnd": false}, {"problemId": 309906, "description": "B6", "isStart": true, "isEnd": false}, {"problemId": 309906, "description": "A9", "isStart": false, "isEnd": false}, {"problemId": 309906, "description": "F10", "isStart": false, "isEnd": false}, {"problemId": 309906, "description": "D11", "isStart": false, "isEnd": false}, {"problemId": 309906, "description": "F13", "isStart": false, "isEnd": false}, {"problemId": 309906, "description": "C15", "isStart": false, "isEnd": false}, {"problemId": 309906, "description": "G18", "isStart": false, "isEnd": true}], "data.apiId": 309906}