{"data.grade": "7A", "data.userGrade": null, "data.method": "Feet follow hands", "data.userRating": 0, "data.repeats": 0, "data.moves": [{"problemId": 321596, "description": "B10", "isStart": false, "isEnd": false}, {"problemId": 321596, "description": "C7", "isStart": false, "isEnd": false}, {"problemId": 321596, "description": "E10", "isStart": false, "isEnd": false}, {"problemId": 321596, "description": "F15", "isStart": false, "isEnd": false}, {"problemId": 321596, "description": "K18", "isStart": false, "isEnd": true}, {"problemId": 321596, "description": "I13", "isStart": false, "isEnd": false}, {"problemId": 321596, "description": "C13", "isStart": false, "isEnd": false}, {"problemId": 321596, "description": "H5", "isStart": true, "isEnd": false}, {"problemId": 321596, "description": "D2", "isStart": true, "isEnd": false}, {"problemId": 321596, "description": "J8", "isStart": false, "isEnd": false}, {"problemId": 321596, "description": "A12", "isStart": false, "isEnd": false}], "data.apiId": 321596}