{"data.grade": "7A", "data.userGrade": null, "data.method": "Feet follow hands", "data.userRating": 5, "data.repeats": 2, "data.moves": [{"problemId": 339450, "description": "J4", "isStart": true, "isEnd": false}, {"problemId": 339450, "description": "F7", "isStart": false, "isEnd": false}, {"problemId": 339450, "description": "G12", "isStart": false, "isEnd": false}, {"problemId": 339450, "description": "E12", "isStart": false, "isEnd": false}, {"problemId": 339450, "description": "E14", "isStart": false, "isEnd": false}, {"problemId": 339450, "description": "C18", "isStart": false, "isEnd": true}, {"problemId": 339450, "description": "J8", "isStart": false, "isEnd": false}, {"problemId": 339450, "description": "A15", "isStart": false, "isEnd": false}], "data.apiId": 339450}