{"data.grade": "7A", "data.userGrade": "7A", "data.method": "Feet follow hands", "data.userRating": 4, "data.repeats": 15, "data.moves": [{"problemId": 352101, "description": "C7", "isStart": false, "isEnd": false}, {"problemId": 352101, "description": "A3", "isStart": true, "isEnd": false}, {"problemId": 352101, "description": "F11", "isStart": false, "isEnd": false}, {"problemId": 352101, "description": "F4", "isStart": true, "isEnd": false}, {"problemId": 352101, "description": "F13", "isStart": false, "isEnd": false}, {"problemId": 352101, "description": "F14", "isStart": false, "isEnd": false}, {"problemId": 352101, "description": "C15", "isStart": false, "isEnd": false}, {"problemId": 352101, "description": "D17", "isStart": false, "isEnd": false}, {"problemId": 352101, "description": "A18", "isStart": false, "isEnd": true}], "data.apiId": 352101}