{"data.grade": "7A", "data.userGrade": null, "data.method": "Feet follow hands", "data.userRating": 0, "data.repeats": 0, "data.moves": [{"problemId": 330831, "description": "I6", "isStart": true, "isEnd": false}, {"problemId": 330831, "description": "G5", "isStart": true, "isEnd": false}, {"problemId": 330831, "description": "E9", "isStart": false, "isEnd": false}, {"problemId": 330831, "description": "I11", "isStart": false, "isEnd": false}, {"problemId": 330831, "description": "G12", "isStart": false, "isEnd": false}, {"problemId": 330831, "description": "G15", "isStart": false, "isEnd": false}, {"problemId": 330831, "description": "C18", "isStart": false, "isEnd": true}, {"problemId": 330831, "description": "J2", "isStart": false, "isEnd": false}], "data.apiId": 330831}