{"data.grade": "7A", "data.userGrade": "7A", "data.method": "Feet follow hands", "data.userRating": 5, "data.repeats": 9, "data.moves": [{"problemId": 322377, "description": "J4", "isStart": true, "isEnd": false}, {"problemId": 322377, "description": "G3", "isStart": true, "isEnd": false}, {"problemId": 322377, "description": "G8", "isStart": false, "isEnd": false}, {"problemId": 322377, "description": "E9", "isStart": false, "isEnd": false}, {"problemId": 322377, "description": "F13", "isStart": false, "isEnd": false}, {"problemId": 322377, "description": "D16", "isStart": false, "isEnd": false}, {"problemId": 322377, "description": "H18", "isStart": false, "isEnd": true}], "data.apiId": 322377}