{"data.grade": "7A", "data.userGrade": null, "data.method": "Feet follow hands", "data.userRating": 5, "data.repeats": 1, "data.moves": [{"problemId": 317737, "description": "E3", "isStart": true, "isEnd": false}, {"problemId": 317737, "description": "F3", "isStart": true, "isEnd": false}, {"problemId": 317737, "description": "C8", "isStart": false, "isEnd": false}, {"problemId": 317737, "description": "B9", "isStart": false, "isEnd": false}, {"problemId": 317737, "description": "G11", "isStart": false, "isEnd": false}, {"problemId": 317737, "description": "G14", "isStart": false, "isEnd": false}, {"problemId": 317737, "description": "I16", "isStart": false, "isEnd": false}, {"problemId": 317737, "description": "F18", "isStart": false, "isEnd": true}], "data.apiId": 317737}