{"data.grade": "7A", "data.userGrade": "7A", "data.method": "Feet follow hands", "data.userRating": 3, "data.repeats": 4, "data.moves": [{"problemId": 422277, "description": "E6", "isStart": true, "isEnd": false}, {"problemId": 422277, "description": "H4", "isStart": true, "isEnd": false}, {"problemId": 422277, "description": "C5", "isStart": false, "isEnd": false}, {"problemId": 422277, "description": "F10", "isStart": false, "isEnd": false}, {"problemId": 422277, "description": "F13", "isStart": false, "isEnd": false}, {"problemId": 422277, "description": "H17", "isStart": false, "isEnd": false}, {"problemId": 422277, "description": "D18", "isStart": false, "isEnd": true}], "data.apiId": 422277}