{"data.grade": "7A", "data.userGrade": null, "data.method": "Feet follow hands", "data.userRating": 4, "data.repeats": 1, "data.moves": [{"problemId": 381174, "description": "F5", "isStart": true, "isEnd": false}, {"problemId": 381174, "description": "F12", "isStart": false, "isEnd": false}, {"problemId": 381174, "description": "I7", "isStart": false, "isEnd": false}, {"problemId": 381174, "description": "A16", "isStart": false, "isEnd": false}, {"problemId": 381174, "description": "A18", "isStart": false, "isEnd": true}], "data.apiId": 381174}