{"data.grade": "7A", "data.userGrade": null, "data.method": "Feet follow hands", "data.userRating": 0, "data.repeats": 0, "data.moves": [{"problemId": 362033, "description": "D12", "isStart": false, "isEnd": false}, {"problemId": 362033, "description": "I10", "isStart": false, "isEnd": false}, {"problemId": 362033, "description": "G6", "isStart": true, "isEnd": false}, {"problemId": 362033, "description": "H2", "isStart": true, "isEnd": false}, {"problemId": 362033, "description": "J13", "isStart": false, "isEnd": false}, {"problemId": 362033, "description": "F15", "isStart": false, "isEnd": false}, {"problemId": 362033, "description": "H18", "isStart": false, "isEnd": true}], "data.apiId": 362033}