{"data.grade": "7A", "data.userGrade": "7A", "data.method": "Feet follow hands", "data.userRating": 4, "data.repeats": 4, "data.moves": [{"problemId": 401309, "description": "G8", "isStart": false, "isEnd": false}, {"problemId": 401309, "description": "D11", "isStart": false, "isEnd": false}, {"problemId": 401309, "description": "E14", "isStart": false, "isEnd": false}, {"problemId": 401309, "description": "C17", "isStart": false, "isEnd": false}, {"problemId": 401309, "description": "H18", "isStart": false, "isEnd": true}, {"problemId": 401309, "description": "D5", "isStart": true, "isEnd": false}, {"problemId": 401309, "description": "J5", "isStart": true, "isEnd": false}], "data.apiId": 401309}