{"data.grade": "7A", "data.userGrade": "7A", "data.method": "Feet follow hands", "data.userRating": 4, "data.repeats": 648, "data.moves": [{"problemId": 311714, "description": "H3", "isStart": true, "isEnd": false}, {"problemId": 311714, "description": "E4", "isStart": true, "isEnd": false}, {"problemId": 311714, "description": "H9", "isStart": false, "isEnd": false}, {"problemId": 311714, "description": "F10", "isStart": false, "isEnd": false}, {"problemId": 311714, "description": "G13", "isStart": false, "isEnd": false}, {"problemId": 311714, "description": "C15", "isStart": false, "isEnd": false}, {"problemId": 311714, "description": "D17", "isStart": false, "isEnd": false}, {"problemId": 311714, "description": "A18", "isStart": false, "isEnd": true}], "data.apiId": 311714}