{"data.grade": "7A", "data.userGrade": null, "data.method": "Feet follow hands", "data.userRating": 4, "data.repeats": 2, "data.moves": [{"problemId": 317328, "description": "D3", "isStart": true, "isEnd": false}, {"problemId": 317328, "description": "E4", "isStart": true, "isEnd": false}, {"problemId": 317328, "description": "I8", "isStart": false, "isEnd": false}, {"problemId": 317328, "description": "H11", "isStart": false, "isEnd": false}, {"problemId": 317328, "description": "J13", "isStart": false, "isEnd": false}, {"problemId": 317328, "description": "I15", "isStart": false, "isEnd": false}, {"problemId": 317328, "description": "H18", "isStart": false, "isEnd": true}], "data.apiId": 317328}