{"data.grade": "7A", "data.userGrade": null, "data.method": "Feet follow hands", "data.userRating": 5, "data.repeats": 6, "data.moves": [{"problemId": 318332, "description": "I6", "isStart": true, "isEnd": false}, {"problemId": 318332, "description": "G5", "isStart": true, "isEnd": false}, {"problemId": 318332, "description": "J5", "isStart": false, "isEnd": false}, {"problemId": 318332, "description": "E9", "isStart": false, "isEnd": false}, {"problemId": 318332, "description": "G12", "isStart": false, "isEnd": false}, {"problemId": 318332, "description": "D13", "isStart": false, "isEnd": false}, {"problemId": 318332, "description": "G15", "isStart": false, "isEnd": false}, {"problemId": 318332, "description": "D16", "isStart": false, "isEnd": false}, {"problemId": 318332, "description": "I18", "isStart": false, "isEnd": true}], "data.apiId": 318332}