{"data.grade": "7A", "data.userGrade": null, "data.method": "Feet follow hands", "data.userRating": 5, "data.repeats": 1, "data.moves": [{"problemId": 312590, "description": "K5", "isStart": true, "isEnd": false}, {"problemId": 312590, "description": "G4", "isStart": true, "isEnd": false}, {"problemId": 312590, "description": "H6", "isStart": false, "isEnd": false}, {"problemId": 312590, "description": "J8", "isStart": false, "isEnd": false}, {"problemId": 312590, "description": "F10", "isStart": false, "isEnd": false}, {"problemId": 312590, "description": "F11", "isStart": false, "isEnd": false}, {"problemId": 312590, "description": "F13", "isStart": false, "isEnd": false}, {"problemId": 312590, "description": "I14", "isStart": false, "isEnd": false}, {"problemId": 312590, "description": "F16", "isStart": false, "isEnd": false}, {"problemId": 312590, "description": "K18", "isStart": false, "isEnd": true}], "data.apiId": 312590}