{"data.grade": "7A", "data.userGrade": null, "data.method": "Feet follow hands", "data.userRating": 5, "data.repeats": 3, "data.moves": [{"problemId": 319228, "description": "C5", "isStart": true, "isEnd": false}, {"problemId": 319228, "description": "E6", "isStart": true, "isEnd": false}, {"problemId": 319228, "description": "C9", "isStart": false, "isEnd": false}, {"problemId": 319228, "description": "F11", "isStart": false, "isEnd": false}, {"problemId": 319228, "description": "E12", "isStart": false, "isEnd": false}, {"problemId": 319228, "description": "I14", "isStart": false, "isEnd": false}, {"problemId": 319228, "description": "G16", "isStart": false, "isEnd": false}, {"problemId": 319228, "description": "I18", "isStart": false, "isEnd": true}], "data.apiId": 319228}