{"data.grade": "7A", "data.userGrade": "7A", "data.method": "Feet follow hands", "data.userRating": 4, "data.repeats": 207, "data.moves": [{"problemId": 333066, "description": "H5", "isStart": true, "isEnd": false}, {"problemId": 333066, "description": "D4", "isStart": true, "isEnd": false}, {"problemId": 333066, "description": "D10", "isStart": false, "isEnd": false}, {"problemId": 333066, "description": "B18", "isStart": false, "isEnd": true}, {"problemId": 333066, "description": "E13", "isStart": false, "isEnd": false}], "data.apiId": 333066}