{"data.grade": "7A", "data.userGrade": null, "data.method": "Feet follow hands", "data.userRating": 4, "data.repeats": 1, "data.moves": [{"problemId": 414231, "description": "I3", "isStart": true, "isEnd": false}, {"problemId": 414231, "description": "E4", "isStart": true, "isEnd": false}, {"problemId": 414231, "description": "G7", "isStart": false, "isEnd": false}, {"problemId": 414231, "description": "E10", "isStart": false, "isEnd": false}, {"problemId": 414231, "description": "G13", "isStart": false, "isEnd": false}, {"problemId": 414231, "description": "I15", "isStart": false, "isEnd": false}, {"problemId": 414231, "description": "G18", "isStart": false, "isEnd": true}], "data.apiId": 414231}