{"data.grade": "7A", "data.userGrade": null, "data.method": "Feet follow hands", "data.userRating": 5, "data.repeats": 2, "data.moves": [{"problemId": 336451, "description": "D5", "isStart": true, "isEnd": false}, {"problemId": 336451, "description": "E6", "isStart": false, "isEnd": false}, {"problemId": 336451, "description": "B9", "isStart": false, "isEnd": false}, {"problemId": 336451, "description": "A3", "isStart": false, "isEnd": false}, {"problemId": 336451, "description": "F11", "isStart": false, "isEnd": false}, {"problemId": 336451, "description": "C15", "isStart": false, "isEnd": false}, {"problemId": 336451, "description": "D18", "isStart": false, "isEnd": true}, {"problemId": 336451, "description": "C12", "isStart": false, "isEnd": false}, {"problemId": 336451, "description": "I2", "isStart": true, "isEnd": false}], "data.apiId": 336451}