{"data.grade": "7A", "data.userGrade": "7A", "data.method": "Feet follow hands", "data.userRating": 4, "data.repeats": 9, "data.moves": [{"problemId": 336021, "description": "F4", "isStart": true, "isEnd": false}, {"problemId": 336021, "description": "H6", "isStart": false, "isEnd": false}, {"problemId": 336021, "description": "H8", "isStart": false, "isEnd": false}, {"problemId": 336021, "description": "B16", "isStart": false, "isEnd": false}, {"problemId": 336021, "description": "D17", "isStart": false, "isEnd": false}, {"problemId": 336021, "description": "D18", "isStart": false, "isEnd": true}, {"problemId": 336021, "description": "G11", "isStart": false, "isEnd": false}, {"problemId": 336021, "description": "C13", "isStart": false, "isEnd": false}, {"problemId": 336021, "description": "F11", "isStart": false, "isEnd": false}, {"problemId": 336021, "description": "E10", "isStart": false, "isEnd": false}, {"problemId": 336021, "description": "E14", "isStart": false, "isEnd": false}], "data.apiId": 336021}