{"data.grade": "7A", "data.userGrade": null, "data.method": "Feet follow hands", "data.userRating": 1, "data.repeats": 1, "data.moves": [{"problemId": 371543, "description": "I4", "isStart": true, "isEnd": false}, {"problemId": 371543, "description": "D3", "isStart": true, "isEnd": false}, {"problemId": 371543, "description": "F7", "isStart": false, "isEnd": false}, {"problemId": 371543, "description": "G13", "isStart": false, "isEnd": false}, {"problemId": 371543, "description": "G18", "isStart": false, "isEnd": true}], "data.apiId": 371543}