{"data.grade": "7A", "data.userGrade": "7A", "data.method": "Feet follow hands", "data.userRating": 4, "data.repeats": 10, "data.moves": [{"problemId": 345761, "description": "E6", "isStart": true, "isEnd": false}, {"problemId": 345761, "description": "H4", "isStart": true, "isEnd": false}, {"problemId": 345761, "description": "G9", "isStart": false, "isEnd": false}, {"problemId": 345761, "description": "D11", "isStart": false, "isEnd": false}, {"problemId": 345761, "description": "H14", "isStart": false, "isEnd": false}, {"problemId": 345761, "description": "D16", "isStart": false, "isEnd": false}, {"problemId": 345761, "description": "B5", "isStart": false, "isEnd": false}, {"problemId": 345761, "description": "E18", "isStart": false, "isEnd": true}], "data.apiId": 345761}