{"data.grade": "7A", "data.userGrade": null, "data.method": "Feet follow hands", "data.userRating": 0, "data.repeats": 0, "data.moves": [{"problemId": 366720, "description": "K2", "isStart": true, "isEnd": false}, {"problemId": 366720, "description": "K6", "isStart": true, "isEnd": false}, {"problemId": 366720, "description": "F7", "isStart": false, "isEnd": false}, {"problemId": 366720, "description": "G13", "isStart": false, "isEnd": false}, {"problemId": 366720, "description": "J18", "isStart": false, "isEnd": true}], "data.apiId": 366720}