{"data.grade": "7A", "data.userGrade": "7A", "data.method": "Feet follow hands", "data.userRating": 4, "data.repeats": 4, "data.moves": [{"problemId": 340290, "description": "E4", "isStart": true, "isEnd": false}, {"problemId": 340290, "description": "G10", "isStart": false, "isEnd": false}, {"problemId": 340290, "description": "I6", "isStart": true, "isEnd": false}, {"problemId": 340290, "description": "J3", "isStart": false, "isEnd": false}, {"problemId": 340290, "description": "G13", "isStart": false, "isEnd": false}, {"problemId": 340290, "description": "C10", "isStart": false, "isEnd": false}, {"problemId": 340290, "description": "A16", "isStart": false, "isEnd": false}, {"problemId": 340290, "description": "F18", "isStart": false, "isEnd": true}, {"problemId": 340290, "description": "F15", "isStart": false, "isEnd": false}], "data.apiId": 340290}