{"data.grade": "7A", "data.userGrade": "7A", "data.method": "Feet follow hands", "data.userRating": 4, "data.repeats": 18, "data.moves": [{"problemId": 423694, "description": "B4", "isStart": true, "isEnd": false}, {"problemId": 423694, "description": "F4", "isStart": true, "isEnd": false}, {"problemId": 423694, "description": "B8", "isStart": false, "isEnd": false}, {"problemId": 423694, "description": "G10", "isStart": false, "isEnd": false}, {"problemId": 423694, "description": "H9", "isStart": false, "isEnd": false}, {"problemId": 423694, "description": "G14", "isStart": false, "isEnd": false}, {"problemId": 423694, "description": "H15", "isStart": false, "isEnd": false}, {"problemId": 423694, "description": "D18", "isStart": false, "isEnd": true}, {"problemId": 423694, "description": "K5", "isStart": false, "isEnd": false}, {"problemId": 423694, "description": "D17", "isStart": false, "isEnd": false}], "data.apiId": 423694}