{"data.grade": "7A", "data.userGrade": null, "data.method": "Feet follow hands", "data.userRating": 5, "data.repeats": 3, "data.moves": [{"problemId": 406589, "description": "F5", "isStart": true, "isEnd": false}, {"problemId": 406589, "description": "D10", "isStart": false, "isEnd": false}, {"problemId": 406589, "description": "F11", "isStart": false, "isEnd": false}, {"problemId": 406589, "description": "F14", "isStart": false, "isEnd": false}, {"problemId": 406589, "description": "G16", "isStart": false, "isEnd": false}, {"problemId": 406589, "description": "I16", "isStart": false, "isEnd": false}, {"problemId": 406589, "description": "K18", "isStart": false, "isEnd": true}, {"problemId": 406589, "description": "J8", "isStart": false, "isEnd": false}], "data.apiId": 406589}