{"data.grade": "7A", "data.userGrade": "7A", "data.method": "Feet follow hands", "data.userRating": 5, "data.repeats": 90, "data.moves": [{"problemId": 309118, "description": "D5", "isStart": true, "isEnd": false}, {"problemId": 309118, "description": "H8", "isStart": false, "isEnd": false}, {"problemId": 309118, "description": "H14", "isStart": false, "isEnd": false}, {"problemId": 309118, "description": "J18", "isStart": false, "isEnd": true}, {"problemId": 309118, "description": "F3", "isStart": true, "isEnd": false}, {"problemId": 309118, "description": "I16", "isStart": false, "isEnd": false}, {"problemId": 309118, "description": "D11", "isStart": false, "isEnd": false}], "data.apiId": 309118}