{"data.grade": "7A", "data.userGrade": null, "data.method": "Feet follow hands", "data.userRating": 5, "data.repeats": 1, "data.moves": [{"problemId": 401225, "description": "H3", "isStart": true, "isEnd": false}, {"problemId": 401225, "description": "E3", "isStart": true, "isEnd": false}, {"problemId": 401225, "description": "E7", "isStart": false, "isEnd": false}, {"problemId": 401225, "description": "C10", "isStart": false, "isEnd": false}, {"problemId": 401225, "description": "D12", "isStart": false, "isEnd": false}, {"problemId": 401225, "description": "G14", "isStart": false, "isEnd": false}, {"problemId": 401225, "description": "I15", "isStart": false, "isEnd": false}, {"problemId": 401225, "description": "J18", "isStart": false, "isEnd": true}, {"problemId": 401225, "description": "B5", "isStart": false, "isEnd": false}], "data.apiId": 401225}