{"data.grade": "7A", "data.userGrade": null, "data.method": "Feet follow hands", "data.userRating": 5, "data.repeats": 2, "data.moves": [{"problemId": 318900, "description": "H5", "isStart": true, "isEnd": false}, {"problemId": 318900, "description": "F10", "isStart": false, "isEnd": false}, {"problemId": 318900, "description": "H14", "isStart": false, "isEnd": false}, {"problemId": 318900, "description": "H15", "isStart": false, "isEnd": false}, {"problemId": 318900, "description": "K18", "isStart": false, "isEnd": true}], "data.apiId": 318900}