{"data.grade": "7A", "data.userGrade": null, "data.method": "Feet follow hands", "data.userRating": 5, "data.repeats": 3, "data.moves": [{"problemId": 351078, "description": "A3", "isStart": true, "isEnd": false}, {"problemId": 351078, "description": "A4", "isStart": true, "isEnd": false}, {"problemId": 351078, "description": "A5", "isStart": false, "isEnd": false}, {"problemId": 351078, "description": "C2", "isStart": false, "isEnd": false}, {"problemId": 351078, "description": "B8", "isStart": false, "isEnd": false}, {"problemId": 351078, "description": "F8", "isStart": false, "isEnd": false}, {"problemId": 351078, "description": "F12", "isStart": false, "isEnd": false}, {"problemId": 351078, "description": "G4", "isStart": false, "isEnd": false}, {"problemId": 351078, "description": "G13", "isStart": false, "isEnd": false}, {"problemId": 351078, "description": "I15", "isStart": false, "isEnd": false}, {"problemId": 351078, "description": "J18", "isStart": false, "isEnd": true}, {"problemId": 351078, "description": "K17", "isStart": false, "isEnd": false}, {"problemId": 351078, "description": "I17", "isStart": false, "isEnd": false}], "data.apiId": 351078}