{"data.grade": "7A", "data.userGrade": null, "data.method": "Feet follow hands", "data.userRating": 0, "data.repeats": 0, "data.moves": [{"problemId": 363733, "description": "K6", "isStart": true, "isEnd": false}, {"problemId": 363733, "description": "K2", "isStart": true, "isEnd": false}, {"problemId": 363733, "description": "H7", "isStart": false, "isEnd": false}, {"problemId": 363733, "description": "I9", "isStart": false, "isEnd": false}, {"problemId": 363733, "description": "E9", "isStart": false, "isEnd": false}, {"problemId": 363733, "description": "G12", "isStart": false, "isEnd": false}, {"problemId": 363733, "description": "D13", "isStart": false, "isEnd": false}, {"problemId": 363733, "description": "H16", "isStart": false, "isEnd": false}, {"problemId": 363733, "description": "G16", "isStart": false, "isEnd": false}, {"problemId": 363733, "description": "J18", "isStart": false, "isEnd": true}, {"problemId": 363733, "description": "C5", "isStart": false, "isEnd": false}], "data.apiId": 363733}