{"data.grade": "7A", "data.userGrade": null, "data.method": "Feet follow hands", "data.userRating": 4, "data.repeats": 1, "data.moves": [{"problemId": 370678, "description": "I3", "isStart": true, "isEnd": false}, {"problemId": 370678, "description": "G3", "isStart": true, "isEnd": false}, {"problemId": 370678, "description": "F7", "isStart": false, "isEnd": false}, {"problemId": 370678, "description": "G7", "isStart": false, "isEnd": false}, {"problemId": 370678, "description": "C9", "isStart": false, "isEnd": false}, {"problemId": 370678, "description": "C11", "isStart": false, "isEnd": false}, {"problemId": 370678, "description": "A13", "isStart": false, "isEnd": false}, {"problemId": 370678, "description": "C15", "isStart": false, "isEnd": false}, {"problemId": 370678, "description": "D15", "isStart": false, "isEnd": false}, {"problemId": 370678, "description": "B4", "isStart": false, "isEnd": false}, {"problemId": 370678, "description": "D18", "isStart": false, "isEnd": true}, {"problemId": 370678, "description": "H11", "isStart": false, "isEnd": false}], "data.apiId": 370678}