{"data.grade": "7A", "data.userGrade": null, "data.method": "Feet follow hands", "data.userRating": 5, "data.repeats": 2, "data.moves": [{"problemId": 338783, "description": "K1", "isStart": false, "isEnd": false}, {"problemId": 338783, "description": "K5", "isStart": true, "isEnd": false}, {"problemId": 338783, "description": "K3", "isStart": true, "isEnd": false}, {"problemId": 338783, "description": "I8", "isStart": false, "isEnd": false}, {"problemId": 338783, "description": "D9", "isStart": false, "isEnd": false}, {"problemId": 338783, "description": "E11", "isStart": false, "isEnd": false}, {"problemId": 338783, "description": "E14", "isStart": false, "isEnd": false}, {"problemId": 338783, "description": "H15", "isStart": false, "isEnd": false}, {"problemId": 338783, "description": "B7", "isStart": false, "isEnd": false}, {"problemId": 338783, "description": "I18", "isStart": false, "isEnd": true}, {"problemId": 338783, "description": "K18", "isStart": false, "isEnd": true}], "data.apiId": 338783}