{"data.grade": "7A", "data.userGrade": "7A", "data.method": "Feet follow hands", "data.userRating": 4, "data.repeats": 24, "data.moves": [{"problemId": 396838, "description": "F5", "isStart": true, "isEnd": false}, {"problemId": 396838, "description": "E13", "isStart": false, "isEnd": false}, {"problemId": 396838, "description": "D17", "isStart": false, "isEnd": false}, {"problemId": 396838, "description": "A18", "isStart": false, "isEnd": true}, {"problemId": 396838, "description": "I8", "isStart": false, "isEnd": false}, {"problemId": 396838, "description": "G2", "isStart": true, "isEnd": false}], "data.apiId": 396838}