{"data.grade": "7A", "data.userGrade": null, "data.method": "Feet follow hands", "data.userRating": 5, "data.repeats": 1, "data.moves": [{"problemId": 411494, "description": "G4", "isStart": true, "isEnd": false}, {"problemId": 411494, "description": "F10", "isStart": false, "isEnd": false}, {"problemId": 411494, "description": "I14", "isStart": false, "isEnd": false}, {"problemId": 411494, "description": "I11", "isStart": false, "isEnd": false}, {"problemId": 411494, "description": "F7", "isStart": false, "isEnd": false}, {"problemId": 411494, "description": "C7", "isStart": false, "isEnd": false}, {"problemId": 411494, "description": "C12", "isStart": false, "isEnd": false}, {"problemId": 411494, "description": "F18", "isStart": false, "isEnd": true}], "data.apiId": 411494}