{"data.grade": "7A", "data.userGrade": "7A", "data.method": "Feet follow hands", "data.userRating": 4, "data.repeats": 40, "data.moves": [{"problemId": 364363, "description": "K5", "isStart": true, "isEnd": false}, {"problemId": 364363, "description": "H6", "isStart": true, "isEnd": false}, {"problemId": 364363, "description": "H9", "isStart": false, "isEnd": false}, {"problemId": 364363, "description": "D11", "isStart": false, "isEnd": false}, {"problemId": 364363, "description": "B6", "isStart": false, "isEnd": false}, {"problemId": 364363, "description": "F13", "isStart": false, "isEnd": false}, {"problemId": 364363, "description": "C15", "isStart": false, "isEnd": false}, {"problemId": 364363, "description": "F16", "isStart": false, "isEnd": false}, {"problemId": 364363, "description": "E18", "isStart": false, "isEnd": true}], "data.apiId": 364363}