{"data.grade": "7A", "data.userGrade": null, "data.method": "Feet follow hands", "data.userRating": 5, "data.repeats": 3, "data.moves": [{"problemId": 348970, "description": "E4", "isStart": true, "isEnd": false}, {"problemId": 348970, "description": "I5", "isStart": true, "isEnd": false}, {"problemId": 348970, "description": "J3", "isStart": false, "isEnd": false}, {"problemId": 348970, "description": "F9", "isStart": false, "isEnd": false}, {"problemId": 348970, "description": "G12", "isStart": false, "isEnd": false}, {"problemId": 348970, "description": "B12", "isStart": false, "isEnd": false}, {"problemId": 348970, "description": "A8", "isStart": false, "isEnd": false}, {"problemId": 348970, "description": "E14", "isStart": false, "isEnd": false}, {"problemId": 348970, "description": "C18", "isStart": false, "isEnd": true}], "data.apiId": 348970}