{"data.grade": "7A", "data.userGrade": null, "data.method": "Feet follow hands", "data.userRating": 4, "data.repeats": 3, "data.moves": [{"problemId": 320322, "description": "F5", "isStart": true, "isEnd": false}, {"problemId": 320322, "description": "G11", "isStart": false, "isEnd": false}, {"problemId": 320322, "description": "E14", "isStart": false, "isEnd": false}, {"problemId": 320322, "description": "D9", "isStart": false, "isEnd": false}, {"problemId": 320322, "description": "G16", "isStart": false, "isEnd": false}, {"problemId": 320322, "description": "E18", "isStart": false, "isEnd": true}, {"problemId": 320322, "description": "D5", "isStart": false, "isEnd": false}], "data.apiId": 320322}