{"data.grade": "7A", "data.userGrade": null, "data.method": "Feet follow hands", "data.userRating": 4, "data.repeats": 1, "data.moves": [{"problemId": 316559, "description": "G6", "isStart": true, "isEnd": false}, {"problemId": 316559, "description": "G3", "isStart": true, "isEnd": false}, {"problemId": 316559, "description": "D9", "isStart": false, "isEnd": false}, {"problemId": 316559, "description": "C13", "isStart": false, "isEnd": false}, {"problemId": 316559, "description": "G15", "isStart": false, "isEnd": false}, {"problemId": 316559, "description": "F18", "isStart": false, "isEnd": true}], "data.apiId": 316559}