{"data.grade": "7A", "data.userGrade": null, "data.method": "Feet follow hands", "data.userRating": 5, "data.repeats": 3, "data.moves": [{"problemId": 330750, "description": "H15", "isStart": false, "isEnd": false}, {"problemId": 330750, "description": "F18", "isStart": false, "isEnd": true}, {"problemId": 330750, "description": "B9", "isStart": false, "isEnd": false}, {"problemId": 330750, "description": "F10", "isStart": false, "isEnd": false}, {"problemId": 330750, "description": "D13", "isStart": false, "isEnd": false}, {"problemId": 330750, "description": "A4", "isStart": true, "isEnd": false}, {"problemId": 330750, "description": "D6", "isStart": true, "isEnd": false}], "data.apiId": 330750}