{"data.grade": "7A", "data.userGrade": null, "data.method": "Feet follow hands", "data.userRating": 4, "data.repeats": 5, "data.moves": [{"problemId": 395652, "description": "H5", "isStart": true, "isEnd": false}, {"problemId": 395652, "description": "C7", "isStart": false, "isEnd": false}, {"problemId": 395652, "description": "C10", "isStart": false, "isEnd": false}, {"problemId": 395652, "description": "G12", "isStart": false, "isEnd": false}, {"problemId": 395652, "description": "H14", "isStart": false, "isEnd": false}, {"problemId": 395652, "description": "I16", "isStart": false, "isEnd": false}, {"problemId": 395652, "description": "F18", "isStart": false, "isEnd": true}], "data.apiId": 395652}