{"data.grade": "7A", "data.userGrade": "7A", "data.method": "Feet follow hands", "data.userRating": 4, "data.repeats": 5, "data.moves": [{"problemId": 314331, "description": "K3", "isStart": true, "isEnd": false}, {"problemId": 314331, "description": "G3", "isStart": true, "isEnd": false}, {"problemId": 314331, "description": "G6", "isStart": false, "isEnd": false}, {"problemId": 314331, "description": "I8", "isStart": false, "isEnd": false}, {"problemId": 314331, "description": "G14", "isStart": false, "isEnd": false}, {"problemId": 314331, "description": "H18", "isStart": false, "isEnd": true}], "data.apiId": 314331}