{"data.grade": "7A", "data.userGrade": "7A", "data.method": "Feet follow hands", "data.userRating": 5, "data.repeats": 17, "data.moves": [{"problemId": 308416, "description": "B6", "isStart": true, "isEnd": false}, {"problemId": 308416, "description": "C5", "isStart": true, "isEnd": false}, {"problemId": 308416, "description": "F10", "isStart": false, "isEnd": false}, {"problemId": 308416, "description": "F11", "isStart": false, "isEnd": false}, {"problemId": 308416, "description": "J8", "isStart": false, "isEnd": false}, {"problemId": 308416, "description": "I14", "isStart": false, "isEnd": false}, {"problemId": 308416, "description": "F16", "isStart": false, "isEnd": false}, {"problemId": 308416, "description": "K18", "isStart": false, "isEnd": true}], "data.apiId": 308416}