{"data.grade": "7A", "data.userGrade": null, "data.method": "Feet follow hands", "data.userRating": 4, "data.repeats": 1, "data.moves": [{"problemId": 336768, "description": "I4", "isStart": true, "isEnd": false}, {"problemId": 336768, "description": "G4", "isStart": true, "isEnd": false}, {"problemId": 336768, "description": "I9", "isStart": false, "isEnd": false}, {"problemId": 336768, "description": "E9", "isStart": false, "isEnd": false}, {"problemId": 336768, "description": "F13", "isStart": false, "isEnd": false}, {"problemId": 336768, "description": "H16", "isStart": false, "isEnd": false}, {"problemId": 336768, "description": "E18", "isStart": false, "isEnd": true}, {"problemId": 336768, "description": "J8", "isStart": false, "isEnd": false}], "data.apiId": 336768}