{"data.grade": "7A", "data.userGrade": null, "data.method": "Feet follow hands", "data.userRating": 0, "data.repeats": 0, "data.moves": [{"problemId": 441903, "description": "D4", "isStart": true, "isEnd": false}, {"problemId": 441903, "description": "H4", "isStart": true, "isEnd": false}, {"problemId": 441903, "description": "K5", "isStart": false, "isEnd": false}, {"problemId": 441903, "description": "G7", "isStart": false, "isEnd": false}, {"problemId": 441903, "description": "H10", "isStart": false, "isEnd": false}, {"problemId": 441903, "description": "E15", "isStart": false, "isEnd": false}, {"problemId": 441903, "description": "G15", "isStart": false, "isEnd": false}, {"problemId": 441903, "description": "J18", "isStart": false, "isEnd": true}], "data.apiId": 441903}