{"data.grade": "7A", "data.userGrade": "7A", "data.method": "Feet follow hands", "data.userRating": 5, "data.repeats": 5, "data.moves": [{"problemId": 329148, "description": "F6", "isStart": false, "isEnd": false}, {"problemId": 329148, "description": "H4", "isStart": true, "isEnd": false}, {"problemId": 329148, "description": "G10", "isStart": false, "isEnd": false}, {"problemId": 329148, "description": "D12", "isStart": false, "isEnd": false}, {"problemId": 329148, "description": "F14", "isStart": false, "isEnd": false}, {"problemId": 329148, "description": "D17", "isStart": false, "isEnd": false}, {"problemId": 329148, "description": "H18", "isStart": false, "isEnd": true}], "data.apiId": 329148}