{"data.grade": "7A", "data.userGrade": null, "data.method": "Feet follow hands", "data.userRating": 0, "data.repeats": 0, "data.moves": [{"problemId": 313946, "description": "G6", "isStart": true, "isEnd": false}, {"problemId": 313946, "description": "J4", "isStart": true, "isEnd": false}, {"problemId": 313946, "description": "K11", "isStart": false, "isEnd": false}, {"problemId": 313946, "description": "G13", "isStart": false, "isEnd": false}, {"problemId": 313946, "description": "C15", "isStart": false, "isEnd": false}, {"problemId": 313946, "description": "F18", "isStart": false, "isEnd": true}], "data.apiId": 313946}