{"data.grade": "7A", "data.userGrade": null, "data.method": "Feet follow hands", "data.userRating": 0, "data.repeats": 0, "data.moves": [{"problemId": 317455, "description": "I3", "isStart": true, "isEnd": false}, {"problemId": 317455, "description": "G5", "isStart": true, "isEnd": false}, {"problemId": 317455, "description": "E8", "isStart": false, "isEnd": false}, {"problemId": 317455, "description": "B11", "isStart": false, "isEnd": false}, {"problemId": 317455, "description": "A12", "isStart": false, "isEnd": false}, {"problemId": 317455, "description": "A15", "isStart": false, "isEnd": false}, {"problemId": 317455, "description": "D16", "isStart": false, "isEnd": false}, {"problemId": 317455, "description": "E17", "isStart": false, "isEnd": false}, {"problemId": 317455, "description": "H18", "isStart": false, "isEnd": true}], "data.apiId": 317455}