{"data.grade": "7A", "data.userGrade": "7A", "data.method": "Feet follow hands", "data.userRating": 4, "data.repeats": 7, "data.moves": [{"problemId": 322338, "description": "F13", "isStart": false, "isEnd": false}, {"problemId": 322338, "description": "E17", "isStart": false, "isEnd": false}, {"problemId": 322338, "description": "D9", "isStart": false, "isEnd": false}, {"problemId": 322338, "description": "G7", "isStart": false, "isEnd": false}, {"problemId": 322338, "description": "H3", "isStart": true, "isEnd": false}, {"problemId": 322338, "description": "D4", "isStart": true, "isEnd": false}, {"problemId": 322338, "description": "C12", "isStart": false, "isEnd": false}, {"problemId": 322338, "description": "H18", "isStart": false, "isEnd": true}], "data.apiId": 322338}