{"data.grade": "7A", "data.userGrade": null, "data.method": "Feet follow hands", "data.userRating": 4, "data.repeats": 3, "data.moves": [{"problemId": 360571, "description": "H18", "isStart": false, "isEnd": true}, {"problemId": 360571, "description": "H16", "isStart": false, "isEnd": false}, {"problemId": 360571, "description": "I14", "isStart": false, "isEnd": false}, {"problemId": 360571, "description": "F13", "isStart": false, "isEnd": false}, {"problemId": 360571, "description": "F10", "isStart": false, "isEnd": false}, {"problemId": 360571, "description": "E9", "isStart": false, "isEnd": false}, {"problemId": 360571, "description": "I5", "isStart": false, "isEnd": false}, {"problemId": 360571, "description": "G6", "isStart": true, "isEnd": false}, {"problemId": 360571, "description": "J3", "isStart": true, "isEnd": false}], "data.apiId": 360571}