{"data.grade": "7A", "data.userGrade": null, "data.method": "Feet follow hands + screw ons", "data.userRating": 0, "data.repeats": 0, "data.moves": [{"problemId": 333499, "description": "A6", "isStart": true, "isEnd": false}, {"problemId": 333499, "description": "F5", "isStart": false, "isEnd": false}, {"problemId": 333499, "description": "H9", "isStart": false, "isEnd": false}, {"problemId": 333499, "description": "J13", "isStart": false, "isEnd": false}, {"problemId": 333499, "description": "H16", "isStart": false, "isEnd": false}, {"problemId": 333499, "description": "I18", "isStart": false, "isEnd": true}], "data.apiId": 333499}