{"data.grade": "7A", "data.userGrade": null, "data.method": "Feet follow hands", "data.userRating": 0, "data.repeats": 0, "data.moves": [{"problemId": 350387, "description": "A6", "isStart": true, "isEnd": false}, {"problemId": 350387, "description": "E10", "isStart": false, "isEnd": false}, {"problemId": 350387, "description": "E18", "isStart": false, "isEnd": true}, {"problemId": 350387, "description": "A2", "isStart": false, "isEnd": false}, {"problemId": 350387, "description": "A1", "isStart": true, "isEnd": false}, {"problemId": 350387, "description": "H8", "isStart": false, "isEnd": false}, {"problemId": 350387, "description": "E14", "isStart": false, "isEnd": false}], "data.apiId": 350387}