{"data.grade": "7A", "data.userGrade": null, "data.method": "Feet follow hands", "data.userRating": 5, "data.repeats": 1, "data.moves": [{"problemId": 406303, "description": "H9", "isStart": false, "isEnd": false}, {"problemId": 406303, "description": "E11", "isStart": false, "isEnd": false}, {"problemId": 406303, "description": "D15", "isStart": false, "isEnd": false}, {"problemId": 406303, "description": "B17", "isStart": false, "isEnd": false}, {"problemId": 406303, "description": "E18", "isStart": false, "isEnd": true}, {"problemId": 406303, "description": "J6", "isStart": true, "isEnd": false}, {"problemId": 406303, "description": "J4", "isStart": true, "isEnd": false}], "data.apiId": 406303}