{"data.grade": "7A", "data.userGrade": null, "data.method": "Feet follow hands", "data.userRating": 4, "data.repeats": 1, "data.moves": [{"problemId": 376329, "description": "F5", "isStart": true, "isEnd": false}, {"problemId": 376329, "description": "G6", "isStart": false, "isEnd": false}, {"problemId": 376329, "description": "J7", "isStart": false, "isEnd": false}, {"problemId": 376329, "description": "I10", "isStart": false, "isEnd": false}, {"problemId": 376329, "description": "K11", "isStart": false, "isEnd": false}, {"problemId": 376329, "description": "G16", "isStart": false, "isEnd": false}, {"problemId": 376329, "description": "J14", "isStart": false, "isEnd": false}, {"problemId": 376329, "description": "F18", "isStart": false, "isEnd": true}], "data.apiId": 376329}