{"data.grade": "7A", "data.userGrade": null, "data.method": "Feet follow hands + screw ons", "data.userRating": 0, "data.repeats": 0, "data.moves": [{"problemId": 337405, "description": "E4", "isStart": true, "isEnd": false}, {"problemId": 337405, "description": "H3", "isStart": true, "isEnd": false}, {"problemId": 337405, "description": "F9", "isStart": false, "isEnd": false}, {"problemId": 337405, "description": "C5", "isStart": false, "isEnd": false}, {"problemId": 337405, "description": "B13", "isStart": false, "isEnd": false}, {"problemId": 337405, "description": "G15", "isStart": false, "isEnd": false}, {"problemId": 337405, "description": "F18", "isStart": false, "isEnd": true}], "data.apiId": 337405}