{"data.grade": "7A", "data.userGrade": "7A", "data.method": "Feet follow hands", "data.userRating": 4, "data.repeats": 18, "data.moves": [{"problemId": 383898, "description": "B4", "isStart": true, "isEnd": false}, {"problemId": 383898, "description": "E6", "isStart": true, "isEnd": false}, {"problemId": 383898, "description": "B9", "isStart": false, "isEnd": false}, {"problemId": 383898, "description": "F12", "isStart": false, "isEnd": false}, {"problemId": 383898, "description": "F14", "isStart": false, "isEnd": false}, {"problemId": 383898, "description": "F16", "isStart": false, "isEnd": false}, {"problemId": 383898, "description": "D17", "isStart": false, "isEnd": false}, {"problemId": 383898, "description": "G18", "isStart": false, "isEnd": true}], "data.apiId": 383898}