{"data.grade": "7A", "data.userGrade": null, "data.method": "Feet follow hands", "data.userRating": 0, "data.repeats": 0, "data.moves": [{"problemId": 359025, "description": "B2", "isStart": true, "isEnd": false}, {"problemId": 359025, "description": "D5", "isStart": true, "isEnd": false}, {"problemId": 359025, "description": "A9", "isStart": false, "isEnd": false}, {"problemId": 359025, "description": "F10", "isStart": false, "isEnd": false}, {"problemId": 359025, "description": "F11", "isStart": false, "isEnd": false}, {"problemId": 359025, "description": "K5", "isStart": false, "isEnd": false}, {"problemId": 359025, "description": "K12", "isStart": false, "isEnd": false}, {"problemId": 359025, "description": "H15", "isStart": false, "isEnd": false}, {"problemId": 359025, "description": "H18", "isStart": false, "isEnd": true}], "data.apiId": 359025}