{"data.grade": "7A", "data.userGrade": null, "data.method": "Feet follow hands", "data.userRating": 4, "data.repeats": 3, "data.moves": [{"problemId": 316723, "description": "D4", "isStart": true, "isEnd": false}, {"problemId": 316723, "description": "F9", "isStart": false, "isEnd": false}, {"problemId": 316723, "description": "A12", "isStart": false, "isEnd": false}, {"problemId": 316723, "description": "B18", "isStart": false, "isEnd": true}, {"problemId": 316723, "description": "H5", "isStart": true, "isEnd": false}, {"problemId": 316723, "description": "A4", "isStart": false, "isEnd": false}, {"problemId": 316723, "description": "D14", "isStart": false, "isEnd": false}, {"problemId": 316723, "description": "E16", "isStart": false, "isEnd": false}], "data.apiId": 316723}