{"data.grade": "7A", "data.userGrade": null, "data.method": "Feet follow hands", "data.userRating": 5, "data.repeats": 3, "data.moves": [{"problemId": 327458, "description": "D4", "isStart": true, "isEnd": false}, {"problemId": 327458, "description": "F6", "isStart": true, "isEnd": false}, {"problemId": 327458, "description": "D9", "isStart": false, "isEnd": false}, {"problemId": 327458, "description": "G10", "isStart": false, "isEnd": false}, {"problemId": 327458, "description": "C12", "isStart": false, "isEnd": false}, {"problemId": 327458, "description": "F15", "isStart": false, "isEnd": false}, {"problemId": 327458, "description": "D18", "isStart": false, "isEnd": true}], "data.apiId": 327458}