{"data.grade": "7A", "data.userGrade": null, "data.method": "Feet follow hands", "data.userRating": 4, "data.repeats": 7, "data.moves": [{"problemId": 383402, "description": "K4", "isStart": true, "isEnd": false}, {"problemId": 383402, "description": "E3", "isStart": true, "isEnd": false}, {"problemId": 383402, "description": "F6", "isStart": false, "isEnd": false}, {"problemId": 383402, "description": "I10", "isStart": false, "isEnd": false}, {"problemId": 383402, "description": "D8", "isStart": false, "isEnd": false}, {"problemId": 383402, "description": "C13", "isStart": false, "isEnd": false}, {"problemId": 383402, "description": "E14", "isStart": false, "isEnd": false}, {"problemId": 383402, "description": "A18", "isStart": false, "isEnd": true}], "data.apiId": 383402}