{"data.grade": "7A", "data.userGrade": "7A", "data.method": "Feet follow hands", "data.userRating": 4, "data.repeats": 794, "data.moves": [{"problemId": 326723, "description": "B3", "isStart": true, "isEnd": false}, {"problemId": 326723, "description": "A4", "isStart": true, "isEnd": false}, {"problemId": 326723, "description": "D8", "isStart": false, "isEnd": false}, {"problemId": 326723, "description": "B11", "isStart": false, "isEnd": false}, {"problemId": 326723, "description": "A12", "isStart": false, "isEnd": false}, {"problemId": 326723, "description": "D14", "isStart": false, "isEnd": false}, {"problemId": 326723, "description": "B18", "isStart": false, "isEnd": true}], "data.apiId": 326723}