{"data.grade": "7A", "data.userGrade": null, "data.method": "Feet follow hands", "data.userRating": 0, "data.repeats": 0, "data.moves": [{"problemId": 315440, "description": "E4", "isStart": true, "isEnd": false}, {"problemId": 315440, "description": "G3", "isStart": true, "isEnd": false}, {"problemId": 315440, "description": "F9", "isStart": false, "isEnd": false}, {"problemId": 315440, "description": "G6", "isStart": false, "isEnd": false}, {"problemId": 315440, "description": "A11", "isStart": false, "isEnd": false}, {"problemId": 315440, "description": "D13", "isStart": false, "isEnd": false}, {"problemId": 315440, "description": "D14", "isStart": false, "isEnd": false}, {"problemId": 315440, "description": "H17", "isStart": false, "isEnd": false}, {"problemId": 315440, "description": "H18", "isStart": false, "isEnd": true}], "data.apiId": 315440}