{"data.grade": "7A", "data.userGrade": null, "data.method": "Feet follow hands", "data.userRating": 3, "data.repeats": 2, "data.moves": [{"problemId": 315663, "description": "I4", "isStart": true, "isEnd": false}, {"problemId": 315663, "description": "G8", "isStart": false, "isEnd": false}, {"problemId": 315663, "description": "I10", "isStart": false, "isEnd": false}, {"problemId": 315663, "description": "G13", "isStart": false, "isEnd": false}, {"problemId": 315663, "description": "K6", "isStart": true, "isEnd": false}, {"problemId": 315663, "description": "J18", "isStart": false, "isEnd": true}], "data.apiId": 315663}