{"data.grade": "7A", "data.userGrade": null, "data.method": "Feet follow hands", "data.userRating": 4, "data.repeats": 2, "data.moves": [{"problemId": 358685, "description": "I4", "isStart": true, "isEnd": false}, {"problemId": 358685, "description": "H14", "isStart": false, "isEnd": false}, {"problemId": 358685, "description": "J18", "isStart": false, "isEnd": true}, {"problemId": 358685, "description": "J9", "isStart": false, "isEnd": false}, {"problemId": 358685, "description": "D5", "isStart": true, "isEnd": false}, {"problemId": 358685, "description": "F11", "isStart": false, "isEnd": false}, {"problemId": 358685, "description": "J15", "isStart": false, "isEnd": false}], "data.apiId": 358685}