{"data.grade": "7A", "data.userGrade": "7A", "data.method": "Feet follow hands", "data.userRating": 0, "data.repeats": 0, "data.moves": [{"problemId": 462355, "description": "F2", "isStart": true, "isEnd": false}, {"problemId": 462355, "description": "C4", "isStart": true, "isEnd": false}, {"problemId": 462355, "description": "E6", "isStart": false, "isEnd": false}, {"problemId": 462355, "description": "H10", "isStart": false, "isEnd": false}, {"problemId": 462355, "description": "J6", "isStart": false, "isEnd": false}, {"problemId": 462355, "description": "I15", "isStart": false, "isEnd": false}, {"problemId": 462355, "description": "F13", "isStart": false, "isEnd": false}, {"problemId": 462355, "description": "D11", "isStart": false, "isEnd": false}, {"problemId": 462355, "description": "H18", "isStart": false, "isEnd": false}, {"problemId": 462355, "description": "E18", "isStart": false, "isEnd": false}, {"problemId": 462355, "description": "C18", "isStart": false, "isEnd": true}], "data.apiId": 462355}