{"data.grade": "7A", "data.userGrade": "7A", "data.method": "Feet follow hands + screw ons", "data.userRating": 5, "data.repeats": 24, "data.moves": [{"problemId": 327534, "description": "J6", "isStart": true, "isEnd": false}, {"problemId": 327534, "description": "D5", "isStart": false, "isEnd": false}, {"problemId": 327534, "description": "I8", "isStart": false, "isEnd": false}, {"problemId": 327534, "description": "G10", "isStart": false, "isEnd": false}, {"problemId": 327534, "description": "C13", "isStart": false, "isEnd": false}, {"problemId": 327534, "description": "F17", "isStart": false, "isEnd": false}, {"problemId": 327534, "description": "E17", "isStart": false, "isEnd": false}, {"problemId": 327534, "description": "H18", "isStart": false, "isEnd": true}, {"problemId": 327534, "description": "K3", "isStart": true, "isEnd": false}], "data.apiId": 327534}