{"data.grade": "7A", "data.userGrade": null, "data.method": "Feet follow hands", "data.userRating": 3, "data.repeats": 3, "data.moves": [{"problemId": 323349, "description": "I4", "isStart": true, "isEnd": false}, {"problemId": 323349, "description": "F1", "isStart": true, "isEnd": false}, {"problemId": 323349, "description": "D6", "isStart": false, "isEnd": false}, {"problemId": 323349, "description": "C7", "isStart": false, "isEnd": false}, {"problemId": 323349, "description": "E11", "isStart": false, "isEnd": false}, {"problemId": 323349, "description": "C15", "isStart": false, "isEnd": false}, {"problemId": 323349, "description": "E14", "isStart": false, "isEnd": false}, {"problemId": 323349, "description": "B18", "isStart": false, "isEnd": true}, {"problemId": 323349, "description": "F4", "isStart": false, "isEnd": false}, {"problemId": 323349, "description": "D11", "isStart": false, "isEnd": false}], "data.apiId": 323349}