{"data.grade": "7A", "data.userGrade": null, "data.method": "Feet follow hands", "data.userRating": 4, "data.repeats": 5, "data.moves": [{"problemId": 317685, "description": "F5", "isStart": true, "isEnd": false}, {"problemId": 317685, "description": "C10", "isStart": false, "isEnd": false}, {"problemId": 317685, "description": "F14", "isStart": false, "isEnd": false}, {"problemId": 317685, "description": "D17", "isStart": false, "isEnd": false}, {"problemId": 317685, "description": "B18", "isStart": false, "isEnd": true}], "data.apiId": 317685}