{"data.grade": "7A", "data.userGrade": null, "data.method": "Feet follow hands", "data.userRating": 5, "data.repeats": 1, "data.moves": [{"problemId": 342793, "description": "B5", "isStart": true, "isEnd": false}, {"problemId": 342793, "description": "G2", "isStart": true, "isEnd": false}, {"problemId": 342793, "description": "G8", "isStart": false, "isEnd": false}, {"problemId": 342793, "description": "F10", "isStart": false, "isEnd": false}, {"problemId": 342793, "description": "I12", "isStart": false, "isEnd": false}, {"problemId": 342793, "description": "K5", "isStart": false, "isEnd": false}, {"problemId": 342793, "description": "G14", "isStart": false, "isEnd": false}, {"problemId": 342793, "description": "E16", "isStart": false, "isEnd": false}, {"problemId": 342793, "description": "H18", "isStart": false, "isEnd": true}], "data.apiId": 342793}