{"data.grade": "7A", "data.userGrade": null, "data.method": "Feet follow hands", "data.userRating": 5, "data.repeats": 1, "data.moves": [{"problemId": 349431, "description": "A6", "isStart": true, "isEnd": false}, {"problemId": 349431, "description": "C4", "isStart": true, "isEnd": false}, {"problemId": 349431, "description": "D2", "isStart": false, "isEnd": false}, {"problemId": 349431, "description": "A8", "isStart": false, "isEnd": false}, {"problemId": 349431, "description": "D11", "isStart": false, "isEnd": false}, {"problemId": 349431, "description": "E14", "isStart": false, "isEnd": false}, {"problemId": 349431, "description": "H14", "isStart": false, "isEnd": false}, {"problemId": 349431, "description": "K10", "isStart": false, "isEnd": false}, {"problemId": 349431, "description": "H18", "isStart": false, "isEnd": true}], "data.apiId": 349431}