{"data.grade": "7A", "data.userGrade": null, "data.method": "Feet follow hands", "data.userRating": 4, "data.repeats": 1, "data.moves": [{"problemId": 336328, "description": "H4", "isStart": true, "isEnd": false}, {"problemId": 336328, "description": "H5", "isStart": true, "isEnd": false}, {"problemId": 336328, "description": "I10", "isStart": false, "isEnd": false}, {"problemId": 336328, "description": "J10", "isStart": false, "isEnd": false}, {"problemId": 336328, "description": "D10", "isStart": false, "isEnd": false}, {"problemId": 336328, "description": "G14", "isStart": false, "isEnd": false}, {"problemId": 336328, "description": "G15", "isStart": false, "isEnd": false}, {"problemId": 336328, "description": "I16", "isStart": false, "isEnd": false}, {"problemId": 336328, "description": "J18", "isStart": false, "isEnd": true}], "data.apiId": 336328}