{"data.grade": "7A", "data.userGrade": null, "data.method": "Feet follow hands", "data.userRating": 0, "data.repeats": 0, "data.moves": [{"problemId": 386177, "description": "A5", "isStart": true, "isEnd": false}, {"problemId": 386177, "description": "D1", "isStart": true, "isEnd": false}, {"problemId": 386177, "description": "H5", "isStart": false, "isEnd": false}, {"problemId": 386177, "description": "J9", "isStart": false, "isEnd": false}, {"problemId": 386177, "description": "I10", "isStart": false, "isEnd": false}, {"problemId": 386177, "description": "G14", "isStart": false, "isEnd": false}, {"problemId": 386177, "description": "H18", "isStart": false, "isEnd": true}], "data.apiId": 386177}