{"data.grade": "7A", "data.userGrade": null, "data.method": "Feet follow hands", "data.userRating": 0, "data.repeats": 0, "data.moves": [{"problemId": 308899, "description": "I4", "isStart": true, "isEnd": false}, {"problemId": 308899, "description": "E5", "isStart": true, "isEnd": false}, {"problemId": 308899, "description": "I7", "isStart": false, "isEnd": false}, {"problemId": 308899, "description": "H10", "isStart": false, "isEnd": false}, {"problemId": 308899, "description": "F12", "isStart": false, "isEnd": false}, {"problemId": 308899, "description": "H14", "isStart": false, "isEnd": false}, {"problemId": 308899, "description": "G16", "isStart": false, "isEnd": false}, {"problemId": 308899, "description": "D18", "isStart": false, "isEnd": true}], "data.apiId": 308899}