{"data.grade": "7A", "data.userGrade": null, "data.method": "Feet follow hands", "data.userRating": 4, "data.repeats": 5, "data.moves": [{"problemId": 337712, "description": "J4", "isStart": true, "isEnd": false}, {"problemId": 337712, "description": "I4", "isStart": true, "isEnd": false}, {"problemId": 337712, "description": "K5", "isStart": false, "isEnd": false}, {"problemId": 337712, "description": "H9", "isStart": false, "isEnd": false}, {"problemId": 337712, "description": "I12", "isStart": false, "isEnd": false}, {"problemId": 337712, "description": "G14", "isStart": false, "isEnd": false}, {"problemId": 337712, "description": "F14", "isStart": false, "isEnd": false}, {"problemId": 337712, "description": "F18", "isStart": false, "isEnd": true}], "data.apiId": 337712}