{"data.grade": "7A", "data.userGrade": null, "data.method": "Feet follow hands", "data.userRating": 5, "data.repeats": 1, "data.moves": [{"problemId": 320927, "description": "A9", "isStart": false, "isEnd": false}, {"problemId": 320927, "description": "F10", "isStart": false, "isEnd": false}, {"problemId": 320927, "description": "J9", "isStart": false, "isEnd": false}, {"problemId": 320927, "description": "B3", "isStart": true, "isEnd": false}, {"problemId": 320927, "description": "F18", "isStart": false, "isEnd": true}, {"problemId": 320927, "description": "I16", "isStart": false, "isEnd": false}], "data.apiId": 320927}