{"data.grade": "7A", "data.userGrade": "7A", "data.method": "Feet follow hands", "data.userRating": 4, "data.repeats": 4, "data.moves": [{"problemId": 444221, "description": "A18", "isStart": false, "isEnd": true}, {"problemId": 444221, "description": "A13", "isStart": false, "isEnd": false}, {"problemId": 444221, "description": "F17", "isStart": false, "isEnd": false}, {"problemId": 444221, "description": "G14", "isStart": false, "isEnd": false}, {"problemId": 444221, "description": "J13", "isStart": false, "isEnd": false}, {"problemId": 444221, "description": "K11", "isStart": false, "isEnd": false}, {"problemId": 444221, "description": "H2", "isStart": true, "isEnd": false}, {"problemId": 444221, "description": "J6", "isStart": true, "isEnd": false}, {"problemId": 444221, "description": "I7", "isStart": false, "isEnd": false}], "data.apiId": 444221}