{"data.grade": "7A", "data.userGrade": null, "data.method": "Feet follow hands", "data.userRating": 5, "data.repeats": 11, "data.moves": [{"problemId": 344447, "description": "A4", "isStart": true, "isEnd": false}, {"problemId": 344447, "description": "A6", "isStart": true, "isEnd": false}, {"problemId": 344447, "description": "F9", "isStart": false, "isEnd": false}, {"problemId": 344447, "description": "G11", "isStart": false, "isEnd": false}, {"problemId": 344447, "description": "J14", "isStart": false, "isEnd": false}, {"problemId": 344447, "description": "E16", "isStart": false, "isEnd": false}, {"problemId": 344447, "description": "E18", "isStart": false, "isEnd": true}], "data.apiId": 344447}