{"data.grade": "7A", "data.userGrade": null, "data.method": "Feet follow hands", "data.userRating": 0, "data.repeats": 0, "data.moves": [{"problemId": 338178, "description": "K4", "isStart": true, "isEnd": false}, {"problemId": 338178, "description": "K9", "isStart": false, "isEnd": false}, {"problemId": 338178, "description": "G10", "isStart": false, "isEnd": false}, {"problemId": 338178, "description": "C13", "isStart": false, "isEnd": false}, {"problemId": 338178, "description": "K5", "isStart": true, "isEnd": false}, {"problemId": 338178, "description": "E11", "isStart": false, "isEnd": false}, {"problemId": 338178, "description": "D18", "isStart": false, "isEnd": true}], "data.apiId": 338178}