{"data.grade": "7A", "data.userGrade": null, "data.method": "Feet follow hands", "data.userRating": 5, "data.repeats": 2, "data.moves": [{"problemId": 384440, "description": "K4", "isStart": true, "isEnd": false}, {"problemId": 384440, "description": "K6", "isStart": true, "isEnd": false}, {"problemId": 384440, "description": "K9", "isStart": false, "isEnd": false}, {"problemId": 384440, "description": "H9", "isStart": false, "isEnd": false}, {"problemId": 384440, "description": "I10", "isStart": false, "isEnd": false}, {"problemId": 384440, "description": "H14", "isStart": false, "isEnd": false}, {"problemId": 384440, "description": "G16", "isStart": false, "isEnd": false}, {"problemId": 384440, "description": "F18", "isStart": false, "isEnd": true}], "data.apiId": 384440}