{"data.grade": "7A", "data.userGrade": null, "data.method": "Feet follow hands", "data.userRating": 0, "data.repeats": 0, "data.moves": [{"problemId": 402711, "description": "K2", "isStart": true, "isEnd": false}, {"problemId": 402711, "description": "K5", "isStart": true, "isEnd": false}, {"problemId": 402711, "description": "I7", "isStart": false, "isEnd": false}, {"problemId": 402711, "description": "F10", "isStart": false, "isEnd": false}, {"problemId": 402711, "description": "C11", "isStart": false, "isEnd": false}, {"problemId": 402711, "description": "E14", "isStart": false, "isEnd": false}, {"problemId": 402711, "description": "B16", "isStart": false, "isEnd": false}, {"problemId": 402711, "description": "G18", "isStart": false, "isEnd": true}], "data.apiId": 402711}