{"data.grade": "7A", "data.userGrade": null, "data.method": "Feet follow hands", "data.userRating": 0, "data.repeats": 0, "data.moves": [{"problemId": 361781, "description": "D5", "isStart": true, "isEnd": false}, {"problemId": 361781, "description": "F3", "isStart": true, "isEnd": false}, {"problemId": 361781, "description": "G10", "isStart": false, "isEnd": false}, {"problemId": 361781, "description": "D12", "isStart": false, "isEnd": false}, {"problemId": 361781, "description": "E15", "isStart": false, "isEnd": false}, {"problemId": 361781, "description": "F18", "isStart": false, "isEnd": true}], "data.apiId": 361781}