{"data.grade": "7A", "data.userGrade": null, "data.method": "Feet follow hands", "data.userRating": 0, "data.repeats": 0, "data.moves": [{"problemId": 431609, "description": "F5", "isStart": true, "isEnd": false}, {"problemId": 431609, "description": "E11", "isStart": false, "isEnd": false}, {"problemId": 431609, "description": "D12", "isStart": false, "isEnd": false}, {"problemId": 431609, "description": "H14", "isStart": false, "isEnd": false}, {"problemId": 431609, "description": "H18", "isStart": false, "isEnd": true}], "data.apiId": 431609}