{"data.grade": "7A", "data.userGrade": "7A", "data.method": "Feet follow hands", "data.userRating": 4, "data.repeats": 2, "data.moves": [{"problemId": 442379, "description": "A6", "isStart": true, "isEnd": false}, {"problemId": 442379, "description": "E3", "isStart": true, "isEnd": false}, {"problemId": 442379, "description": "F9", "isStart": false, "isEnd": false}, {"problemId": 442379, "description": "J14", "isStart": false, "isEnd": false}, {"problemId": 442379, "description": "F17", "isStart": false, "isEnd": false}, {"problemId": 442379, "description": "E17", "isStart": false, "isEnd": false}, {"problemId": 442379, "description": "B18", "isStart": false, "isEnd": true}, {"problemId": 442379, "description": "J11", "isStart": false, "isEnd": false}, {"problemId": 442379, "description": "I15", "isStart": false, "isEnd": false}, {"problemId": 442379, "description": "K4", "isStart": false, "isEnd": false}], "data.apiId": 442379}