{"data.grade": "7A", "data.userGrade": "6C+", "data.method": "Feet follow hands", "data.userRating": 4, "data.repeats": 7, "data.moves": [{"problemId": 443819, "description": "C4", "isStart": true, "isEnd": false}, {"problemId": 443819, "description": "F7", "isStart": false, "isEnd": false}, {"problemId": 443819, "description": "F10", "isStart": false, "isEnd": false}, {"problemId": 443819, "description": "K11", "isStart": false, "isEnd": false}, {"problemId": 443819, "description": "H14", "isStart": false, "isEnd": false}, {"problemId": 443819, "description": "H15", "isStart": false, "isEnd": false}, {"problemId": 443819, "description": "D16", "isStart": false, "isEnd": false}, {"problemId": 443819, "description": "D18", "isStart": false, "isEnd": true}], "data.apiId": 443819}