{"data.grade": "7A", "data.userGrade": null, "data.method": "Feet follow hands", "data.userRating": 4, "data.repeats": 1, "data.moves": [{"problemId": 333586, "description": "G8", "isStart": false, "isEnd": false}, {"problemId": 333586, "description": "I5", "isStart": true, "isEnd": false}, {"problemId": 333586, "description": "E4", "isStart": true, "isEnd": false}, {"problemId": 333586, "description": "I12", "isStart": false, "isEnd": false}, {"problemId": 333586, "description": "C13", "isStart": false, "isEnd": false}, {"problemId": 333586, "description": "G11", "isStart": false, "isEnd": false}, {"problemId": 333586, "description": "E14", "isStart": false, "isEnd": false}, {"problemId": 333586, "description": "C17", "isStart": false, "isEnd": false}, {"problemId": 333586, "description": "A18", "isStart": false, "isEnd": true}], "data.apiId": 333586}