{"data.grade": "7A", "data.userGrade": null, "data.method": "Feet follow hands", "data.userRating": 0, "data.repeats": 0, "data.moves": [{"problemId": 321590, "description": "D4", "isStart": true, "isEnd": false}, {"problemId": 321590, "description": "G7", "isStart": false, "isEnd": false}, {"problemId": 321590, "description": "D9", "isStart": false, "isEnd": false}, {"problemId": 321590, "description": "G12", "isStart": false, "isEnd": false}, {"problemId": 321590, "description": "C16", "isStart": false, "isEnd": false}, {"problemId": 321590, "description": "G15", "isStart": false, "isEnd": false}, {"problemId": 321590, "description": "H18", "isStart": false, "isEnd": true}, {"problemId": 321590, "description": "H3", "isStart": true, "isEnd": false}], "data.apiId": 321590}