{"data.grade": "7A", "data.userGrade": "7A", "data.method": "Feet follow hands", "data.userRating": 5, "data.repeats": 2, "data.moves": [{"problemId": 424834, "description": "B4", "isStart": true, "isEnd": false}, {"problemId": 424834, "description": "G5", "isStart": true, "isEnd": false}, {"problemId": 424834, "description": "D9", "isStart": false, "isEnd": false}, {"problemId": 424834, "description": "H6", "isStart": false, "isEnd": false}, {"problemId": 424834, "description": "F13", "isStart": false, "isEnd": false}, {"problemId": 424834, "description": "K11", "isStart": false, "isEnd": false}, {"problemId": 424834, "description": "H14", "isStart": false, "isEnd": false}, {"problemId": 424834, "description": "I14", "isStart": false, "isEnd": false}, {"problemId": 424834, "description": "H18", "isStart": false, "isEnd": true}], "data.apiId": 424834}