{"data.grade": "7A", "data.userGrade": null, "data.method": "Feet follow hands", "data.userRating": 5, "data.repeats": 4, "data.moves": [{"problemId": 325719, "description": "C4", "isStart": true, "isEnd": false}, {"problemId": 325719, "description": "F7", "isStart": false, "isEnd": false}, {"problemId": 325719, "description": "G8", "isStart": false, "isEnd": false}, {"problemId": 325719, "description": "I10", "isStart": false, "isEnd": false}, {"problemId": 325719, "description": "G13", "isStart": false, "isEnd": false}, {"problemId": 325719, "description": "A18", "isStart": false, "isEnd": true}, {"problemId": 325719, "description": "A16", "isStart": false, "isEnd": false}, {"problemId": 325719, "description": "B2", "isStart": true, "isEnd": false}, {"problemId": 325719, "description": "C12", "isStart": false, "isEnd": false}], "data.apiId": 325719}