{"data.grade": "7A", "data.userGrade": "7A", "data.method": "Feet follow hands", "data.userRating": 4, "data.repeats": 33, "data.moves": [{"problemId": 351325, "description": "F2", "isStart": true, "isEnd": false}, {"problemId": 351325, "description": "D5", "isStart": true, "isEnd": false}, {"problemId": 351325, "description": "E6", "isStart": false, "isEnd": false}, {"problemId": 351325, "description": "F10", "isStart": false, "isEnd": false}, {"problemId": 351325, "description": "C13", "isStart": false, "isEnd": false}, {"problemId": 351325, "description": "D17", "isStart": false, "isEnd": false}, {"problemId": 351325, "description": "A18", "isStart": false, "isEnd": true}], "data.apiId": 351325}