{"data.grade": "7A", "data.userGrade": null, "data.method": "Feet follow hands", "data.userRating": 0, "data.repeats": 0, "data.moves": [{"problemId": 324784, "description": "E2", "isStart": true, "isEnd": false}, {"problemId": 324784, "description": "G3", "isStart": true, "isEnd": false}, {"problemId": 324784, "description": "G8", "isStart": false, "isEnd": false}, {"problemId": 324784, "description": "D11", "isStart": false, "isEnd": false}, {"problemId": 324784, "description": "H14", "isStart": false, "isEnd": false}, {"problemId": 324784, "description": "C17", "isStart": false, "isEnd": false}, {"problemId": 324784, "description": "B18", "isStart": false, "isEnd": true}], "data.apiId": 324784}