{"data.grade": "7A", "data.userGrade": "7A", "data.method": "Feet follow hands", "data.userRating": 5, "data.repeats": 104, "data.moves": [{"problemId": 311411, "description": "J4", "isStart": true, "isEnd": false}, {"problemId": 311411, "description": "J6", "isStart": true, "isEnd": false}, {"problemId": 311411, "description": "K9", "isStart": false, "isEnd": false}, {"problemId": 311411, "description": "F10", "isStart": false, "isEnd": false}, {"problemId": 311411, "description": "F13", "isStart": false, "isEnd": false}, {"problemId": 311411, "description": "E14", "isStart": false, "isEnd": false}, {"problemId": 311411, "description": "H17", "isStart": false, "isEnd": false}, {"problemId": 311411, "description": "I18", "isStart": false, "isEnd": true}, {"problemId": 311411, "description": "J18", "isStart": false, "isEnd": true}, {"problemId": 311411, "description": "K1", "isStart": false, "isEnd": false}], "data.apiId": 311411}