{"data.grade": "7A", "data.userGrade": "7A", "data.method": "Feet follow hands", "data.userRating": 4, "data.repeats": 65, "data.moves": [{"problemId": 336486, "description": "B4", "isStart": true, "isEnd": false}, {"problemId": 336486, "description": "C5", "isStart": true, "isEnd": false}, {"problemId": 336486, "description": "E8", "isStart": false, "isEnd": false}, {"problemId": 336486, "description": "A11", "isStart": false, "isEnd": false}, {"problemId": 336486, "description": "E14", "isStart": false, "isEnd": false}, {"problemId": 336486, "description": "C17", "isStart": false, "isEnd": false}, {"problemId": 336486, "description": "F18", "isStart": false, "isEnd": true}], "data.apiId": 336486}