{"data.grade": "7A", "data.userGrade": null, "data.method": "Feet follow hands", "data.userRating": 5, "data.repeats": 2, "data.moves": [{"problemId": 338122, "description": "C4", "isStart": true, "isEnd": false}, {"problemId": 338122, "description": "E8", "isStart": false, "isEnd": false}, {"problemId": 338122, "description": "D12", "isStart": false, "isEnd": false}, {"problemId": 338122, "description": "F16", "isStart": false, "isEnd": false}, {"problemId": 338122, "description": "F17", "isStart": false, "isEnd": false}, {"problemId": 338122, "description": "J18", "isStart": false, "isEnd": true}, {"problemId": 338122, "description": "K13", "isStart": false, "isEnd": false}], "data.apiId": 338122}