{"data.grade": "7A", "data.userGrade": "7A", "data.method": "Feet follow hands + screw ons", "data.userRating": 4, "data.repeats": 12, "data.moves": [{"problemId": 328087, "description": "J5", "isStart": true, "isEnd": false}, {"problemId": 328087, "description": "G4", "isStart": true, "isEnd": false}, {"problemId": 328087, "description": "E6", "isStart": false, "isEnd": false}, {"problemId": 328087, "description": "F12", "isStart": false, "isEnd": false}, {"problemId": 328087, "description": "F18", "isStart": false, "isEnd": true}, {"problemId": 328087, "description": "F15", "isStart": false, "isEnd": false}, {"problemId": 328087, "description": "C15", "isStart": false, "isEnd": false}, {"problemId": 328087, "description": "C4", "isStart": false, "isEnd": false}, {"problemId": 328087, "description": "B7", "isStart": false, "isEnd": false}, {"problemId": 328087, "description": "H9", "isStart": false, "isEnd": false}], "data.apiId": 328087}