{"data.grade": "7A", "data.userGrade": null, "data.method": "Feet follow hands", "data.userRating": 5, "data.repeats": 3, "data.moves": [{"problemId": 314627, "description": "H6", "isStart": true, "isEnd": false}, {"problemId": 314627, "description": "E7", "isStart": false, "isEnd": false}, {"problemId": 314627, "description": "F10", "isStart": false, "isEnd": false}, {"problemId": 314627, "description": "H4", "isStart": true, "isEnd": false}, {"problemId": 314627, "description": "D11", "isStart": false, "isEnd": false}, {"problemId": 314627, "description": "G14", "isStart": false, "isEnd": false}, {"problemId": 314627, "description": "G16", "isStart": false, "isEnd": false}, {"problemId": 314627, "description": "K18", "isStart": false, "isEnd": true}], "data.apiId": 314627}