{"data.grade": "7A", "data.userGrade": "7A", "data.method": "Feet follow hands", "data.userRating": 5, "data.repeats": 2, "data.moves": [{"problemId": 441587, "description": "A5", "isStart": true, "isEnd": false}, {"problemId": 441587, "description": "G3", "isStart": true, "isEnd": false}, {"problemId": 441587, "description": "G10", "isStart": false, "isEnd": false}, {"problemId": 441587, "description": "C13", "isStart": false, "isEnd": false}, {"problemId": 441587, "description": "H16", "isStart": false, "isEnd": false}, {"problemId": 441587, "description": "H17", "isStart": false, "isEnd": false}, {"problemId": 441587, "description": "J18", "isStart": false, "isEnd": true}], "data.apiId": 441587}