{"data.grade": "7A", "data.userGrade": null, "data.method": "Feet follow hands", "data.userRating": 5, "data.repeats": 11, "data.moves": [{"problemId": 353064, "description": "C5", "isStart": true, "isEnd": false}, {"problemId": 353064, "description": "F6", "isStart": true, "isEnd": false}, {"problemId": 353064, "description": "D9", "isStart": false, "isEnd": false}, {"problemId": 353064, "description": "G12", "isStart": false, "isEnd": false}, {"problemId": 353064, "description": "F14", "isStart": false, "isEnd": false}, {"problemId": 353064, "description": "H18", "isStart": false, "isEnd": true}], "data.apiId": 353064}