{"data.grade": "7A", "data.userGrade": "7A", "data.method": "Feet follow hands", "data.userRating": 5, "data.repeats": 2, "data.moves": [{"problemId": 418658, "description": "F4", "isStart": true, "isEnd": false}, {"problemId": 418658, "description": "C7", "isStart": false, "isEnd": false}, {"problemId": 418658, "description": "G10", "isStart": false, "isEnd": false}, {"problemId": 418658, "description": "B13", "isStart": false, "isEnd": false}, {"problemId": 418658, "description": "C14", "isStart": false, "isEnd": false}, {"problemId": 418658, "description": "G18", "isStart": false, "isEnd": true}, {"problemId": 418658, "description": "G15", "isStart": false, "isEnd": false}, {"problemId": 418658, "description": "J5", "isStart": false, "isEnd": false}], "data.apiId": 418658}