{"data.grade": "7A", "data.userGrade": null, "data.method": "Feet follow hands", "data.userRating": 0, "data.repeats": 0, "data.moves": [{"problemId": 411156, "description": "F4", "isStart": true, "isEnd": false}, {"problemId": 411156, "description": "G7", "isStart": false, "isEnd": false}, {"problemId": 411156, "description": "D11", "isStart": false, "isEnd": false}, {"problemId": 411156, "description": "B7", "isStart": false, "isEnd": false}, {"problemId": 411156, "description": "J13", "isStart": false, "isEnd": false}, {"problemId": 411156, "description": "K10", "isStart": false, "isEnd": false}, {"problemId": 411156, "description": "H18", "isStart": false, "isEnd": true}], "data.apiId": 411156}