{"data.grade": "7A", "data.userGrade": "6C+", "data.method": "Feet follow hands", "data.userRating": 5, "data.repeats": 5, "data.moves": [{"problemId": 324267, "description": "B9", "isStart": false, "isEnd": false}, {"problemId": 324267, "description": "F5", "isStart": true, "isEnd": false}, {"problemId": 324267, "description": "D11", "isStart": false, "isEnd": false}, {"problemId": 324267, "description": "B13", "isStart": false, "isEnd": false}, {"problemId": 324267, "description": "A14", "isStart": false, "isEnd": false}, {"problemId": 324267, "description": "F18", "isStart": false, "isEnd": true}], "data.apiId": 324267}