{"data.grade": "7A", "data.userGrade": null, "data.method": "Feet follow hands", "data.userRating": 0, "data.repeats": 0, "data.moves": [{"problemId": 459238, "description": "D4", "isStart": true, "isEnd": false}, {"problemId": 459238, "description": "H5", "isStart": true, "isEnd": false}, {"problemId": 459238, "description": "G11", "isStart": false, "isEnd": false}, {"problemId": 459238, "description": "J2", "isStart": false, "isEnd": false}, {"problemId": 459238, "description": "F15", "isStart": false, "isEnd": false}, {"problemId": 459238, "description": "J9", "isStart": false, "isEnd": false}, {"problemId": 459238, "description": "C14", "isStart": false, "isEnd": false}, {"problemId": 459238, "description": "B18", "isStart": false, "isEnd": true}], "data.apiId": 459238}