{"data.grade": "7A", "data.userGrade": null, "data.method": "Feet follow hands", "data.userRating": 0, "data.repeats": 0, "data.moves": [{"problemId": 346699, "description": "D5", "isStart": true, "isEnd": false}, {"problemId": 346699, "description": "C5", "isStart": false, "isEnd": false}, {"problemId": 346699, "description": "F10", "isStart": false, "isEnd": false}, {"problemId": 346699, "description": "B12", "isStart": false, "isEnd": false}, {"problemId": 346699, "description": "A14", "isStart": false, "isEnd": false}, {"problemId": 346699, "description": "F17", "isStart": false, "isEnd": false}, {"problemId": 346699, "description": "F18", "isStart": false, "isEnd": true}], "data.apiId": 346699}