{"data.grade": "7A", "data.userGrade": null, "data.method": "Feet follow hands", "data.userRating": 0, "data.repeats": 0, "data.moves": [{"problemId": 376582, "description": "E4", "isStart": true, "isEnd": false}, {"problemId": 376582, "description": "I3", "isStart": true, "isEnd": false}, {"problemId": 376582, "description": "E8", "isStart": false, "isEnd": false}, {"problemId": 376582, "description": "A9", "isStart": false, "isEnd": false}, {"problemId": 376582, "description": "F13", "isStart": false, "isEnd": false}, {"problemId": 376582, "description": "F14", "isStart": false, "isEnd": false}, {"problemId": 376582, "description": "J18", "isStart": false, "isEnd": true}], "data.apiId": 376582}