{"data.grade": "7A", "data.userGrade": null, "data.method": "Feet follow hands", "data.userRating": 5, "data.repeats": 3, "data.moves": [{"problemId": 386333, "description": "H2", "isStart": true, "isEnd": false}, {"problemId": 386333, "description": "K6", "isStart": true, "isEnd": false}, {"problemId": 386333, "description": "F7", "isStart": false, "isEnd": false}, {"problemId": 386333, "description": "G9", "isStart": false, "isEnd": false}, {"problemId": 386333, "description": "A6", "isStart": false, "isEnd": false}, {"problemId": 386333, "description": "A9", "isStart": false, "isEnd": false}, {"problemId": 386333, "description": "B12", "isStart": false, "isEnd": false}, {"problemId": 386333, "description": "D13", "isStart": false, "isEnd": false}, {"problemId": 386333, "description": "A16", "isStart": false, "isEnd": false}, {"problemId": 386333, "description": "A18", "isStart": false, "isEnd": true}], "data.apiId": 386333}