{"data.grade": "7A", "data.userGrade": null, "data.method": "Feet follow hands", "data.userRating": 5, "data.repeats": 4, "data.moves": [{"problemId": 308233, "description": "A5", "isStart": true, "isEnd": false}, {"problemId": 308233, "description": "F5", "isStart": true, "isEnd": false}, {"problemId": 308233, "description": "B10", "isStart": false, "isEnd": false}, {"problemId": 308233, "description": "G13", "isStart": false, "isEnd": false}, {"problemId": 308233, "description": "H17", "isStart": false, "isEnd": false}, {"problemId": 308233, "description": "K18", "isStart": false, "isEnd": true}], "data.apiId": 308233}