{"data.grade": "7A", "data.userGrade": "6C+", "data.method": "Feet follow hands", "data.userRating": 2, "data.repeats": 5, "data.moves": [{"problemId": 322947, "description": "J6", "isStart": true, "isEnd": false}, {"problemId": 322947, "description": "H6", "isStart": true, "isEnd": false}, {"problemId": 322947, "description": "I8", "isStart": false, "isEnd": false}, {"problemId": 322947, "description": "H11", "isStart": false, "isEnd": false}, {"problemId": 322947, "description": "H14", "isStart": false, "isEnd": false}, {"problemId": 322947, "description": "H15", "isStart": false, "isEnd": false}, {"problemId": 322947, "description": "H18", "isStart": false, "isEnd": true}, {"problemId": 322947, "description": "I18", "isStart": false, "isEnd": true}], "data.apiId": 322947}