{"data.grade": "7A", "data.userGrade": null, "data.method": "Feet follow hands", "data.userRating": 5, "data.repeats": 1, "data.moves": [{"problemId": 314126, "description": "E4", "isStart": true, "isEnd": false}, {"problemId": 314126, "description": "I8", "isStart": false, "isEnd": false}, {"problemId": 314126, "description": "E13", "isStart": false, "isEnd": false}, {"problemId": 314126, "description": "F4", "isStart": true, "isEnd": false}, {"problemId": 314126, "description": "J18", "isStart": false, "isEnd": true}], "data.apiId": 314126}