{"data.grade": "7A", "data.userGrade": null, "data.method": "Feet follow hands", "data.userRating": 0, "data.repeats": 0, "data.moves": [{"problemId": 328247, "description": "I3", "isStart": true, "isEnd": false}, {"problemId": 328247, "description": "I10", "isStart": false, "isEnd": false}, {"problemId": 328247, "description": "E10", "isStart": false, "isEnd": false}, {"problemId": 328247, "description": "F15", "isStart": false, "isEnd": false}, {"problemId": 328247, "description": "E18", "isStart": false, "isEnd": true}, {"problemId": 328247, "description": "I7", "isStart": false, "isEnd": false}, {"problemId": 328247, "description": "G2", "isStart": true, "isEnd": false}], "data.apiId": 328247}