{"data.grade": "7A", "data.userGrade": null, "data.method": "Feet follow hands", "data.userRating": 5, "data.repeats": 6, "data.moves": [{"problemId": 388202, "description": "D1", "isStart": true, "isEnd": false}, {"problemId": 388202, "description": "G5", "isStart": true, "isEnd": false}, {"problemId": 388202, "description": "B13", "isStart": false, "isEnd": false}, {"problemId": 388202, "description": "H15", "isStart": false, "isEnd": false}, {"problemId": 388202, "description": "H18", "isStart": false, "isEnd": true}, {"problemId": 388202, "description": "E7", "isStart": false, "isEnd": false}, {"problemId": 388202, "description": "A10", "isStart": false, "isEnd": false}, {"problemId": 388202, "description": "A7", "isStart": false, "isEnd": false}, {"problemId": 388202, "description": "C14", "isStart": false, "isEnd": false}], "data.apiId": 388202}