{"data.grade": "7A", "data.userGrade": "7A", "data.method": "Feet follow hands", "data.userRating": 5, "data.repeats": 61, "data.moves": [{"problemId": 311497, "description": "F4", "isStart": true, "isEnd": false}, {"problemId": 311497, "description": "G3", "isStart": true, "isEnd": false}, {"problemId": 311497, "description": "J6", "isStart": false, "isEnd": false}, {"problemId": 311497, "description": "K8", "isStart": false, "isEnd": false}, {"problemId": 311497, "description": "K11", "isStart": false, "isEnd": false}, {"problemId": 311497, "description": "H14", "isStart": false, "isEnd": false}, {"problemId": 311497, "description": "I17", "isStart": false, "isEnd": false}, {"problemId": 311497, "description": "F18", "isStart": false, "isEnd": true}], "data.apiId": 311497}