{"data.grade": "7A", "data.userGrade": "7A", "data.method": "Feet follow hands", "data.userRating": 5, "data.repeats": 3, "data.moves": [{"problemId": 427468, "description": "E4", "isStart": true, "isEnd": false}, {"problemId": 427468, "description": "J7", "isStart": false, "isEnd": false}, {"problemId": 427468, "description": "J9", "isStart": false, "isEnd": false}, {"problemId": 427468, "description": "G11", "isStart": false, "isEnd": false}, {"problemId": 427468, "description": "H14", "isStart": false, "isEnd": false}, {"problemId": 427468, "description": "G16", "isStart": false, "isEnd": false}, {"problemId": 427468, "description": "J18", "isStart": false, "isEnd": true}], "data.apiId": 427468}