{"data.grade": "7A", "data.userGrade": null, "data.method": "Feet follow hands", "data.userRating": 5, "data.repeats": 2, "data.moves": [{"problemId": 326762, "description": "I3", "isStart": true, "isEnd": false}, {"problemId": 326762, "description": "G9", "isStart": false, "isEnd": false}, {"problemId": 326762, "description": "F6", "isStart": true, "isEnd": false}, {"problemId": 326762, "description": "D11", "isStart": false, "isEnd": false}, {"problemId": 326762, "description": "D2", "isStart": false, "isEnd": false}, {"problemId": 326762, "description": "B6", "isStart": false, "isEnd": false}, {"problemId": 326762, "description": "D13", "isStart": false, "isEnd": false}, {"problemId": 326762, "description": "B15", "isStart": false, "isEnd": false}, {"problemId": 326762, "description": "C18", "isStart": false, "isEnd": true}], "data.apiId": 326762}