{"data.grade": "7A", "data.userGrade": "7A+", "data.method": "Feet follow hands", "data.userRating": 4, "data.repeats": 13, "data.moves": [{"problemId": 334946, "description": "A5", "isStart": true, "isEnd": false}, {"problemId": 334946, "description": "E8", "isStart": false, "isEnd": false}, {"problemId": 334946, "description": "F11", "isStart": false, "isEnd": false}, {"problemId": 334946, "description": "K10", "isStart": false, "isEnd": false}, {"problemId": 334946, "description": "J13", "isStart": false, "isEnd": false}, {"problemId": 334946, "description": "H15", "isStart": false, "isEnd": false}, {"problemId": 334946, "description": "G17", "isStart": false, "isEnd": false}, {"problemId": 334946, "description": "C18", "isStart": false, "isEnd": true}, {"problemId": 334946, "description": "G3", "isStart": false, "isEnd": false}], "data.apiId": 334946}