{"data.grade": "7A", "data.userGrade": null, "data.method": "Feet follow hands", "data.userRating": 0, "data.repeats": 0, "data.moves": [{"problemId": 324625, "description": "G5", "isStart": true, "isEnd": false}, {"problemId": 324625, "description": "J5", "isStart": true, "isEnd": false}, {"problemId": 324625, "description": "H7", "isStart": false, "isEnd": false}, {"problemId": 324625, "description": "K10", "isStart": false, "isEnd": false}, {"problemId": 324625, "description": "F12", "isStart": false, "isEnd": false}, {"problemId": 324625, "description": "G15", "isStart": false, "isEnd": false}, {"problemId": 324625, "description": "D16", "isStart": false, "isEnd": false}, {"problemId": 324625, "description": "C18", "isStart": false, "isEnd": true}], "data.apiId": 324625}