{"data.grade": "7A", "data.userGrade": "7A", "data.method": "Feet follow hands", "data.userRating": 4, "data.repeats": 24, "data.moves": [{"problemId": 316662, "description": "F4", "isStart": true, "isEnd": false}, {"problemId": 316662, "description": "D9", "isStart": false, "isEnd": false}, {"problemId": 316662, "description": "G13", "isStart": false, "isEnd": false}, {"problemId": 316662, "description": "G16", "isStart": false, "isEnd": false}, {"problemId": 316662, "description": "D18", "isStart": false, "isEnd": true}], "data.apiId": 316662}