{"data.grade": "7A", "data.userGrade": null, "data.method": "Feet follow hands", "data.userRating": 5, "data.repeats": 4, "data.moves": [{"problemId": 316297, "description": "B4", "isStart": true, "isEnd": false}, {"problemId": 316297, "description": "C7", "isStart": false, "isEnd": false}, {"problemId": 316297, "description": "J4", "isStart": false, "isEnd": false}, {"problemId": 316297, "description": "G7", "isStart": false, "isEnd": false}, {"problemId": 316297, "description": "E11", "isStart": false, "isEnd": false}, {"problemId": 316297, "description": "H11", "isStart": false, "isEnd": false}, {"problemId": 316297, "description": "G14", "isStart": false, "isEnd": false}, {"problemId": 316297, "description": "G16", "isStart": false, "isEnd": false}, {"problemId": 316297, "description": "D18", "isStart": false, "isEnd": true}], "data.apiId": 316297}