{"data.grade": "7A", "data.userGrade": null, "data.method": "Feet follow hands", "data.userRating": 0, "data.repeats": 0, "data.moves": [{"problemId": 417011, "description": "E4", "isStart": true, "isEnd": false}, {"problemId": 417011, "description": "G4", "isStart": true, "isEnd": false}, {"problemId": 417011, "description": "J8", "isStart": false, "isEnd": false}, {"problemId": 417011, "description": "F12", "isStart": false, "isEnd": false}, {"problemId": 417011, "description": "E14", "isStart": false, "isEnd": false}, {"problemId": 417011, "description": "C17", "isStart": false, "isEnd": false}, {"problemId": 417011, "description": "E18", "isStart": false, "isEnd": true}], "data.apiId": 417011}