{"data.grade": "7A", "data.userGrade": null, "data.method": "Feet follow hands + screw ons", "data.userRating": 4, "data.repeats": 4, "data.moves": [{"problemId": 348363, "description": "F12", "isStart": false, "isEnd": false}, {"problemId": 348363, "description": "G13", "isStart": false, "isEnd": false}, {"problemId": 348363, "description": "D9", "isStart": false, "isEnd": false}, {"problemId": 348363, "description": "F4", "isStart": false, "isEnd": false}, {"problemId": 348363, "description": "D16", "isStart": false, "isEnd": false}, {"problemId": 348363, "description": "K11", "isStart": false, "isEnd": false}, {"problemId": 348363, "description": "D17", "isStart": false, "isEnd": false}, {"problemId": 348363, "description": "A18", "isStart": false, "isEnd": true}, {"problemId": 348363, "description": "A5", "isStart": true, "isEnd": false}, {"problemId": 348363, "description": "E3", "isStart": true, "isEnd": false}], "data.apiId": 348363}