{"data.grade": "7A", "data.userGrade": "7A", "data.method": "Feet follow hands", "data.userRating": 4, "data.repeats": 19, "data.moves": [{"problemId": 316336, "description": "E5", "isStart": true, "isEnd": false}, {"problemId": 316336, "description": "H9", "isStart": false, "isEnd": false}, {"problemId": 316336, "description": "I11", "isStart": false, "isEnd": false}, {"problemId": 316336, "description": "F13", "isStart": false, "isEnd": false}, {"problemId": 316336, "description": "E14", "isStart": false, "isEnd": false}, {"problemId": 316336, "description": "A15", "isStart": false, "isEnd": false}, {"problemId": 316336, "description": "D18", "isStart": false, "isEnd": true}, {"problemId": 316336, "description": "I5", "isStart": true, "isEnd": false}], "data.apiId": 316336}