{"data.grade": "7A", "data.userGrade": "7A", "data.method": "Feet follow hands", "data.userRating": 5, "data.repeats": 3, "data.moves": [{"problemId": 429356, "description": "E3", "isStart": true, "isEnd": false}, {"problemId": 429356, "description": "B5", "isStart": true, "isEnd": false}, {"problemId": 429356, "description": "B8", "isStart": false, "isEnd": false}, {"problemId": 429356, "description": "F10", "isStart": false, "isEnd": false}, {"problemId": 429356, "description": "E12", "isStart": false, "isEnd": false}, {"problemId": 429356, "description": "H13", "isStart": false, "isEnd": false}, {"problemId": 429356, "description": "G15", "isStart": false, "isEnd": false}, {"problemId": 429356, "description": "D16", "isStart": false, "isEnd": false}, {"problemId": 429356, "description": "H18", "isStart": false, "isEnd": true}, {"problemId": 429356, "description": "J8", "isStart": false, "isEnd": false}], "data.apiId": 429356}