{"data.grade": "7A", "data.userGrade": null, "data.method": "Feet follow hands", "data.userRating": 5, "data.repeats": 2, "data.moves": [{"problemId": 309720, "description": "J4", "isStart": true, "isEnd": false}, {"problemId": 309720, "description": "K5", "isStart": true, "isEnd": false}, {"problemId": 309720, "description": "H7", "isStart": false, "isEnd": false}, {"problemId": 309720, "description": "H9", "isStart": false, "isEnd": false}, {"problemId": 309720, "description": "C10", "isStart": false, "isEnd": false}, {"problemId": 309720, "description": "C5", "isStart": false, "isEnd": false}, {"problemId": 309720, "description": "A12", "isStart": false, "isEnd": false}, {"problemId": 309720, "description": "D15", "isStart": false, "isEnd": false}, {"problemId": 309720, "description": "E18", "isStart": false, "isEnd": true}], "data.apiId": 309720}