{"data.grade": "7A", "data.userGrade": null, "data.method": "Feet follow hands", "data.userRating": 4, "data.repeats": 1, "data.moves": [{"problemId": 416148, "description": "D2", "isStart": true, "isEnd": false}, {"problemId": 416148, "description": "H4", "isStart": true, "isEnd": false}, {"problemId": 416148, "description": "H10", "isStart": false, "isEnd": false}, {"problemId": 416148, "description": "K15", "isStart": false, "isEnd": false}, {"problemId": 416148, "description": "E18", "isStart": false, "isEnd": true}], "data.apiId": 416148}