{"data.grade": "7A", "data.userGrade": null, "data.method": "Feet follow hands", "data.userRating": 0, "data.repeats": 0, "data.moves": [{"problemId": 440060, "description": "A4", "isStart": true, "isEnd": false}, {"problemId": 440060, "description": "B3", "isStart": true, "isEnd": false}, {"problemId": 440060, "description": "D8", "isStart": false, "isEnd": false}, {"problemId": 440060, "description": "E12", "isStart": false, "isEnd": false}, {"problemId": 440060, "description": "A9", "isStart": false, "isEnd": false}, {"problemId": 440060, "description": "H14", "isStart": false, "isEnd": false}, {"problemId": 440060, "description": "F18", "isStart": false, "isEnd": true}], "data.apiId": 440060}