{"data.grade": "7A", "data.userGrade": "6C+", "data.method": "Feet follow hands", "data.userRating": 4, "data.repeats": 5, "data.moves": [{"problemId": 445651, "description": "I10", "isStart": false, "isEnd": false}, {"problemId": 445651, "description": "G13", "isStart": false, "isEnd": false}, {"problemId": 445651, "description": "G6", "isStart": true, "isEnd": false}, {"problemId": 445651, "description": "K5", "isStart": true, "isEnd": false}, {"problemId": 445651, "description": "C14", "isStart": false, "isEnd": false}, {"problemId": 445651, "description": "D17", "isStart": false, "isEnd": false}, {"problemId": 445651, "description": "B18", "isStart": false, "isEnd": true}], "data.apiId": 445651}