{"data.grade": "7A", "data.userGrade": null, "data.method": "Feet follow hands", "data.userRating": 0, "data.repeats": 0, "data.moves": [{"problemId": 320148, "description": "J18", "isStart": false, "isEnd": true}, {"problemId": 320148, "description": "F13", "isStart": false, "isEnd": false}, {"problemId": 320148, "description": "B8", "isStart": false, "isEnd": false}, {"problemId": 320148, "description": "C11", "isStart": false, "isEnd": false}, {"problemId": 320148, "description": "F9", "isStart": false, "isEnd": false}, {"problemId": 320148, "description": "C6", "isStart": true, "isEnd": false}, {"problemId": 320148, "description": "A4", "isStart": true, "isEnd": false}, {"problemId": 320148, "description": "J16", "isStart": false, "isEnd": false}], "data.apiId": 320148}