{"data.grade": "7A", "data.userGrade": "7A", "data.method": "Feet follow hands", "data.userRating": 4, "data.repeats": 15, "data.moves": [{"problemId": 333560, "description": "A8", "isStart": false, "isEnd": false}, {"problemId": 333560, "description": "E11", "isStart": false, "isEnd": false}, {"problemId": 333560, "description": "F13", "isStart": false, "isEnd": false}, {"problemId": 333560, "description": "D16", "isStart": false, "isEnd": false}, {"problemId": 333560, "description": "F18", "isStart": false, "isEnd": true}, {"problemId": 333560, "description": "B12", "isStart": false, "isEnd": false}, {"problemId": 333560, "description": "A4", "isStart": true, "isEnd": false}, {"problemId": 333560, "description": "F4", "isStart": true, "isEnd": false}], "data.apiId": 333560}