{"data.grade": "7A", "data.userGrade": null, "data.method": "Feet follow hands", "data.userRating": 5, "data.repeats": 3, "data.moves": [{"problemId": 335680, "description": "B4", "isStart": true, "isEnd": false}, {"problemId": 335680, "description": "A8", "isStart": false, "isEnd": false}, {"problemId": 335680, "description": "C11", "isStart": false, "isEnd": false}, {"problemId": 335680, "description": "D12", "isStart": false, "isEnd": false}, {"problemId": 335680, "description": "H14", "isStart": false, "isEnd": false}, {"problemId": 335680, "description": "H15", "isStart": false, "isEnd": false}, {"problemId": 335680, "description": "J18", "isStart": false, "isEnd": true}], "data.apiId": 335680}