{"data.grade": "7A", "data.userGrade": null, "data.method": "Feet follow hands", "data.userRating": 0, "data.repeats": 0, "data.moves": [{"problemId": 338311, "description": "G2", "isStart": true, "isEnd": false}, {"problemId": 338311, "description": "K5", "isStart": true, "isEnd": false}, {"problemId": 338311, "description": "I10", "isStart": false, "isEnd": false}, {"problemId": 338311, "description": "D11", "isStart": false, "isEnd": false}, {"problemId": 338311, "description": "D13", "isStart": false, "isEnd": false}, {"problemId": 338311, "description": "A15", "isStart": false, "isEnd": false}, {"problemId": 338311, "description": "E18", "isStart": false, "isEnd": true}], "data.apiId": 338311}