{"data.grade": "7A", "data.userGrade": null, "data.method": "Feet follow hands", "data.userRating": 5, "data.repeats": 1, "data.moves": [{"problemId": 319312, "description": "H4", "isStart": true, "isEnd": false}, {"problemId": 319312, "description": "G3", "isStart": true, "isEnd": false}, {"problemId": 319312, "description": "H6", "isStart": false, "isEnd": false}, {"problemId": 319312, "description": "E8", "isStart": false, "isEnd": false}, {"problemId": 319312, "description": "F12", "isStart": false, "isEnd": false}, {"problemId": 319312, "description": "F18", "isStart": false, "isEnd": true}], "data.apiId": 319312}