{"data.grade": "7A", "data.userGrade": null, "data.method": "Feet follow hands", "data.userRating": 5, "data.repeats": 1, "data.moves": [{"problemId": 313568, "description": "A5", "isStart": true, "isEnd": false}, {"problemId": 313568, "description": "A8", "isStart": false, "isEnd": false}, {"problemId": 313568, "description": "G8", "isStart": false, "isEnd": false}, {"problemId": 313568, "description": "E11", "isStart": false, "isEnd": false}, {"problemId": 313568, "description": "K13", "isStart": false, "isEnd": false}, {"problemId": 313568, "description": "I16", "isStart": false, "isEnd": false}, {"problemId": 313568, "description": "H18", "isStart": false, "isEnd": true}, {"problemId": 313568, "description": "F18", "isStart": false, "isEnd": true}], "data.apiId": 313568}