{"data.grade": "7A", "data.userGrade": "7A", "data.method": "Footless + kickboard", "data.userRating": 4, "data.repeats": 3, "data.moves": [{"problemId": 370833, "description": "B4", "isStart": true, "isEnd": false}, {"problemId": 370833, "description": "B8", "isStart": false, "isEnd": false}, {"problemId": 370833, "description": "F12", "isStart": false, "isEnd": false}, {"problemId": 370833, "description": "J13", "isStart": false, "isEnd": false}, {"problemId": 370833, "description": "I16", "isStart": false, "isEnd": false}, {"problemId": 370833, "description": "K18", "isStart": false, "isEnd": true}], "data.apiId": 370833}