{"data.grade": "7A", "data.userGrade": "7A", "data.method": "Feet follow hands", "data.userRating": 5, "data.repeats": 10, "data.moves": [{"problemId": 335916, "description": "F11", "isStart": false, "isEnd": false}, {"problemId": 335916, "description": "C14", "isStart": false, "isEnd": false}, {"problemId": 335916, "description": "A8", "isStart": false, "isEnd": false}, {"problemId": 335916, "description": "G14", "isStart": false, "isEnd": false}, {"problemId": 335916, "description": "F17", "isStart": false, "isEnd": false}, {"problemId": 335916, "description": "J18", "isStart": false, "isEnd": true}, {"problemId": 335916, "description": "K12", "isStart": false, "isEnd": false}, {"problemId": 335916, "description": "A4", "isStart": true, "isEnd": false}, {"problemId": 335916, "description": "B4", "isStart": true, "isEnd": false}, {"problemId": 335916, "description": "E7", "isStart": false, "isEnd": false}], "data.apiId": 335916}