{"data.grade": "7A", "data.userGrade": "7A", "data.method": "Feet follow hands", "data.userRating": 5, "data.repeats": 10, "data.moves": [{"problemId": 318333, "description": "C6", "isStart": true, "isEnd": false}, {"problemId": 318333, "description": "E5", "isStart": true, "isEnd": false}, {"problemId": 318333, "description": "B5", "isStart": false, "isEnd": false}, {"problemId": 318333, "description": "G9", "isStart": false, "isEnd": false}, {"problemId": 318333, "description": "E12", "isStart": false, "isEnd": false}, {"problemId": 318333, "description": "H13", "isStart": false, "isEnd": false}, {"problemId": 318333, "description": "E15", "isStart": false, "isEnd": false}, {"problemId": 318333, "description": "H16", "isStart": false, "isEnd": false}, {"problemId": 318333, "description": "C18", "isStart": false, "isEnd": true}], "data.apiId": 318333}