{"data.grade": "7A", "data.userGrade": null, "data.method": "Feet follow hands", "data.userRating": 5, "data.repeats": 2, "data.moves": [{"problemId": 313478, "description": "G6", "isStart": true, "isEnd": false}, {"problemId": 313478, "description": "B8", "isStart": false, "isEnd": false}, {"problemId": 313478, "description": "C10", "isStart": false, "isEnd": false}, {"problemId": 313478, "description": "F13", "isStart": false, "isEnd": false}, {"problemId": 313478, "description": "D18", "isStart": false, "isEnd": true}], "data.apiId": 313478}