{"data.grade": "7A", "data.userGrade": null, "data.method": "Feet follow hands", "data.userRating": 0, "data.repeats": 0, "data.moves": [{"problemId": 441858, "description": "K5", "isStart": true, "isEnd": false}, {"problemId": 441858, "description": "H4", "isStart": true, "isEnd": false}, {"problemId": 441858, "description": "G8", "isStart": false, "isEnd": false}, {"problemId": 441858, "description": "B10", "isStart": false, "isEnd": false}, {"problemId": 441858, "description": "B4", "isStart": false, "isEnd": false}, {"problemId": 441858, "description": "F13", "isStart": false, "isEnd": false}, {"problemId": 441858, "description": "F18", "isStart": false, "isEnd": true}], "data.apiId": 441858}