{"data.grade": "7A", "data.userGrade": null, "data.method": "Feet follow hands", "data.userRating": 5, "data.repeats": 2, "data.moves": [{"problemId": 407293, "description": "C11", "isStart": false, "isEnd": false}, {"problemId": 407293, "description": "B12", "isStart": false, "isEnd": false}, {"problemId": 407293, "description": "H5", "isStart": true, "isEnd": false}, {"problemId": 407293, "description": "G15", "isStart": false, "isEnd": false}, {"problemId": 407293, "description": "D16", "isStart": false, "isEnd": false}, {"problemId": 407293, "description": "H18", "isStart": false, "isEnd": true}, {"problemId": 407293, "description": "B8", "isStart": false, "isEnd": false}, {"problemId": 407293, "description": "F7", "isStart": false, "isEnd": false}, {"problemId": 407293, "description": "F2", "isStart": true, "isEnd": false}], "data.apiId": 407293}