{"data.grade": "7A", "data.userGrade": null, "data.method": "Feet follow hands", "data.userRating": 0, "data.repeats": 0, "data.moves": [{"problemId": 324184, "description": "G6", "isStart": false, "isEnd": false}, {"problemId": 324184, "description": "H10", "isStart": false, "isEnd": false}, {"problemId": 324184, "description": "C13", "isStart": false, "isEnd": false}, {"problemId": 324184, "description": "D17", "isStart": false, "isEnd": false}, {"problemId": 324184, "description": "A18", "isStart": false, "isEnd": true}, {"problemId": 324184, "description": "K1", "isStart": true, "isEnd": false}], "data.apiId": 324184}