{"data.grade": "7A", "data.userGrade": "7A", "data.method": "Feet follow hands", "data.userRating": 4, "data.repeats": 42, "data.moves": [{"problemId": 317683, "description": "C4", "isStart": true, "isEnd": false}, {"problemId": 317683, "description": "F7", "isStart": false, "isEnd": false}, {"problemId": 317683, "description": "D11", "isStart": false, "isEnd": false}, {"problemId": 317683, "description": "F14", "isStart": false, "isEnd": false}, {"problemId": 317683, "description": "F16", "isStart": false, "isEnd": false}, {"problemId": 317683, "description": "H18", "isStart": false, "isEnd": true}], "data.apiId": 317683}