{"data.grade": "7A", "data.userGrade": null, "data.method": "Feet follow hands", "data.userRating": 0, "data.repeats": 0, "data.moves": [{"problemId": 328581, "description": "F2", "isStart": true, "isEnd": false}, {"problemId": 328581, "description": "D4", "isStart": true, "isEnd": false}, {"problemId": 328581, "description": "D7", "isStart": false, "isEnd": false}, {"problemId": 328581, "description": "B9", "isStart": false, "isEnd": false}, {"problemId": 328581, "description": "E12", "isStart": false, "isEnd": false}, {"problemId": 328581, "description": "D11", "isStart": false, "isEnd": false}, {"problemId": 328581, "description": "I13", "isStart": false, "isEnd": false}, {"problemId": 328581, "description": "G16", "isStart": false, "isEnd": false}, {"problemId": 328581, "description": "J18", "isStart": false, "isEnd": true}], "data.apiId": 328581}