{"data.grade": "7A", "data.userGrade": "7A", "data.method": "Feet follow hands", "data.userRating": 4, "data.repeats": 9, "data.moves": [{"problemId": 383075, "description": "E4", "isStart": true, "isEnd": false}, {"problemId": 383075, "description": "H3", "isStart": true, "isEnd": false}, {"problemId": 383075, "description": "F1", "isStart": false, "isEnd": false}, {"problemId": 383075, "description": "I8", "isStart": false, "isEnd": false}, {"problemId": 383075, "description": "F12", "isStart": false, "isEnd": false}, {"problemId": 383075, "description": "I15", "isStart": false, "isEnd": false}, {"problemId": 383075, "description": "H18", "isStart": false, "isEnd": true}], "data.apiId": 383075}