{"data.grade": "7A", "data.userGrade": null, "data.method": "Feet follow hands", "data.userRating": 4, "data.repeats": 4, "data.moves": [{"problemId": 327820, "description": "J5", "isStart": true, "isEnd": false}, {"problemId": 327820, "description": "K9", "isStart": false, "isEnd": false}, {"problemId": 327820, "description": "H11", "isStart": false, "isEnd": false}, {"problemId": 327820, "description": "J14", "isStart": false, "isEnd": false}, {"problemId": 327820, "description": "E15", "isStart": false, "isEnd": false}, {"problemId": 327820, "description": "H6", "isStart": true, "isEnd": false}, {"problemId": 327820, "description": "F18", "isStart": false, "isEnd": true}], "data.apiId": 327820}