{"data.grade": "7A", "data.userGrade": "7A", "data.method": "Feet follow hands", "data.userRating": 5, "data.repeats": 59, "data.moves": [{"problemId": 311994, "description": "A5", "isStart": true, "isEnd": false}, {"problemId": 311994, "description": "B8", "isStart": false, "isEnd": false}, {"problemId": 311994, "description": "F3", "isStart": false, "isEnd": false}, {"problemId": 311994, "description": "J6", "isStart": false, "isEnd": false}, {"problemId": 311994, "description": "G10", "isStart": false, "isEnd": false}, {"problemId": 311994, "description": "H11", "isStart": false, "isEnd": false}, {"problemId": 311994, "description": "K13", "isStart": false, "isEnd": false}, {"problemId": 311994, "description": "K15", "isStart": false, "isEnd": false}, {"problemId": 311994, "description": "I16", "isStart": false, "isEnd": false}, {"problemId": 311994, "description": "G18", "isStart": false, "isEnd": true}], "data.apiId": 311994}