{"data.grade": "7A", "data.userGrade": null, "data.method": "Feet follow hands", "data.userRating": 4, "data.repeats": 2, "data.moves": [{"problemId": 313264, "description": "B5", "isStart": true, "isEnd": false}, {"problemId": 313264, "description": "E3", "isStart": true, "isEnd": false}, {"problemId": 313264, "description": "E7", "isStart": false, "isEnd": false}, {"problemId": 313264, "description": "I10", "isStart": false, "isEnd": false}, {"problemId": 313264, "description": "G12", "isStart": false, "isEnd": false}, {"problemId": 313264, "description": "H13", "isStart": false, "isEnd": false}, {"problemId": 313264, "description": "E16", "isStart": false, "isEnd": false}, {"problemId": 313264, "description": "E17", "isStart": false, "isEnd": false}, {"problemId": 313264, "description": "B18", "isStart": false, "isEnd": true}], "data.apiId": 313264}