{"data.grade": "7A", "data.userGrade": "7A", "data.method": "Feet follow hands", "data.userRating": 5, "data.repeats": 14, "data.moves": [{"problemId": 325546, "description": "C4", "isStart": true, "isEnd": false}, {"problemId": 325546, "description": "H4", "isStart": true, "isEnd": false}, {"problemId": 325546, "description": "G7", "isStart": false, "isEnd": false}, {"problemId": 325546, "description": "F10", "isStart": false, "isEnd": false}, {"problemId": 325546, "description": "G13", "isStart": false, "isEnd": false}, {"problemId": 325546, "description": "D15", "isStart": false, "isEnd": false}, {"problemId": 325546, "description": "F18", "isStart": false, "isEnd": true}], "data.apiId": 325546}