{"data.grade": "7A", "data.userGrade": null, "data.method": "Feet follow hands", "data.userRating": 0, "data.repeats": 0, "data.moves": [{"problemId": 319795, "description": "A6", "isStart": true, "isEnd": false}, {"problemId": 319795, "description": "D9", "isStart": false, "isEnd": false}, {"problemId": 319795, "description": "F12", "isStart": false, "isEnd": false}, {"problemId": 319795, "description": "I15", "isStart": false, "isEnd": false}, {"problemId": 319795, "description": "H18", "isStart": false, "isEnd": true}], "data.apiId": 319795}