{"data.grade": "7A", "data.userGrade": null, "data.method": "Feet follow hands + screw ons", "data.userRating": 4, "data.repeats": 7, "data.moves": [{"problemId": 323266, "description": "D9", "isStart": false, "isEnd": false}, {"problemId": 323266, "description": "B8", "isStart": false, "isEnd": false}, {"problemId": 323266, "description": "C4", "isStart": true, "isEnd": false}, {"problemId": 323266, "description": "B4", "isStart": true, "isEnd": false}, {"problemId": 323266, "description": "I12", "isStart": false, "isEnd": false}, {"problemId": 323266, "description": "D11", "isStart": false, "isEnd": false}, {"problemId": 323266, "description": "G13", "isStart": false, "isEnd": false}, {"problemId": 323266, "description": "J18", "isStart": false, "isEnd": true}], "data.apiId": 323266}