{"data.grade": "7A", "data.userGrade": null, "data.method": "Feet follow hands", "data.userRating": 4, "data.repeats": 7, "data.moves": [{"problemId": 355317, "description": "C4", "isStart": true, "isEnd": false}, {"problemId": 355317, "description": "A8", "isStart": false, "isEnd": false}, {"problemId": 355317, "description": "D10", "isStart": false, "isEnd": false}, {"problemId": 355317, "description": "F13", "isStart": false, "isEnd": false}, {"problemId": 355317, "description": "C17", "isStart": false, "isEnd": false}, {"problemId": 355317, "description": "F3", "isStart": true, "isEnd": false}, {"problemId": 355317, "description": "H18", "isStart": false, "isEnd": true}], "data.apiId": 355317}