{"data.grade": "7A", "data.userGrade": null, "data.method": "Feet follow hands", "data.userRating": 0, "data.repeats": 0, "data.moves": [{"problemId": 445146, "description": "F2", "isStart": true, "isEnd": false}, {"problemId": 445146, "description": "F6", "isStart": true, "isEnd": false}, {"problemId": 445146, "description": "J11", "isStart": false, "isEnd": false}, {"problemId": 445146, "description": "H15", "isStart": false, "isEnd": false}, {"problemId": 445146, "description": "G18", "isStart": false, "isEnd": true}], "data.apiId": 445146}