{"data.grade": "7A", "data.userGrade": null, "data.method": "Feet follow hands", "data.userRating": 0, "data.repeats": 0, "data.moves": [{"problemId": 446004, "description": "E3", "isStart": true, "isEnd": false}, {"problemId": 446004, "description": "J4", "isStart": true, "isEnd": false}, {"problemId": 446004, "description": "H9", "isStart": false, "isEnd": false}, {"problemId": 446004, "description": "E11", "isStart": false, "isEnd": false}, {"problemId": 446004, "description": "G14", "isStart": false, "isEnd": false}, {"problemId": 446004, "description": "F14", "isStart": false, "isEnd": false}, {"problemId": 446004, "description": "I16", "isStart": false, "isEnd": false}, {"problemId": 446004, "description": "J18", "isStart": false, "isEnd": true}], "data.apiId": 446004}