{"data.grade": "7A", "data.userGrade": null, "data.method": "Feet follow hands", "data.userRating": 5, "data.repeats": 0, "data.moves": [{"problemId": 337330, "description": "J4", "isStart": true, "isEnd": false}, {"problemId": 337330, "description": "G3", "isStart": true, "isEnd": false}, {"problemId": 337330, "description": "H9", "isStart": false, "isEnd": false}, {"problemId": 337330, "description": "I12", "isStart": false, "isEnd": false}, {"problemId": 337330, "description": "G14", "isStart": false, "isEnd": false}, {"problemId": 337330, "description": "I16", "isStart": false, "isEnd": false}, {"problemId": 337330, "description": "K18", "isStart": false, "isEnd": true}], "data.apiId": 337330}