{"data.grade": "7A", "data.userGrade": "7A", "data.method": "Feet follow hands", "data.userRating": 4, "data.repeats": 15, "data.moves": [{"problemId": 381094, "description": "B3", "isStart": true, "isEnd": false}, {"problemId": 381094, "description": "H1", "isStart": true, "isEnd": false}, {"problemId": 381094, "description": "H5", "isStart": false, "isEnd": false}, {"problemId": 381094, "description": "D9", "isStart": false, "isEnd": false}, {"problemId": 381094, "description": "G13", "isStart": false, "isEnd": false}, {"problemId": 381094, "description": "C15", "isStart": false, "isEnd": false}, {"problemId": 381094, "description": "D18", "isStart": false, "isEnd": true}], "data.apiId": 381094}