{"data.grade": "7A", "data.userGrade": "7A", "data.method": "Feet follow hands", "data.userRating": 4, "data.repeats": 8, "data.moves": [{"problemId": 324015, "description": "I10", "isStart": false, "isEnd": false}, {"problemId": 324015, "description": "H11", "isStart": false, "isEnd": false}, {"problemId": 324015, "description": "J4", "isStart": true, "isEnd": false}, {"problemId": 324015, "description": "G4", "isStart": true, "isEnd": false}, {"problemId": 324015, "description": "J14", "isStart": false, "isEnd": false}, {"problemId": 324015, "description": "H6", "isStart": false, "isEnd": false}, {"problemId": 324015, "description": "G16", "isStart": false, "isEnd": false}, {"problemId": 324015, "description": "F18", "isStart": false, "isEnd": true}], "data.apiId": 324015}