{"data.grade": "7A", "data.userGrade": null, "data.method": "Feet follow hands", "data.userRating": 4, "data.repeats": 2, "data.moves": [{"problemId": 329178, "description": "J4", "isStart": true, "isEnd": false}, {"problemId": 329178, "description": "H6", "isStart": true, "isEnd": false}, {"problemId": 329178, "description": "K9", "isStart": false, "isEnd": false}, {"problemId": 329178, "description": "F12", "isStart": false, "isEnd": false}, {"problemId": 329178, "description": "I14", "isStart": false, "isEnd": false}, {"problemId": 329178, "description": "H18", "isStart": false, "isEnd": true}], "data.apiId": 329178}