{"data.grade": "7A", "data.userGrade": "7A", "data.method": "Feet follow hands", "data.userRating": 4, "data.repeats": 18, "data.moves": [{"problemId": 355629, "description": "C5", "isStart": true, "isEnd": false}, {"problemId": 355629, "description": "B6", "isStart": true, "isEnd": false}, {"problemId": 355629, "description": "C8", "isStart": false, "isEnd": false}, {"problemId": 355629, "description": "A11", "isStart": false, "isEnd": false}, {"problemId": 355629, "description": "F13", "isStart": false, "isEnd": false}, {"problemId": 355629, "description": "E14", "isStart": false, "isEnd": false}, {"problemId": 355629, "description": "G16", "isStart": false, "isEnd": false}, {"problemId": 355629, "description": "H18", "isStart": false, "isEnd": true}], "data.apiId": 355629}