{"data.grade": "7A", "data.userGrade": null, "data.method": "Feet follow hands", "data.userRating": 5, "data.repeats": 2, "data.moves": [{"problemId": 375730, "description": "J3", "isStart": true, "isEnd": false}, {"problemId": 375730, "description": "K5", "isStart": true, "isEnd": false}, {"problemId": 375730, "description": "F7", "isStart": false, "isEnd": false}, {"problemId": 375730, "description": "J10", "isStart": false, "isEnd": false}, {"problemId": 375730, "description": "F11", "isStart": false, "isEnd": false}, {"problemId": 375730, "description": "F14", "isStart": false, "isEnd": false}, {"problemId": 375730, "description": "D18", "isStart": false, "isEnd": true}], "data.apiId": 375730}