{"data.grade": "7A", "data.userGrade": null, "data.method": "Feet follow hands", "data.userRating": 5, "data.repeats": 1, "data.moves": [{"problemId": 326020, "description": "K5", "isStart": true, "isEnd": false}, {"problemId": 326020, "description": "H2", "isStart": true, "isEnd": false}, {"problemId": 326020, "description": "H9", "isStart": false, "isEnd": false}, {"problemId": 326020, "description": "F10", "isStart": false, "isEnd": false}, {"problemId": 326020, "description": "F11", "isStart": false, "isEnd": false}, {"problemId": 326020, "description": "B7", "isStart": false, "isEnd": false}, {"problemId": 326020, "description": "C15", "isStart": false, "isEnd": false}, {"problemId": 326020, "description": "F18", "isStart": false, "isEnd": true}], "data.apiId": 326020}