{"data.grade": "7A", "data.userGrade": "7A", "data.method": "Feet follow hands", "data.userRating": 4, "data.repeats": 24, "data.moves": [{"problemId": 355444, "description": "E6", "isStart": true, "isEnd": false}, {"problemId": 355444, "description": "B5", "isStart": true, "isEnd": false}, {"problemId": 355444, "description": "C9", "isStart": false, "isEnd": false}, {"problemId": 355444, "description": "F10", "isStart": false, "isEnd": false}, {"problemId": 355444, "description": "D11", "isStart": false, "isEnd": false}, {"problemId": 355444, "description": "F14", "isStart": false, "isEnd": false}, {"problemId": 355444, "description": "C15", "isStart": false, "isEnd": false}, {"problemId": 355444, "description": "F17", "isStart": false, "isEnd": false}, {"problemId": 355444, "description": "J10", "isStart": false, "isEnd": false}, {"problemId": 355444, "description": "J18", "isStart": false, "isEnd": true}], "data.apiId": 355444}