{"data.grade": "7A", "data.userGrade": null, "data.method": "Feet follow hands", "data.userRating": 5, "data.repeats": 1, "data.moves": [{"problemId": 319253, "description": "F3", "isStart": true, "isEnd": false}, {"problemId": 319253, "description": "D3", "isStart": true, "isEnd": false}, {"problemId": 319253, "description": "B8", "isStart": false, "isEnd": false}, {"problemId": 319253, "description": "A11", "isStart": false, "isEnd": false}, {"problemId": 319253, "description": "A13", "isStart": false, "isEnd": false}, {"problemId": 319253, "description": "A15", "isStart": false, "isEnd": false}, {"problemId": 319253, "description": "A18", "isStart": false, "isEnd": true}], "data.apiId": 319253}