{"data.grade": "7A", "data.userGrade": null, "data.method": "Feet follow hands", "data.userRating": 4, "data.repeats": 4, "data.moves": [{"problemId": 361505, "description": "C4", "isStart": true, "isEnd": false}, {"problemId": 361505, "description": "A9", "isStart": false, "isEnd": false}, {"problemId": 361505, "description": "C11", "isStart": false, "isEnd": false}, {"problemId": 361505, "description": "B12", "isStart": false, "isEnd": false}, {"problemId": 361505, "description": "F14", "isStart": false, "isEnd": false}, {"problemId": 361505, "description": "F16", "isStart": false, "isEnd": false}, {"problemId": 361505, "description": "H18", "isStart": false, "isEnd": true}], "data.apiId": 361505}