{"data.grade": "7A", "data.userGrade": null, "data.method": "Feet follow hands", "data.userRating": 5, "data.repeats": 3, "data.moves": [{"problemId": 332877, "description": "G9", "isStart": false, "isEnd": false}, {"problemId": 332877, "description": "J5", "isStart": true, "isEnd": false}, {"problemId": 332877, "description": "F10", "isStart": false, "isEnd": false}, {"problemId": 332877, "description": "H14", "isStart": false, "isEnd": false}, {"problemId": 332877, "description": "D16", "isStart": false, "isEnd": false}, {"problemId": 332877, "description": "D18", "isStart": false, "isEnd": true}, {"problemId": 332877, "description": "E4", "isStart": true, "isEnd": false}], "data.apiId": 332877}