{"data.grade": "7A", "data.userGrade": null, "data.method": "Feet follow hands + screw ons", "data.userRating": 5, "data.repeats": 5, "data.moves": [{"problemId": 332182, "description": "G13", "isStart": false, "isEnd": false}, {"problemId": 332182, "description": "I10", "isStart": false, "isEnd": false}, {"problemId": 332182, "description": "D8", "isStart": false, "isEnd": false}, {"problemId": 332182, "description": "D16", "isStart": false, "isEnd": false}, {"problemId": 332182, "description": "D2", "isStart": true, "isEnd": false}, {"problemId": 332182, "description": "H18", "isStart": false, "isEnd": true}, {"problemId": 332182, "description": "H5", "isStart": true, "isEnd": false}, {"problemId": 332182, "description": "G4", "isStart": false, "isEnd": false}], "data.apiId": 332182}