{"data.grade": "7A", "data.userGrade": null, "data.method": "Feet follow hands", "data.userRating": 4, "data.repeats": 1, "data.moves": [{"problemId": 352190, "description": "G5", "isStart": true, "isEnd": false}, {"problemId": 352190, "description": "A9", "isStart": false, "isEnd": false}, {"problemId": 352190, "description": "H2", "isStart": false, "isEnd": false}, {"problemId": 352190, "description": "I8", "isStart": false, "isEnd": false}, {"problemId": 352190, "description": "F12", "isStart": false, "isEnd": false}, {"problemId": 352190, "description": "C15", "isStart": false, "isEnd": false}, {"problemId": 352190, "description": "C18", "isStart": false, "isEnd": true}, {"problemId": 352190, "description": "F16", "isStart": false, "isEnd": false}], "data.apiId": 352190}