{"data.grade": "7A", "data.userGrade": null, "data.method": "Feet follow hands", "data.userRating": 5, "data.repeats": 2, "data.moves": [{"problemId": 319701, "description": "H15", "isStart": false, "isEnd": false}, {"problemId": 319701, "description": "J16", "isStart": false, "isEnd": false}, {"problemId": 319701, "description": "K18", "isStart": false, "isEnd": true}, {"problemId": 319701, "description": "J10", "isStart": false, "isEnd": false}, {"problemId": 319701, "description": "C4", "isStart": true, "isEnd": false}, {"problemId": 319701, "description": "C7", "isStart": false, "isEnd": false}, {"problemId": 319701, "description": "B10", "isStart": false, "isEnd": false}, {"problemId": 319701, "description": "C13", "isStart": false, "isEnd": false}], "data.apiId": 319701}