{"data.grade": "7A", "data.userGrade": "7A", "data.method": "Feet follow hands", "data.userRating": 4, "data.repeats": 1050, "data.moves": [{"problemId": 312176, "description": "B5", "isStart": true, "isEnd": false}, {"problemId": 312176, "description": "E5", "isStart": true, "isEnd": false}, {"problemId": 312176, "description": "C6", "isStart": false, "isEnd": false}, {"problemId": 312176, "description": "G9", "isStart": false, "isEnd": false}, {"problemId": 312176, "description": "G12", "isStart": false, "isEnd": false}, {"problemId": 312176, "description": "E12", "isStart": false, "isEnd": false}, {"problemId": 312176, "description": "H16", "isStart": false, "isEnd": false}, {"problemId": 312176, "description": "D16", "isStart": false, "isEnd": false}, {"problemId": 312176, "description": "C18", "isStart": false, "isEnd": true}], "data.apiId": 312176}