{"data.grade": "7A", "data.userGrade": null, "data.method": "Feet follow hands", "data.userRating": 0, "data.repeats": 0, "data.moves": [{"problemId": 329566, "description": "D4", "isStart": true, "isEnd": false}, {"problemId": 329566, "description": "G4", "isStart": true, "isEnd": false}, {"problemId": 329566, "description": "H2", "isStart": false, "isEnd": false}, {"problemId": 329566, "description": "C6", "isStart": false, "isEnd": false}, {"problemId": 329566, "description": "G7", "isStart": false, "isEnd": false}, {"problemId": 329566, "description": "D9", "isStart": false, "isEnd": false}, {"problemId": 329566, "description": "E10", "isStart": false, "isEnd": false}, {"problemId": 329566, "description": "G13", "isStart": false, "isEnd": false}, {"problemId": 329566, "description": "I9", "isStart": false, "isEnd": false}, {"problemId": 329566, "description": "B15", "isStart": false, "isEnd": false}, {"problemId": 329566, "description": "C18", "isStart": false, "isEnd": true}, {"problemId": 329566, "description": "A10", "isStart": false, "isEnd": false}, {"problemId": 329566, "description": "J12", "isStart": false, "isEnd": false}, {"problemId": 329566, "description": "I11", "isStart": false, "isEnd": false}], "data.apiId": 329566}