{"data.grade": "7A", "data.userGrade": null, "data.method": "Feet follow hands", "data.userRating": 4, "data.repeats": 3, "data.moves": [{"problemId": 315933, "description": "G4", "isStart": true, "isEnd": false}, {"problemId": 315933, "description": "H8", "isStart": false, "isEnd": false}, {"problemId": 315933, "description": "D11", "isStart": false, "isEnd": false}, {"problemId": 315933, "description": "F14", "isStart": false, "isEnd": false}, {"problemId": 315933, "description": "F16", "isStart": false, "isEnd": false}, {"problemId": 315933, "description": "J18", "isStart": false, "isEnd": true}], "data.apiId": 315933}