{"data.grade": "7A", "data.userGrade": "7A", "data.method": "Feet follow hands", "data.userRating": 4, "data.repeats": 124, "data.moves": [{"problemId": 316608, "description": "A4", "isStart": true, "isEnd": false}, {"problemId": 316608, "description": "D9", "isStart": false, "isEnd": false}, {"problemId": 316608, "description": "D6", "isStart": true, "isEnd": false}, {"problemId": 316608, "description": "G12", "isStart": false, "isEnd": false}, {"problemId": 316608, "description": "E16", "isStart": false, "isEnd": false}, {"problemId": 316608, "description": "D13", "isStart": false, "isEnd": false}, {"problemId": 316608, "description": "J18", "isStart": false, "isEnd": true}], "data.apiId": 316608}