{"data.grade": "7A", "data.userGrade": null, "data.method": "Feet follow hands", "data.userRating": 5, "data.repeats": 2, "data.moves": [{"problemId": 310149, "description": "H2", "isStart": true, "isEnd": false}, {"problemId": 310149, "description": "K5", "isStart": true, "isEnd": false}, {"problemId": 310149, "description": "J8", "isStart": false, "isEnd": false}, {"problemId": 310149, "description": "H4", "isStart": false, "isEnd": false}, {"problemId": 310149, "description": "J10", "isStart": false, "isEnd": false}, {"problemId": 310149, "description": "F11", "isStart": false, "isEnd": false}, {"problemId": 310149, "description": "F13", "isStart": false, "isEnd": false}, {"problemId": 310149, "description": "C15", "isStart": false, "isEnd": false}, {"problemId": 310149, "description": "G18", "isStart": false, "isEnd": true}], "data.apiId": 310149}