{"data.grade": "7A", "data.userGrade": "7A", "data.method": "Feet follow hands", "data.userRating": 4, "data.repeats": 5, "data.moves": [{"problemId": 389172, "description": "J18", "isStart": false, "isEnd": true}, {"problemId": 389172, "description": "J16", "isStart": false, "isEnd": false}, {"problemId": 389172, "description": "J14", "isStart": false, "isEnd": false}, {"problemId": 389172, "description": "H12", "isStart": false, "isEnd": false}, {"problemId": 389172, "description": "H5", "isStart": true, "isEnd": false}, {"problemId": 389172, "description": "D2", "isStart": true, "isEnd": false}, {"problemId": 389172, "description": "D8", "isStart": false, "isEnd": false}, {"problemId": 389172, "description": "K4", "isStart": false, "isEnd": false}, {"problemId": 389172, "description": "I10", "isStart": false, "isEnd": false}], "data.apiId": 389172}