{"data.grade": "7A", "data.userGrade": null, "data.method": "Feet follow hands", "data.userRating": 5, "data.repeats": 0, "data.moves": [{"problemId": 347968, "description": "C4", "isStart": true, "isEnd": false}, {"problemId": 347968, "description": "F7", "isStart": false, "isEnd": false}, {"problemId": 347968, "description": "K5", "isStart": true, "isEnd": false}, {"problemId": 347968, "description": "I10", "isStart": false, "isEnd": false}, {"problemId": 347968, "description": "H11", "isStart": false, "isEnd": false}, {"problemId": 347968, "description": "K15", "isStart": false, "isEnd": false}, {"problemId": 347968, "description": "J18", "isStart": false, "isEnd": true}], "data.apiId": 347968}