{"data.grade": "7A", "data.userGrade": "7A", "data.method": "Feet follow hands", "data.userRating": 5, "data.repeats": 1, "data.moves": [{"problemId": 429477, "description": "F5", "isStart": true, "isEnd": false}, {"problemId": 429477, "description": "F6", "isStart": true, "isEnd": false}, {"problemId": 429477, "description": "J10", "isStart": false, "isEnd": false}, {"problemId": 429477, "description": "D11", "isStart": false, "isEnd": false}, {"problemId": 429477, "description": "E14", "isStart": false, "isEnd": false}, {"problemId": 429477, "description": "D16", "isStart": false, "isEnd": false}, {"problemId": 429477, "description": "B18", "isStart": false, "isEnd": true}], "data.apiId": 429477}