{"data.grade": "7A", "data.userGrade": null, "data.method": "Feet follow hands", "data.userRating": 0, "data.repeats": 0, "data.moves": [{"problemId": 321759, "description": "E1", "isStart": true, "isEnd": false}, {"problemId": 321759, "description": "I3", "isStart": true, "isEnd": false}, {"problemId": 321759, "description": "F6", "isStart": false, "isEnd": false}, {"problemId": 321759, "description": "J9", "isStart": false, "isEnd": false}, {"problemId": 321759, "description": "B7", "isStart": false, "isEnd": false}, {"problemId": 321759, "description": "G11", "isStart": false, "isEnd": false}, {"problemId": 321759, "description": "E12", "isStart": false, "isEnd": false}, {"problemId": 321759, "description": "B14", "isStart": false, "isEnd": false}, {"problemId": 321759, "description": "F15", "isStart": false, "isEnd": false}, {"problemId": 321759, "description": "E18", "isStart": false, "isEnd": true}], "data.apiId": 321759}