{"data.grade": "7A", "data.userGrade": "7A", "data.method": "Feet follow hands", "data.userRating": 5, "data.repeats": 1, "data.moves": [{"problemId": 456795, "description": "F1", "isStart": true, "isEnd": false}, {"problemId": 456795, "description": "K5", "isStart": true, "isEnd": false}, {"problemId": 456795, "description": "J8", "isStart": false, "isEnd": false}, {"problemId": 456795, "description": "K9", "isStart": false, "isEnd": false}, {"problemId": 456795, "description": "H12", "isStart": false, "isEnd": false}, {"problemId": 456795, "description": "I14", "isStart": false, "isEnd": false}, {"problemId": 456795, "description": "F17", "isStart": false, "isEnd": false}, {"problemId": 456795, "description": "I18", "isStart": false, "isEnd": true}], "data.apiId": 456795}