{"data.grade": "7A", "data.userGrade": null, "data.method": "Feet follow hands", "data.userRating": 3, "data.repeats": 2, "data.moves": [{"problemId": 389282, "description": "A16", "isStart": false, "isEnd": false}, {"problemId": 389282, "description": "G16", "isStart": false, "isEnd": false}, {"problemId": 389282, "description": "B13", "isStart": false, "isEnd": false}, {"problemId": 389282, "description": "A11", "isStart": false, "isEnd": false}, {"problemId": 389282, "description": "H17", "isStart": false, "isEnd": false}, {"problemId": 389282, "description": "K18", "isStart": false, "isEnd": true}, {"problemId": 389282, "description": "A5", "isStart": true, "isEnd": false}, {"problemId": 389282, "description": "D16", "isStart": false, "isEnd": false}, {"problemId": 389282, "description": "A8", "isStart": false, "isEnd": false}, {"problemId": 389282, "description": "E11", "isStart": false, "isEnd": false}], "data.apiId": 389282}