{"data.grade": "7A", "data.userGrade": "7A", "data.method": "Feet follow hands", "data.userRating": 2, "data.repeats": 4, "data.moves": [{"problemId": 443205, "description": "F5", "isStart": true, "isEnd": false}, {"problemId": 443205, "description": "H5", "isStart": true, "isEnd": false}, {"problemId": 443205, "description": "G8", "isStart": false, "isEnd": false}, {"problemId": 443205, "description": "J2", "isStart": false, "isEnd": false}, {"problemId": 443205, "description": "I3", "isStart": false, "isEnd": false}, {"problemId": 443205, "description": "D9", "isStart": false, "isEnd": false}, {"problemId": 443205, "description": "E11", "isStart": false, "isEnd": false}, {"problemId": 443205, "description": "E13", "isStart": false, "isEnd": false}, {"problemId": 443205, "description": "F12", "isStart": false, "isEnd": false}, {"problemId": 443205, "description": "F18", "isStart": false, "isEnd": true}, {"problemId": 443205, "description": "G15", "isStart": false, "isEnd": false}, {"problemId": 443205, "description": "E17", "isStart": false, "isEnd": false}, {"problemId": 443205, "description": "E15", "isStart": false, "isEnd": false}, {"problemId": 443205, "description": "F16", "isStart": false, "isEnd": false}], "data.apiId": 443205}