{"data.grade": "7A", "data.userGrade": null, "data.method": "Feet follow hands", "data.userRating": 1, "data.repeats": 1, "data.moves": [{"problemId": 316073, "description": "F5", "isStart": true, "isEnd": false}, {"problemId": 316073, "description": "J4", "isStart": true, "isEnd": false}, {"problemId": 316073, "description": "H10", "isStart": false, "isEnd": false}, {"problemId": 316073, "description": "J16", "isStart": false, "isEnd": false}, {"problemId": 316073, "description": "J18", "isStart": false, "isEnd": true}], "data.apiId": 316073}