{"data.grade": "7A", "data.userGrade": "7A", "data.method": "Feet follow hands", "data.userRating": 4, "data.repeats": 14, "data.moves": [{"problemId": 408009, "description": "B2", "isStart": true, "isEnd": false}, {"problemId": 408009, "description": "F4", "isStart": true, "isEnd": false}, {"problemId": 408009, "description": "B6", "isStart": false, "isEnd": false}, {"problemId": 408009, "description": "B9", "isStart": false, "isEnd": false}, {"problemId": 408009, "description": "A11", "isStart": false, "isEnd": false}, {"problemId": 408009, "description": "E14", "isStart": false, "isEnd": false}, {"problemId": 408009, "description": "C17", "isStart": false, "isEnd": false}, {"problemId": 408009, "description": "F18", "isStart": false, "isEnd": true}], "data.apiId": 408009}