{"data.grade": "7A", "data.userGrade": null, "data.method": "Feet follow hands", "data.userRating": 0, "data.repeats": 0, "data.moves": [{"problemId": 325882, "description": "K5", "isStart": true, "isEnd": false}, {"problemId": 325882, "description": "J9", "isStart": false, "isEnd": false}, {"problemId": 325882, "description": "F11", "isStart": false, "isEnd": false}, {"problemId": 325882, "description": "G15", "isStart": false, "isEnd": false}, {"problemId": 325882, "description": "D16", "isStart": false, "isEnd": false}, {"problemId": 325882, "description": "B18", "isStart": false, "isEnd": true}], "data.apiId": 325882}