{"data.grade": "7A", "data.userGrade": "7A", "data.method": "Feet follow hands", "data.userRating": 4, "data.repeats": 4, "data.moves": [{"problemId": 319289, "description": "D5", "isStart": true, "isEnd": false}, {"problemId": 319289, "description": "F3", "isStart": true, "isEnd": false}, {"problemId": 319289, "description": "G10", "isStart": false, "isEnd": false}, {"problemId": 319289, "description": "D13", "isStart": false, "isEnd": false}, {"problemId": 319289, "description": "E14", "isStart": false, "isEnd": false}, {"problemId": 319289, "description": "B16", "isStart": false, "isEnd": false}, {"problemId": 319289, "description": "C18", "isStart": false, "isEnd": true}], "data.apiId": 319289}