{"data.grade": "7A", "data.userGrade": null, "data.method": "Feet follow hands", "data.userRating": 5, "data.repeats": 8, "data.moves": [{"problemId": 350833, "description": "F12", "isStart": false, "isEnd": false}, {"problemId": 350833, "description": "J6", "isStart": true, "isEnd": false}, {"problemId": 350833, "description": "J9", "isStart": false, "isEnd": false}, {"problemId": 350833, "description": "C14", "isStart": false, "isEnd": false}, {"problemId": 350833, "description": "A14", "isStart": false, "isEnd": false}, {"problemId": 350833, "description": "D18", "isStart": false, "isEnd": true}, {"problemId": 350833, "description": "I6", "isStart": true, "isEnd": false}], "data.apiId": 350833}