{"data.grade": "7A", "data.userGrade": null, "data.method": "Feet follow hands", "data.userRating": 4, "data.repeats": 1, "data.moves": [{"problemId": 335760, "description": "F10", "isStart": false, "isEnd": false}, {"problemId": 335760, "description": "F11", "isStart": false, "isEnd": false}, {"problemId": 335760, "description": "H6", "isStart": true, "isEnd": false}, {"problemId": 335760, "description": "J10", "isStart": false, "isEnd": false}, {"problemId": 335760, "description": "F14", "isStart": false, "isEnd": false}, {"problemId": 335760, "description": "I17", "isStart": false, "isEnd": false}, {"problemId": 335760, "description": "J4", "isStart": true, "isEnd": false}, {"problemId": 335760, "description": "H18", "isStart": false, "isEnd": true}], "data.apiId": 335760}