{"data.grade": "7A", "data.userGrade": null, "data.method": "Feet follow hands", "data.userRating": 4, "data.repeats": 8, "data.moves": [{"problemId": 353238, "description": "E3", "isStart": true, "isEnd": false}, {"problemId": 353238, "description": "C6", "isStart": true, "isEnd": false}, {"problemId": 353238, "description": "F7", "isStart": false, "isEnd": false}, {"problemId": 353238, "description": "F10", "isStart": false, "isEnd": false}, {"problemId": 353238, "description": "I12", "isStart": false, "isEnd": false}, {"problemId": 353238, "description": "H14", "isStart": false, "isEnd": false}, {"problemId": 353238, "description": "H17", "isStart": false, "isEnd": false}, {"problemId": 353238, "description": "C17", "isStart": false, "isEnd": false}, {"problemId": 353238, "description": "D16", "isStart": false, "isEnd": false}, {"problemId": 353238, "description": "A11", "isStart": false, "isEnd": false}, {"problemId": 353238, "description": "A18", "isStart": false, "isEnd": true}], "data.apiId": 353238}