{"data.grade": "7A", "data.userGrade": "7A", "data.method": "Feet follow hands", "data.userRating": 4, "data.repeats": 3, "data.moves": [{"problemId": 394233, "description": "K5", "isStart": true, "isEnd": false}, {"problemId": 394233, "description": "H6", "isStart": false, "isEnd": false}, {"problemId": 394233, "description": "I9", "isStart": false, "isEnd": false}, {"problemId": 394233, "description": "F10", "isStart": false, "isEnd": false}, {"problemId": 394233, "description": "F14", "isStart": false, "isEnd": false}, {"problemId": 394233, "description": "C15", "isStart": false, "isEnd": false}, {"problemId": 394233, "description": "D18", "isStart": false, "isEnd": true}, {"problemId": 394233, "description": "H2", "isStart": false, "isEnd": false}], "data.apiId": 394233}