{"data.grade": "7A", "data.userGrade": null, "data.method": "Feet follow hands", "data.userRating": 0, "data.repeats": 0, "data.moves": [{"problemId": 417754, "description": "J3", "isStart": true, "isEnd": false}, {"problemId": 417754, "description": "I1", "isStart": true, "isEnd": false}, {"problemId": 417754, "description": "H6", "isStart": false, "isEnd": false}, {"problemId": 417754, "description": "K9", "isStart": false, "isEnd": false}, {"problemId": 417754, "description": "F11", "isStart": false, "isEnd": false}, {"problemId": 417754, "description": "E12", "isStart": false, "isEnd": false}, {"problemId": 417754, "description": "D16", "isStart": false, "isEnd": false}, {"problemId": 417754, "description": "C18", "isStart": false, "isEnd": true}], "data.apiId": 417754}