{"data.grade": "7A", "data.userGrade": null, "data.method": "Feet follow hands", "data.userRating": 4, "data.repeats": 7, "data.moves": [{"problemId": 321651, "description": "A5", "isStart": true, "isEnd": false}, {"problemId": 321651, "description": "C1", "isStart": true, "isEnd": false}, {"problemId": 321651, "description": "F12", "isStart": false, "isEnd": false}, {"problemId": 321651, "description": "G8", "isStart": false, "isEnd": false}, {"problemId": 321651, "description": "H15", "isStart": false, "isEnd": false}, {"problemId": 321651, "description": "D18", "isStart": false, "isEnd": true}], "data.apiId": 321651}