{"data.grade": "7A", "data.userGrade": "7A", "data.method": "Feet follow hands", "data.userRating": 4, "data.repeats": 3, "data.moves": [{"problemId": 454268, "description": "F14", "isStart": false, "isEnd": false}, {"problemId": 454268, "description": "F13", "isStart": false, "isEnd": false}, {"problemId": 454268, "description": "B7", "isStart": false, "isEnd": false}, {"problemId": 454268, "description": "B16", "isStart": false, "isEnd": false}, {"problemId": 454268, "description": "B18", "isStart": false, "isEnd": true}, {"problemId": 454268, "description": "I12", "isStart": false, "isEnd": false}, {"problemId": 454268, "description": "J6", "isStart": true, "isEnd": false}, {"problemId": 454268, "description": "H9", "isStart": false, "isEnd": false}, {"problemId": 454268, "description": "G3", "isStart": true, "isEnd": false}], "data.apiId": 454268}