{"data.grade": "7A", "data.userGrade": "7A", "data.method": "Feet follow hands", "data.userRating": 4, "data.repeats": 9, "data.moves": [{"problemId": 370346, "description": "F2", "isStart": true, "isEnd": false}, {"problemId": 370346, "description": "J4", "isStart": true, "isEnd": false}, {"problemId": 370346, "description": "G6", "isStart": false, "isEnd": false}, {"problemId": 370346, "description": "H9", "isStart": false, "isEnd": false}, {"problemId": 370346, "description": "E11", "isStart": false, "isEnd": false}, {"problemId": 370346, "description": "D13", "isStart": false, "isEnd": false}, {"problemId": 370346, "description": "F14", "isStart": false, "isEnd": false}, {"problemId": 370346, "description": "H15", "isStart": false, "isEnd": false}, {"problemId": 370346, "description": "J18", "isStart": false, "isEnd": true}, {"problemId": 370346, "description": "E9", "isStart": false, "isEnd": false}, {"problemId": 370346, "description": "H17", "isStart": false, "isEnd": false}], "data.apiId": 370346}