{"data.grade": "7A", "data.userGrade": null, "data.method": "Feet follow hands", "data.userRating": 3, "data.repeats": 2, "data.moves": [{"problemId": 309226, "description": "H9", "isStart": false, "isEnd": false}, {"problemId": 309226, "description": "G13", "isStart": false, "isEnd": false}, {"problemId": 309226, "description": "H18", "isStart": false, "isEnd": true}, {"problemId": 309226, "description": "A5", "isStart": true, "isEnd": false}, {"problemId": 309226, "description": "D5", "isStart": false, "isEnd": false}, {"problemId": 309226, "description": "D7", "isStart": false, "isEnd": false}, {"problemId": 309226, "description": "E9", "isStart": false, "isEnd": false}], "data.apiId": 309226}