{"data.grade": "7A", "data.userGrade": null, "data.method": "Feet follow hands", "data.userRating": 0, "data.repeats": 0, "data.moves": [{"problemId": 413758, "description": "D9", "isStart": false, "isEnd": false}, {"problemId": 413758, "description": "G14", "isStart": false, "isEnd": false}, {"problemId": 413758, "description": "F3", "isStart": true, "isEnd": false}, {"problemId": 413758, "description": "B4", "isStart": true, "isEnd": false}, {"problemId": 413758, "description": "D18", "isStart": false, "isEnd": true}], "data.apiId": 413758}