{"data.grade": "7A", "data.userGrade": null, "data.method": "Feet follow hands", "data.userRating": 4, "data.repeats": 3, "data.moves": [{"problemId": 321442, "description": "J1", "isStart": true, "isEnd": false}, {"problemId": 321442, "description": "G4", "isStart": true, "isEnd": false}, {"problemId": 321442, "description": "I8", "isStart": false, "isEnd": false}, {"problemId": 321442, "description": "F12", "isStart": false, "isEnd": false}, {"problemId": 321442, "description": "H17", "isStart": false, "isEnd": false}, {"problemId": 321442, "description": "F18", "isStart": false, "isEnd": true}], "data.apiId": 321442}