{"data.grade": "7A", "data.userGrade": null, "data.method": "Feet follow hands", "data.userRating": 4, "data.repeats": 1, "data.moves": [{"problemId": 395099, "description": "H2", "isStart": true, "isEnd": false}, {"problemId": 395099, "description": "K5", "isStart": true, "isEnd": false}, {"problemId": 395099, "description": "I9", "isStart": false, "isEnd": false}, {"problemId": 395099, "description": "E9", "isStart": false, "isEnd": false}, {"problemId": 395099, "description": "F13", "isStart": false, "isEnd": false}, {"problemId": 395099, "description": "F14", "isStart": false, "isEnd": false}, {"problemId": 395099, "description": "G18", "isStart": false, "isEnd": true}], "data.apiId": 395099}