{"data.grade": "7A", "data.userGrade": "7A", "data.method": "Feet follow hands", "data.userRating": 5, "data.repeats": 11, "data.moves": [{"problemId": 315962, "description": "A5", "isStart": true, "isEnd": false}, {"problemId": 315962, "description": "D5", "isStart": true, "isEnd": false}, {"problemId": 315962, "description": "F7", "isStart": false, "isEnd": false}, {"problemId": 315962, "description": "J6", "isStart": false, "isEnd": false}, {"problemId": 315962, "description": "K9", "isStart": false, "isEnd": false}, {"problemId": 315962, "description": "H11", "isStart": false, "isEnd": false}, {"problemId": 315962, "description": "J13", "isStart": false, "isEnd": false}, {"problemId": 315962, "description": "H14", "isStart": false, "isEnd": false}, {"problemId": 315962, "description": "B13", "isStart": false, "isEnd": false}, {"problemId": 315962, "description": "D12", "isStart": false, "isEnd": false}, {"problemId": 315962, "description": "A15", "isStart": false, "isEnd": false}, {"problemId": 315962, "description": "D18", "isStart": false, "isEnd": true}], "data.apiId": 315962}