{"data.grade": "7A", "data.userGrade": null, "data.method": "Feet follow hands", "data.userRating": 0, "data.repeats": 0, "data.moves": [{"problemId": 317214, "description": "D4", "isStart": true, "isEnd": false}, {"problemId": 317214, "description": "H5", "isStart": true, "isEnd": false}, {"problemId": 317214, "description": "H9", "isStart": false, "isEnd": false}, {"problemId": 317214, "description": "I10", "isStart": false, "isEnd": false}, {"problemId": 317214, "description": "D12", "isStart": false, "isEnd": false}, {"problemId": 317214, "description": "E16", "isStart": false, "isEnd": false}, {"problemId": 317214, "description": "F18", "isStart": false, "isEnd": true}], "data.apiId": 317214}