{"data.grade": "7A", "data.userGrade": "7A", "data.method": "Feet follow hands", "data.userRating": 2, "data.repeats": 1, "data.moves": [{"problemId": 433735, "description": "D5", "isStart": true, "isEnd": false}, {"problemId": 433735, "description": "I6", "isStart": true, "isEnd": false}, {"problemId": 433735, "description": "F10", "isStart": false, "isEnd": false}, {"problemId": 433735, "description": "F13", "isStart": false, "isEnd": false}, {"problemId": 433735, "description": "C15", "isStart": false, "isEnd": false}, {"problemId": 433735, "description": "D18", "isStart": false, "isEnd": true}], "data.apiId": 433735}