{"data.grade": "7A", "data.userGrade": "6C", "data.method": "Feet follow hands", "data.userRating": 4, "data.repeats": 24, "data.moves": [{"problemId": 449078, "description": "F18", "isStart": false, "isEnd": true}, {"problemId": 449078, "description": "H18", "isStart": false, "isEnd": false}, {"problemId": 449078, "description": "F5", "isStart": true, "isEnd": false}, {"problemId": 449078, "description": "H5", "isStart": true, "isEnd": false}, {"problemId": 449078, "description": "D9", "isStart": false, "isEnd": false}, {"problemId": 449078, "description": "G11", "isStart": false, "isEnd": false}, {"problemId": 449078, "description": "H14", "isStart": false, "isEnd": false}, {"problemId": 449078, "description": "I8", "isStart": false, "isEnd": false}, {"problemId": 449078, "description": "G16", "isStart": false, "isEnd": false}, {"problemId": 449078, "description": "F8", "isStart": false, "isEnd": false}], "data.apiId": 449078}