{"data.grade": "7A", "data.userGrade": null, "data.method": "Feet follow hands", "data.userRating": 5, "data.repeats": 1, "data.moves": [{"problemId": 321890, "description": "I6", "isStart": true, "isEnd": false}, {"problemId": 321890, "description": "H7", "isStart": false, "isEnd": false}, {"problemId": 321890, "description": "K10", "isStart": false, "isEnd": false}, {"problemId": 321890, "description": "I11", "isStart": false, "isEnd": false}, {"problemId": 321890, "description": "J12", "isStart": false, "isEnd": false}, {"problemId": 321890, "description": "H13", "isStart": false, "isEnd": false}, {"problemId": 321890, "description": "J15", "isStart": false, "isEnd": false}, {"problemId": 321890, "description": "H16", "isStart": false, "isEnd": false}, {"problemId": 321890, "description": "I18", "isStart": false, "isEnd": true}], "data.apiId": 321890}