{"data.grade": "7A", "data.userGrade": null, "data.method": "Feet follow hands", "data.userRating": 0, "data.repeats": 0, "data.moves": [{"problemId": 449001, "description": "D6", "isStart": true, "isEnd": false}, {"problemId": 449001, "description": "H9", "isStart": false, "isEnd": false}, {"problemId": 449001, "description": "G8", "isStart": false, "isEnd": false}, {"problemId": 449001, "description": "D12", "isStart": false, "isEnd": false}, {"problemId": 449001, "description": "G15", "isStart": false, "isEnd": false}, {"problemId": 449001, "description": "I18", "isStart": false, "isEnd": true}], "data.apiId": 449001}