{"data.grade": "7A", "data.userGrade": "7A", "data.method": "Feet follow hands", "data.userRating": 4, "data.repeats": 11, "data.moves": [{"problemId": 356988, "description": "E4", "isStart": true, "isEnd": false}, {"problemId": 356988, "description": "H3", "isStart": true, "isEnd": false}, {"problemId": 356988, "description": "G8", "isStart": false, "isEnd": false}, {"problemId": 356988, "description": "D11", "isStart": false, "isEnd": false}, {"problemId": 356988, "description": "G13", "isStart": false, "isEnd": false}, {"problemId": 356988, "description": "F18", "isStart": false, "isEnd": true}], "data.apiId": 356988}