{"data.grade": "7A", "data.userGrade": "7A", "data.method": "Feet follow hands", "data.userRating": 4, "data.repeats": 18, "data.moves": [{"problemId": 410539, "description": "J6", "isStart": true, "isEnd": false}, {"problemId": 410539, "description": "H6", "isStart": true, "isEnd": false}, {"problemId": 410539, "description": "H9", "isStart": false, "isEnd": false}, {"problemId": 410539, "description": "D11", "isStart": false, "isEnd": false}, {"problemId": 410539, "description": "E14", "isStart": false, "isEnd": false}, {"problemId": 410539, "description": "A16", "isStart": false, "isEnd": false}, {"problemId": 410539, "description": "D18", "isStart": false, "isEnd": true}], "data.apiId": 410539}