{"data.grade": "7A", "data.userGrade": null, "data.method": "Feet follow hands", "data.userRating": 0, "data.repeats": 0, "data.moves": [{"problemId": 312433, "description": "J1", "isStart": true, "isEnd": false}, {"problemId": 312433, "description": "D4", "isStart": true, "isEnd": false}, {"problemId": 312433, "description": "D8", "isStart": false, "isEnd": false}, {"problemId": 312433, "description": "A9", "isStart": false, "isEnd": false}, {"problemId": 312433, "description": "F10", "isStart": false, "isEnd": false}, {"problemId": 312433, "description": "F13", "isStart": false, "isEnd": false}, {"problemId": 312433, "description": "G16", "isStart": false, "isEnd": false}, {"problemId": 312433, "description": "G18", "isStart": false, "isEnd": true}], "data.apiId": 312433}