{"data.grade": "7A", "data.userGrade": null, "data.method": "Feet follow hands", "data.userRating": 3, "data.repeats": 5, "data.moves": [{"problemId": 323629, "description": "I7", "isStart": false, "isEnd": false}, {"problemId": 323629, "description": "G9", "isStart": false, "isEnd": false}, {"problemId": 323629, "description": "I16", "isStart": false, "isEnd": false}, {"problemId": 323629, "description": "F18", "isStart": false, "isEnd": true}, {"problemId": 323629, "description": "J11", "isStart": false, "isEnd": false}, {"problemId": 323629, "description": "F12", "isStart": false, "isEnd": false}, {"problemId": 323629, "description": "G4", "isStart": true, "isEnd": false}, {"problemId": 323629, "description": "I3", "isStart": true, "isEnd": false}], "data.apiId": 323629}