{"data.grade": "7A", "data.userGrade": null, "data.method": "Feet follow hands", "data.userRating": 4, "data.repeats": 1, "data.moves": [{"problemId": 412497, "description": "D5", "isStart": true, "isEnd": false}, {"problemId": 412497, "description": "F10", "isStart": false, "isEnd": false}, {"problemId": 412497, "description": "G14", "isStart": false, "isEnd": false}, {"problemId": 412497, "description": "J14", "isStart": false, "isEnd": false}, {"problemId": 412497, "description": "H18", "isStart": false, "isEnd": true}], "data.apiId": 412497}