{"data.grade": "7A", "data.userGrade": null, "data.method": "Feet follow hands", "data.userRating": 0, "data.repeats": 0, "data.moves": [{"problemId": 354373, "description": "D1", "isStart": true, "isEnd": false}, {"problemId": 354373, "description": "I3", "isStart": true, "isEnd": false}, {"problemId": 354373, "description": "D6", "isStart": false, "isEnd": false}, {"problemId": 354373, "description": "G7", "isStart": false, "isEnd": false}, {"problemId": 354373, "description": "C9", "isStart": false, "isEnd": false}, {"problemId": 354373, "description": "I12", "isStart": false, "isEnd": false}, {"problemId": 354373, "description": "I15", "isStart": false, "isEnd": false}, {"problemId": 354373, "description": "G18", "isStart": false, "isEnd": true}], "data.apiId": 354373}