{"data.grade": "7A", "data.userGrade": null, "data.method": "Feet follow hands", "data.userRating": 4, "data.repeats": 3, "data.moves": [{"problemId": 315162, "description": "E4", "isStart": true, "isEnd": false}, {"problemId": 315162, "description": "H6", "isStart": true, "isEnd": false}, {"problemId": 315162, "description": "G8", "isStart": false, "isEnd": false}, {"problemId": 315162, "description": "C9", "isStart": false, "isEnd": false}, {"problemId": 315162, "description": "D11", "isStart": false, "isEnd": false}, {"problemId": 315162, "description": "H14", "isStart": false, "isEnd": false}, {"problemId": 315162, "description": "I14", "isStart": false, "isEnd": false}, {"problemId": 315162, "description": "I17", "isStart": false, "isEnd": false}, {"problemId": 315162, "description": "K18", "isStart": false, "isEnd": true}, {"problemId": 315162, "description": "J10", "isStart": false, "isEnd": false}, {"problemId": 315162, "description": "H12", "isStart": false, "isEnd": false}], "data.apiId": 315162}