{"data.grade": "7A", "data.userGrade": "7A", "data.method": "Feet follow hands", "data.userRating": 4, "data.repeats": 163, "data.moves": [{"problemId": 323106, "description": "F10", "isStart": false, "isEnd": false}, {"problemId": 323106, "description": "D11", "isStart": false, "isEnd": false}, {"problemId": 323106, "description": "F13", "isStart": false, "isEnd": false}, {"problemId": 323106, "description": "C15", "isStart": false, "isEnd": false}, {"problemId": 323106, "description": "F18", "isStart": false, "isEnd": true}, {"problemId": 323106, "description": "D6", "isStart": true, "isEnd": false}, {"problemId": 323106, "description": "E6", "isStart": true, "isEnd": false}, {"problemId": 323106, "description": "F4", "isStart": false, "isEnd": false}], "data.apiId": 323106}