{"data.grade": "7A", "data.userGrade": null, "data.method": "Feet follow hands", "data.userRating": 4, "data.repeats": 3, "data.moves": [{"problemId": 331026, "description": "H3", "isStart": true, "isEnd": false}, {"problemId": 331026, "description": "D5", "isStart": true, "isEnd": false}, {"problemId": 331026, "description": "G8", "isStart": false, "isEnd": false}, {"problemId": 331026, "description": "E11", "isStart": false, "isEnd": false}, {"problemId": 331026, "description": "H11", "isStart": false, "isEnd": false}, {"problemId": 331026, "description": "E14", "isStart": false, "isEnd": false}, {"problemId": 331026, "description": "H14", "isStart": false, "isEnd": false}, {"problemId": 331026, "description": "D17", "isStart": false, "isEnd": false}, {"problemId": 331026, "description": "A18", "isStart": false, "isEnd": true}], "data.apiId": 331026}