{"data.grade": "7A", "data.userGrade": null, "data.method": "Feet follow hands", "data.userRating": 5, "data.repeats": 2, "data.moves": [{"problemId": 332887, "description": "C4", "isStart": true, "isEnd": false}, {"problemId": 332887, "description": "F7", "isStart": false, "isEnd": false}, {"problemId": 332887, "description": "D11", "isStart": false, "isEnd": false}, {"problemId": 332887, "description": "E14", "isStart": false, "isEnd": false}, {"problemId": 332887, "description": "A18", "isStart": false, "isEnd": true}], "data.apiId": 332887}