{"data.grade": "7A", "data.userGrade": null, "data.method": "Feet follow hands", "data.userRating": 5, "data.repeats": 4, "data.moves": [{"problemId": 412278, "description": "I5", "isStart": true, "isEnd": false}, {"problemId": 412278, "description": "G6", "isStart": true, "isEnd": false}, {"problemId": 412278, "description": "D1", "isStart": false, "isEnd": false}, {"problemId": 412278, "description": "D9", "isStart": false, "isEnd": false}, {"problemId": 412278, "description": "F13", "isStart": false, "isEnd": false}, {"problemId": 412278, "description": "E14", "isStart": false, "isEnd": false}, {"problemId": 412278, "description": "D14", "isStart": false, "isEnd": false}, {"problemId": 412278, "description": "C17", "isStart": false, "isEnd": false}, {"problemId": 412278, "description": "E18", "isStart": false, "isEnd": true}], "data.apiId": 412278}