{"data.grade": "7A", "data.userGrade": null, "data.method": "Feet follow hands", "data.userRating": 0, "data.repeats": 0, "data.moves": [{"problemId": 370507, "description": "G6", "isStart": true, "isEnd": false}, {"problemId": 370507, "description": "H1", "isStart": true, "isEnd": false}, {"problemId": 370507, "description": "F10", "isStart": false, "isEnd": false}, {"problemId": 370507, "description": "E14", "isStart": false, "isEnd": false}, {"problemId": 370507, "description": "H18", "isStart": false, "isEnd": true}], "data.apiId": 370507}