{"data.grade": "7A", "data.userGrade": "7A", "data.method": "Feet follow hands", "data.userRating": 4, "data.repeats": 47, "data.moves": [{"problemId": 317611, "description": "H9", "isStart": false, "isEnd": false}, {"problemId": 317611, "description": "H14", "isStart": false, "isEnd": false}, {"problemId": 317611, "description": "J6", "isStart": false, "isEnd": false}, {"problemId": 317611, "description": "K11", "isStart": false, "isEnd": false}, {"problemId": 317611, "description": "H17", "isStart": false, "isEnd": false}, {"problemId": 317611, "description": "D18", "isStart": false, "isEnd": true}, {"problemId": 317611, "description": "G4", "isStart": true, "isEnd": false}, {"problemId": 317611, "description": "F3", "isStart": true, "isEnd": false}], "data.apiId": 317611}