{"data.grade": "7A", "data.userGrade": null, "data.method": "Feet follow hands", "data.userRating": 0, "data.repeats": 0, "data.moves": [{"problemId": 346761, "description": "I2", "isStart": true, "isEnd": false}, {"problemId": 346761, "description": "D4", "isStart": true, "isEnd": false}, {"problemId": 346761, "description": "H7", "isStart": false, "isEnd": false}, {"problemId": 346761, "description": "K7", "isStart": false, "isEnd": false}, {"problemId": 346761, "description": "H11", "isStart": false, "isEnd": false}, {"problemId": 346761, "description": "E11", "isStart": false, "isEnd": false}, {"problemId": 346761, "description": "E14", "isStart": false, "isEnd": false}, {"problemId": 346761, "description": "D16", "isStart": false, "isEnd": false}, {"problemId": 346761, "description": "F18", "isStart": false, "isEnd": true}], "data.apiId": 346761}