{"data.grade": "7A", "data.userGrade": null, "data.method": "Feet follow hands", "data.userRating": 3, "data.repeats": 3, "data.moves": [{"problemId": 322780, "description": "H5", "isStart": true, "isEnd": false}, {"problemId": 322780, "description": "F9", "isStart": false, "isEnd": false}, {"problemId": 322780, "description": "C10", "isStart": false, "isEnd": false}, {"problemId": 322780, "description": "C5", "isStart": true, "isEnd": false}, {"problemId": 322780, "description": "D15", "isStart": false, "isEnd": false}, {"problemId": 322780, "description": "H16", "isStart": false, "isEnd": false}, {"problemId": 322780, "description": "H9", "isStart": false, "isEnd": false}, {"problemId": 322780, "description": "E16", "isStart": false, "isEnd": false}, {"problemId": 322780, "description": "H18", "isStart": false, "isEnd": true}], "data.apiId": 322780}