{"data.grade": "7A", "data.userGrade": null, "data.method": "Feet follow hands", "data.userRating": 4, "data.repeats": 9, "data.moves": [{"problemId": 366423, "description": "I3", "isStart": true, "isEnd": false}, {"problemId": 366423, "description": "D5", "isStart": true, "isEnd": false}, {"problemId": 366423, "description": "A4", "isStart": false, "isEnd": false}, {"problemId": 366423, "description": "D9", "isStart": false, "isEnd": false}, {"problemId": 366423, "description": "A11", "isStart": false, "isEnd": false}, {"problemId": 366423, "description": "F10", "isStart": false, "isEnd": false}, {"problemId": 366423, "description": "F13", "isStart": false, "isEnd": false}, {"problemId": 366423, "description": "J14", "isStart": false, "isEnd": false}, {"problemId": 366423, "description": "H15", "isStart": false, "isEnd": false}, {"problemId": 366423, "description": "H17", "isStart": false, "isEnd": false}, {"problemId": 366423, "description": "F18", "isStart": false, "isEnd": true}], "data.apiId": 366423}