{"data.grade": "7A", "data.userGrade": null, "data.method": "Feet follow hands + screw ons", "data.userRating": 5, "data.repeats": 3, "data.moves": [{"problemId": 314952, "description": "D2", "isStart": true, "isEnd": false}, {"problemId": 314952, "description": "F6", "isStart": false, "isEnd": false}, {"problemId": 314952, "description": "I10", "isStart": false, "isEnd": false}, {"problemId": 314952, "description": "E13", "isStart": false, "isEnd": false}, {"problemId": 314952, "description": "J18", "isStart": false, "isEnd": true}], "data.apiId": 314952}