{"data.grade": "7A", "data.userGrade": null, "data.method": "Feet follow hands", "data.userRating": 5, "data.repeats": 1, "data.moves": [{"problemId": 337049, "description": "I4", "isStart": true, "isEnd": false}, {"problemId": 337049, "description": "F4", "isStart": true, "isEnd": false}, {"problemId": 337049, "description": "J7", "isStart": false, "isEnd": false}, {"problemId": 337049, "description": "G7", "isStart": false, "isEnd": false}, {"problemId": 337049, "description": "D9", "isStart": false, "isEnd": false}, {"problemId": 337049, "description": "D12", "isStart": false, "isEnd": false}, {"problemId": 337049, "description": "I13", "isStart": false, "isEnd": false}, {"problemId": 337049, "description": "D16", "isStart": false, "isEnd": false}, {"problemId": 337049, "description": "J18", "isStart": false, "isEnd": true}], "data.apiId": 337049}