{"data.grade": "7A", "data.userGrade": "7A", "data.method": "Feet follow hands + screw ons", "data.userRating": 2, "data.repeats": 3, "data.moves": [{"problemId": 325955, "description": "A2", "isStart": true, "isEnd": false}, {"problemId": 325955, "description": "C7", "isStart": false, "isEnd": false}, {"problemId": 325955, "description": "B9", "isStart": false, "isEnd": false}, {"problemId": 325955, "description": "G10", "isStart": false, "isEnd": false}, {"problemId": 325955, "description": "G4", "isStart": false, "isEnd": false}, {"problemId": 325955, "description": "F12", "isStart": false, "isEnd": false}, {"problemId": 325955, "description": "E14", "isStart": false, "isEnd": false}, {"problemId": 325955, "description": "B13", "isStart": false, "isEnd": false}, {"problemId": 325955, "description": "D18", "isStart": false, "isEnd": true}], "data.apiId": 325955}