{"data.grade": "7A", "data.userGrade": null, "data.method": "Feet follow hands", "data.userRating": 5, "data.repeats": 3, "data.moves": [{"problemId": 341696, "description": "D5", "isStart": true, "isEnd": false}, {"problemId": 341696, "description": "G10", "isStart": false, "isEnd": false}, {"problemId": 341696, "description": "H14", "isStart": false, "isEnd": false}, {"problemId": 341696, "description": "K16", "isStart": false, "isEnd": false}, {"problemId": 341696, "description": "F18", "isStart": false, "isEnd": true}], "data.apiId": 341696}