{"data.grade": "7A", "data.userGrade": null, "data.method": "Feet follow hands", "data.userRating": 5, "data.repeats": 3, "data.moves": [{"problemId": 348506, "description": "I2", "isStart": true, "isEnd": false}, {"problemId": 348506, "description": "K5", "isStart": true, "isEnd": false}, {"problemId": 348506, "description": "H7", "isStart": false, "isEnd": false}, {"problemId": 348506, "description": "K10", "isStart": false, "isEnd": false}, {"problemId": 348506, "description": "F10", "isStart": false, "isEnd": false}, {"problemId": 348506, "description": "K13", "isStart": false, "isEnd": false}, {"problemId": 348506, "description": "G16", "isStart": false, "isEnd": false}, {"problemId": 348506, "description": "F18", "isStart": false, "isEnd": true}, {"problemId": 348506, "description": "K1", "isStart": false, "isEnd": false}], "data.apiId": 348506}