{"data.grade": "7A", "data.userGrade": null, "data.method": "Feet follow hands", "data.userRating": 4, "data.repeats": 10, "data.moves": [{"problemId": 364417, "description": "E6", "isStart": true, "isEnd": false}, {"problemId": 364417, "description": "H4", "isStart": true, "isEnd": false}, {"problemId": 364417, "description": "D9", "isStart": false, "isEnd": false}, {"problemId": 364417, "description": "F12", "isStart": false, "isEnd": false}, {"problemId": 364417, "description": "G16", "isStart": false, "isEnd": false}, {"problemId": 364417, "description": "D18", "isStart": false, "isEnd": true}], "data.apiId": 364417}