{"data.grade": "7A", "data.userGrade": null, "data.method": "Feet follow hands", "data.userRating": 5, "data.repeats": 1, "data.moves": [{"problemId": 336321, "description": "E6", "isStart": true, "isEnd": false}, {"problemId": 336321, "description": "E8", "isStart": false, "isEnd": false}, {"problemId": 336321, "description": "I6", "isStart": true, "isEnd": false}, {"problemId": 336321, "description": "F18", "isStart": false, "isEnd": true}, {"problemId": 336321, "description": "D14", "isStart": false, "isEnd": false}, {"problemId": 336321, "description": "A11", "isStart": false, "isEnd": false}, {"problemId": 336321, "description": "C15", "isStart": false, "isEnd": false}], "data.apiId": 336321}