{"data.grade": "7A", "data.userGrade": null, "data.method": "Feet follow hands", "data.userRating": 0, "data.repeats": 0, "data.moves": [{"problemId": 350384, "description": "I1", "isStart": true, "isEnd": false}, {"problemId": 350384, "description": "K2", "isStart": true, "isEnd": false}, {"problemId": 350384, "description": "K6", "isStart": false, "isEnd": false}, {"problemId": 350384, "description": "K9", "isStart": false, "isEnd": false}, {"problemId": 350384, "description": "K14", "isStart": false, "isEnd": false}, {"problemId": 350384, "description": "G16", "isStart": false, "isEnd": false}, {"problemId": 350384, "description": "D18", "isStart": false, "isEnd": true}], "data.apiId": 350384}