{"data.grade": "6A+", "data.userGrade": null, "data.method": "Feet follow hands", "data.userRating": 4, "data.repeats": 10, "data.moves": [{"problemId": 358767, "description": "E3", "isStart": true, "isEnd": false}, {"problemId": 358767, "description": "H5", "isStart": true, "isEnd": false}, {"problemId": 358767, "description": "E7", "isStart": false, "isEnd": false}, {"problemId": 358767, "description": "G10", "isStart": false, "isEnd": false}, {"problemId": 358767, "description": "E13", "isStart": false, "isEnd": false}, {"problemId": 358767, "description": "E16", "isStart": false, "isEnd": false}, {"problemId": 358767, "description": "F18", "isStart": false, "isEnd": true}], "data.apiId": 358767}