{"data.grade": "6A+", "data.userGrade": "6A+", "data.method": "Feet follow hands", "data.userRating": 4, "data.repeats": 45, "data.moves": [{"problemId": 352580, "description": "A3", "isStart": true, "isEnd": false}, {"problemId": 352580, "description": "B4", "isStart": true, "isEnd": false}, {"problemId": 352580, "description": "A8", "isStart": false, "isEnd": false}, {"problemId": 352580, "description": "A11", "isStart": false, "isEnd": false}, {"problemId": 352580, "description": "B13", "isStart": false, "isEnd": false}, {"problemId": 352580, "description": "D17", "isStart": false, "isEnd": false}, {"problemId": 352580, "description": "D18", "isStart": false, "isEnd": true}, {"problemId": 352580, "description": "E8", "isStart": false, "isEnd": false}], "data.apiId": 352580}