{"data.grade": "6A+", "data.userGrade": "6A+", "data.method": "Feet follow hands", "data.userRating": 4, "data.repeats": 19, "data.moves": [{"problemId": 326741, "description": "B4", "isStart": true, "isEnd": false}, {"problemId": 326741, "description": "F5", "isStart": true, "isEnd": false}, {"problemId": 326741, "description": "E8", "isStart": false, "isEnd": false}, {"problemId": 326741, "description": "F8", "isStart": false, "isEnd": false}, {"problemId": 326741, "description": "D12", "isStart": false, "isEnd": false}, {"problemId": 326741, "description": "G13", "isStart": false, "isEnd": false}, {"problemId": 326741, "description": "D15", "isStart": false, "isEnd": false}, {"problemId": 326741, "description": "F18", "isStart": false, "isEnd": true}], "data.apiId": 326741}