{"data.grade": "6A+", "data.userGrade": "6A+", "data.method": "Feet follow hands", "data.userRating": 4, "data.repeats": 3, "data.moves": [{"problemId": 459488, "description": "E6", "isStart": true, "isEnd": false}, {"problemId": 459488, "description": "B8", "isStart": false, "isEnd": false}, {"problemId": 459488, "description": "C10", "isStart": false, "isEnd": false}, {"problemId": 459488, "description": "C13", "isStart": false, "isEnd": false}, {"problemId": 459488, "description": "G14", "isStart": false, "isEnd": false}, {"problemId": 459488, "description": "B4", "isStart": true, "isEnd": false}, {"problemId": 459488, "description": "E15", "isStart": false, "isEnd": false}, {"problemId": 459488, "description": "G10", "isStart": false, "isEnd": false}, {"problemId": 459488, "description": "H16", "isStart": false, "isEnd": false}, {"problemId": 459488, "description": "H18", "isStart": false, "isEnd": true}], "data.apiId": 459488}