{"data.grade": "6A+", "data.userGrade": "6A+", "data.method": "Feet follow hands", "data.userRating": 4, "data.repeats": 29, "data.moves": [{"problemId": 395742, "description": "H5", "isStart": true, "isEnd": false}, {"problemId": 395742, "description": "F8", "isStart": false, "isEnd": false}, {"problemId": 395742, "description": "H10", "isStart": false, "isEnd": false}, {"problemId": 395742, "description": "E13", "isStart": false, "isEnd": false}, {"problemId": 395742, "description": "C16", "isStart": false, "isEnd": false}, {"problemId": 395742, "description": "B18", "isStart": false, "isEnd": true}, {"problemId": 395742, "description": "C1", "isStart": true, "isEnd": false}], "data.apiId": 395742}