{"data.grade": "6A+", "data.userGrade": "6A+", "data.method": "Feet follow hands", "data.userRating": 4, "data.repeats": 17, "data.moves": [{"problemId": 323085, "description": "F5", "isStart": true, "isEnd": false}, {"problemId": 323085, "description": "H1", "isStart": true, "isEnd": false}, {"problemId": 323085, "description": "I8", "isStart": false, "isEnd": false}, {"problemId": 323085, "description": "H10", "isStart": false, "isEnd": false}, {"problemId": 323085, "description": "G14", "isStart": false, "isEnd": false}, {"problemId": 323085, "description": "C13", "isStart": false, "isEnd": false}, {"problemId": 323085, "description": "D15", "isStart": false, "isEnd": false}, {"problemId": 323085, "description": "D17", "isStart": false, "isEnd": false}, {"problemId": 323085, "description": "F18", "isStart": false, "isEnd": true}], "data.apiId": 323085}