{"data.grade": "6A+", "data.userGrade": null, "data.method": "Feet follow hands", "data.userRating": 4, "data.repeats": 5, "data.moves": [{"problemId": 329482, "description": "H5", "isStart": true, "isEnd": false}, {"problemId": 329482, "description": "K2", "isStart": false, "isEnd": false}, {"problemId": 329482, "description": "I8", "isStart": false, "isEnd": false}, {"problemId": 329482, "description": "K11", "isStart": false, "isEnd": false}, {"problemId": 329482, "description": "K13", "isStart": false, "isEnd": false}, {"problemId": 329482, "description": "H15", "isStart": false, "isEnd": false}, {"problemId": 329482, "description": "K17", "isStart": false, "isEnd": false}, {"problemId": 329482, "description": "H18", "isStart": false, "isEnd": true}, {"problemId": 329482, "description": "K9", "isStart": false, "isEnd": false}], "data.apiId": 329482}