{"data.grade": "6A+", "data.userGrade": "6B", "data.method": "Feet follow hands", "data.userRating": 4, "data.repeats": 23, "data.moves": [{"problemId": 422062, "description": "C4", "isStart": true, "isEnd": false}, {"problemId": 422062, "description": "A5", "isStart": true, "isEnd": false}, {"problemId": 422062, "description": "E8", "isStart": false, "isEnd": false}, {"problemId": 422062, "description": "D10", "isStart": false, "isEnd": false}, {"problemId": 422062, "description": "H10", "isStart": false, "isEnd": false}, {"problemId": 422062, "description": "J6", "isStart": false, "isEnd": false}, {"problemId": 422062, "description": "J13", "isStart": false, "isEnd": false}, {"problemId": 422062, "description": "H15", "isStart": false, "isEnd": false}, {"problemId": 422062, "description": "J18", "isStart": false, "isEnd": false}, {"problemId": 422062, "description": "H18", "isStart": false, "isEnd": true}], "data.apiId": 422062}