{"data.grade": "6A+", "data.userGrade": null, "data.method": "Feet follow hands", "data.userRating": 4, "data.repeats": 20, "data.moves": [{"problemId": 359436, "description": "D5", "isStart": true, "isEnd": false}, {"problemId": 359436, "description": "F5", "isStart": true, "isEnd": false}, {"problemId": 359436, "description": "I7", "isStart": false, "isEnd": false}, {"problemId": 359436, "description": "I8", "isStart": false, "isEnd": false}, {"problemId": 359436, "description": "F8", "isStart": false, "isEnd": false}, {"problemId": 359436, "description": "D9", "isStart": false, "isEnd": false}, {"problemId": 359436, "description": "H10", "isStart": false, "isEnd": false}, {"problemId": 359436, "description": "F12", "isStart": false, "isEnd": false}, {"problemId": 359436, "description": "D12", "isStart": false, "isEnd": false}, {"problemId": 359436, "description": "E13", "isStart": false, "isEnd": false}, {"problemId": 359436, "description": "D15", "isStart": false, "isEnd": false}, {"problemId": 359436, "description": "C16", "isStart": false, "isEnd": false}, {"problemId": 359436, "description": "F18", "isStart": false, "isEnd": true}, {"problemId": 359436, "description": "B18", "isStart": false, "isEnd": true}], "data.apiId": 359436}