{"data.grade": "6A+", "data.userGrade": "6A+", "data.method": "Feet follow hands", "data.userRating": 3, "data.repeats": 3, "data.moves": [{"problemId": 443965, "description": "J5", "isStart": true, "isEnd": false}, {"problemId": 443965, "description": "G6", "isStart": true, "isEnd": false}, {"problemId": 443965, "description": "J7", "isStart": false, "isEnd": false}, {"problemId": 443965, "description": "H8", "isStart": false, "isEnd": false}, {"problemId": 443965, "description": "K9", "isStart": false, "isEnd": false}, {"problemId": 443965, "description": "H11", "isStart": false, "isEnd": false}, {"problemId": 443965, "description": "J11", "isStart": false, "isEnd": false}, {"problemId": 443965, "description": "J13", "isStart": false, "isEnd": false}, {"problemId": 443965, "description": "F13", "isStart": false, "isEnd": false}, {"problemId": 443965, "description": "G16", "isStart": false, "isEnd": false}, {"problemId": 443965, "description": "I14", "isStart": false, "isEnd": false}, {"problemId": 443965, "description": "J16", "isStart": false, "isEnd": false}, {"problemId": 443965, "description": "H18", "isStart": false, "isEnd": true}], "data.apiId": 443965}