{"data.grade": "6A+", "data.userGrade": "6A+", "data.method": "Feet follow hands", "data.userRating": 3, "data.repeats": 19, "data.moves": [{"problemId": 337880, "description": "D4", "isStart": true, "isEnd": false}, {"problemId": 337880, "description": "H3", "isStart": true, "isEnd": false}, {"problemId": 337880, "description": "E8", "isStart": false, "isEnd": false}, {"problemId": 337880, "description": "H5", "isStart": false, "isEnd": false}, {"problemId": 337880, "description": "H10", "isStart": false, "isEnd": false}, {"problemId": 337880, "description": "G13", "isStart": false, "isEnd": false}, {"problemId": 337880, "description": "J13", "isStart": false, "isEnd": false}, {"problemId": 337880, "description": "H15", "isStart": false, "isEnd": false}, {"problemId": 337880, "description": "J16", "isStart": false, "isEnd": false}, {"problemId": 337880, "description": "H18", "isStart": false, "isEnd": true}], "data.apiId": 337880}