{"data.grade": "6A+", "data.userGrade": "6A+", "data.method": "Feet follow hands", "data.userRating": 3, "data.repeats": 7, "data.moves": [{"problemId": 327947, "description": "H10", "isStart": false, "isEnd": false}, {"problemId": 327947, "description": "J11", "isStart": false, "isEnd": false}, {"problemId": 327947, "description": "F12", "isStart": false, "isEnd": false}, {"problemId": 327947, "description": "G13", "isStart": false, "isEnd": false}, {"problemId": 327947, "description": "C14", "isStart": false, "isEnd": false}, {"problemId": 327947, "description": "C16", "isStart": false, "isEnd": false}, {"problemId": 327947, "description": "B18", "isStart": false, "isEnd": true}, {"problemId": 327947, "description": "F5", "isStart": true, "isEnd": false}, {"problemId": 327947, "description": "H5", "isStart": true, "isEnd": false}], "data.apiId": 327947}