{"data.grade": "6A+", "data.userGrade": null, "data.method": "Feet follow hands", "data.userRating": 4, "data.repeats": 7, "data.moves": [{"problemId": 326915, "description": "E3", "isStart": true, "isEnd": false}, {"problemId": 326915, "description": "F6", "isStart": true, "isEnd": false}, {"problemId": 326915, "description": "C7", "isStart": false, "isEnd": false}, {"problemId": 326915, "description": "F8", "isStart": false, "isEnd": false}, {"problemId": 326915, "description": "C11", "isStart": false, "isEnd": false}, {"problemId": 326915, "description": "F12", "isStart": false, "isEnd": false}, {"problemId": 326915, "description": "C14", "isStart": false, "isEnd": false}, {"problemId": 326915, "description": "F15", "isStart": false, "isEnd": false}, {"problemId": 326915, "description": "D17", "isStart": false, "isEnd": false}, {"problemId": 326915, "description": "F18", "isStart": false, "isEnd": true}, {"problemId": 326915, "description": "G3", "isStart": false, "isEnd": false}, {"problemId": 326915, "description": "D6", "isStart": false, "isEnd": false}], "data.apiId": 326915}