{"data.grade": "6A+", "data.userGrade": "6A+", "data.method": "Feet follow hands", "data.userRating": 4, "data.repeats": 30, "data.moves": [{"problemId": 425749, "description": "H5", "isStart": true, "isEnd": false}, {"problemId": 425749, "description": "D5", "isStart": true, "isEnd": false}, {"problemId": 425749, "description": "F8", "isStart": false, "isEnd": false}, {"problemId": 425749, "description": "J11", "isStart": false, "isEnd": false}, {"problemId": 425749, "description": "H14", "isStart": false, "isEnd": false}, {"problemId": 425749, "description": "J16", "isStart": false, "isEnd": false}, {"problemId": 425749, "description": "F18", "isStart": false, "isEnd": true}], "data.apiId": 425749}