{"data.grade": "6A+", "data.userGrade": "6A+", "data.method": "Feet follow hands", "data.userRating": 4, "data.repeats": 14, "data.moves": [{"problemId": 345452, "description": "F4", "isStart": true, "isEnd": false}, {"problemId": 345452, "description": "I8", "isStart": false, "isEnd": false}, {"problemId": 345452, "description": "H10", "isStart": false, "isEnd": false}, {"problemId": 345452, "description": "G13", "isStart": false, "isEnd": false}, {"problemId": 345452, "description": "D15", "isStart": false, "isEnd": false}, {"problemId": 345452, "description": "F18", "isStart": false, "isEnd": true}], "data.apiId": 345452}