{"data.grade": "6A+", "data.userGrade": "6A+", "data.method": "Feet follow hands", "data.userRating": 4, "data.repeats": 13, "data.moves": [{"problemId": 317908, "description": "F5", "isStart": true, "isEnd": false}, {"problemId": 317908, "description": "I8", "isStart": false, "isEnd": false}, {"problemId": 317908, "description": "H11", "isStart": false, "isEnd": false}, {"problemId": 317908, "description": "K11", "isStart": false, "isEnd": false}, {"problemId": 317908, "description": "K13", "isStart": false, "isEnd": false}, {"problemId": 317908, "description": "K15", "isStart": false, "isEnd": false}, {"problemId": 317908, "description": "J18", "isStart": false, "isEnd": true}, {"problemId": 317908, "description": "K4", "isStart": true, "isEnd": false}], "data.apiId": 317908}