{"data.grade": "6A+", "data.userGrade": null, "data.method": "Feet follow hands", "data.userRating": 4, "data.repeats": 11, "data.moves": [{"problemId": 385926, "description": "H5", "isStart": true, "isEnd": false}, {"problemId": 385926, "description": "D5", "isStart": true, "isEnd": false}, {"problemId": 385926, "description": "G7", "isStart": false, "isEnd": false}, {"problemId": 385926, "description": "E8", "isStart": false, "isEnd": false}, {"problemId": 385926, "description": "D9", "isStart": false, "isEnd": false}, {"problemId": 385926, "description": "D10", "isStart": false, "isEnd": false}, {"problemId": 385926, "description": "F12", "isStart": false, "isEnd": false}, {"problemId": 385926, "description": "E13", "isStart": false, "isEnd": false}, {"problemId": 385926, "description": "I15", "isStart": false, "isEnd": false}, {"problemId": 385926, "description": "J16", "isStart": false, "isEnd": false}, {"problemId": 385926, "description": "I18", "isStart": false, "isEnd": true}, {"problemId": 385926, "description": "J18", "isStart": false, "isEnd": true}], "data.apiId": 385926}