{"data.grade": "6A+", "data.userGrade": null, "data.method": "Feet follow hands", "data.userRating": 4, "data.repeats": 8, "data.moves": [{"problemId": 386735, "description": "H5", "isStart": true, "isEnd": false}, {"problemId": 386735, "description": "J9", "isStart": false, "isEnd": false}, {"problemId": 386735, "description": "J11", "isStart": false, "isEnd": false}, {"problemId": 386735, "description": "J6", "isStart": false, "isEnd": false}, {"problemId": 386735, "description": "G14", "isStart": false, "isEnd": false}, {"problemId": 386735, "description": "H17", "isStart": false, "isEnd": false}, {"problemId": 386735, "description": "F18", "isStart": false, "isEnd": true}, {"problemId": 386735, "description": "D15", "isStart": false, "isEnd": false}, {"problemId": 386735, "description": "B13", "isStart": false, "isEnd": false}, {"problemId": 386735, "description": "F12", "isStart": false, "isEnd": false}, {"problemId": 386735, "description": "D9", "isStart": false, "isEnd": false}, {"problemId": 386735, "description": "D17", "isStart": false, "isEnd": false}, {"problemId": 386735, "description": "G8", "isStart": false, "isEnd": false}, {"problemId": 386735, "description": "F6", "isStart": true, "isEnd": false}], "data.apiId": 386735}