{"data.grade": "6A+", "data.userGrade": "6A+", "data.method": "Feet follow hands", "data.userRating": 4, "data.repeats": 11, "data.moves": [{"problemId": 311507, "description": "A5", "isStart": true, "isEnd": false}, {"problemId": 311507, "description": "E8", "isStart": false, "isEnd": false}, {"problemId": 311507, "description": "A11", "isStart": false, "isEnd": false}, {"problemId": 311507, "description": "F12", "isStart": false, "isEnd": false}, {"problemId": 311507, "description": "C14", "isStart": false, "isEnd": false}, {"problemId": 311507, "description": "D17", "isStart": false, "isEnd": false}, {"problemId": 311507, "description": "A18", "isStart": false, "isEnd": true}, {"problemId": 311507, "description": "A8", "isStart": false, "isEnd": false}], "data.apiId": 311507}