{"data.grade": "6A+", "data.userGrade": "6A+", "data.method": "Feet follow hands", "data.userRating": 5, "data.repeats": 1, "data.moves": [{"problemId": 407539, "description": "A4", "isStart": true, "isEnd": false}, {"problemId": 407539, "description": "E6", "isStart": false, "isEnd": false}, {"problemId": 407539, "description": "F8", "isStart": false, "isEnd": false}, {"problemId": 407539, "description": "J11", "isStart": false, "isEnd": false}, {"problemId": 407539, "description": "K5", "isStart": false, "isEnd": false}, {"problemId": 407539, "description": "G14", "isStart": false, "isEnd": false}, {"problemId": 407539, "description": "K16", "isStart": false, "isEnd": false}, {"problemId": 407539, "description": "J18", "isStart": false, "isEnd": true}], "data.apiId": 407539}