{"data.grade": "6A+", "data.userGrade": null, "data.method": "Feet follow hands", "data.userRating": 4, "data.repeats": 27, "data.moves": [{"problemId": 349048, "description": "H5", "isStart": true, "isEnd": false}, {"problemId": 349048, "description": "F7", "isStart": false, "isEnd": false}, {"problemId": 349048, "description": "I8", "isStart": false, "isEnd": false}, {"problemId": 349048, "description": "H11", "isStart": false, "isEnd": false}, {"problemId": 349048, "description": "H18", "isStart": false, "isEnd": true}, {"problemId": 349048, "description": "E3", "isStart": true, "isEnd": false}, {"problemId": 349048, "description": "J11", "isStart": false, "isEnd": false}, {"problemId": 349048, "description": "H14", "isStart": false, "isEnd": false}, {"problemId": 349048, "description": "J16", "isStart": false, "isEnd": false}], "data.apiId": 349048}