{"data.grade": "6A+", "data.userGrade": "6A+", "data.method": "Feet follow hands", "data.userRating": 4, "data.repeats": 57, "data.moves": [{"problemId": 431592, "description": "J4", "isStart": true, "isEnd": false}, {"problemId": 431592, "description": "H5", "isStart": true, "isEnd": false}, {"problemId": 431592, "description": "I7", "isStart": false, "isEnd": false}, {"problemId": 431592, "description": "I8", "isStart": false, "isEnd": false}, {"problemId": 431592, "description": "H10", "isStart": false, "isEnd": false}, {"problemId": 431592, "description": "J11", "isStart": false, "isEnd": false}, {"problemId": 431592, "description": "E13", "isStart": false, "isEnd": false}, {"problemId": 431592, "description": "C16", "isStart": false, "isEnd": false}, {"problemId": 431592, "description": "A18", "isStart": false, "isEnd": true}, {"problemId": 431592, "description": "B18", "isStart": false, "isEnd": true}, {"problemId": 431592, "description": "G13", "isStart": false, "isEnd": false}, {"problemId": 431592, "description": "E8", "isStart": false, "isEnd": false}, {"problemId": 431592, "description": "A12", "isStart": false, "isEnd": false}], "data.apiId": 431592}