{"data.grade": "6A+", "data.userGrade": "6A+", "data.method": "Feet follow hands", "data.userRating": 4, "data.repeats": 5, "data.moves": [{"problemId": 428661, "description": "D5", "isStart": true, "isEnd": false}, {"problemId": 428661, "description": "A5", "isStart": true, "isEnd": false}, {"problemId": 428661, "description": "F7", "isStart": false, "isEnd": false}, {"problemId": 428661, "description": "H2", "isStart": false, "isEnd": false}, {"problemId": 428661, "description": "F10", "isStart": false, "isEnd": false}, {"problemId": 428661, "description": "J11", "isStart": false, "isEnd": false}, {"problemId": 428661, "description": "H14", "isStart": false, "isEnd": false}, {"problemId": 428661, "description": "K15", "isStart": false, "isEnd": false}, {"problemId": 428661, "description": "J18", "isStart": false, "isEnd": true}], "data.apiId": 428661}