{"data.grade": "6A+", "data.userGrade": "6A+", "data.method": "Feet follow hands", "data.userRating": 4, "data.repeats": 72, "data.moves": [{"problemId": 354008, "description": "B18", "isStart": false, "isEnd": true}, {"problemId": 354008, "description": "C16", "isStart": false, "isEnd": false}, {"problemId": 354008, "description": "E13", "isStart": false, "isEnd": false}, {"problemId": 354008, "description": "D10", "isStart": false, "isEnd": false}, {"problemId": 354008, "description": "F5", "isStart": true, "isEnd": false}, {"problemId": 354008, "description": "F8", "isStart": false, "isEnd": false}], "data.apiId": 354008}