{"data.grade": "6A+", "data.userGrade": "6A+", "data.method": "Feet follow hands", "data.userRating": 4, "data.repeats": 8, "data.moves": [{"problemId": 322708, "description": "F5", "isStart": true, "isEnd": false}, {"problemId": 322708, "description": "D9", "isStart": false, "isEnd": false}, {"problemId": 322708, "description": "F10", "isStart": false, "isEnd": false}, {"problemId": 322708, "description": "D12", "isStart": false, "isEnd": false}, {"problemId": 322708, "description": "G14", "isStart": false, "isEnd": false}, {"problemId": 322708, "description": "D15", "isStart": false, "isEnd": false}, {"problemId": 322708, "description": "F18", "isStart": false, "isEnd": true}], "data.apiId": 322708}