{"data.grade": "6A+", "data.userGrade": null, "data.method": "Feet follow hands", "data.userRating": 4, "data.repeats": 12, "data.moves": [{"problemId": 368749, "description": "D15", "isStart": false, "isEnd": false}, {"problemId": 368749, "description": "C13", "isStart": false, "isEnd": false}, {"problemId": 368749, "description": "F12", "isStart": false, "isEnd": false}, {"problemId": 368749, "description": "F9", "isStart": false, "isEnd": false}, {"problemId": 368749, "description": "C10", "isStart": false, "isEnd": false}, {"problemId": 368749, "description": "D9", "isStart": false, "isEnd": false}, {"problemId": 368749, "description": "C8", "isStart": false, "isEnd": false}, {"problemId": 368749, "description": "G6", "isStart": true, "isEnd": false}, {"problemId": 368749, "description": "G7", "isStart": false, "isEnd": false}, {"problemId": 368749, "description": "E4", "isStart": true, "isEnd": false}, {"problemId": 368749, "description": "D2", "isStart": false, "isEnd": false}, {"problemId": 368749, "description": "A16", "isStart": false, "isEnd": false}, {"problemId": 368749, "description": "B18", "isStart": false, "isEnd": true}], "data.apiId": 368749}