{"data.grade": "6A+", "data.userGrade": "6A+", "data.method": "Feet follow hands", "data.userRating": 4, "data.repeats": 21, "data.moves": [{"problemId": 435612, "description": "D4", "isStart": true, "isEnd": false}, {"problemId": 435612, "description": "H10", "isStart": false, "isEnd": false}, {"problemId": 435612, "description": "J11", "isStart": false, "isEnd": false}, {"problemId": 435612, "description": "E13", "isStart": false, "isEnd": false}, {"problemId": 435612, "description": "G13", "isStart": false, "isEnd": false}, {"problemId": 435612, "description": "E16", "isStart": false, "isEnd": false}, {"problemId": 435612, "description": "H18", "isStart": false, "isEnd": true}, {"problemId": 435612, "description": "H5", "isStart": true, "isEnd": false}, {"problemId": 435612, "description": "I7", "isStart": false, "isEnd": false}, {"problemId": 435612, "description": "H2", "isStart": false, "isEnd": false}], "data.apiId": 435612}