{"data.grade": "6A+", "data.userGrade": "6A+", "data.method": "Feet follow hands", "data.userRating": 4, "data.repeats": 31, "data.moves": [{"problemId": 331729, "description": "A5", "isStart": true, "isEnd": false}, {"problemId": 331729, "description": "F5", "isStart": true, "isEnd": false}, {"problemId": 331729, "description": "D9", "isStart": false, "isEnd": false}, {"problemId": 331729, "description": "H10", "isStart": false, "isEnd": false}, {"problemId": 331729, "description": "C13", "isStart": false, "isEnd": false}, {"problemId": 331729, "description": "C16", "isStart": false, "isEnd": false}, {"problemId": 331729, "description": "B18", "isStart": false, "isEnd": true}], "data.apiId": 331729}