{"data.grade": "6A+", "data.userGrade": "6A+", "data.method": "Feet follow hands", "data.userRating": 4, "data.repeats": 92, "data.moves": [{"problemId": 373802, "description": "H5", "isStart": true, "isEnd": false}, {"problemId": 373802, "description": "K5", "isStart": true, "isEnd": false}, {"problemId": 373802, "description": "I8", "isStart": false, "isEnd": false}, {"problemId": 373802, "description": "H10", "isStart": false, "isEnd": false}, {"problemId": 373802, "description": "K13", "isStart": false, "isEnd": false}, {"problemId": 373802, "description": "G13", "isStart": false, "isEnd": false}, {"problemId": 373802, "description": "K15", "isStart": false, "isEnd": false}, {"problemId": 373802, "description": "J16", "isStart": false, "isEnd": false}, {"problemId": 373802, "description": "J18", "isStart": false, "isEnd": true}], "data.apiId": 373802}