{"data.grade": "6A+", "data.userGrade": "6A+", "data.method": "Feet follow hands", "data.userRating": 4, "data.repeats": 58, "data.moves": [{"problemId": 363305, "description": "B18", "isStart": false, "isEnd": true}, {"problemId": 363305, "description": "F18", "isStart": false, "isEnd": true}, {"problemId": 363305, "description": "C16", "isStart": false, "isEnd": false}, {"problemId": 363305, "description": "E13", "isStart": false, "isEnd": false}, {"problemId": 363305, "description": "G13", "isStart": false, "isEnd": false}, {"problemId": 363305, "description": "H10", "isStart": false, "isEnd": false}, {"problemId": 363305, "description": "J11", "isStart": false, "isEnd": false}, {"problemId": 363305, "description": "F5", "isStart": true, "isEnd": false}, {"problemId": 363305, "description": "H5", "isStart": true, "isEnd": false}, {"problemId": 363305, "description": "I8", "isStart": false, "isEnd": false}], "data.apiId": 363305}