{"data.grade": "6A+", "data.userGrade": null, "data.method": "Feet follow hands", "data.userRating": 4, "data.repeats": 16, "data.moves": [{"problemId": 379021, "description": "J6", "isStart": true, "isEnd": false}, {"problemId": 379021, "description": "H5", "isStart": true, "isEnd": false}, {"problemId": 379021, "description": "I8", "isStart": false, "isEnd": false}, {"problemId": 379021, "description": "H10", "isStart": false, "isEnd": false}, {"problemId": 379021, "description": "G13", "isStart": false, "isEnd": false}, {"problemId": 379021, "description": "E13", "isStart": false, "isEnd": false}, {"problemId": 379021, "description": "C13", "isStart": false, "isEnd": false}, {"problemId": 379021, "description": "D16", "isStart": false, "isEnd": false}, {"problemId": 379021, "description": "F18", "isStart": false, "isEnd": false}, {"problemId": 379021, "description": "H18", "isStart": false, "isEnd": true}], "data.apiId": 379021}