{"data.grade": "6A+", "data.userGrade": "6A+", "data.method": "Feet follow hands", "data.userRating": 4, "data.repeats": 27, "data.moves": [{"problemId": 394909, "description": "F5", "isStart": true, "isEnd": false}, {"problemId": 394909, "description": "I7", "isStart": false, "isEnd": false}, {"problemId": 394909, "description": "F8", "isStart": false, "isEnd": false}, {"problemId": 394909, "description": "H10", "isStart": false, "isEnd": false}, {"problemId": 394909, "description": "F12", "isStart": false, "isEnd": false}, {"problemId": 394909, "description": "G13", "isStart": false, "isEnd": false}, {"problemId": 394909, "description": "D15", "isStart": false, "isEnd": false}, {"problemId": 394909, "description": "E16", "isStart": false, "isEnd": false}, {"problemId": 394909, "description": "B18", "isStart": false, "isEnd": true}], "data.apiId": 394909}