{"data.grade": "6A+", "data.userGrade": "6A+", "data.method": "Feet follow hands", "data.userRating": 4, "data.repeats": 748, "data.moves": [{"problemId": 320913, "description": "F8", "isStart": false, "isEnd": false}, {"problemId": 320913, "description": "H10", "isStart": false, "isEnd": false}, {"problemId": 320913, "description": "E13", "isStart": false, "isEnd": false}, {"problemId": 320913, "description": "D18", "isStart": false, "isEnd": true}, {"problemId": 320913, "description": "F5", "isStart": true, "isEnd": false}, {"problemId": 320913, "description": "E16", "isStart": false, "isEnd": false}, {"problemId": 320913, "description": "C16", "isStart": false, "isEnd": false}], "data.apiId": 320913}