{"data.grade": "6A+", "data.userGrade": null, "data.method": "Feet follow hands", "data.userRating": 0, "data.repeats": 0, "data.moves": [{"problemId": 342721, "description": "H3", "isStart": true, "isEnd": false}, {"problemId": 342721, "description": "I3", "isStart": true, "isEnd": false}, {"problemId": 342721, "description": "G7", "isStart": false, "isEnd": false}, {"problemId": 342721, "description": "D7", "isStart": false, "isEnd": false}, {"problemId": 342721, "description": "B10", "isStart": false, "isEnd": false}, {"problemId": 342721, "description": "F12", "isStart": false, "isEnd": false}, {"problemId": 342721, "description": "J13", "isStart": false, "isEnd": false}, {"problemId": 342721, "description": "C16", "isStart": false, "isEnd": false}, {"problemId": 342721, "description": "A18", "isStart": false, "isEnd": true}], "data.apiId": 342721}