{"data.grade": "6A+", "data.userGrade": "6A+", "data.method": "Feet follow hands", "data.userRating": 4, "data.repeats": 57, "data.moves": [{"problemId": 326393, "description": "F4", "isStart": true, "isEnd": false}, {"problemId": 326393, "description": "J4", "isStart": true, "isEnd": false}, {"problemId": 326393, "description": "C7", "isStart": false, "isEnd": false}, {"problemId": 326393, "description": "I7", "isStart": false, "isEnd": false}, {"problemId": 326393, "description": "H10", "isStart": false, "isEnd": false}, {"problemId": 326393, "description": "H2", "isStart": false, "isEnd": false}, {"problemId": 326393, "description": "G13", "isStart": false, "isEnd": false}, {"problemId": 326393, "description": "D15", "isStart": false, "isEnd": false}, {"problemId": 326393, "description": "E14", "isStart": false, "isEnd": false}, {"problemId": 326393, "description": "D18", "isStart": false, "isEnd": true}, {"problemId": 326393, "description": "J6", "isStart": false, "isEnd": false}], "data.apiId": 326393}