{"data.grade": "6A+", "data.userGrade": null, "data.method": "Feet follow hands", "data.userRating": 4, "data.repeats": 22, "data.moves": [{"problemId": 358624, "description": "C4", "isStart": true, "isEnd": false}, {"problemId": 358624, "description": "B4", "isStart": true, "isEnd": false}, {"problemId": 358624, "description": "A5", "isStart": false, "isEnd": false}, {"problemId": 358624, "description": "C7", "isStart": false, "isEnd": false}, {"problemId": 358624, "description": "B8", "isStart": false, "isEnd": false}, {"problemId": 358624, "description": "C10", "isStart": false, "isEnd": false}, {"problemId": 358624, "description": "A11", "isStart": false, "isEnd": false}, {"problemId": 358624, "description": "B13", "isStart": false, "isEnd": false}, {"problemId": 358624, "description": "D15", "isStart": false, "isEnd": false}, {"problemId": 358624, "description": "C16", "isStart": false, "isEnd": false}, {"problemId": 358624, "description": "D18", "isStart": false, "isEnd": true}], "data.apiId": 358624}