{"data.grade": "6A+", "data.userGrade": "6A+", "data.method": "Feet follow hands", "data.userRating": 4, "data.repeats": 36, "data.moves": [{"problemId": 386860, "description": "F4", "isStart": true, "isEnd": false}, {"problemId": 386860, "description": "G4", "isStart": true, "isEnd": false}, {"problemId": 386860, "description": "E6", "isStart": false, "isEnd": false}, {"problemId": 386860, "description": "F7", "isStart": false, "isEnd": false}, {"problemId": 386860, "description": "D9", "isStart": false, "isEnd": false}, {"problemId": 386860, "description": "G10", "isStart": false, "isEnd": false}, {"problemId": 386860, "description": "F12", "isStart": false, "isEnd": false}, {"problemId": 386860, "description": "D15", "isStart": false, "isEnd": false}, {"problemId": 386860, "description": "G14", "isStart": false, "isEnd": false}, {"problemId": 386860, "description": "F18", "isStart": false, "isEnd": true}], "data.apiId": 386860}