{"data.grade": "6A+", "data.userGrade": null, "data.method": "Feet follow hands", "data.userRating": 4, "data.repeats": 2, "data.moves": [{"problemId": 329237, "description": "C2", "isStart": true, "isEnd": false}, {"problemId": 329237, "description": "A5", "isStart": true, "isEnd": false}, {"problemId": 329237, "description": "E6", "isStart": false, "isEnd": false}, {"problemId": 329237, "description": "B8", "isStart": false, "isEnd": false}, {"problemId": 329237, "description": "E11", "isStart": false, "isEnd": false}, {"problemId": 329237, "description": "B12", "isStart": false, "isEnd": false}, {"problemId": 329237, "description": "D15", "isStart": false, "isEnd": false}, {"problemId": 329237, "description": "B18", "isStart": false, "isEnd": true}], "data.apiId": 329237}