{"data.grade": "6A+", "data.userGrade": null, "data.method": "Feet follow hands", "data.userRating": 4, "data.repeats": 5, "data.moves": [{"problemId": 357639, "description": "F5", "isStart": true, "isEnd": false}, {"problemId": 357639, "description": "B3", "isStart": true, "isEnd": false}, {"problemId": 357639, "description": "J4", "isStart": false, "isEnd": false}, {"problemId": 357639, "description": "F8", "isStart": false, "isEnd": false}, {"problemId": 357639, "description": "G10", "isStart": false, "isEnd": false}, {"problemId": 357639, "description": "D11", "isStart": false, "isEnd": false}, {"problemId": 357639, "description": "C13", "isStart": false, "isEnd": false}, {"problemId": 357639, "description": "E14", "isStart": false, "isEnd": false}, {"problemId": 357639, "description": "C16", "isStart": false, "isEnd": false}, {"problemId": 357639, "description": "F17", "isStart": false, "isEnd": false}, {"problemId": 357639, "description": "F18", "isStart": false, "isEnd": true}], "data.apiId": 357639}