{"data.grade": "6A+", "data.userGrade": "6A+", "data.method": "Feet follow hands", "data.userRating": 4, "data.repeats": 23, "data.moves": [{"problemId": 405202, "description": "A4", "isStart": true, "isEnd": false}, {"problemId": 405202, "description": "E6", "isStart": true, "isEnd": false}, {"problemId": 405202, "description": "C7", "isStart": false, "isEnd": false}, {"problemId": 405202, "description": "B8", "isStart": false, "isEnd": false}, {"problemId": 405202, "description": "C10", "isStart": false, "isEnd": false}, {"problemId": 405202, "description": "A11", "isStart": false, "isEnd": false}, {"problemId": 405202, "description": "C13", "isStart": false, "isEnd": false}, {"problemId": 405202, "description": "D15", "isStart": false, "isEnd": false}, {"problemId": 405202, "description": "A16", "isStart": false, "isEnd": false}, {"problemId": 405202, "description": "A18", "isStart": false, "isEnd": true}], "data.apiId": 405202}