{"data.grade": "6A+", "data.userGrade": "6A+", "data.method": "Feet follow hands", "data.userRating": 4, "data.repeats": 31, "data.moves": [{"problemId": 416033, "description": "D2", "isStart": true, "isEnd": false}, {"problemId": 416033, "description": "D4", "isStart": true, "isEnd": false}, {"problemId": 416033, "description": "F8", "isStart": false, "isEnd": false}, {"problemId": 416033, "description": "D10", "isStart": false, "isEnd": false}, {"problemId": 416033, "description": "E13", "isStart": false, "isEnd": false}, {"problemId": 416033, "description": "A14", "isStart": false, "isEnd": false}, {"problemId": 416033, "description": "B18", "isStart": false, "isEnd": true}], "data.apiId": 416033}