{"data.grade": "6A+", "data.userGrade": null, "data.method": "Feet follow hands", "data.userRating": 4, "data.repeats": 11, "data.moves": [{"problemId": 350621, "description": "A5", "isStart": true, "isEnd": false}, {"problemId": 350621, "description": "C4", "isStart": true, "isEnd": false}, {"problemId": 350621, "description": "A8", "isStart": false, "isEnd": false}, {"problemId": 350621, "description": "A11", "isStart": false, "isEnd": false}, {"problemId": 350621, "description": "A16", "isStart": false, "isEnd": false}, {"problemId": 350621, "description": "A18", "isStart": false, "isEnd": true}, {"problemId": 350621, "description": "C10", "isStart": false, "isEnd": false}, {"problemId": 350621, "description": "C13", "isStart": false, "isEnd": false}], "data.apiId": 350621}