{"data.grade": "6A+", "data.userGrade": null, "data.method": "Feet follow hands", "data.userRating": 4, "data.repeats": 11, "data.moves": [{"problemId": 368598, "description": "B18", "isStart": false, "isEnd": true}, {"problemId": 368598, "description": "D5", "isStart": true, "isEnd": false}, {"problemId": 368598, "description": "E8", "isStart": false, "isEnd": false}, {"problemId": 368598, "description": "D9", "isStart": false, "isEnd": false}, {"problemId": 368598, "description": "E11", "isStart": false, "isEnd": false}, {"problemId": 368598, "description": "D12", "isStart": false, "isEnd": false}, {"problemId": 368598, "description": "F13", "isStart": false, "isEnd": false}, {"problemId": 368598, "description": "D15", "isStart": false, "isEnd": false}, {"problemId": 368598, "description": "D17", "isStart": false, "isEnd": false}, {"problemId": 368598, "description": "F4", "isStart": true, "isEnd": false}], "data.apiId": 368598}