{"data.grade": "6A+", "data.userGrade": null, "data.method": "Feet follow hands", "data.userRating": 3, "data.repeats": 2, "data.moves": [{"problemId": 350198, "description": "A6", "isStart": true, "isEnd": false}, {"problemId": 350198, "description": "F2", "isStart": true, "isEnd": false}, {"problemId": 350198, "description": "F8", "isStart": false, "isEnd": false}, {"problemId": 350198, "description": "F9", "isStart": false, "isEnd": false}, {"problemId": 350198, "description": "J11", "isStart": false, "isEnd": false}, {"problemId": 350198, "description": "E13", "isStart": false, "isEnd": false}, {"problemId": 350198, "description": "E18", "isStart": false, "isEnd": true}], "data.apiId": 350198}