{"data.grade": "6A+", "data.userGrade": "6A+", "data.method": "Footless + kickboard", "data.userRating": 4, "data.repeats": 236, "data.moves": [{"problemId": 319291, "description": "G6", "isStart": true, "isEnd": false}, {"problemId": 319291, "description": "J6", "isStart": true, "isEnd": false}, {"problemId": 319291, "description": "J7", "isStart": false, "isEnd": false}, {"problemId": 319291, "description": "I8", "isStart": false, "isEnd": false}, {"problemId": 319291, "description": "H10", "isStart": false, "isEnd": false}, {"problemId": 319291, "description": "G13", "isStart": false, "isEnd": false}, {"problemId": 319291, "description": "K13", "isStart": false, "isEnd": false}, {"problemId": 319291, "description": "K15", "isStart": false, "isEnd": false}, {"problemId": 319291, "description": "G16", "isStart": false, "isEnd": false}, {"problemId": 319291, "description": "H18", "isStart": false, "isEnd": true}], "data.apiId": 319291}