{"data.grade": "6A+", "data.userGrade": "6A+", "data.method": "Feet follow hands", "data.userRating": 4, "data.repeats": 4, "data.moves": [{"problemId": 316609, "description": "I3", "isStart": true, "isEnd": false}, {"problemId": 316609, "description": "G2", "isStart": true, "isEnd": false}, {"problemId": 316609, "description": "E7", "isStart": false, "isEnd": false}, {"problemId": 316609, "description": "I10", "isStart": false, "isEnd": false}, {"problemId": 316609, "description": "K6", "isStart": false, "isEnd": false}, {"problemId": 316609, "description": "J16", "isStart": false, "isEnd": false}, {"problemId": 316609, "description": "J14", "isStart": false, "isEnd": false}, {"problemId": 316609, "description": "G12", "isStart": false, "isEnd": false}, {"problemId": 316609, "description": "J17", "isStart": false, "isEnd": false}, {"problemId": 316609, "description": "F17", "isStart": false, "isEnd": false}, {"problemId": 316609, "description": "E17", "isStart": false, "isEnd": false}, {"problemId": 316609, "description": "B18", "isStart": false, "isEnd": true}, {"problemId": 316609, "description": "C11", "isStart": false, "isEnd": false}], "data.apiId": 316609}