{"data.grade": "6A+", "data.userGrade": "6A+", "data.method": "Feet follow hands + screw ons", "data.userRating": 3, "data.repeats": 15, "data.moves": [{"problemId": 328510, "description": "F5", "isStart": true, "isEnd": false}, {"problemId": 328510, "description": "H5", "isStart": true, "isEnd": false}, {"problemId": 328510, "description": "K1", "isStart": false, "isEnd": false}, {"problemId": 328510, "description": "F8", "isStart": false, "isEnd": false}, {"problemId": 328510, "description": "I7", "isStart": false, "isEnd": false}, {"problemId": 328510, "description": "H10", "isStart": false, "isEnd": false}, {"problemId": 328510, "description": "F12", "isStart": false, "isEnd": false}, {"problemId": 328510, "description": "E13", "isStart": false, "isEnd": false}, {"problemId": 328510, "description": "D2", "isStart": false, "isEnd": false}, {"problemId": 328510, "description": "C10", "isStart": false, "isEnd": false}, {"problemId": 328510, "description": "C16", "isStart": false, "isEnd": false}, {"problemId": 328510, "description": "B18", "isStart": false, "isEnd": true}, {"problemId": 328510, "description": "E16", "isStart": false, "isEnd": false}, {"problemId": 328510, "description": "A12", "isStart": false, "isEnd": false}], "data.apiId": 328510}