{"data.grade": "6A+", "data.userGrade": null, "data.method": "Feet follow hands", "data.userRating": 4, "data.repeats": 4, "data.moves": [{"problemId": 382637, "description": "H5", "isStart": true, "isEnd": false}, {"problemId": 382637, "description": "K5", "isStart": true, "isEnd": false}, {"problemId": 382637, "description": "I8", "isStart": false, "isEnd": false}, {"problemId": 382637, "description": "J11", "isStart": false, "isEnd": false}, {"problemId": 382637, "description": "F12", "isStart": false, "isEnd": false}, {"problemId": 382637, "description": "J16", "isStart": false, "isEnd": false}, {"problemId": 382637, "description": "H18", "isStart": false, "isEnd": true}], "data.apiId": 382637}