{"data.grade": "6A+", "data.userGrade": "6A+", "data.method": "Feet follow hands", "data.userRating": 3, "data.repeats": 66, "data.moves": [{"problemId": 412764, "description": "F5", "isStart": true, "isEnd": false}, {"problemId": 412764, "description": "E6", "isStart": true, "isEnd": false}, {"problemId": 412764, "description": "F8", "isStart": false, "isEnd": false}, {"problemId": 412764, "description": "D10", "isStart": false, "isEnd": false}, {"problemId": 412764, "description": "F12", "isStart": false, "isEnd": false}, {"problemId": 412764, "description": "E13", "isStart": false, "isEnd": false}, {"problemId": 412764, "description": "C16", "isStart": false, "isEnd": false}, {"problemId": 412764, "description": "F18", "isStart": false, "isEnd": true}, {"problemId": 412764, "description": "C14", "isStart": false, "isEnd": false}, {"problemId": 412764, "description": "E17", "isStart": false, "isEnd": false}], "data.apiId": 412764}