{"data.grade": "6A+", "data.userGrade": "6A+", "data.method": "Feet follow hands + screw ons", "data.userRating": 4, "data.repeats": 16, "data.moves": [{"problemId": 358865, "description": "H5", "isStart": true, "isEnd": false}, {"problemId": 358865, "description": "F5", "isStart": true, "isEnd": false}, {"problemId": 358865, "description": "F8", "isStart": false, "isEnd": false}, {"problemId": 358865, "description": "I7", "isStart": false, "isEnd": false}, {"problemId": 358865, "description": "D2", "isStart": false, "isEnd": false}, {"problemId": 358865, "description": "H10", "isStart": false, "isEnd": false}, {"problemId": 358865, "description": "F12", "isStart": false, "isEnd": false}, {"problemId": 358865, "description": "G13", "isStart": false, "isEnd": false}, {"problemId": 358865, "description": "E13", "isStart": false, "isEnd": false}, {"problemId": 358865, "description": "B18", "isStart": false, "isEnd": true}, {"problemId": 358865, "description": "C16", "isStart": false, "isEnd": false}], "data.apiId": 358865}