{"data.grade": "6A+", "data.userGrade": null, "data.method": "Feet follow hands", "data.userRating": 4, "data.repeats": 23, "data.moves": [{"problemId": 393656, "description": "A5", "isStart": true, "isEnd": false}, {"problemId": 393656, "description": "C7", "isStart": false, "isEnd": false}, {"problemId": 393656, "description": "D9", "isStart": false, "isEnd": false}, {"problemId": 393656, "description": "G10", "isStart": false, "isEnd": false}, {"problemId": 393656, "description": "E13", "isStart": false, "isEnd": false}, {"problemId": 393656, "description": "F18", "isStart": false, "isEnd": true}, {"problemId": 393656, "description": "F5", "isStart": false, "isEnd": false}], "data.apiId": 393656}