{"data.grade": "6A+", "data.userGrade": "6A+", "data.method": "Feet follow hands + screw ons", "data.userRating": 4, "data.repeats": 3, "data.moves": [{"problemId": 445951, "description": "A5", "isStart": true, "isEnd": false}, {"problemId": 445951, "description": "F5", "isStart": true, "isEnd": false}, {"problemId": 445951, "description": "F8", "isStart": false, "isEnd": false}, {"problemId": 445951, "description": "I8", "isStart": false, "isEnd": false}, {"problemId": 445951, "description": "H10", "isStart": false, "isEnd": false}, {"problemId": 445951, "description": "G13", "isStart": false, "isEnd": false}, {"problemId": 445951, "description": "J13", "isStart": false, "isEnd": false}, {"problemId": 445951, "description": "J16", "isStart": false, "isEnd": false}, {"problemId": 445951, "description": "H18", "isStart": false, "isEnd": true}, {"problemId": 445951, "description": "J18", "isStart": false, "isEnd": true}], "data.apiId": 445951}