{"data.grade": "6A+", "data.userGrade": "6A+", "data.method": "Feet follow hands", "data.userRating": 4, "data.repeats": 32, "data.moves": [{"problemId": 347332, "description": "F5", "isStart": true, "isEnd": false}, {"problemId": 347332, "description": "F18", "isStart": false, "isEnd": true}, {"problemId": 347332, "description": "C7", "isStart": false, "isEnd": false}, {"problemId": 347332, "description": "F8", "isStart": false, "isEnd": false}, {"problemId": 347332, "description": "C10", "isStart": false, "isEnd": false}, {"problemId": 347332, "description": "E11", "isStart": false, "isEnd": false}, {"problemId": 347332, "description": "E13", "isStart": false, "isEnd": false}, {"problemId": 347332, "description": "C16", "isStart": false, "isEnd": false}], "data.apiId": 347332}