{"data.grade": "6A+", "data.userGrade": "6A+", "data.method": "Feet follow hands", "data.userRating": 3, "data.repeats": 2, "data.moves": [{"problemId": 434940, "description": "B18", "isStart": false, "isEnd": true}, {"problemId": 434940, "description": "I3", "isStart": true, "isEnd": false}, {"problemId": 434940, "description": "J2", "isStart": true, "isEnd": false}, {"problemId": 434940, "description": "K6", "isStart": false, "isEnd": false}, {"problemId": 434940, "description": "I7", "isStart": false, "isEnd": false}, {"problemId": 434940, "description": "J9", "isStart": false, "isEnd": false}, {"problemId": 434940, "description": "F9", "isStart": false, "isEnd": false}, {"problemId": 434940, "description": "H12", "isStart": false, "isEnd": false}, {"problemId": 434940, "description": "J11", "isStart": false, "isEnd": false}, {"problemId": 434940, "description": "E13", "isStart": false, "isEnd": false}, {"problemId": 434940, "description": "F15", "isStart": false, "isEnd": false}, {"problemId": 434940, "description": "E17", "isStart": false, "isEnd": false}, {"problemId": 434940, "description": "A14", "isStart": false, "isEnd": false}, {"problemId": 434940, "description": "A17", "isStart": false, "isEnd": false}], "data.apiId": 434940}