{"data.grade": "6A+", "data.userGrade": "6A+", "data.method": "Feet follow hands", "data.userRating": 4, "data.repeats": 2, "data.moves": [{"problemId": 425566, "description": "C4", "isStart": true, "isEnd": false}, {"problemId": 425566, "description": "E8", "isStart": false, "isEnd": false}, {"problemId": 425566, "description": "D9", "isStart": false, "isEnd": false}, {"problemId": 425566, "description": "H10", "isStart": false, "isEnd": false}, {"problemId": 425566, "description": "H13", "isStart": false, "isEnd": false}, {"problemId": 425566, "description": "I14", "isStart": false, "isEnd": false}, {"problemId": 425566, "description": "F16", "isStart": false, "isEnd": false}, {"problemId": 425566, "description": "F18", "isStart": false, "isEnd": true}], "data.apiId": 425566}