{"data.grade": "6A+", "data.userGrade": "6A+", "data.method": "Feet follow hands", "data.userRating": 4, "data.repeats": 37, "data.moves": [{"problemId": 336948, "description": "F5", "isStart": true, "isEnd": false}, {"problemId": 336948, "description": "H5", "isStart": true, "isEnd": false}, {"problemId": 336948, "description": "F8", "isStart": false, "isEnd": false}, {"problemId": 336948, "description": "E2", "isStart": false, "isEnd": false}, {"problemId": 336948, "description": "I8", "isStart": false, "isEnd": false}, {"problemId": 336948, "description": "H10", "isStart": false, "isEnd": false}, {"problemId": 336948, "description": "F12", "isStart": false, "isEnd": false}, {"problemId": 336948, "description": "D15", "isStart": false, "isEnd": false}, {"problemId": 336948, "description": "C16", "isStart": false, "isEnd": false}, {"problemId": 336948, "description": "B18", "isStart": false, "isEnd": true}, {"problemId": 336948, "description": "A11", "isStart": false, "isEnd": false}, {"problemId": 336948, "description": "E13", "isStart": false, "isEnd": false}, {"problemId": 336948, "description": "J2", "isStart": false, "isEnd": false}], "data.apiId": 336948}