{"data.grade": "6A+", "data.userGrade": null, "data.method": "Feet follow hands", "data.userRating": 4, "data.repeats": 7, "data.moves": [{"problemId": 334030, "description": "H5", "isStart": true, "isEnd": false}, {"problemId": 334030, "description": "D9", "isStart": false, "isEnd": false}, {"problemId": 334030, "description": "G13", "isStart": false, "isEnd": false}, {"problemId": 334030, "description": "C13", "isStart": false, "isEnd": false}, {"problemId": 334030, "description": "E16", "isStart": false, "isEnd": false}, {"problemId": 334030, "description": "B18", "isStart": false, "isEnd": true}, {"problemId": 334030, "description": "E3", "isStart": true, "isEnd": false}], "data.apiId": 334030}