{"data.grade": "6A+", "data.userGrade": "6A+", "data.method": "Feet follow hands", "data.userRating": 4, "data.repeats": 10, "data.moves": [{"problemId": 423438, "description": "F6", "isStart": true, "isEnd": false}, {"problemId": 423438, "description": "H5", "isStart": true, "isEnd": false}, {"problemId": 423438, "description": "I8", "isStart": false, "isEnd": false}, {"problemId": 423438, "description": "H10", "isStart": false, "isEnd": false}, {"problemId": 423438, "description": "G11", "isStart": false, "isEnd": false}, {"problemId": 423438, "description": "J11", "isStart": false, "isEnd": false}, {"problemId": 423438, "description": "I14", "isStart": false, "isEnd": false}, {"problemId": 423438, "description": "G14", "isStart": false, "isEnd": false}, {"problemId": 423438, "description": "I15", "isStart": false, "isEnd": false}, {"problemId": 423438, "description": "J16", "isStart": false, "isEnd": false}, {"problemId": 423438, "description": "G16", "isStart": false, "isEnd": false}, {"problemId": 423438, "description": "H18", "isStart": false, "isEnd": true}, {"problemId": 423438, "description": "F8", "isStart": false, "isEnd": false}, {"problemId": 423438, "description": "H4", "isStart": false, "isEnd": false}], "data.apiId": 423438}