{"data.grade": "6A+", "data.userGrade": "6A+", "data.method": "Feet follow hands", "data.userRating": 3, "data.repeats": 10, "data.moves": [{"problemId": 313504, "description": "H5", "isStart": true, "isEnd": false}, {"problemId": 313504, "description": "F6", "isStart": true, "isEnd": false}, {"problemId": 313504, "description": "F8", "isStart": false, "isEnd": false}, {"problemId": 313504, "description": "I7", "isStart": false, "isEnd": false}, {"problemId": 313504, "description": "H10", "isStart": false, "isEnd": false}, {"problemId": 313504, "description": "J11", "isStart": false, "isEnd": false}, {"problemId": 313504, "description": "F12", "isStart": false, "isEnd": false}, {"problemId": 313504, "description": "G13", "isStart": false, "isEnd": false}, {"problemId": 313504, "description": "E13", "isStart": false, "isEnd": false}, {"problemId": 313504, "description": "D15", "isStart": false, "isEnd": false}, {"problemId": 313504, "description": "C16", "isStart": false, "isEnd": false}, {"problemId": 313504, "description": "B18", "isStart": false, "isEnd": true}, {"problemId": 313504, "description": "G11", "isStart": false, "isEnd": false}, {"problemId": 313504, "description": "F15", "isStart": false, "isEnd": false}], "data.apiId": 313504}