{"data.grade": "6A+", "data.userGrade": null, "data.method": "Feet follow hands", "data.userRating": 4, "data.repeats": 1, "data.moves": [{"problemId": 337583, "description": "E1", "isStart": false, "isEnd": false}, {"problemId": 337583, "description": "H1", "isStart": false, "isEnd": false}, {"problemId": 337583, "description": "F4", "isStart": true, "isEnd": false}, {"problemId": 337583, "description": "G4", "isStart": true, "isEnd": false}, {"problemId": 337583, "description": "F6", "isStart": false, "isEnd": false}, {"problemId": 337583, "description": "I7", "isStart": false, "isEnd": false}, {"problemId": 337583, "description": "G10", "isStart": false, "isEnd": false}, {"problemId": 337583, "description": "D12", "isStart": false, "isEnd": false}, {"problemId": 337583, "description": "F12", "isStart": false, "isEnd": false}, {"problemId": 337583, "description": "D15", "isStart": false, "isEnd": false}, {"problemId": 337583, "description": "B15", "isStart": false, "isEnd": false}, {"problemId": 337583, "description": "D18", "isStart": false, "isEnd": true}, {"problemId": 337583, "description": "F18", "isStart": false, "isEnd": true}], "data.apiId": 337583}