{"data.grade": "6A+", "data.userGrade": null, "data.method": "Feet follow hands + screw ons", "data.userRating": 0, "data.repeats": 0, "data.moves": [{"problemId": 406667, "description": "G8", "isStart": false, "isEnd": false}, {"problemId": 406667, "description": "C16", "isStart": false, "isEnd": false}, {"problemId": 406667, "description": "B13", "isStart": false, "isEnd": false}, {"problemId": 406667, "description": "D10", "isStart": false, "isEnd": false}, {"problemId": 406667, "description": "B8", "isStart": false, "isEnd": false}, {"problemId": 406667, "description": "F7", "isStart": false, "isEnd": false}, {"problemId": 406667, "description": "D5", "isStart": true, "isEnd": false}, {"problemId": 406667, "description": "I14", "isStart": false, "isEnd": false}, {"problemId": 406667, "description": "G16", "isStart": false, "isEnd": false}, {"problemId": 406667, "description": "H18", "isStart": false, "isEnd": true}, {"problemId": 406667, "description": "D18", "isStart": false, "isEnd": true}, {"problemId": 406667, "description": "J10", "isStart": false, "isEnd": false}, {"problemId": 406667, "description": "K13", "isStart": false, "isEnd": false}, {"problemId": 406667, "description": "K9", "isStart": false, "isEnd": false}], "data.apiId": 406667}