{"data.grade": "6A+", "data.userGrade": "6A+", "data.method": "Feet follow hands", "data.userRating": 3, "data.repeats": 1, "data.moves": [{"problemId": 451994, "description": "A5", "isStart": true, "isEnd": false}, {"problemId": 451994, "description": "C4", "isStart": true, "isEnd": false}, {"problemId": 451994, "description": "E8", "isStart": false, "isEnd": false}, {"problemId": 451994, "description": "D9", "isStart": false, "isEnd": false}, {"problemId": 451994, "description": "G10", "isStart": false, "isEnd": false}, {"problemId": 451994, "description": "H10", "isStart": false, "isEnd": false}, {"problemId": 451994, "description": "K13", "isStart": false, "isEnd": false}, {"problemId": 451994, "description": "I16", "isStart": false, "isEnd": false}, {"problemId": 451994, "description": "H18", "isStart": false, "isEnd": true}], "data.apiId": 451994}