{"data.grade": "6A+", "data.userGrade": "6A+", "data.method": "Footless + kickboard", "data.userRating": 3, "data.repeats": 13, "data.moves": [{"problemId": 452871, "description": "G6", "isStart": true, "isEnd": false}, {"problemId": 452871, "description": "J6", "isStart": true, "isEnd": false}, {"problemId": 452871, "description": "I8", "isStart": false, "isEnd": false}, {"problemId": 452871, "description": "H10", "isStart": false, "isEnd": false}, {"problemId": 452871, "description": "F12", "isStart": false, "isEnd": false}, {"problemId": 452871, "description": "D15", "isStart": false, "isEnd": false}, {"problemId": 452871, "description": "F18", "isStart": false, "isEnd": true}, {"problemId": 452871, "description": "F13", "isStart": false, "isEnd": false}], "data.apiId": 452871}