{"data.grade": "6A+", "data.userGrade": null, "data.method": "Feet follow hands", "data.userRating": 0, "data.repeats": 0, "data.moves": [{"problemId": 426490, "description": "I3", "isStart": true, "isEnd": false}, {"problemId": 426490, "description": "K4", "isStart": true, "isEnd": false}, {"problemId": 426490, "description": "G7", "isStart": false, "isEnd": false}, {"problemId": 426490, "description": "I8", "isStart": false, "isEnd": false}, {"problemId": 426490, "description": "H10", "isStart": false, "isEnd": false}, {"problemId": 426490, "description": "J11", "isStart": false, "isEnd": false}, {"problemId": 426490, "description": "I15", "isStart": false, "isEnd": false}, {"problemId": 426490, "description": "H18", "isStart": false, "isEnd": true}, {"problemId": 426490, "description": "C15", "isStart": false, "isEnd": false}], "data.apiId": 426490}