{"data.grade": "6A+", "data.userGrade": "6A+", "data.method": "Footless + kickboard", "data.userRating": 4, "data.repeats": 65, "data.moves": [{"problemId": 414157, "description": "F5", "isStart": true, "isEnd": false}, {"problemId": 414157, "description": "H5", "isStart": true, "isEnd": false}, {"problemId": 414157, "description": "I8", "isStart": false, "isEnd": false}, {"problemId": 414157, "description": "H8", "isStart": false, "isEnd": false}, {"problemId": 414157, "description": "H10", "isStart": false, "isEnd": false}, {"problemId": 414157, "description": "F12", "isStart": false, "isEnd": false}, {"problemId": 414157, "description": "C16", "isStart": false, "isEnd": false}, {"problemId": 414157, "description": "E16", "isStart": false, "isEnd": false}, {"problemId": 414157, "description": "E13", "isStart": false, "isEnd": false}, {"problemId": 414157, "description": "A18", "isStart": false, "isEnd": true}, {"problemId": 414157, "description": "B18", "isStart": false, "isEnd": true}], "data.apiId": 414157}