{"data.grade": "6A+", "data.userGrade": "6A+", "data.method": "Feet follow hands", "data.userRating": 4, "data.repeats": 35, "data.moves": [{"problemId": 362356, "description": "C7", "isStart": false, "isEnd": false}, {"problemId": 362356, "description": "F5", "isStart": true, "isEnd": false}, {"problemId": 362356, "description": "D9", "isStart": false, "isEnd": false}, {"problemId": 362356, "description": "E4", "isStart": true, "isEnd": false}, {"problemId": 362356, "description": "H10", "isStart": false, "isEnd": false}, {"problemId": 362356, "description": "I5", "isStart": false, "isEnd": false}, {"problemId": 362356, "description": "E13", "isStart": false, "isEnd": false}, {"problemId": 362356, "description": "C16", "isStart": false, "isEnd": false}, {"problemId": 362356, "description": "B18", "isStart": false, "isEnd": true}], "data.apiId": 362356}