{"data.grade": "6A+", "data.userGrade": null, "data.method": "Feet follow hands", "data.userRating": 3, "data.repeats": 5, "data.moves": [{"problemId": 341026, "description": "H5", "isStart": true, "isEnd": false}, {"problemId": 341026, "description": "I8", "isStart": false, "isEnd": false}, {"problemId": 341026, "description": "H10", "isStart": false, "isEnd": false}, {"problemId": 341026, "description": "H12", "isStart": false, "isEnd": false}, {"problemId": 341026, "description": "I13", "isStart": false, "isEnd": false}, {"problemId": 341026, "description": "J14", "isStart": false, "isEnd": false}, {"problemId": 341026, "description": "I15", "isStart": false, "isEnd": false}, {"problemId": 341026, "description": "J16", "isStart": false, "isEnd": false}, {"problemId": 341026, "description": "J17", "isStart": false, "isEnd": false}, {"problemId": 341026, "description": "J18", "isStart": false, "isEnd": true}], "data.apiId": 341026}