{"data.grade": "6A+", "data.userGrade": "6A+", "data.method": "Feet follow hands", "data.userRating": 4, "data.repeats": 31, "data.moves": [{"problemId": 376468, "description": "H5", "isStart": true, "isEnd": false}, {"problemId": 376468, "description": "I7", "isStart": false, "isEnd": false}, {"problemId": 376468, "description": "F8", "isStart": false, "isEnd": false}, {"problemId": 376468, "description": "H10", "isStart": false, "isEnd": false}, {"problemId": 376468, "description": "E13", "isStart": false, "isEnd": false}, {"problemId": 376468, "description": "E16", "isStart": false, "isEnd": false}, {"problemId": 376468, "description": "F18", "isStart": false, "isEnd": true}], "data.apiId": 376468}