{"data.grade": "6A+", "data.userGrade": null, "data.method": "Feet follow hands + screw ons", "data.userRating": 4, "data.repeats": 12, "data.moves": [{"problemId": 350681, "description": "F4", "isStart": true, "isEnd": false}, {"problemId": 350681, "description": "D4", "isStart": true, "isEnd": false}, {"problemId": 350681, "description": "F8", "isStart": false, "isEnd": false}, {"problemId": 350681, "description": "D9", "isStart": false, "isEnd": false}, {"problemId": 350681, "description": "F12", "isStart": false, "isEnd": false}, {"problemId": 350681, "description": "G9", "isStart": false, "isEnd": false}, {"problemId": 350681, "description": "C14", "isStart": false, "isEnd": false}, {"problemId": 350681, "description": "C16", "isStart": false, "isEnd": false}, {"problemId": 350681, "description": "B18", "isStart": false, "isEnd": true}, {"problemId": 350681, "description": "A18", "isStart": false, "isEnd": true}], "data.apiId": 350681}