{"data.grade": "6A+", "data.userGrade": null, "data.method": "Feet follow hands", "data.userRating": 4, "data.repeats": 7, "data.moves": [{"problemId": 379960, "description": "A5", "isStart": true, "isEnd": false}, {"problemId": 379960, "description": "E3", "isStart": true, "isEnd": false}, {"problemId": 379960, "description": "E6", "isStart": false, "isEnd": false}, {"problemId": 379960, "description": "E7", "isStart": false, "isEnd": false}, {"problemId": 379960, "description": "F8", "isStart": false, "isEnd": false}, {"problemId": 379960, "description": "E11", "isStart": false, "isEnd": false}, {"problemId": 379960, "description": "G13", "isStart": false, "isEnd": false}, {"problemId": 379960, "description": "G16", "isStart": false, "isEnd": false}, {"problemId": 379960, "description": "J18", "isStart": false, "isEnd": true}], "data.apiId": 379960}