{"data.grade": "6A+", "data.userGrade": "6A+", "data.method": "Feet follow hands", "data.userRating": 4, "data.repeats": 22, "data.moves": [{"problemId": 360020, "description": "F7", "isStart": false, "isEnd": false}, {"problemId": 360020, "description": "F12", "isStart": false, "isEnd": false}, {"problemId": 360020, "description": "C10", "isStart": false, "isEnd": false}, {"problemId": 360020, "description": "E14", "isStart": false, "isEnd": false}, {"problemId": 360020, "description": "D18", "isStart": false, "isEnd": true}, {"problemId": 360020, "description": "A18", "isStart": false, "isEnd": true}, {"problemId": 360020, "description": "D5", "isStart": true, "isEnd": false}, {"problemId": 360020, "description": "G3", "isStart": true, "isEnd": false}, {"problemId": 360020, "description": "A16", "isStart": false, "isEnd": false}, {"problemId": 360020, "description": "C13", "isStart": false, "isEnd": false}], "data.apiId": 360020}