{"data.grade": "6A+", "data.userGrade": "6A+", "data.method": "Feet follow hands", "data.userRating": 4, "data.repeats": 22, "data.moves": [{"problemId": 317507, "description": "D4", "isStart": true, "isEnd": false}, {"problemId": 317507, "description": "H5", "isStart": true, "isEnd": false}, {"problemId": 317507, "description": "I7", "isStart": false, "isEnd": false}, {"problemId": 317507, "description": "H10", "isStart": false, "isEnd": false}, {"problemId": 317507, "description": "G13", "isStart": false, "isEnd": false}, {"problemId": 317507, "description": "F8", "isStart": false, "isEnd": false}, {"problemId": 317507, "description": "E13", "isStart": false, "isEnd": false}, {"problemId": 317507, "description": "C16", "isStart": false, "isEnd": false}, {"problemId": 317507, "description": "F18", "isStart": false, "isEnd": true}, {"problemId": 317507, "description": "D18", "isStart": false, "isEnd": true}, {"problemId": 317507, "description": "K4", "isStart": false, "isEnd": false}, {"problemId": 317507, "description": "C10", "isStart": false, "isEnd": false}, {"problemId": 317507, "description": "F12", "isStart": false, "isEnd": false}], "data.apiId": 317507}