{"data.grade": "6A+", "data.userGrade": "6A+", "data.method": "Feet follow hands", "data.userRating": 4, "data.repeats": 13, "data.moves": [{"problemId": 417602, "description": "F8", "isStart": false, "isEnd": false}, {"problemId": 417602, "description": "H10", "isStart": false, "isEnd": false}, {"problemId": 417602, "description": "C13", "isStart": false, "isEnd": false}, {"problemId": 417602, "description": "H5", "isStart": true, "isEnd": false}, {"problemId": 417602, "description": "E14", "isStart": false, "isEnd": false}, {"problemId": 417602, "description": "B18", "isStart": false, "isEnd": true}, {"problemId": 417602, "description": "H4", "isStart": true, "isEnd": false}], "data.apiId": 417602}