{"data.grade": "6A+", "data.userGrade": "6A+", "data.method": "Feet follow hands", "data.userRating": 4, "data.repeats": 11, "data.moves": [{"problemId": 335215, "description": "F5", "isStart": true, "isEnd": false}, {"problemId": 335215, "description": "J5", "isStart": true, "isEnd": false}, {"problemId": 335215, "description": "H8", "isStart": false, "isEnd": false}, {"problemId": 335215, "description": "D10", "isStart": false, "isEnd": false}, {"problemId": 335215, "description": "G10", "isStart": false, "isEnd": false}, {"problemId": 335215, "description": "G13", "isStart": false, "isEnd": false}, {"problemId": 335215, "description": "E16", "isStart": false, "isEnd": false}, {"problemId": 335215, "description": "H18", "isStart": false, "isEnd": true}], "data.apiId": 335215}