{"data.grade": "6A+", "data.userGrade": "6A+", "data.method": "Feet follow hands", "data.userRating": 4, "data.repeats": 32, "data.moves": [{"problemId": 326242, "description": "D5", "isStart": true, "isEnd": false}, {"problemId": 326242, "description": "H5", "isStart": true, "isEnd": false}, {"problemId": 326242, "description": "E8", "isStart": false, "isEnd": false}, {"problemId": 326242, "description": "G10", "isStart": false, "isEnd": false}, {"problemId": 326242, "description": "F12", "isStart": false, "isEnd": false}, {"problemId": 326242, "description": "G13", "isStart": false, "isEnd": false}, {"problemId": 326242, "description": "E16", "isStart": false, "isEnd": false}, {"problemId": 326242, "description": "F18", "isStart": false, "isEnd": true}, {"problemId": 326242, "description": "C18", "isStart": false, "isEnd": true}], "data.apiId": 326242}