{"data.grade": "6A+", "data.userGrade": "6A+", "data.method": "Feet follow hands + screw ons", "data.userRating": 4, "data.repeats": 33, "data.moves": [{"problemId": 336678, "description": "F5", "isStart": true, "isEnd": false}, {"problemId": 336678, "description": "D5", "isStart": true, "isEnd": false}, {"problemId": 336678, "description": "F8", "isStart": false, "isEnd": false}, {"problemId": 336678, "description": "D10", "isStart": false, "isEnd": false}, {"problemId": 336678, "description": "F12", "isStart": false, "isEnd": false}, {"problemId": 336678, "description": "E13", "isStart": false, "isEnd": false}, {"problemId": 336678, "description": "C16", "isStart": false, "isEnd": false}, {"problemId": 336678, "description": "B18", "isStart": false, "isEnd": true}], "data.apiId": 336678}