{"data.grade": "6A+", "data.userGrade": null, "data.method": "Feet follow hands", "data.userRating": 4, "data.repeats": 4, "data.moves": [{"problemId": 370847, "description": "F18", "isStart": false, "isEnd": true}, {"problemId": 370847, "description": "C16", "isStart": false, "isEnd": false}, {"problemId": 370847, "description": "D15", "isStart": false, "isEnd": false}, {"problemId": 370847, "description": "G14", "isStart": false, "isEnd": false}, {"problemId": 370847, "description": "J13", "isStart": false, "isEnd": false}, {"problemId": 370847, "description": "F4", "isStart": true, "isEnd": false}, {"problemId": 370847, "description": "H5", "isStart": true, "isEnd": false}, {"problemId": 370847, "description": "K4", "isStart": false, "isEnd": false}, {"problemId": 370847, "description": "E7", "isStart": false, "isEnd": false}, {"problemId": 370847, "description": "G11", "isStart": false, "isEnd": false}, {"problemId": 370847, "description": "I8", "isStart": false, "isEnd": false}], "data.apiId": 370847}