{"data.grade": "6A+", "data.userGrade": "6A+", "data.method": "Feet follow hands", "data.userRating": 4, "data.repeats": 20, "data.moves": [{"problemId": 355649, "description": "I8", "isStart": false, "isEnd": false}, {"problemId": 355649, "description": "H9", "isStart": false, "isEnd": false}, {"problemId": 355649, "description": "J11", "isStart": false, "isEnd": false}, {"problemId": 355649, "description": "K14", "isStart": false, "isEnd": false}, {"problemId": 355649, "description": "I16", "isStart": false, "isEnd": false}, {"problemId": 355649, "description": "J18", "isStart": false, "isEnd": true}, {"problemId": 355649, "description": "H5", "isStart": true, "isEnd": false}, {"problemId": 355649, "description": "G6", "isStart": true, "isEnd": false}, {"problemId": 355649, "description": "H14", "isStart": false, "isEnd": false}, {"problemId": 355649, "description": "I7", "isStart": false, "isEnd": false}], "data.apiId": 355649}