{"data.grade": "6A+", "data.userGrade": "6A+", "data.method": "Feet follow hands", "data.userRating": 3, "data.repeats": 16, "data.moves": [{"problemId": 453482, "description": "C7", "isStart": false, "isEnd": false}, {"problemId": 453482, "description": "D9", "isStart": false, "isEnd": false}, {"problemId": 453482, "description": "H10", "isStart": false, "isEnd": false}, {"problemId": 453482, "description": "I8", "isStart": false, "isEnd": false}, {"problemId": 453482, "description": "F8", "isStart": false, "isEnd": false}, {"problemId": 453482, "description": "C13", "isStart": false, "isEnd": false}, {"problemId": 453482, "description": "F12", "isStart": false, "isEnd": false}, {"problemId": 453482, "description": "G13", "isStart": false, "isEnd": false}, {"problemId": 453482, "description": "C16", "isStart": false, "isEnd": false}, {"problemId": 453482, "description": "F5", "isStart": true, "isEnd": false}, {"problemId": 453482, "description": "J16", "isStart": false, "isEnd": false}, {"problemId": 453482, "description": "J13", "isStart": false, "isEnd": false}, {"problemId": 453482, "description": "F18", "isStart": false, "isEnd": true}, {"problemId": 453482, "description": "E13", "isStart": false, "isEnd": false}], "data.apiId": 453482}