{"data.grade": "6A+", "data.userGrade": "6A+", "data.method": "Feet follow hands", "data.userRating": 4, "data.repeats": 15, "data.moves": [{"problemId": 440103, "description": "K2", "isStart": false, "isEnd": false}, {"problemId": 440103, "description": "H5", "isStart": true, "isEnd": false}, {"problemId": 440103, "description": "G6", "isStart": true, "isEnd": false}, {"problemId": 440103, "description": "I7", "isStart": false, "isEnd": false}, {"problemId": 440103, "description": "K15", "isStart": false, "isEnd": false}, {"problemId": 440103, "description": "J13", "isStart": false, "isEnd": false}, {"problemId": 440103, "description": "G13", "isStart": false, "isEnd": false}, {"problemId": 440103, "description": "H18", "isStart": false, "isEnd": true}, {"problemId": 440103, "description": "H10", "isStart": false, "isEnd": false}, {"problemId": 440103, "description": "I8", "isStart": false, "isEnd": false}], "data.apiId": 440103}