{"data.grade": "6A+", "data.userGrade": null, "data.method": "Feet follow hands", "data.userRating": 2, "data.repeats": 3, "data.moves": [{"problemId": 334173, "description": "K4", "isStart": true, "isEnd": false}, {"problemId": 334173, "description": "H5", "isStart": true, "isEnd": false}, {"problemId": 334173, "description": "I7", "isStart": false, "isEnd": false}, {"problemId": 334173, "description": "J9", "isStart": false, "isEnd": false}, {"problemId": 334173, "description": "J11", "isStart": false, "isEnd": false}, {"problemId": 334173, "description": "K13", "isStart": false, "isEnd": false}, {"problemId": 334173, "description": "E13", "isStart": false, "isEnd": false}, {"problemId": 334173, "description": "H18", "isStart": false, "isEnd": true}], "data.apiId": 334173}