{"data.grade": "6A+", "data.userGrade": null, "data.method": "Feet follow hands", "data.userRating": 4, "data.repeats": 5, "data.moves": [{"problemId": 379640, "description": "F5", "isStart": true, "isEnd": false}, {"problemId": 379640, "description": "H5", "isStart": true, "isEnd": false}, {"problemId": 379640, "description": "H10", "isStart": false, "isEnd": false}, {"problemId": 379640, "description": "E13", "isStart": false, "isEnd": false}, {"problemId": 379640, "description": "D15", "isStart": false, "isEnd": false}, {"problemId": 379640, "description": "B18", "isStart": false, "isEnd": true}], "data.apiId": 379640}