{"data.grade": "6A+", "data.userGrade": "6A+", "data.method": "Feet follow hands", "data.userRating": 4, "data.repeats": 69, "data.moves": [{"problemId": 327253, "description": "E3", "isStart": true, "isEnd": false}, {"problemId": 327253, "description": "H5", "isStart": true, "isEnd": false}, {"problemId": 327253, "description": "F8", "isStart": false, "isEnd": false}, {"problemId": 327253, "description": "J11", "isStart": false, "isEnd": false}, {"problemId": 327253, "description": "E13", "isStart": false, "isEnd": false}, {"problemId": 327253, "description": "E18", "isStart": false, "isEnd": true}], "data.apiId": 327253}