{"data.grade": "6A+", "data.userGrade": "6A+", "data.method": "Feet follow hands", "data.userRating": 4, "data.repeats": 8, "data.moves": [{"problemId": 460509, "description": "E4", "isStart": true, "isEnd": false}, {"problemId": 460509, "description": "F5", "isStart": true, "isEnd": false}, {"problemId": 460509, "description": "I8", "isStart": false, "isEnd": false}, {"problemId": 460509, "description": "D9", "isStart": false, "isEnd": false}, {"problemId": 460509, "description": "F12", "isStart": false, "isEnd": false}, {"problemId": 460509, "description": "D15", "isStart": false, "isEnd": false}, {"problemId": 460509, "description": "F18", "isStart": false, "isEnd": true}, {"problemId": 460509, "description": "H18", "isStart": false, "isEnd": true}, {"problemId": 460509, "description": "H15", "isStart": false, "isEnd": false}], "data.apiId": 460509}