{"data.grade": "6A+", "data.userGrade": "6A+", "data.method": "Feet follow hands", "data.userRating": 4, "data.repeats": 110, "data.moves": [{"problemId": 326655, "description": "H5", "isStart": true, "isEnd": false}, {"problemId": 326655, "description": "F5", "isStart": true, "isEnd": false}, {"problemId": 326655, "description": "I7", "isStart": false, "isEnd": false}, {"problemId": 326655, "description": "F8", "isStart": false, "isEnd": false}, {"problemId": 326655, "description": "H10", "isStart": false, "isEnd": false}, {"problemId": 326655, "description": "F12", "isStart": false, "isEnd": false}, {"problemId": 326655, "description": "G13", "isStart": false, "isEnd": false}, {"problemId": 326655, "description": "E16", "isStart": false, "isEnd": false}, {"problemId": 326655, "description": "F18", "isStart": false, "isEnd": true}], "data.apiId": 326655}