{"data.grade": "6A+", "data.userGrade": "6A+", "data.method": "Feet follow hands", "data.userRating": 4, "data.repeats": 14, "data.moves": [{"problemId": 323218, "description": "D5", "isStart": true, "isEnd": false}, {"problemId": 323218, "description": "H6", "isStart": true, "isEnd": false}, {"problemId": 323218, "description": "G8", "isStart": false, "isEnd": false}, {"problemId": 323218, "description": "G10", "isStart": false, "isEnd": false}, {"problemId": 323218, "description": "D11", "isStart": false, "isEnd": false}, {"problemId": 323218, "description": "G13", "isStart": false, "isEnd": false}, {"problemId": 323218, "description": "D15", "isStart": false, "isEnd": false}, {"problemId": 323218, "description": "G17", "isStart": false, "isEnd": false}, {"problemId": 323218, "description": "H18", "isStart": false, "isEnd": true}], "data.apiId": 323218}