{"data.grade": "6A+", "data.userGrade": "6A+", "data.method": "Feet follow hands", "data.userRating": 4, "data.repeats": 13, "data.moves": [{"problemId": 339274, "description": "F6", "isStart": true, "isEnd": false}, {"problemId": 339274, "description": "H5", "isStart": true, "isEnd": false}, {"problemId": 339274, "description": "I8", "isStart": false, "isEnd": false}, {"problemId": 339274, "description": "F8", "isStart": false, "isEnd": false}, {"problemId": 339274, "description": "F12", "isStart": false, "isEnd": false}, {"problemId": 339274, "description": "G14", "isStart": false, "isEnd": false}, {"problemId": 339274, "description": "E16", "isStart": false, "isEnd": false}, {"problemId": 339274, "description": "F18", "isStart": false, "isEnd": true}], "data.apiId": 339274}