{"data.grade": "6A+", "data.userGrade": null, "data.method": "Feet follow hands", "data.userRating": 4, "data.repeats": 4, "data.moves": [{"problemId": 341904, "description": "D5", "isStart": true, "isEnd": false}, {"problemId": 341904, "description": "F5", "isStart": true, "isEnd": false}, {"problemId": 341904, "description": "B8", "isStart": false, "isEnd": false}, {"problemId": 341904, "description": "C2", "isStart": false, "isEnd": false}, {"problemId": 341904, "description": "G8", "isStart": false, "isEnd": false}, {"problemId": 341904, "description": "D11", "isStart": false, "isEnd": false}, {"problemId": 341904, "description": "G13", "isStart": false, "isEnd": false}, {"problemId": 341904, "description": "E16", "isStart": false, "isEnd": false}, {"problemId": 341904, "description": "H18", "isStart": false, "isEnd": true}], "data.apiId": 341904}