{"data.grade": "6A+", "data.userGrade": "6A+", "data.method": "Feet follow hands", "data.userRating": 4, "data.repeats": 68, "data.moves": [{"problemId": 397408, "description": "F5", "isStart": true, "isEnd": false}, {"problemId": 397408, "description": "D9", "isStart": false, "isEnd": false}, {"problemId": 397408, "description": "I8", "isStart": false, "isEnd": false}, {"problemId": 397408, "description": "H10", "isStart": false, "isEnd": false}, {"problemId": 397408, "description": "E13", "isStart": false, "isEnd": false}, {"problemId": 397408, "description": "G13", "isStart": false, "isEnd": false}, {"problemId": 397408, "description": "D15", "isStart": false, "isEnd": false}, {"problemId": 397408, "description": "F18", "isStart": false, "isEnd": true}, {"problemId": 397408, "description": "H18", "isStart": false, "isEnd": true}], "data.apiId": 397408}