{"data.grade": "6A+", "data.userGrade": "6A+", "data.method": "Feet follow hands + screw ons", "data.userRating": 5, "data.repeats": 1, "data.moves": [{"problemId": 439887, "description": "D10", "isStart": false, "isEnd": false}, {"problemId": 439887, "description": "C16", "isStart": false, "isEnd": false}, {"problemId": 439887, "description": "F18", "isStart": false, "isEnd": true}, {"problemId": 439887, "description": "F5", "isStart": true, "isEnd": false}, {"problemId": 439887, "description": "H10", "isStart": false, "isEnd": false}], "data.apiId": 439887}