{"data.grade": "6A+", "data.userGrade": "6A+", "data.method": "Feet follow hands", "data.userRating": 4, "data.repeats": 3, "data.moves": [{"problemId": 356594, "description": "A5", "isStart": true, "isEnd": false}, {"problemId": 356594, "description": "B6", "isStart": true, "isEnd": false}, {"problemId": 356594, "description": "B8", "isStart": false, "isEnd": false}, {"problemId": 356594, "description": "C10", "isStart": false, "isEnd": false}, {"problemId": 356594, "description": "E13", "isStart": false, "isEnd": false}, {"problemId": 356594, "description": "C15", "isStart": false, "isEnd": false}, {"problemId": 356594, "description": "C16", "isStart": false, "isEnd": false}, {"problemId": 356594, "description": "D18", "isStart": false, "isEnd": true}], "data.apiId": 356594}