{"data.grade": "6A+", "data.userGrade": "6A+", "data.method": "Feet follow hands", "data.userRating": 4, "data.repeats": 48, "data.moves": [{"problemId": 353391, "description": "D4", "isStart": true, "isEnd": false}, {"problemId": 353391, "description": "A5", "isStart": true, "isEnd": false}, {"problemId": 353391, "description": "C7", "isStart": false, "isEnd": false}, {"problemId": 353391, "description": "A8", "isStart": false, "isEnd": false}, {"problemId": 353391, "description": "D10", "isStart": false, "isEnd": false}, {"problemId": 353391, "description": "E13", "isStart": false, "isEnd": false}, {"problemId": 353391, "description": "C16", "isStart": false, "isEnd": false}, {"problemId": 353391, "description": "B18", "isStart": false, "isEnd": true}], "data.apiId": 353391}