{"data.grade": "6A+", "data.userGrade": null, "data.method": "Feet follow hands + screw ons", "data.userRating": 0, "data.repeats": 0, "data.moves": [{"problemId": 350580, "description": "D5", "isStart": true, "isEnd": false}, {"problemId": 350580, "description": "E6", "isStart": true, "isEnd": false}, {"problemId": 350580, "description": "D9", "isStart": false, "isEnd": false}, {"problemId": 350580, "description": "F12", "isStart": false, "isEnd": false}, {"problemId": 350580, "description": "C15", "isStart": false, "isEnd": false}, {"problemId": 350580, "description": "F16", "isStart": false, "isEnd": false}, {"problemId": 350580, "description": "H18", "isStart": false, "isEnd": true}], "data.apiId": 350580}