{"data.grade": "6A+", "data.userGrade": "6A+", "data.method": "Feet follow hands", "data.userRating": 4, "data.repeats": 20, "data.moves": [{"problemId": 433304, "description": "H5", "isStart": true, "isEnd": false}, {"problemId": 433304, "description": "D5", "isStart": true, "isEnd": false}, {"problemId": 433304, "description": "F8", "isStart": false, "isEnd": false}, {"problemId": 433304, "description": "H10", "isStart": false, "isEnd": false}, {"problemId": 433304, "description": "J11", "isStart": false, "isEnd": false}, {"problemId": 433304, "description": "H14", "isStart": false, "isEnd": false}, {"problemId": 433304, "description": "J16", "isStart": false, "isEnd": false}, {"problemId": 433304, "description": "J18", "isStart": false, "isEnd": true}], "data.apiId": 433304}