{"data.grade": "6A+", "data.userGrade": null, "data.method": "Feet follow hands", "data.userRating": 4, "data.repeats": 3, "data.moves": [{"problemId": 352064, "description": "C7", "isStart": false, "isEnd": false}, {"problemId": 352064, "description": "D10", "isStart": false, "isEnd": false}, {"problemId": 352064, "description": "G13", "isStart": false, "isEnd": false}, {"problemId": 352064, "description": "J10", "isStart": false, "isEnd": false}, {"problemId": 352064, "description": "K15", "isStart": false, "isEnd": false}, {"problemId": 352064, "description": "D5", "isStart": true, "isEnd": false}, {"problemId": 352064, "description": "H5", "isStart": true, "isEnd": false}, {"problemId": 352064, "description": "H18", "isStart": false, "isEnd": true}, {"problemId": 352064, "description": "D2", "isStart": false, "isEnd": false}], "data.apiId": 352064}