{"data.grade": "6A+", "data.userGrade": "6A+", "data.method": "Feet follow hands", "data.userRating": 4, "data.repeats": 26, "data.moves": [{"problemId": 330941, "description": "F4", "isStart": true, "isEnd": false}, {"problemId": 330941, "description": "E6", "isStart": true, "isEnd": false}, {"problemId": 330941, "description": "E8", "isStart": false, "isEnd": false}, {"problemId": 330941, "description": "B10", "isStart": false, "isEnd": false}, {"problemId": 330941, "description": "E11", "isStart": false, "isEnd": false}, {"problemId": 330941, "description": "B13", "isStart": false, "isEnd": false}, {"problemId": 330941, "description": "E14", "isStart": false, "isEnd": false}, {"problemId": 330941, "description": "C17", "isStart": false, "isEnd": false}, {"problemId": 330941, "description": "F18", "isStart": false, "isEnd": true}], "data.apiId": 330941}