{"data.grade": "6A+", "data.userGrade": "6A+", "data.method": "Feet follow hands", "data.userRating": 3, "data.repeats": 18, "data.moves": [{"problemId": 310310, "description": "F4", "isStart": true, "isEnd": false}, {"problemId": 310310, "description": "F5", "isStart": true, "isEnd": false}, {"problemId": 310310, "description": "B8", "isStart": false, "isEnd": false}, {"problemId": 310310, "description": "E8", "isStart": false, "isEnd": false}, {"problemId": 310310, "description": "D9", "isStart": false, "isEnd": false}, {"problemId": 310310, "description": "G13", "isStart": false, "isEnd": false}, {"problemId": 310310, "description": "D16", "isStart": false, "isEnd": false}, {"problemId": 310310, "description": "E16", "isStart": false, "isEnd": false}, {"problemId": 310310, "description": "F12", "isStart": false, "isEnd": false}, {"problemId": 310310, "description": "F18", "isStart": false, "isEnd": true}], "data.apiId": 310310}