{"data.grade": "6A+", "data.userGrade": "6A+", "data.method": "Feet follow hands + screw ons", "data.userRating": 4, "data.repeats": 18, "data.moves": [{"problemId": 308529, "description": "J4", "isStart": true, "isEnd": false}, {"problemId": 308529, "description": "G6", "isStart": true, "isEnd": false}, {"problemId": 308529, "description": "I8", "isStart": false, "isEnd": false}, {"problemId": 308529, "description": "H10", "isStart": false, "isEnd": false}, {"problemId": 308529, "description": "K6", "isStart": false, "isEnd": false}, {"problemId": 308529, "description": "J11", "isStart": false, "isEnd": false}, {"problemId": 308529, "description": "J16", "isStart": false, "isEnd": false}, {"problemId": 308529, "description": "H18", "isStart": false, "isEnd": true}], "data.apiId": 308529}