{"data.grade": "6A+", "data.userGrade": "6A+", "data.method": "Feet follow hands", "data.userRating": 4, "data.repeats": 4, "data.moves": [{"problemId": 309163, "description": "B5", "isStart": true, "isEnd": false}, {"problemId": 309163, "description": "E5", "isStart": true, "isEnd": false}, {"problemId": 309163, "description": "D6", "isStart": false, "isEnd": false}, {"problemId": 309163, "description": "D9", "isStart": false, "isEnd": false}, {"problemId": 309163, "description": "G11", "isStart": false, "isEnd": false}, {"problemId": 309163, "description": "D12", "isStart": false, "isEnd": false}, {"problemId": 309163, "description": "G15", "isStart": false, "isEnd": false}, {"problemId": 309163, "description": "E16", "isStart": false, "isEnd": false}, {"problemId": 309163, "description": "H18", "isStart": false, "isEnd": true}], "data.apiId": 309163}