{"data.grade": "6A+", "data.userGrade": "6A+", "data.method": "Feet follow hands", "data.userRating": 4, "data.repeats": 2, "data.moves": [{"problemId": 429998, "description": "E4", "isStart": true, "isEnd": false}, {"problemId": 429998, "description": "J7", "isStart": false, "isEnd": false}, {"problemId": 429998, "description": "F8", "isStart": false, "isEnd": false}, {"problemId": 429998, "description": "I10", "isStart": false, "isEnd": false}, {"problemId": 429998, "description": "E13", "isStart": false, "isEnd": false}, {"problemId": 429998, "description": "H15", "isStart": false, "isEnd": false}, {"problemId": 429998, "description": "H18", "isStart": false, "isEnd": true}], "data.apiId": 429998}