{"data.grade": "6A+", "data.userGrade": null, "data.method": "Feet follow hands + screw ons", "data.userRating": 4, "data.repeats": 16, "data.moves": [{"problemId": 347105, "description": "H5", "isStart": true, "isEnd": false}, {"problemId": 347105, "description": "F5", "isStart": true, "isEnd": false}, {"problemId": 347105, "description": "I8", "isStart": false, "isEnd": false}, {"problemId": 347105, "description": "D9", "isStart": false, "isEnd": false}, {"problemId": 347105, "description": "H10", "isStart": false, "isEnd": false}, {"problemId": 347105, "description": "E13", "isStart": false, "isEnd": false}, {"problemId": 347105, "description": "H15", "isStart": false, "isEnd": false}, {"problemId": 347105, "description": "H18", "isStart": false, "isEnd": true}, {"problemId": 347105, "description": "J18", "isStart": false, "isEnd": true}], "data.apiId": 347105}