{"data.grade": "6A+", "data.userGrade": "6A+", "data.method": "Feet follow hands", "data.userRating": 3, "data.repeats": 12, "data.moves": [{"problemId": 314857, "description": "H5", "isStart": true, "isEnd": false}, {"problemId": 314857, "description": "E4", "isStart": true, "isEnd": false}, {"problemId": 314857, "description": "F8", "isStart": false, "isEnd": false}, {"problemId": 314857, "description": "G3", "isStart": false, "isEnd": false}, {"problemId": 314857, "description": "H10", "isStart": false, "isEnd": false}, {"problemId": 314857, "description": "F12", "isStart": false, "isEnd": false}, {"problemId": 314857, "description": "H12", "isStart": false, "isEnd": false}, {"problemId": 314857, "description": "H14", "isStart": false, "isEnd": false}, {"problemId": 314857, "description": "G16", "isStart": false, "isEnd": false}, {"problemId": 314857, "description": "H17", "isStart": false, "isEnd": false}, {"problemId": 314857, "description": "H18", "isStart": false, "isEnd": true}, {"problemId": 314857, "description": "F15", "isStart": false, "isEnd": false}], "data.apiId": 314857}