{"data.grade": "6A+", "data.userGrade": null, "data.method": "Feet follow hands", "data.userRating": 0, "data.repeats": 0, "data.moves": [{"problemId": 344400, "description": "H5", "isStart": true, "isEnd": false}, {"problemId": 344400, "description": "D9", "isStart": false, "isEnd": false}, {"problemId": 344400, "description": "F12", "isStart": false, "isEnd": false}, {"problemId": 344400, "description": "E17", "isStart": false, "isEnd": false}, {"problemId": 344400, "description": "H18", "isStart": false, "isEnd": true}], "data.apiId": 344400}