{"data.grade": "6A+", "data.userGrade": null, "data.method": "Feet follow hands", "data.userRating": 3, "data.repeats": 4, "data.moves": [{"problemId": 319542, "description": "A5", "isStart": true, "isEnd": false}, {"problemId": 319542, "description": "C4", "isStart": true, "isEnd": false}, {"problemId": 319542, "description": "F5", "isStart": false, "isEnd": false}, {"problemId": 319542, "description": "E4", "isStart": false, "isEnd": false}, {"problemId": 319542, "description": "G8", "isStart": false, "isEnd": false}, {"problemId": 319542, "description": "G11", "isStart": false, "isEnd": false}, {"problemId": 319542, "description": "G13", "isStart": false, "isEnd": false}, {"problemId": 319542, "description": "G16", "isStart": false, "isEnd": false}, {"problemId": 319542, "description": "F18", "isStart": false, "isEnd": true}, {"problemId": 319542, "description": "F9", "isStart": false, "isEnd": false}, {"problemId": 319542, "description": "E14", "isStart": false, "isEnd": false}], "data.apiId": 319542}