{"data.grade": "6A+", "data.userGrade": "6A+", "data.method": "Feet follow hands", "data.userRating": 4, "data.repeats": 4, "data.moves": [{"problemId": 460459, "description": "F5", "isStart": true, "isEnd": false}, {"problemId": 460459, "description": "E6", "isStart": true, "isEnd": false}, {"problemId": 460459, "description": "C7", "isStart": false, "isEnd": false}, {"problemId": 460459, "description": "B9", "isStart": false, "isEnd": false}, {"problemId": 460459, "description": "E11", "isStart": false, "isEnd": false}, {"problemId": 460459, "description": "G13", "isStart": false, "isEnd": false}, {"problemId": 460459, "description": "D15", "isStart": false, "isEnd": false}, {"problemId": 460459, "description": "F18", "isStart": false, "isEnd": true}, {"problemId": 460459, "description": "H18", "isStart": false, "isEnd": true}], "data.apiId": 460459}