{"data.grade": "6A+", "data.userGrade": "6A+", "data.method": "Feet follow hands + screw ons", "data.userRating": 4, "data.repeats": 29, "data.moves": [{"problemId": 333277, "description": "H5", "isStart": true, "isEnd": false}, {"problemId": 333277, "description": "F6", "isStart": true, "isEnd": false}, {"problemId": 333277, "description": "H10", "isStart": false, "isEnd": false}, {"problemId": 333277, "description": "I8", "isStart": false, "isEnd": false}, {"problemId": 333277, "description": "F4", "isStart": false, "isEnd": false}, {"problemId": 333277, "description": "G3", "isStart": false, "isEnd": false}, {"problemId": 333277, "description": "D2", "isStart": false, "isEnd": false}, {"problemId": 333277, "description": "F12", "isStart": false, "isEnd": false}, {"problemId": 333277, "description": "G14", "isStart": false, "isEnd": false}, {"problemId": 333277, "description": "G13", "isStart": false, "isEnd": false}, {"problemId": 333277, "description": "E16", "isStart": false, "isEnd": false}, {"problemId": 333277, "description": "F18", "isStart": false, "isEnd": true}, {"problemId": 333277, "description": "J4", "isStart": false, "isEnd": false}, {"problemId": 333277, "description": "F8", "isStart": false, "isEnd": false}], "data.apiId": 333277}