{"data.grade": "6A+", "data.userGrade": null, "data.method": "Feet follow hands", "data.userRating": 4, "data.repeats": 10, "data.moves": [{"problemId": 357720, "description": "F5", "isStart": true, "isEnd": false}, {"problemId": 357720, "description": "H5", "isStart": true, "isEnd": false}, {"problemId": 357720, "description": "I8", "isStart": false, "isEnd": false}, {"problemId": 357720, "description": "H10", "isStart": false, "isEnd": false}, {"problemId": 357720, "description": "J11", "isStart": false, "isEnd": false}, {"problemId": 357720, "description": "D2", "isStart": false, "isEnd": false}, {"problemId": 357720, "description": "K4", "isStart": false, "isEnd": false}, {"problemId": 357720, "description": "G13", "isStart": false, "isEnd": false}, {"problemId": 357720, "description": "I13", "isStart": false, "isEnd": false}, {"problemId": 357720, "description": "E13", "isStart": false, "isEnd": false}, {"problemId": 357720, "description": "E16", "isStart": false, "isEnd": false}, {"problemId": 357720, "description": "F18", "isStart": false, "isEnd": true}, {"problemId": 357720, "description": "H18", "isStart": false, "isEnd": true}], "data.apiId": 357720}