{"data.grade": "6A+", "data.userGrade": "6A+", "data.method": "Feet follow hands + screw ons", "data.userRating": 4, "data.repeats": 5, "data.moves": [{"problemId": 338990, "description": "H5", "isStart": true, "isEnd": false}, {"problemId": 338990, "description": "D4", "isStart": true, "isEnd": false}, {"problemId": 338990, "description": "F8", "isStart": false, "isEnd": false}, {"problemId": 338990, "description": "I10", "isStart": false, "isEnd": false}, {"problemId": 338990, "description": "E13", "isStart": false, "isEnd": false}, {"problemId": 338990, "description": "H18", "isStart": false, "isEnd": true}], "data.apiId": 338990}