{"data.grade": "6A+", "data.userGrade": null, "data.method": "Feet follow hands", "data.userRating": 4, "data.repeats": 5, "data.moves": [{"problemId": 333694, "description": "I3", "isStart": true, "isEnd": false}, {"problemId": 333694, "description": "F4", "isStart": true, "isEnd": false}, {"problemId": 333694, "description": "I8", "isStart": false, "isEnd": false}, {"problemId": 333694, "description": "D10", "isStart": false, "isEnd": false}, {"problemId": 333694, "description": "F12", "isStart": false, "isEnd": false}, {"problemId": 333694, "description": "G13", "isStart": false, "isEnd": false}, {"problemId": 333694, "description": "J16", "isStart": false, "isEnd": false}, {"problemId": 333694, "description": "H18", "isStart": false, "isEnd": true}], "data.apiId": 333694}