{"data.grade": "6A+", "data.userGrade": "6A+", "data.method": "Feet follow hands", "data.userRating": 4, "data.repeats": 20, "data.moves": [{"problemId": 429652, "description": "A6", "isStart": true, "isEnd": false}, {"problemId": 429652, "description": "B4", "isStart": true, "isEnd": false}, {"problemId": 429652, "description": "E8", "isStart": false, "isEnd": false}, {"problemId": 429652, "description": "D10", "isStart": false, "isEnd": false}, {"problemId": 429652, "description": "G13", "isStart": false, "isEnd": false}, {"problemId": 429652, "description": "C16", "isStart": false, "isEnd": false}, {"problemId": 429652, "description": "C14", "isStart": false, "isEnd": false}, {"problemId": 429652, "description": "F18", "isStart": false, "isEnd": true}], "data.apiId": 429652}