{"data.grade": "6A+", "data.userGrade": null, "data.method": "Feet follow hands", "data.userRating": 4, "data.repeats": 4, "data.moves": [{"problemId": 378363, "description": "E4", "isStart": true, "isEnd": false}, {"problemId": 378363, "description": "G4", "isStart": true, "isEnd": false}, {"problemId": 378363, "description": "K6", "isStart": false, "isEnd": false}, {"problemId": 378363, "description": "G8", "isStart": false, "isEnd": false}, {"problemId": 378363, "description": "F9", "isStart": false, "isEnd": false}, {"problemId": 378363, "description": "J9", "isStart": false, "isEnd": false}, {"problemId": 378363, "description": "G14", "isStart": false, "isEnd": false}, {"problemId": 378363, "description": "K15", "isStart": false, "isEnd": false}, {"problemId": 378363, "description": "I16", "isStart": false, "isEnd": false}, {"problemId": 378363, "description": "H18", "isStart": false, "isEnd": true}, {"problemId": 378363, "description": "J13", "isStart": false, "isEnd": false}], "data.apiId": 378363}