{"data.grade": "6A+", "data.userGrade": null, "data.method": "Feet follow hands", "data.userRating": 3, "data.repeats": 2, "data.moves": [{"problemId": 348175, "description": "D5", "isStart": true, "isEnd": false}, {"problemId": 348175, "description": "H6", "isStart": true, "isEnd": false}, {"problemId": 348175, "description": "B8", "isStart": false, "isEnd": false}, {"problemId": 348175, "description": "H11", "isStart": false, "isEnd": false}, {"problemId": 348175, "description": "B15", "isStart": false, "isEnd": false}, {"problemId": 348175, "description": "H18", "isStart": false, "isEnd": true}], "data.apiId": 348175}