{"data.grade": "6A+", "data.userGrade": null, "data.method": "Feet follow hands", "data.userRating": 4, "data.repeats": 6, "data.moves": [{"problemId": 344977, "description": "K4", "isStart": true, "isEnd": false}, {"problemId": 344977, "description": "H5", "isStart": true, "isEnd": false}, {"problemId": 344977, "description": "J9", "isStart": false, "isEnd": false}, {"problemId": 344977, "description": "H11", "isStart": false, "isEnd": false}, {"problemId": 344977, "description": "J13", "isStart": false, "isEnd": false}, {"problemId": 344977, "description": "H14", "isStart": false, "isEnd": false}, {"problemId": 344977, "description": "J16", "isStart": false, "isEnd": false}, {"problemId": 344977, "description": "F18", "isStart": false, "isEnd": true}], "data.apiId": 344977}