{"data.grade": "6A+", "data.userGrade": null, "data.method": "Feet follow hands + screw ons", "data.userRating": 4, "data.repeats": 5, "data.moves": [{"problemId": 315569, "description": "J6", "isStart": true, "isEnd": false}, {"problemId": 315569, "description": "G4", "isStart": true, "isEnd": false}, {"problemId": 315569, "description": "F7", "isStart": false, "isEnd": false}, {"problemId": 315569, "description": "I8", "isStart": false, "isEnd": false}, {"problemId": 315569, "description": "F12", "isStart": false, "isEnd": false}, {"problemId": 315569, "description": "G13", "isStart": false, "isEnd": false}, {"problemId": 315569, "description": "D15", "isStart": false, "isEnd": false}, {"problemId": 315569, "description": "F18", "isStart": false, "isEnd": true}], "data.apiId": 315569}