{"data.grade": "6A+", "data.userGrade": null, "data.method": "Feet follow hands", "data.userRating": 0, "data.repeats": 0, "data.moves": [{"problemId": 357305, "description": "C4", "isStart": true, "isEnd": false}, {"problemId": 357305, "description": "G8", "isStart": false, "isEnd": false}, {"problemId": 357305, "description": "F10", "isStart": false, "isEnd": false}, {"problemId": 357305, "description": "J3", "isStart": true, "isEnd": false}, {"problemId": 357305, "description": "K12", "isStart": false, "isEnd": false}, {"problemId": 357305, "description": "H14", "isStart": false, "isEnd": false}, {"problemId": 357305, "description": "F18", "isStart": false, "isEnd": true}], "data.apiId": 357305}