{"data.grade": "6A+", "data.userGrade": null, "data.method": "Feet follow hands", "data.userRating": 0, "data.repeats": 0, "data.moves": [{"problemId": 433122, "description": "I3", "isStart": true, "isEnd": false}, {"problemId": 433122, "description": "F4", "isStart": true, "isEnd": false}, {"problemId": 433122, "description": "H10", "isStart": false, "isEnd": false}, {"problemId": 433122, "description": "D12", "isStart": false, "isEnd": false}, {"problemId": 433122, "description": "H14", "isStart": false, "isEnd": false}, {"problemId": 433122, "description": "E17", "isStart": false, "isEnd": false}, {"problemId": 433122, "description": "H18", "isStart": false, "isEnd": true}], "data.apiId": 433122}