{"data.grade": "6A+", "data.userGrade": "6A+", "data.method": "Feet follow hands", "data.userRating": 4, "data.repeats": 9, "data.moves": [{"problemId": 339531, "description": "E3", "isStart": true, "isEnd": false}, {"problemId": 339531, "description": "D9", "isStart": false, "isEnd": false}, {"problemId": 339531, "description": "F12", "isStart": false, "isEnd": false}, {"problemId": 339531, "description": "E13", "isStart": false, "isEnd": false}, {"problemId": 339531, "description": "F18", "isStart": false, "isEnd": true}, {"problemId": 339531, "description": "H5", "isStart": true, "isEnd": false}], "data.apiId": 339531}