{"data.grade": "6A+", "data.userGrade": null, "data.method": "Feet follow hands", "data.userRating": 3, "data.repeats": 14, "data.moves": [{"problemId": 348436, "description": "F5", "isStart": true, "isEnd": false}, {"problemId": 348436, "description": "H5", "isStart": true, "isEnd": false}, {"problemId": 348436, "description": "F8", "isStart": false, "isEnd": false}, {"problemId": 348436, "description": "I8", "isStart": false, "isEnd": false}, {"problemId": 348436, "description": "D10", "isStart": false, "isEnd": false}, {"problemId": 348436, "description": "F12", "isStart": false, "isEnd": false}, {"problemId": 348436, "description": "E13", "isStart": false, "isEnd": false}, {"problemId": 348436, "description": "C14", "isStart": false, "isEnd": false}, {"problemId": 348436, "description": "H10", "isStart": false, "isEnd": false}, {"problemId": 348436, "description": "E16", "isStart": false, "isEnd": false}, {"problemId": 348436, "description": "C16", "isStart": false, "isEnd": false}, {"problemId": 348436, "description": "D18", "isStart": false, "isEnd": true}, {"problemId": 348436, "description": "B18", "isStart": false, "isEnd": true}, {"problemId": 348436, "description": "A13", "isStart": false, "isEnd": false}], "data.apiId": 348436}