{"data.grade": "6A+", "data.userGrade": "6A+", "data.method": "Feet follow hands", "data.userRating": 4, "data.repeats": 2, "data.moves": [{"problemId": 348797, "description": "A5", "isStart": true, "isEnd": false}, {"problemId": 348797, "description": "F5", "isStart": true, "isEnd": false}, {"problemId": 348797, "description": "B9", "isStart": false, "isEnd": false}, {"problemId": 348797, "description": "A11", "isStart": false, "isEnd": false}, {"problemId": 348797, "description": "D15", "isStart": false, "isEnd": false}, {"problemId": 348797, "description": "D18", "isStart": false, "isEnd": true}, {"problemId": 348797, "description": "H17", "isStart": false, "isEnd": false}, {"problemId": 348797, "description": "G17", "isStart": false, "isEnd": false}, {"problemId": 348797, "description": "H14", "isStart": false, "isEnd": false}, {"problemId": 348797, "description": "F7", "isStart": false, "isEnd": false}, {"problemId": 348797, "description": "I8", "isStart": false, "isEnd": false}, {"problemId": 348797, "description": "H10", "isStart": false, "isEnd": false}, {"problemId": 348797, "description": "K13", "isStart": false, "isEnd": false}, {"problemId": 348797, "description": "J16", "isStart": false, "isEnd": false}], "data.apiId": 348797}