{"data.grade": "6A+", "data.userGrade": null, "data.method": "Feet follow hands", "data.userRating": 0, "data.repeats": 0, "data.moves": [{"problemId": 344978, "description": "B5", "isStart": true, "isEnd": false}, {"problemId": 344978, "description": "E6", "isStart": true, "isEnd": false}, {"problemId": 344978, "description": "B10", "isStart": false, "isEnd": false}, {"problemId": 344978, "description": "E9", "isStart": false, "isEnd": false}, {"problemId": 344978, "description": "C13", "isStart": false, "isEnd": false}, {"problemId": 344978, "description": "E15", "isStart": false, "isEnd": false}, {"problemId": 344978, "description": "E18", "isStart": false, "isEnd": true}, {"problemId": 344978, "description": "D18", "isStart": false, "isEnd": true}], "data.apiId": 344978}