{"data.grade": "6A+", "data.userGrade": "6A+", "data.method": "Feet follow hands", "data.userRating": 4, "data.repeats": 14, "data.moves": [{"problemId": 333872, "description": "H5", "isStart": true, "isEnd": false}, {"problemId": 333872, "description": "G6", "isStart": false, "isEnd": false}, {"problemId": 333872, "description": "C16", "isStart": false, "isEnd": false}, {"problemId": 333872, "description": "F18", "isStart": false, "isEnd": true}, {"problemId": 333872, "description": "I8", "isStart": false, "isEnd": false}, {"problemId": 333872, "description": "G11", "isStart": false, "isEnd": false}, {"problemId": 333872, "description": "G13", "isStart": false, "isEnd": false}, {"problemId": 333872, "description": "E7", "isStart": false, "isEnd": false}, {"problemId": 333872, "description": "K4", "isStart": false, "isEnd": false}], "data.apiId": 333872}