{"data.grade": "6A+", "data.userGrade": "6A+", "data.method": "Feet follow hands", "data.userRating": 4, "data.repeats": 1419, "data.moves": [{"problemId": 310838, "description": "A5", "isStart": true, "isEnd": false}, {"problemId": 310838, "description": "F5", "isStart": true, "isEnd": false}, {"problemId": 310838, "description": "E8", "isStart": false, "isEnd": false}, {"problemId": 310838, "description": "D10", "isStart": false, "isEnd": false}, {"problemId": 310838, "description": "G13", "isStart": false, "isEnd": false}, {"problemId": 310838, "description": "G14", "isStart": false, "isEnd": false}, {"problemId": 310838, "description": "J16", "isStart": false, "isEnd": false}, {"problemId": 310838, "description": "J18", "isStart": false, "isEnd": true}], "data.apiId": 310838}