{"data.grade": "6A+", "data.userGrade": "6A+", "data.method": "Feet follow hands", "data.userRating": 4, "data.repeats": 20, "data.moves": [{"problemId": 432796, "description": "C4", "isStart": true, "isEnd": false}, {"problemId": 432796, "description": "F4", "isStart": true, "isEnd": false}, {"problemId": 432796, "description": "F7", "isStart": false, "isEnd": false}, {"problemId": 432796, "description": "C10", "isStart": false, "isEnd": false}, {"problemId": 432796, "description": "F12", "isStart": false, "isEnd": false}, {"problemId": 432796, "description": "B13", "isStart": false, "isEnd": false}, {"problemId": 432796, "description": "D15", "isStart": false, "isEnd": false}, {"problemId": 432796, "description": "B18", "isStart": false, "isEnd": true}], "data.apiId": 432796}