{"data.grade": "6A+", "data.userGrade": "6A+", "data.method": "Feet follow hands + screw ons", "data.userRating": 4, "data.repeats": 51, "data.moves": [{"problemId": 334681, "description": "H5", "isStart": true, "isEnd": false}, {"problemId": 334681, "description": "F8", "isStart": false, "isEnd": false}, {"problemId": 334681, "description": "J11", "isStart": false, "isEnd": false}, {"problemId": 334681, "description": "E13", "isStart": false, "isEnd": false}, {"problemId": 334681, "description": "E16", "isStart": false, "isEnd": false}, {"problemId": 334681, "description": "B18", "isStart": false, "isEnd": true}], "data.apiId": 334681}