{"data.grade": "6A+", "data.userGrade": null, "data.method": "Feet follow hands", "data.userRating": 3, "data.repeats": 10, "data.moves": [{"problemId": 364730, "description": "D5", "isStart": true, "isEnd": false}, {"problemId": 364730, "description": "I7", "isStart": false, "isEnd": false}, {"problemId": 364730, "description": "H10", "isStart": false, "isEnd": false}, {"problemId": 364730, "description": "E13", "isStart": false, "isEnd": false}, {"problemId": 364730, "description": "C16", "isStart": false, "isEnd": false}, {"problemId": 364730, "description": "B18", "isStart": false, "isEnd": true}], "data.apiId": 364730}