{"data.grade": "6A+", "data.userGrade": "6A+", "data.method": "Feet follow hands", "data.userRating": 4, "data.repeats": 17, "data.moves": [{"problemId": 339287, "description": "F5", "isStart": true, "isEnd": false}, {"problemId": 339287, "description": "D5", "isStart": true, "isEnd": false}, {"problemId": 339287, "description": "C7", "isStart": false, "isEnd": false}, {"problemId": 339287, "description": "E8", "isStart": false, "isEnd": false}, {"problemId": 339287, "description": "C10", "isStart": false, "isEnd": false}, {"problemId": 339287, "description": "A3", "isStart": false, "isEnd": false}, {"problemId": 339287, "description": "F12", "isStart": false, "isEnd": false}, {"problemId": 339287, "description": "C13", "isStart": false, "isEnd": false}, {"problemId": 339287, "description": "D15", "isStart": false, "isEnd": false}, {"problemId": 339287, "description": "C16", "isStart": false, "isEnd": false}, {"problemId": 339287, "description": "D18", "isStart": false, "isEnd": true}, {"problemId": 339287, "description": "B18", "isStart": false, "isEnd": true}], "data.apiId": 339287}