{"data.grade": "6A+", "data.userGrade": null, "data.method": "Feet follow hands", "data.userRating": 3, "data.repeats": 4, "data.moves": [{"problemId": 312387, "description": "F5", "isStart": true, "isEnd": false}, {"problemId": 312387, "description": "I8", "isStart": false, "isEnd": false}, {"problemId": 312387, "description": "D10", "isStart": false, "isEnd": false}, {"problemId": 312387, "description": "E13", "isStart": false, "isEnd": false}, {"problemId": 312387, "description": "B18", "isStart": false, "isEnd": true}], "data.apiId": 312387}