{"data.grade": "6A+", "data.userGrade": "6A+", "data.method": "Feet follow hands", "data.userRating": 4, "data.repeats": 55, "data.moves": [{"problemId": 371185, "description": "H5", "isStart": true, "isEnd": false}, {"problemId": 371185, "description": "K1", "isStart": false, "isEnd": false}, {"problemId": 371185, "description": "C4", "isStart": false, "isEnd": false}, {"problemId": 371185, "description": "I7", "isStart": false, "isEnd": false}, {"problemId": 371185, "description": "F8", "isStart": false, "isEnd": false}, {"problemId": 371185, "description": "G10", "isStart": false, "isEnd": false}, {"problemId": 371185, "description": "D10", "isStart": false, "isEnd": false}, {"problemId": 371185, "description": "E13", "isStart": false, "isEnd": false}, {"problemId": 371185, "description": "C16", "isStart": false, "isEnd": false}, {"problemId": 371185, "description": "F18", "isStart": false, "isEnd": true}, {"problemId": 371185, "description": "G3", "isStart": false, "isEnd": false}], "data.apiId": 371185}