{"data.grade": "6A+", "data.userGrade": null, "data.method": "Feet follow hands", "data.userRating": 3, "data.repeats": 27, "data.moves": [{"problemId": 396958, "description": "F5", "isStart": true, "isEnd": false}, {"problemId": 396958, "description": "A5", "isStart": true, "isEnd": false}, {"problemId": 396958, "description": "C7", "isStart": false, "isEnd": false}, {"problemId": 396958, "description": "D9", "isStart": false, "isEnd": false}, {"problemId": 396958, "description": "A4", "isStart": false, "isEnd": false}, {"problemId": 396958, "description": "I8", "isStart": false, "isEnd": false}, {"problemId": 396958, "description": "H10", "isStart": false, "isEnd": false}, {"problemId": 396958, "description": "E13", "isStart": false, "isEnd": false}, {"problemId": 396958, "description": "G15", "isStart": false, "isEnd": false}, {"problemId": 396958, "description": "C16", "isStart": false, "isEnd": false}, {"problemId": 396958, "description": "E18", "isStart": false, "isEnd": true}], "data.apiId": 396958}