{"data.grade": "6A+", "data.userGrade": "6A+", "data.method": "Feet follow hands", "data.userRating": 4, "data.repeats": 20, "data.moves": [{"problemId": 328522, "description": "H5", "isStart": true, "isEnd": false}, {"problemId": 328522, "description": "F5", "isStart": true, "isEnd": false}, {"problemId": 328522, "description": "H8", "isStart": false, "isEnd": false}, {"problemId": 328522, "description": "H10", "isStart": false, "isEnd": false}, {"problemId": 328522, "description": "F13", "isStart": false, "isEnd": false}, {"problemId": 328522, "description": "H14", "isStart": false, "isEnd": false}, {"problemId": 328522, "description": "E16", "isStart": false, "isEnd": false}, {"problemId": 328522, "description": "H18", "isStart": false, "isEnd": true}], "data.apiId": 328522}