{"data.grade": "6A+", "data.userGrade": "6A+", "data.method": "Feet follow hands", "data.userRating": 4, "data.repeats": 21, "data.moves": [{"problemId": 414230, "description": "H5", "isStart": true, "isEnd": false}, {"problemId": 414230, "description": "D4", "isStart": true, "isEnd": false}, {"problemId": 414230, "description": "D9", "isStart": false, "isEnd": false}, {"problemId": 414230, "description": "G10", "isStart": false, "isEnd": false}, {"problemId": 414230, "description": "G17", "isStart": false, "isEnd": false}, {"problemId": 414230, "description": "H18", "isStart": false, "isEnd": true}, {"problemId": 414230, "description": "D18", "isStart": false, "isEnd": true}, {"problemId": 414230, "description": "E13", "isStart": false, "isEnd": false}], "data.apiId": 414230}