{"data.grade": "6A+", "data.userGrade": null, "data.method": "Feet follow hands", "data.userRating": 0, "data.repeats": 0, "data.moves": [{"problemId": 322604, "description": "E5", "isStart": true, "isEnd": false}, {"problemId": 322604, "description": "I7", "isStart": false, "isEnd": false}, {"problemId": 322604, "description": "D10", "isStart": false, "isEnd": false}, {"problemId": 322604, "description": "E13", "isStart": false, "isEnd": false}, {"problemId": 322604, "description": "C16", "isStart": false, "isEnd": false}, {"problemId": 322604, "description": "F18", "isStart": false, "isEnd": true}], "data.apiId": 322604}