{"data.grade": "6A+", "data.userGrade": "6A+", "data.method": "Feet follow hands", "data.userRating": 4, "data.repeats": 29, "data.moves": [{"problemId": 381198, "description": "F5", "isStart": true, "isEnd": false}, {"problemId": 381198, "description": "H5", "isStart": true, "isEnd": false}, {"problemId": 381198, "description": "I8", "isStart": false, "isEnd": false}, {"problemId": 381198, "description": "F8", "isStart": false, "isEnd": false}, {"problemId": 381198, "description": "H10", "isStart": false, "isEnd": false}, {"problemId": 381198, "description": "E13", "isStart": false, "isEnd": false}, {"problemId": 381198, "description": "G13", "isStart": false, "isEnd": false}, {"problemId": 381198, "description": "C16", "isStart": false, "isEnd": false}, {"problemId": 381198, "description": "F18", "isStart": false, "isEnd": true}], "data.apiId": 381198}