{"data.grade": "6A+", "data.userGrade": "6A+", "data.method": "Feet follow hands", "data.userRating": 4, "data.repeats": 211, "data.moves": [{"problemId": 316874, "description": "D4", "isStart": true, "isEnd": false}, {"problemId": 316874, "description": "F5", "isStart": true, "isEnd": false}, {"problemId": 316874, "description": "F8", "isStart": false, "isEnd": false}, {"problemId": 316874, "description": "D10", "isStart": false, "isEnd": false}, {"problemId": 316874, "description": "E13", "isStart": false, "isEnd": false}, {"problemId": 316874, "description": "C14", "isStart": false, "isEnd": false}, {"problemId": 316874, "description": "E16", "isStart": false, "isEnd": false}, {"problemId": 316874, "description": "B18", "isStart": false, "isEnd": true}], "data.apiId": 316874}