{"data.grade": "6A+", "data.userGrade": null, "data.method": "Feet follow hands", "data.userRating": 4, "data.repeats": 31, "data.moves": [{"problemId": 361032, "description": "E3", "isStart": true, "isEnd": false}, {"problemId": 361032, "description": "H5", "isStart": true, "isEnd": false}, {"problemId": 361032, "description": "F8", "isStart": false, "isEnd": false}, {"problemId": 361032, "description": "G10", "isStart": false, "isEnd": false}, {"problemId": 361032, "description": "E13", "isStart": false, "isEnd": false}, {"problemId": 361032, "description": "C16", "isStart": false, "isEnd": false}, {"problemId": 361032, "description": "B18", "isStart": false, "isEnd": true}], "data.apiId": 361032}