{"data.grade": "6A+", "data.userGrade": null, "data.method": "Feet follow hands", "data.userRating": 4, "data.repeats": 16, "data.moves": [{"problemId": 397966, "description": "B4", "isStart": true, "isEnd": false}, {"problemId": 397966, "description": "B6", "isStart": true, "isEnd": false}, {"problemId": 397966, "description": "F8", "isStart": false, "isEnd": false}, {"problemId": 397966, "description": "D10", "isStart": false, "isEnd": false}, {"problemId": 397966, "description": "G13", "isStart": false, "isEnd": false}, {"problemId": 397966, "description": "H15", "isStart": false, "isEnd": false}, {"problemId": 397966, "description": "K15", "isStart": false, "isEnd": false}, {"problemId": 397966, "description": "J18", "isStart": false, "isEnd": true}], "data.apiId": 397966}