{"data.grade": "6A+", "data.userGrade": "6A+", "data.method": "Feet follow hands", "data.userRating": 4, "data.repeats": 10, "data.moves": [{"problemId": 329170, "description": "H5", "isStart": true, "isEnd": false}, {"problemId": 329170, "description": "F8", "isStart": false, "isEnd": false}, {"problemId": 329170, "description": "H10", "isStart": false, "isEnd": false}, {"problemId": 329170, "description": "G11", "isStart": false, "isEnd": false}, {"problemId": 329170, "description": "G13", "isStart": false, "isEnd": false}, {"problemId": 329170, "description": "D15", "isStart": false, "isEnd": false}, {"problemId": 329170, "description": "E18", "isStart": false, "isEnd": true}], "data.apiId": 329170}