{"data.grade": "6A+", "data.userGrade": null, "data.method": "Feet follow hands", "data.userRating": 4, "data.repeats": 28, "data.moves": [{"problemId": 350154, "description": "F5", "isStart": true, "isEnd": false}, {"problemId": 350154, "description": "H5", "isStart": true, "isEnd": false}, {"problemId": 350154, "description": "I8", "isStart": false, "isEnd": false}, {"problemId": 350154, "description": "H10", "isStart": false, "isEnd": false}, {"problemId": 350154, "description": "J13", "isStart": false, "isEnd": false}, {"problemId": 350154, "description": "G13", "isStart": false, "isEnd": false}, {"problemId": 350154, "description": "E13", "isStart": false, "isEnd": false}, {"problemId": 350154, "description": "E16", "isStart": false, "isEnd": false}, {"problemId": 350154, "description": "H18", "isStart": false, "isEnd": true}, {"problemId": 350154, "description": "F18", "isStart": false, "isEnd": true}], "data.apiId": 350154}