{"data.grade": "6A+", "data.userGrade": null, "data.method": "Feet follow hands", "data.userRating": 4, "data.repeats": 4, "data.moves": [{"problemId": 388300, "description": "H5", "isStart": true, "isEnd": false}, {"problemId": 388300, "description": "I7", "isStart": false, "isEnd": false}, {"problemId": 388300, "description": "H9", "isStart": false, "isEnd": false}, {"problemId": 388300, "description": "J11", "isStart": false, "isEnd": false}, {"problemId": 388300, "description": "F12", "isStart": false, "isEnd": false}, {"problemId": 388300, "description": "G14", "isStart": false, "isEnd": false}, {"problemId": 388300, "description": "G16", "isStart": false, "isEnd": false}, {"problemId": 388300, "description": "C16", "isStart": false, "isEnd": false}, {"problemId": 388300, "description": "C14", "isStart": false, "isEnd": false}, {"problemId": 388300, "description": "A11", "isStart": false, "isEnd": false}, {"problemId": 388300, "description": "C10", "isStart": false, "isEnd": false}, {"problemId": 388300, "description": "B8", "isStart": false, "isEnd": false}, {"problemId": 388300, "description": "E8", "isStart": false, "isEnd": false}, {"problemId": 388300, "description": "E18", "isStart": false, "isEnd": true}], "data.apiId": 388300}