{"data.grade": "6A+", "data.userGrade": "6A+", "data.method": "Feet follow hands", "data.userRating": 4, "data.repeats": 26, "data.moves": [{"problemId": 422811, "description": "H5", "isStart": true, "isEnd": false}, {"problemId": 422811, "description": "G3", "isStart": true, "isEnd": false}, {"problemId": 422811, "description": "F8", "isStart": false, "isEnd": false}, {"problemId": 422811, "description": "G10", "isStart": false, "isEnd": false}, {"problemId": 422811, "description": "D11", "isStart": false, "isEnd": false}, {"problemId": 422811, "description": "E13", "isStart": false, "isEnd": false}, {"problemId": 422811, "description": "D16", "isStart": false, "isEnd": false}, {"problemId": 422811, "description": "F18", "isStart": false, "isEnd": true}], "data.apiId": 422811}