{"data.grade": "6A+", "data.userGrade": null, "data.method": "Feet follow hands + screw ons", "data.userRating": 2, "data.repeats": 3, "data.moves": [{"problemId": 350639, "description": "F9", "isStart": false, "isEnd": false}, {"problemId": 350639, "description": "F5", "isStart": false, "isEnd": false}, {"problemId": 350639, "description": "H11", "isStart": false, "isEnd": false}, {"problemId": 350639, "description": "H5", "isStart": false, "isEnd": false}, {"problemId": 350639, "description": "I2", "isStart": true, "isEnd": false}, {"problemId": 350639, "description": "E13", "isStart": false, "isEnd": false}, {"problemId": 350639, "description": "G16", "isStart": false, "isEnd": false}, {"problemId": 350639, "description": "E18", "isStart": false, "isEnd": true}, {"problemId": 350639, "description": "D18", "isStart": false, "isEnd": true}, {"problemId": 350639, "description": "D15", "isStart": false, "isEnd": false}, {"problemId": 350639, "description": "E3", "isStart": true, "isEnd": false}, {"problemId": 350639, "description": "G7", "isStart": false, "isEnd": false}, {"problemId": 350639, "description": "I8", "isStart": false, "isEnd": false}, {"problemId": 350639, "description": "F12", "isStart": false, "isEnd": false}], "data.apiId": 350639}