{"data.grade": "6A+", "data.userGrade": null, "data.method": "Feet follow hands", "data.userRating": 4, "data.repeats": 4, "data.moves": [{"problemId": 334190, "description": "D2", "isStart": true, "isEnd": false}, {"problemId": 334190, "description": "I4", "isStart": true, "isEnd": false}, {"problemId": 334190, "description": "D5", "isStart": false, "isEnd": false}, {"problemId": 334190, "description": "D9", "isStart": false, "isEnd": false}, {"problemId": 334190, "description": "G8", "isStart": false, "isEnd": false}, {"problemId": 334190, "description": "G12", "isStart": false, "isEnd": false}, {"problemId": 334190, "description": "G13", "isStart": false, "isEnd": false}, {"problemId": 334190, "description": "K15", "isStart": false, "isEnd": false}, {"problemId": 334190, "description": "J18", "isStart": false, "isEnd": true}], "data.apiId": 334190}