{"data.grade": "6A+", "data.userGrade": null, "data.method": "Feet follow hands + screw ons", "data.userRating": 3, "data.repeats": 5, "data.moves": [{"problemId": 309173, "description": "H5", "isStart": true, "isEnd": false}, {"problemId": 309173, "description": "F5", "isStart": true, "isEnd": false}, {"problemId": 309173, "description": "F6", "isStart": false, "isEnd": false}, {"problemId": 309173, "description": "F8", "isStart": false, "isEnd": false}, {"problemId": 309173, "description": "F9", "isStart": false, "isEnd": false}, {"problemId": 309173, "description": "E13", "isStart": false, "isEnd": false}, {"problemId": 309173, "description": "B18", "isStart": false, "isEnd": true}], "data.apiId": 309173}