{"data.grade": "6A+", "data.userGrade": "6A+", "data.method": "Feet follow hands", "data.userRating": 3, "data.repeats": 3, "data.moves": [{"problemId": 442393, "description": "A5", "isStart": true, "isEnd": false}, {"problemId": 442393, "description": "E6", "isStart": true, "isEnd": false}, {"problemId": 442393, "description": "B8", "isStart": false, "isEnd": false}, {"problemId": 442393, "description": "E11", "isStart": false, "isEnd": false}, {"problemId": 442393, "description": "D12", "isStart": false, "isEnd": false}, {"problemId": 442393, "description": "G13", "isStart": false, "isEnd": false}, {"problemId": 442393, "description": "G14", "isStart": false, "isEnd": false}, {"problemId": 442393, "description": "I16", "isStart": false, "isEnd": false}, {"problemId": 442393, "description": "H18", "isStart": false, "isEnd": true}, {"problemId": 442393, "description": "K8", "isStart": false, "isEnd": false}], "data.apiId": 442393}