{"data.grade": "6A+", "data.userGrade": "6A+", "data.method": "Feet follow hands", "data.userRating": 4, "data.repeats": 23, "data.moves": [{"problemId": 388485, "description": "K4", "isStart": true, "isEnd": false}, {"problemId": 388485, "description": "H5", "isStart": true, "isEnd": false}, {"problemId": 388485, "description": "I7", "isStart": false, "isEnd": false}, {"problemId": 388485, "description": "I10", "isStart": false, "isEnd": false}, {"problemId": 388485, "description": "F8", "isStart": false, "isEnd": false}, {"problemId": 388485, "description": "E13", "isStart": false, "isEnd": false}, {"problemId": 388485, "description": "E16", "isStart": false, "isEnd": false}, {"problemId": 388485, "description": "C16", "isStart": false, "isEnd": false}, {"problemId": 388485, "description": "B18", "isStart": false, "isEnd": true}], "data.apiId": 388485}