{"data.grade": "6A+", "data.userGrade": null, "data.method": "Feet follow hands", "data.userRating": 3, "data.repeats": 11, "data.moves": [{"problemId": 351883, "description": "D5", "isStart": false, "isEnd": false}, {"problemId": 351883, "description": "D6", "isStart": false, "isEnd": false}, {"problemId": 351883, "description": "C7", "isStart": false, "isEnd": false}, {"problemId": 351883, "description": "B9", "isStart": false, "isEnd": false}, {"problemId": 351883, "description": "C10", "isStart": false, "isEnd": false}, {"problemId": 351883, "description": "E11", "isStart": false, "isEnd": false}, {"problemId": 351883, "description": "F12", "isStart": false, "isEnd": false}, {"problemId": 351883, "description": "G13", "isStart": false, "isEnd": false}, {"problemId": 351883, "description": "G14", "isStart": false, "isEnd": false}, {"problemId": 351883, "description": "D15", "isStart": false, "isEnd": false}, {"problemId": 351883, "description": "D18", "isStart": false, "isEnd": true}, {"problemId": 351883, "description": "F4", "isStart": true, "isEnd": false}, {"problemId": 351883, "description": "G4", "isStart": true, "isEnd": false}, {"problemId": 351883, "description": "A18", "isStart": false, "isEnd": true}], "data.apiId": 351883}