{"data.grade": "6A+", "data.userGrade": null, "data.method": "Feet follow hands + screw ons", "data.userRating": 4, "data.repeats": 5, "data.moves": [{"problemId": 331752, "description": "F5", "isStart": true, "isEnd": false}, {"problemId": 331752, "description": "B4", "isStart": true, "isEnd": false}, {"problemId": 331752, "description": "B8", "isStart": false, "isEnd": false}, {"problemId": 331752, "description": "E11", "isStart": false, "isEnd": false}, {"problemId": 331752, "description": "C13", "isStart": false, "isEnd": false}, {"problemId": 331752, "description": "E16", "isStart": false, "isEnd": false}, {"problemId": 331752, "description": "E17", "isStart": false, "isEnd": false}, {"problemId": 331752, "description": "H18", "isStart": false, "isEnd": true}], "data.apiId": 331752}