{"data.grade": "6A+", "data.userGrade": "6A+", "data.method": "Feet follow hands", "data.userRating": 4, "data.repeats": 19, "data.moves": [{"problemId": 326506, "description": "I5", "isStart": true, "isEnd": false}, {"problemId": 326506, "description": "G6", "isStart": true, "isEnd": false}, {"problemId": 326506, "description": "J3", "isStart": false, "isEnd": false}, {"problemId": 326506, "description": "K5", "isStart": false, "isEnd": false}, {"problemId": 326506, "description": "J9", "isStart": false, "isEnd": false}, {"problemId": 326506, "description": "J11", "isStart": false, "isEnd": false}, {"problemId": 326506, "description": "K15", "isStart": false, "isEnd": false}, {"problemId": 326506, "description": "H18", "isStart": false, "isEnd": true}], "data.apiId": 326506}