{"data.grade": "6A+", "data.userGrade": "6B", "data.method": "Feet follow hands", "data.userRating": 4, "data.repeats": 9, "data.moves": [{"problemId": 424112, "description": "D9", "isStart": false, "isEnd": false}, {"problemId": 424112, "description": "E11", "isStart": false, "isEnd": false}, {"problemId": 424112, "description": "B13", "isStart": false, "isEnd": false}, {"problemId": 424112, "description": "E16", "isStart": false, "isEnd": false}, {"problemId": 424112, "description": "D5", "isStart": true, "isEnd": false}, {"problemId": 424112, "description": "F8", "isStart": false, "isEnd": false}, {"problemId": 424112, "description": "H5", "isStart": true, "isEnd": false}, {"problemId": 424112, "description": "H9", "isStart": false, "isEnd": false}, {"problemId": 424112, "description": "F17", "isStart": false, "isEnd": false}, {"problemId": 424112, "description": "H18", "isStart": false, "isEnd": true}], "data.apiId": 424112}