{"data.grade": "6A+", "data.userGrade": "6A+", "data.method": "Feet follow hands", "data.userRating": 4, "data.repeats": 8, "data.moves": [{"problemId": 330188, "description": "F18", "isStart": false, "isEnd": true}, {"problemId": 330188, "description": "C13", "isStart": false, "isEnd": false}, {"problemId": 330188, "description": "H10", "isStart": false, "isEnd": false}, {"problemId": 330188, "description": "F12", "isStart": false, "isEnd": false}, {"problemId": 330188, "description": "E13", "isStart": false, "isEnd": false}, {"problemId": 330188, "description": "C16", "isStart": false, "isEnd": false}, {"problemId": 330188, "description": "I8", "isStart": false, "isEnd": false}, {"problemId": 330188, "description": "F5", "isStart": true, "isEnd": false}, {"problemId": 330188, "description": "I7", "isStart": false, "isEnd": false}], "data.apiId": 330188}