{"data.grade": "6A+", "data.userGrade": "6A+", "data.method": "Feet follow hands + screw ons", "data.userRating": 4, "data.repeats": 7, "data.moves": [{"problemId": 436138, "description": "F5", "isStart": true, "isEnd": false}, {"problemId": 436138, "description": "H5", "isStart": true, "isEnd": false}, {"problemId": 436138, "description": "I7", "isStart": false, "isEnd": false}, {"problemId": 436138, "description": "H8", "isStart": false, "isEnd": false}, {"problemId": 436138, "description": "H10", "isStart": false, "isEnd": false}, {"problemId": 436138, "description": "F12", "isStart": false, "isEnd": false}, {"problemId": 436138, "description": "F13", "isStart": false, "isEnd": false}, {"problemId": 436138, "description": "C10", "isStart": false, "isEnd": false}, {"problemId": 436138, "description": "D15", "isStart": false, "isEnd": false}, {"problemId": 436138, "description": "C16", "isStart": false, "isEnd": false}, {"problemId": 436138, "description": "B18", "isStart": false, "isEnd": true}], "data.apiId": 436138}