{"data.grade": "6A+", "data.userGrade": "6A+", "data.method": "Feet follow hands", "data.userRating": 3, "data.repeats": 5, "data.moves": [{"problemId": 337867, "description": "A5", "isStart": true, "isEnd": false}, {"problemId": 337867, "description": "C7", "isStart": false, "isEnd": false}, {"problemId": 337867, "description": "D4", "isStart": true, "isEnd": false}, {"problemId": 337867, "description": "E6", "isStart": false, "isEnd": false}, {"problemId": 337867, "description": "F5", "isStart": false, "isEnd": false}, {"problemId": 337867, "description": "H5", "isStart": false, "isEnd": false}, {"problemId": 337867, "description": "I7", "isStart": false, "isEnd": false}, {"problemId": 337867, "description": "H10", "isStart": false, "isEnd": false}, {"problemId": 337867, "description": "J11", "isStart": false, "isEnd": false}, {"problemId": 337867, "description": "G13", "isStart": false, "isEnd": false}, {"problemId": 337867, "description": "H15", "isStart": false, "isEnd": false}, {"problemId": 337867, "description": "G17", "isStart": false, "isEnd": false}, {"problemId": 337867, "description": "H18", "isStart": false, "isEnd": true}, {"problemId": 337867, "description": "J18", "isStart": false, "isEnd": true}], "data.apiId": 337867}