{"data.grade": "6A+", "data.userGrade": null, "data.method": "Feet follow hands", "data.userRating": 4, "data.repeats": 1, "data.moves": [{"problemId": 346131, "description": "B2", "isStart": true, "isEnd": false}, {"problemId": 346131, "description": "A5", "isStart": true, "isEnd": false}, {"problemId": 346131, "description": "F5", "isStart": false, "isEnd": false}, {"problemId": 346131, "description": "C7", "isStart": false, "isEnd": false}, {"problemId": 346131, "description": "D9", "isStart": false, "isEnd": false}, {"problemId": 346131, "description": "G8", "isStart": false, "isEnd": false}, {"problemId": 346131, "description": "H10", "isStart": false, "isEnd": false}, {"problemId": 346131, "description": "E11", "isStart": false, "isEnd": false}, {"problemId": 346131, "description": "G14", "isStart": false, "isEnd": false}, {"problemId": 346131, "description": "I15", "isStart": false, "isEnd": false}, {"problemId": 346131, "description": "G16", "isStart": false, "isEnd": false}, {"problemId": 346131, "description": "J18", "isStart": false, "isEnd": true}], "data.apiId": 346131}