{"data.grade": "6A+", "data.userGrade": null, "data.method": "Feet follow hands", "data.userRating": 3, "data.repeats": 3, "data.moves": [{"problemId": 344836, "description": "F6", "isStart": true, "isEnd": false}, {"problemId": 344836, "description": "I7", "isStart": false, "isEnd": false}, {"problemId": 344836, "description": "J9", "isStart": false, "isEnd": false}, {"problemId": 344836, "description": "J11", "isStart": false, "isEnd": false}, {"problemId": 344836, "description": "K13", "isStart": false, "isEnd": false}, {"problemId": 344836, "description": "K15", "isStart": false, "isEnd": false}, {"problemId": 344836, "description": "J18", "isStart": false, "isEnd": true}, {"problemId": 344836, "description": "G2", "isStart": false, "isEnd": false}, {"problemId": 344836, "description": "I3", "isStart": false, "isEnd": false}, {"problemId": 344836, "description": "G4", "isStart": false, "isEnd": false}, {"problemId": 344836, "description": "E4", "isStart": false, "isEnd": false}, {"problemId": 344836, "description": "D3", "isStart": false, "isEnd": false}, {"problemId": 344836, "description": "D2", "isStart": false, "isEnd": false}, {"problemId": 344836, "description": "H5", "isStart": true, "isEnd": false}], "data.apiId": 344836}