{"data.grade": "6A+", "data.userGrade": "6A+", "data.method": "Feet follow hands", "data.userRating": 4, "data.repeats": 15, "data.moves": [{"problemId": 328967, "description": "F5", "isStart": true, "isEnd": false}, {"problemId": 328967, "description": "K4", "isStart": true, "isEnd": false}, {"problemId": 328967, "description": "I7", "isStart": false, "isEnd": false}, {"problemId": 328967, "description": "H11", "isStart": false, "isEnd": false}, {"problemId": 328967, "description": "J13", "isStart": false, "isEnd": false}, {"problemId": 328967, "description": "H15", "isStart": false, "isEnd": false}, {"problemId": 328967, "description": "J18", "isStart": false, "isEnd": true}], "data.apiId": 328967}