{"data.grade": "6A+", "data.userGrade": null, "data.method": "Feet follow hands", "data.userRating": 0, "data.repeats": 0, "data.moves": [{"problemId": 329631, "description": "F3", "isStart": true, "isEnd": false}, {"problemId": 329631, "description": "G3", "isStart": true, "isEnd": false}, {"problemId": 329631, "description": "I5", "isStart": false, "isEnd": false}, {"problemId": 329631, "description": "H7", "isStart": false, "isEnd": false}, {"problemId": 329631, "description": "K9", "isStart": false, "isEnd": false}, {"problemId": 329631, "description": "H11", "isStart": false, "isEnd": false}, {"problemId": 329631, "description": "E15", "isStart": false, "isEnd": false}, {"problemId": 329631, "description": "F18", "isStart": false, "isEnd": true}, {"problemId": 329631, "description": "G15", "isStart": false, "isEnd": false}], "data.apiId": 329631}