{"data.grade": "6A+", "data.userGrade": null, "data.method": "Feet follow hands", "data.userRating": 4, "data.repeats": 6, "data.moves": [{"problemId": 385231, "description": "D5", "isStart": true, "isEnd": false}, {"problemId": 385231, "description": "G4", "isStart": true, "isEnd": false}, {"problemId": 385231, "description": "H8", "isStart": false, "isEnd": false}, {"problemId": 385231, "description": "F8", "isStart": false, "isEnd": false}, {"problemId": 385231, "description": "J11", "isStart": false, "isEnd": false}, {"problemId": 385231, "description": "J14", "isStart": false, "isEnd": false}, {"problemId": 385231, "description": "K15", "isStart": false, "isEnd": false}, {"problemId": 385231, "description": "G17", "isStart": false, "isEnd": false}, {"problemId": 385231, "description": "E18", "isStart": false, "isEnd": true}, {"problemId": 385231, "description": "G16", "isStart": false, "isEnd": false}], "data.apiId": 385231}