{"data.grade": "6A+", "data.userGrade": "6A+", "data.method": "Feet follow hands + screw ons", "data.userRating": 4, "data.repeats": 175, "data.moves": [{"problemId": 317253, "description": "A4", "isStart": true, "isEnd": false}, {"problemId": 317253, "description": "B8", "isStart": false, "isEnd": false}, {"problemId": 317253, "description": "F5", "isStart": true, "isEnd": false}, {"problemId": 317253, "description": "C10", "isStart": false, "isEnd": false}, {"problemId": 317253, "description": "E8", "isStart": false, "isEnd": false}, {"problemId": 317253, "description": "F12", "isStart": false, "isEnd": false}, {"problemId": 317253, "description": "E13", "isStart": false, "isEnd": false}, {"problemId": 317253, "description": "H14", "isStart": false, "isEnd": false}, {"problemId": 317253, "description": "J16", "isStart": false, "isEnd": false}, {"problemId": 317253, "description": "H18", "isStart": false, "isEnd": true}], "data.apiId": 317253}