{"data.grade": "6A+", "data.userGrade": "6A+", "data.method": "Feet follow hands", "data.userRating": 4, "data.repeats": 16, "data.moves": [{"problemId": 347252, "description": "F5", "isStart": true, "isEnd": false}, {"problemId": 347252, "description": "D9", "isStart": false, "isEnd": false}, {"problemId": 347252, "description": "H10", "isStart": false, "isEnd": false}, {"problemId": 347252, "description": "E13", "isStart": false, "isEnd": false}, {"problemId": 347252, "description": "E16", "isStart": false, "isEnd": false}, {"problemId": 347252, "description": "F18", "isStart": false, "isEnd": true}], "data.apiId": 347252}