{"data.grade": "6A+", "data.userGrade": null, "data.method": "Feet follow hands", "data.userRating": 0, "data.repeats": 0, "data.moves": [{"problemId": 380588, "description": "K2", "isStart": true, "isEnd": false}, {"problemId": 380588, "description": "G6", "isStart": true, "isEnd": false}, {"problemId": 380588, "description": "K9", "isStart": false, "isEnd": false}, {"problemId": 380588, "description": "H11", "isStart": false, "isEnd": false}, {"problemId": 380588, "description": "K5", "isStart": false, "isEnd": false}, {"problemId": 380588, "description": "J13", "isStart": false, "isEnd": false}, {"problemId": 380588, "description": "E15", "isStart": false, "isEnd": false}, {"problemId": 380588, "description": "F17", "isStart": false, "isEnd": false}, {"problemId": 380588, "description": "C18", "isStart": false, "isEnd": true}, {"problemId": 380588, "description": "C10", "isStart": false, "isEnd": false}], "data.apiId": 380588}