{"data.grade": "6A+", "data.userGrade": "6A+", "data.method": "Feet follow hands", "data.userRating": 4, "data.repeats": 11, "data.moves": [{"problemId": 320828, "description": "H5", "isStart": true, "isEnd": false}, {"problemId": 320828, "description": "D4", "isStart": true, "isEnd": false}, {"problemId": 320828, "description": "E7", "isStart": false, "isEnd": false}, {"problemId": 320828, "description": "F9", "isStart": false, "isEnd": false}, {"problemId": 320828, "description": "E10", "isStart": false, "isEnd": false}, {"problemId": 320828, "description": "F12", "isStart": false, "isEnd": false}, {"problemId": 320828, "description": "C14", "isStart": false, "isEnd": false}, {"problemId": 320828, "description": "C16", "isStart": false, "isEnd": false}, {"problemId": 320828, "description": "A18", "isStart": false, "isEnd": true}], "data.apiId": 320828}