{"data.grade": "6A+", "data.userGrade": "6A+", "data.method": "Feet follow hands", "data.userRating": 4, "data.repeats": 567, "data.moves": [{"problemId": 309386, "description": "H5", "isStart": true, "isEnd": false}, {"problemId": 309386, "description": "F6", "isStart": true, "isEnd": false}, {"problemId": 309386, "description": "F8", "isStart": false, "isEnd": false}, {"problemId": 309386, "description": "H10", "isStart": false, "isEnd": false}, {"problemId": 309386, "description": "E13", "isStart": false, "isEnd": false}, {"problemId": 309386, "description": "E16", "isStart": false, "isEnd": false}, {"problemId": 309386, "description": "D18", "isStart": false, "isEnd": true}], "data.apiId": 309386}