{"data.grade": "6A+", "data.userGrade": "6A+", "data.method": "Feet follow hands", "data.userRating": 4, "data.repeats": 32, "data.moves": [{"problemId": 371744, "description": "F5", "isStart": true, "isEnd": false}, {"problemId": 371744, "description": "H5", "isStart": true, "isEnd": false}, {"problemId": 371744, "description": "G8", "isStart": false, "isEnd": false}, {"problemId": 371744, "description": "F8", "isStart": false, "isEnd": false}, {"problemId": 371744, "description": "G10", "isStart": false, "isEnd": false}, {"problemId": 371744, "description": "E13", "isStart": false, "isEnd": false}, {"problemId": 371744, "description": "H16", "isStart": false, "isEnd": false}, {"problemId": 371744, "description": "K12", "isStart": false, "isEnd": false}, {"problemId": 371744, "description": "F18", "isStart": false, "isEnd": true}], "data.apiId": 371744}