{"data.grade": "6A+", "data.userGrade": null, "data.method": "Feet follow hands", "data.userRating": 0, "data.repeats": 0, "data.moves": [{"problemId": 353942, "description": "F6", "isStart": true, "isEnd": false}, {"problemId": 353942, "description": "I10", "isStart": false, "isEnd": false}, {"problemId": 353942, "description": "D2", "isStart": true, "isEnd": false}, {"problemId": 353942, "description": "E10", "isStart": false, "isEnd": false}, {"problemId": 353942, "description": "E14", "isStart": false, "isEnd": false}, {"problemId": 353942, "description": "F18", "isStart": false, "isEnd": true}], "data.apiId": 353942}