{"data.grade": "6A+", "data.userGrade": "6A+", "data.method": "Feet follow hands", "data.userRating": 4, "data.repeats": 13, "data.moves": [{"problemId": 443601, "description": "F5", "isStart": true, "isEnd": false}, {"problemId": 443601, "description": "E8", "isStart": false, "isEnd": false}, {"problemId": 443601, "description": "H10", "isStart": false, "isEnd": false}, {"problemId": 443601, "description": "G14", "isStart": false, "isEnd": false}, {"problemId": 443601, "description": "I16", "isStart": false, "isEnd": false}, {"problemId": 443601, "description": "K17", "isStart": false, "isEnd": false}, {"problemId": 443601, "description": "H18", "isStart": false, "isEnd": true}], "data.apiId": 443601}