{"data.grade": "6A+", "data.userGrade": "6A+", "data.method": "Feet follow hands", "data.userRating": 4, "data.repeats": 10, "data.moves": [{"problemId": 438666, "description": "E3", "isStart": true, "isEnd": false}, {"problemId": 438666, "description": "E13", "isStart": false, "isEnd": false}, {"problemId": 438666, "description": "H5", "isStart": true, "isEnd": false}, {"problemId": 438666, "description": "E7", "isStart": false, "isEnd": false}, {"problemId": 438666, "description": "D10", "isStart": false, "isEnd": false}, {"problemId": 438666, "description": "H15", "isStart": false, "isEnd": false}, {"problemId": 438666, "description": "F18", "isStart": false, "isEnd": true}, {"problemId": 438666, "description": "I11", "isStart": false, "isEnd": false}], "data.apiId": 438666}