{"data.grade": "6A+", "data.userGrade": null, "data.method": "Feet follow hands", "data.userRating": 4, "data.repeats": 10, "data.moves": [{"problemId": 367946, "description": "C1", "isStart": true, "isEnd": false}, {"problemId": 367946, "description": "D6", "isStart": true, "isEnd": false}, {"problemId": 367946, "description": "C7", "isStart": false, "isEnd": false}, {"problemId": 367946, "description": "C10", "isStart": false, "isEnd": false}, {"problemId": 367946, "description": "A11", "isStart": false, "isEnd": false}, {"problemId": 367946, "description": "B13", "isStart": false, "isEnd": false}, {"problemId": 367946, "description": "D15", "isStart": false, "isEnd": false}, {"problemId": 367946, "description": "C17", "isStart": false, "isEnd": false}, {"problemId": 367946, "description": "F18", "isStart": false, "isEnd": true}], "data.apiId": 367946}