{"data.grade": "6A+", "data.userGrade": null, "data.method": "Feet follow hands", "data.userRating": 4, "data.repeats": 4, "data.moves": [{"problemId": 317173, "description": "C4", "isStart": true, "isEnd": false}, {"problemId": 317173, "description": "G7", "isStart": false, "isEnd": false}, {"problemId": 317173, "description": "E8", "isStart": false, "isEnd": false}, {"problemId": 317173, "description": "F10", "isStart": false, "isEnd": false}, {"problemId": 317173, "description": "D11", "isStart": false, "isEnd": false}, {"problemId": 317173, "description": "C13", "isStart": false, "isEnd": false}, {"problemId": 317173, "description": "D15", "isStart": false, "isEnd": false}, {"problemId": 317173, "description": "C15", "isStart": false, "isEnd": false}, {"problemId": 317173, "description": "A11", "isStart": false, "isEnd": false}, {"problemId": 317173, "description": "A18", "isStart": false, "isEnd": true}], "data.apiId": 317173}