{"data.grade": "6A+", "data.userGrade": "6A+", "data.method": "Feet follow hands", "data.userRating": 4, "data.repeats": 11, "data.moves": [{"problemId": 332560, "description": "F5", "isStart": true, "isEnd": false}, {"problemId": 332560, "description": "D5", "isStart": true, "isEnd": false}, {"problemId": 332560, "description": "D9", "isStart": false, "isEnd": false}, {"problemId": 332560, "description": "G13", "isStart": false, "isEnd": false}, {"problemId": 332560, "description": "E18", "isStart": false, "isEnd": true}, {"problemId": 332560, "description": "G10", "isStart": false, "isEnd": false}, {"problemId": 332560, "description": "C16", "isStart": false, "isEnd": false}], "data.apiId": 332560}