{"data.grade": "6A+", "data.userGrade": null, "data.method": "Feet follow hands", "data.userRating": 3, "data.repeats": 9, "data.moves": [{"problemId": 347481, "description": "H5", "isStart": true, "isEnd": false}, {"problemId": 347481, "description": "D2", "isStart": true, "isEnd": false}, {"problemId": 347481, "description": "G7", "isStart": false, "isEnd": false}, {"problemId": 347481, "description": "F9", "isStart": false, "isEnd": false}, {"problemId": 347481, "description": "H10", "isStart": false, "isEnd": false}, {"problemId": 347481, "description": "E13", "isStart": false, "isEnd": false}, {"problemId": 347481, "description": "I15", "isStart": false, "isEnd": false}, {"problemId": 347481, "description": "H18", "isStart": false, "isEnd": true}, {"problemId": 347481, "description": "E16", "isStart": false, "isEnd": false}, {"problemId": 347481, "description": "D4", "isStart": false, "isEnd": false}], "data.apiId": 347481}