{"data.grade": "6A+", "data.userGrade": "6A+", "data.method": "Feet follow hands + screw ons", "data.userRating": 5, "data.repeats": 1, "data.moves": [{"problemId": 441748, "description": "G6", "isStart": true, "isEnd": false}, {"problemId": 441748, "description": "J6", "isStart": true, "isEnd": false}, {"problemId": 441748, "description": "I8", "isStart": false, "isEnd": false}, {"problemId": 441748, "description": "G9", "isStart": false, "isEnd": false}, {"problemId": 441748, "description": "I15", "isStart": false, "isEnd": false}, {"problemId": 441748, "description": "H16", "isStart": false, "isEnd": false}, {"problemId": 441748, "description": "J18", "isStart": false, "isEnd": true}, {"problemId": 441748, "description": "H12", "isStart": false, "isEnd": false}, {"problemId": 441748, "description": "F13", "isStart": false, "isEnd": false}], "data.apiId": 441748}