{"data.grade": "6A+", "data.userGrade": "6A+", "data.method": "Feet follow hands", "data.userRating": 4, "data.repeats": 7, "data.moves": [{"problemId": 351513, "description": "E3", "isStart": true, "isEnd": false}, {"problemId": 351513, "description": "C7", "isStart": false, "isEnd": false}, {"problemId": 351513, "description": "H5", "isStart": true, "isEnd": false}, {"problemId": 351513, "description": "F8", "isStart": false, "isEnd": false}, {"problemId": 351513, "description": "D10", "isStart": false, "isEnd": false}, {"problemId": 351513, "description": "G13", "isStart": false, "isEnd": false}, {"problemId": 351513, "description": "G16", "isStart": false, "isEnd": false}, {"problemId": 351513, "description": "H18", "isStart": false, "isEnd": true}], "data.apiId": 351513}