{"data.grade": "6A+", "data.userGrade": "6A+", "data.method": "Feet follow hands + screw ons", "data.userRating": 4, "data.repeats": 6, "data.moves": [{"problemId": 444589, "description": "D4", "isStart": true, "isEnd": false}, {"problemId": 444589, "description": "F5", "isStart": true, "isEnd": false}, {"problemId": 444589, "description": "D9", "isStart": false, "isEnd": false}, {"problemId": 444589, "description": "F12", "isStart": false, "isEnd": false}, {"problemId": 444589, "description": "C13", "isStart": false, "isEnd": false}, {"problemId": 444589, "description": "C16", "isStart": false, "isEnd": false}, {"problemId": 444589, "description": "C18", "isStart": false, "isEnd": true}, {"problemId": 444589, "description": "E18", "isStart": false, "isEnd": true}, {"problemId": 444589, "description": "G10", "isStart": false, "isEnd": false}], "data.apiId": 444589}