{"data.grade": "6A+", "data.userGrade": null, "data.method": "Feet follow hands", "data.userRating": 0, "data.repeats": 0, "data.moves": [{"problemId": 318832, "description": "F5", "isStart": true, "isEnd": false}, {"problemId": 318832, "description": "H9", "isStart": false, "isEnd": false}, {"problemId": 318832, "description": "D11", "isStart": false, "isEnd": false}, {"problemId": 318832, "description": "G14", "isStart": false, "isEnd": false}, {"problemId": 318832, "description": "E17", "isStart": false, "isEnd": false}, {"problemId": 318832, "description": "H18", "isStart": false, "isEnd": true}], "data.apiId": 318832}