{"data.grade": "6A+", "data.userGrade": null, "data.method": "Feet follow hands", "data.userRating": 3, "data.repeats": 13, "data.moves": [{"problemId": 357352, "description": "H10", "isStart": false, "isEnd": false}, {"problemId": 357352, "description": "G13", "isStart": false, "isEnd": false}, {"problemId": 357352, "description": "F5", "isStart": true, "isEnd": false}, {"problemId": 357352, "description": "D10", "isStart": false, "isEnd": false}, {"problemId": 357352, "description": "J13", "isStart": false, "isEnd": false}, {"problemId": 357352, "description": "K6", "isStart": false, "isEnd": false}, {"problemId": 357352, "description": "J16", "isStart": false, "isEnd": false}, {"problemId": 357352, "description": "H18", "isStart": false, "isEnd": true}, {"problemId": 357352, "description": "H5", "isStart": true, "isEnd": false}, {"problemId": 357352, "description": "F8", "isStart": false, "isEnd": false}], "data.apiId": 357352}