{"data.grade": "6A+", "data.userGrade": "6A+", "data.method": "Feet follow hands", "data.userRating": 5, "data.repeats": 1, "data.moves": [{"problemId": 355535, "description": "E4", "isStart": true, "isEnd": false}, {"problemId": 355535, "description": "H5", "isStart": true, "isEnd": false}, {"problemId": 355535, "description": "G7", "isStart": false, "isEnd": false}, {"problemId": 355535, "description": "D9", "isStart": false, "isEnd": false}, {"problemId": 355535, "description": "D10", "isStart": false, "isEnd": false}, {"problemId": 355535, "description": "G12", "isStart": false, "isEnd": false}, {"problemId": 355535, "description": "D13", "isStart": false, "isEnd": false}, {"problemId": 355535, "description": "I16", "isStart": false, "isEnd": false}, {"problemId": 355535, "description": "E18", "isStart": false, "isEnd": true}, {"problemId": 355535, "description": "D5", "isStart": false, "isEnd": false}], "data.apiId": 355535}