{"data.grade": "6A+", "data.userGrade": null, "data.method": "Feet follow hands", "data.userRating": 2, "data.repeats": 2, "data.moves": [{"problemId": 318987, "description": "G6", "isStart": true, "isEnd": false}, {"problemId": 318987, "description": "K1", "isStart": true, "isEnd": false}, {"problemId": 318987, "description": "I7", "isStart": false, "isEnd": false}, {"problemId": 318987, "description": "D9", "isStart": false, "isEnd": false}, {"problemId": 318987, "description": "F12", "isStart": false, "isEnd": false}, {"problemId": 318987, "description": "B13", "isStart": false, "isEnd": false}, {"problemId": 318987, "description": "C16", "isStart": false, "isEnd": false}, {"problemId": 318987, "description": "D18", "isStart": false, "isEnd": true}], "data.apiId": 318987}