{"data.grade": "6A+", "data.userGrade": "6A+", "data.method": "Feet follow hands", "data.userRating": 5, "data.repeats": 1, "data.moves": [{"problemId": 428968, "description": "D5", "isStart": true, "isEnd": false}, {"problemId": 428968, "description": "H5", "isStart": true, "isEnd": false}, {"problemId": 428968, "description": "D9", "isStart": false, "isEnd": false}, {"problemId": 428968, "description": "I10", "isStart": false, "isEnd": false}, {"problemId": 428968, "description": "G13", "isStart": false, "isEnd": false}, {"problemId": 428968, "description": "K14", "isStart": false, "isEnd": false}, {"problemId": 428968, "description": "H18", "isStart": false, "isEnd": true}, {"problemId": 428968, "description": "D2", "isStart": false, "isEnd": false}], "data.apiId": 428968}