{"data.grade": "6A+", "data.userGrade": "6A+", "data.method": "Feet follow hands", "data.userRating": 4, "data.repeats": 56, "data.moves": [{"problemId": 353340, "description": "H5", "isStart": true, "isEnd": false}, {"problemId": 353340, "description": "F6", "isStart": true, "isEnd": false}, {"problemId": 353340, "description": "I8", "isStart": false, "isEnd": false}, {"problemId": 353340, "description": "H10", "isStart": false, "isEnd": false}, {"problemId": 353340, "description": "J11", "isStart": false, "isEnd": false}, {"problemId": 353340, "description": "E13", "isStart": false, "isEnd": false}, {"problemId": 353340, "description": "E16", "isStart": false, "isEnd": false}, {"problemId": 353340, "description": "E18", "isStart": false, "isEnd": true}], "data.apiId": 353340}