{"data.grade": "6A+", "data.userGrade": "6A+", "data.method": "Feet follow hands", "data.userRating": 4, "data.repeats": 43, "data.moves": [{"problemId": 342102, "description": "H1", "isStart": true, "isEnd": false}, {"problemId": 342102, "description": "K1", "isStart": false, "isEnd": false}, {"problemId": 342102, "description": "H5", "isStart": true, "isEnd": false}, {"problemId": 342102, "description": "F8", "isStart": false, "isEnd": false}, {"problemId": 342102, "description": "H10", "isStart": false, "isEnd": false}, {"problemId": 342102, "description": "E13", "isStart": false, "isEnd": false}, {"problemId": 342102, "description": "E16", "isStart": false, "isEnd": false}, {"problemId": 342102, "description": "B18", "isStart": false, "isEnd": true}], "data.apiId": 342102}