{"data.grade": "6A+", "data.userGrade": "6A+", "data.method": "Feet follow hands", "data.userRating": 4, "data.repeats": 62, "data.moves": [{"problemId": 342874, "description": "D4", "isStart": true, "isEnd": false}, {"problemId": 342874, "description": "F5", "isStart": true, "isEnd": false}, {"problemId": 342874, "description": "F8", "isStart": false, "isEnd": false}, {"problemId": 342874, "description": "H10", "isStart": false, "isEnd": false}, {"problemId": 342874, "description": "E13", "isStart": false, "isEnd": false}, {"problemId": 342874, "description": "E16", "isStart": false, "isEnd": false}, {"problemId": 342874, "description": "D17", "isStart": false, "isEnd": false}, {"problemId": 342874, "description": "F18", "isStart": false, "isEnd": true}], "data.apiId": 342874}