{"data.grade": "6A+", "data.userGrade": "6A+", "data.method": "Feet follow hands", "data.userRating": 4, "data.repeats": 10, "data.moves": [{"problemId": 382989, "description": "G4", "isStart": true, "isEnd": false}, {"problemId": 382989, "description": "D6", "isStart": true, "isEnd": false}, {"problemId": 382989, "description": "G8", "isStart": false, "isEnd": false}, {"problemId": 382989, "description": "C10", "isStart": false, "isEnd": false}, {"problemId": 382989, "description": "F12", "isStart": false, "isEnd": false}, {"problemId": 382989, "description": "D15", "isStart": false, "isEnd": false}, {"problemId": 382989, "description": "F18", "isStart": false, "isEnd": true}], "data.apiId": 382989}