{"data.grade": "6A+", "data.userGrade": "6A+", "data.method": "Footless + kickboard", "data.userRating": 4, "data.repeats": 28, "data.moves": [{"problemId": 384253, "description": "H10", "isStart": false, "isEnd": false}, {"problemId": 384253, "description": "E13", "isStart": false, "isEnd": false}, {"problemId": 384253, "description": "C16", "isStart": false, "isEnd": false}, {"problemId": 384253, "description": "A18", "isStart": false, "isEnd": true}, {"problemId": 384253, "description": "K4", "isStart": true, "isEnd": false}, {"problemId": 384253, "description": "H5", "isStart": true, "isEnd": false}, {"problemId": 384253, "description": "I7", "isStart": false, "isEnd": false}], "data.apiId": 384253}