{"data.grade": "6A+", "data.userGrade": null, "data.method": "Feet follow hands", "data.userRating": 5, "data.repeats": 1, "data.moves": [{"problemId": 320045, "description": "A3", "isStart": true, "isEnd": false}, {"problemId": 320045, "description": "C4", "isStart": true, "isEnd": false}, {"problemId": 320045, "description": "F4", "isStart": false, "isEnd": false}, {"problemId": 320045, "description": "E6", "isStart": false, "isEnd": false}, {"problemId": 320045, "description": "I8", "isStart": false, "isEnd": false}, {"problemId": 320045, "description": "H10", "isStart": false, "isEnd": false}, {"problemId": 320045, "description": "I13", "isStart": false, "isEnd": false}, {"problemId": 320045, "description": "G14", "isStart": false, "isEnd": false}, {"problemId": 320045, "description": "C13", "isStart": false, "isEnd": false}, {"problemId": 320045, "description": "A16", "isStart": false, "isEnd": false}, {"problemId": 320045, "description": "B18", "isStart": false, "isEnd": true}], "data.apiId": 320045}