{"data.grade": "6A+", "data.userGrade": "6A+", "data.method": "Feet follow hands", "data.userRating": 4, "data.repeats": 33, "data.moves": [{"problemId": 341642, "description": "F5", "isStart": true, "isEnd": false}, {"problemId": 341642, "description": "F4", "isStart": true, "isEnd": false}, {"problemId": 341642, "description": "C7", "isStart": false, "isEnd": false}, {"problemId": 341642, "description": "E8", "isStart": false, "isEnd": false}, {"problemId": 341642, "description": "C10", "isStart": false, "isEnd": false}, {"problemId": 341642, "description": "H10", "isStart": false, "isEnd": false}, {"problemId": 341642, "description": "E13", "isStart": false, "isEnd": false}, {"problemId": 341642, "description": "G17", "isStart": false, "isEnd": false}, {"problemId": 341642, "description": "F18", "isStart": false, "isEnd": true}], "data.apiId": 341642}