{"data.grade": "6A+", "data.userGrade": "6A+", "data.method": "Feet follow hands + screw ons", "data.userRating": 3, "data.repeats": 3, "data.moves": [{"problemId": 421146, "description": "E3", "isStart": true, "isEnd": false}, {"problemId": 421146, "description": "H5", "isStart": true, "isEnd": false}, {"problemId": 421146, "description": "I8", "isStart": false, "isEnd": false}, {"problemId": 421146, "description": "D9", "isStart": false, "isEnd": false}, {"problemId": 421146, "description": "H10", "isStart": false, "isEnd": false}, {"problemId": 421146, "description": "B5", "isStart": false, "isEnd": false}, {"problemId": 421146, "description": "C14", "isStart": false, "isEnd": false}, {"problemId": 421146, "description": "C16", "isStart": false, "isEnd": false}, {"problemId": 421146, "description": "B18", "isStart": false, "isEnd": true}, {"problemId": 421146, "description": "E18", "isStart": false, "isEnd": true}], "data.apiId": 421146}