{"data.grade": "6A+", "data.userGrade": "6A+", "data.method": "Feet follow hands", "data.userRating": 4, "data.repeats": 156, "data.moves": [{"problemId": 347602, "description": "E3", "isStart": true, "isEnd": false}, {"problemId": 347602, "description": "K4", "isStart": true, "isEnd": false}, {"problemId": 347602, "description": "I7", "isStart": false, "isEnd": false}, {"problemId": 347602, "description": "F9", "isStart": false, "isEnd": false}, {"problemId": 347602, "description": "J11", "isStart": false, "isEnd": false}, {"problemId": 347602, "description": "E13", "isStart": false, "isEnd": false}, {"problemId": 347602, "description": "F17", "isStart": false, "isEnd": false}, {"problemId": 347602, "description": "B18", "isStart": false, "isEnd": true}], "data.apiId": 347602}