{"data.grade": "6A+", "data.userGrade": null, "data.method": "Feet follow hands", "data.userRating": 4, "data.repeats": 11, "data.moves": [{"problemId": 347537, "description": "F5", "isStart": true, "isEnd": false}, {"problemId": 347537, "description": "H5", "isStart": true, "isEnd": false}, {"problemId": 347537, "description": "E3", "isStart": false, "isEnd": false}, {"problemId": 347537, "description": "F8", "isStart": false, "isEnd": false}, {"problemId": 347537, "description": "I8", "isStart": false, "isEnd": false}, {"problemId": 347537, "description": "D9", "isStart": false, "isEnd": false}, {"problemId": 347537, "description": "H10", "isStart": false, "isEnd": false}, {"problemId": 347537, "description": "F12", "isStart": false, "isEnd": false}, {"problemId": 347537, "description": "G13", "isStart": false, "isEnd": false}, {"problemId": 347537, "description": "D15", "isStart": false, "isEnd": false}, {"problemId": 347537, "description": "E16", "isStart": false, "isEnd": false}, {"problemId": 347537, "description": "F18", "isStart": false, "isEnd": true}], "data.apiId": 347537}