{"data.grade": "6A+", "data.userGrade": "6A+", "data.method": "Feet follow hands", "data.userRating": 3, "data.repeats": 15, "data.moves": [{"problemId": 322299, "description": "F5", "isStart": true, "isEnd": false}, {"problemId": 322299, "description": "C14", "isStart": false, "isEnd": false}, {"problemId": 322299, "description": "I8", "isStart": false, "isEnd": false}, {"problemId": 322299, "description": "K4", "isStart": false, "isEnd": false}, {"problemId": 322299, "description": "H10", "isStart": false, "isEnd": false}, {"problemId": 322299, "description": "G13", "isStart": false, "isEnd": false}, {"problemId": 322299, "description": "E8", "isStart": false, "isEnd": false}, {"problemId": 322299, "description": "D18", "isStart": false, "isEnd": true}], "data.apiId": 322299}