{"data.grade": "6A+", "data.userGrade": "6A+", "data.method": "Feet follow hands", "data.userRating": 4, "data.repeats": 12, "data.moves": [{"problemId": 309827, "description": "A5", "isStart": true, "isEnd": false}, {"problemId": 309827, "description": "D5", "isStart": true, "isEnd": false}, {"problemId": 309827, "description": "F8", "isStart": false, "isEnd": false}, {"problemId": 309827, "description": "C7", "isStart": false, "isEnd": false}, {"problemId": 309827, "description": "A3", "isStart": false, "isEnd": false}, {"problemId": 309827, "description": "D10", "isStart": false, "isEnd": false}, {"problemId": 309827, "description": "G13", "isStart": false, "isEnd": false}, {"problemId": 309827, "description": "G14", "isStart": false, "isEnd": false}, {"problemId": 309827, "description": "J16", "isStart": false, "isEnd": false}, {"problemId": 309827, "description": "J18", "isStart": false, "isEnd": true}], "data.apiId": 309827}