{"data.grade": "6A+", "data.userGrade": null, "data.method": "Feet follow hands", "data.userRating": 0, "data.repeats": 0, "data.moves": [{"problemId": 345827, "description": "C14", "isStart": false, "isEnd": false}, {"problemId": 345827, "description": "C15", "isStart": false, "isEnd": false}, {"problemId": 345827, "description": "D16", "isStart": false, "isEnd": false}, {"problemId": 345827, "description": "E9", "isStart": false, "isEnd": false}, {"problemId": 345827, "description": "E16", "isStart": false, "isEnd": false}, {"problemId": 345827, "description": "G14", "isStart": false, "isEnd": false}, {"problemId": 345827, "description": "H17", "isStart": false, "isEnd": false}, {"problemId": 345827, "description": "A18", "isStart": false, "isEnd": true}, {"problemId": 345827, "description": "A1", "isStart": true, "isEnd": false}], "data.apiId": 345827}