{"data.grade": "6A+", "data.userGrade": "6A+", "data.method": "Feet follow hands", "data.userRating": 5, "data.repeats": 1, "data.moves": [{"problemId": 459862, "description": "D6", "isStart": true, "isEnd": false}, {"problemId": 459862, "description": "H11", "isStart": false, "isEnd": false}, {"problemId": 459862, "description": "E14", "isStart": false, "isEnd": false}, {"problemId": 459862, "description": "B9", "isStart": false, "isEnd": false}, {"problemId": 459862, "description": "H8", "isStart": false, "isEnd": false}, {"problemId": 459862, "description": "I15", "isStart": false, "isEnd": false}, {"problemId": 459862, "description": "C12", "isStart": false, "isEnd": false}, {"problemId": 459862, "description": "F9", "isStart": false, "isEnd": false}, {"problemId": 459862, "description": "E6", "isStart": true, "isEnd": false}, {"problemId": 459862, "description": "F18", "isStart": false, "isEnd": true}], "data.apiId": 459862}