{"data.grade": "6A+", "data.userGrade": null, "data.method": "Feet follow hands", "data.userRating": 0, "data.repeats": 0, "data.moves": [{"problemId": 338013, "description": "I8", "isStart": false, "isEnd": false}, {"problemId": 338013, "description": "K4", "isStart": true, "isEnd": false}, {"problemId": 338013, "description": "J4", "isStart": true, "isEnd": false}, {"problemId": 338013, "description": "G11", "isStart": false, "isEnd": false}, {"problemId": 338013, "description": "K15", "isStart": false, "isEnd": false}, {"problemId": 338013, "description": "H18", "isStart": false, "isEnd": true}], "data.apiId": 338013}