{"data.grade": "6A+", "data.userGrade": "6A+", "data.method": "Feet follow hands", "data.userRating": 4, "data.repeats": 27, "data.moves": [{"problemId": 407818, "description": "E4", "isStart": true, "isEnd": false}, {"problemId": 407818, "description": "K4", "isStart": false, "isEnd": false}, {"problemId": 407818, "description": "I6", "isStart": true, "isEnd": false}, {"problemId": 407818, "description": "F9", "isStart": false, "isEnd": false}, {"problemId": 407818, "description": "H10", "isStart": false, "isEnd": false}, {"problemId": 407818, "description": "G17", "isStart": false, "isEnd": false}, {"problemId": 407818, "description": "F18", "isStart": false, "isEnd": true}, {"problemId": 407818, "description": "E13", "isStart": false, "isEnd": false}, {"problemId": 407818, "description": "I8", "isStart": false, "isEnd": false}], "data.apiId": 407818}