{"data.grade": "6A+", "data.userGrade": "6A+", "data.method": "Feet follow hands", "data.userRating": 4, "data.repeats": 467, "data.moves": [{"problemId": 317811, "description": "F5", "isStart": true, "isEnd": false}, {"problemId": 317811, "description": "I8", "isStart": false, "isEnd": false}, {"problemId": 317811, "description": "H10", "isStart": false, "isEnd": false}, {"problemId": 317811, "description": "K13", "isStart": false, "isEnd": false}, {"problemId": 317811, "description": "G14", "isStart": false, "isEnd": false}, {"problemId": 317811, "description": "K15", "isStart": false, "isEnd": false}, {"problemId": 317811, "description": "H18", "isStart": false, "isEnd": true}], "data.apiId": 317811}