{"data.grade": "6A+", "data.userGrade": null, "data.method": "Feet follow hands", "data.userRating": 3, "data.repeats": 5, "data.moves": [{"problemId": 327649, "description": "F5", "isStart": true, "isEnd": false}, {"problemId": 327649, "description": "H5", "isStart": true, "isEnd": false}, {"problemId": 327649, "description": "D8", "isStart": false, "isEnd": false}, {"problemId": 327649, "description": "E13", "isStart": false, "isEnd": false}, {"problemId": 327649, "description": "I8", "isStart": false, "isEnd": false}, {"problemId": 327649, "description": "H10", "isStart": false, "isEnd": false}, {"problemId": 327649, "description": "F18", "isStart": false, "isEnd": true}, {"problemId": 327649, "description": "H18", "isStart": false, "isEnd": true}, {"problemId": 327649, "description": "I15", "isStart": false, "isEnd": false}, {"problemId": 327649, "description": "F15", "isStart": false, "isEnd": false}], "data.apiId": 327649}