{"data.grade": "6A+", "data.userGrade": "6A+", "data.method": "Feet follow hands", "data.userRating": 5, "data.repeats": 1, "data.moves": [{"problemId": 429754, "description": "E4", "isStart": true, "isEnd": false}, {"problemId": 429754, "description": "H3", "isStart": true, "isEnd": false}, {"problemId": 429754, "description": "D9", "isStart": false, "isEnd": false}, {"problemId": 429754, "description": "A6", "isStart": false, "isEnd": false}, {"problemId": 429754, "description": "D12", "isStart": false, "isEnd": false}, {"problemId": 429754, "description": "E13", "isStart": false, "isEnd": false}, {"problemId": 429754, "description": "C16", "isStart": false, "isEnd": false}, {"problemId": 429754, "description": "C18", "isStart": false, "isEnd": true}, {"problemId": 429754, "description": "B18", "isStart": false, "isEnd": true}], "data.apiId": 429754}