{"data.grade": "6A+", "data.userGrade": null, "data.method": "Feet follow hands", "data.userRating": 4, "data.repeats": 8, "data.moves": [{"problemId": 347536, "description": "D5", "isStart": true, "isEnd": false}, {"problemId": 347536, "description": "G4", "isStart": true, "isEnd": false}, {"problemId": 347536, "description": "E7", "isStart": false, "isEnd": false}, {"problemId": 347536, "description": "J1", "isStart": false, "isEnd": false}, {"problemId": 347536, "description": "H10", "isStart": false, "isEnd": false}, {"problemId": 347536, "description": "D10", "isStart": false, "isEnd": false}, {"problemId": 347536, "description": "F12", "isStart": false, "isEnd": false}, {"problemId": 347536, "description": "G13", "isStart": false, "isEnd": false}, {"problemId": 347536, "description": "C13", "isStart": false, "isEnd": false}, {"problemId": 347536, "description": "C16", "isStart": false, "isEnd": false}, {"problemId": 347536, "description": "E16", "isStart": false, "isEnd": false}, {"problemId": 347536, "description": "B18", "isStart": false, "isEnd": true}, {"problemId": 347536, "description": "E18", "isStart": false, "isEnd": true}], "data.apiId": 347536}