{"data.grade": "6A+", "data.userGrade": "6A+", "data.method": "Feet follow hands", "data.userRating": 4, "data.repeats": 24, "data.moves": [{"problemId": 322706, "description": "H5", "isStart": true, "isEnd": false}, {"problemId": 322706, "description": "F8", "isStart": false, "isEnd": false}, {"problemId": 322706, "description": "H10", "isStart": false, "isEnd": false}, {"problemId": 322706, "description": "D10", "isStart": false, "isEnd": false}, {"problemId": 322706, "description": "G13", "isStart": false, "isEnd": false}, {"problemId": 322706, "description": "E16", "isStart": false, "isEnd": false}, {"problemId": 322706, "description": "F18", "isStart": false, "isEnd": true}], "data.apiId": 322706}