{"data.grade": "6A+", "data.userGrade": null, "data.method": "Feet follow hands", "data.userRating": 0, "data.repeats": 0, "data.moves": [{"problemId": 345910, "description": "F1", "isStart": true, "isEnd": false}, {"problemId": 345910, "description": "F2", "isStart": true, "isEnd": false}, {"problemId": 345910, "description": "F6", "isStart": false, "isEnd": false}, {"problemId": 345910, "description": "G11", "isStart": false, "isEnd": false}, {"problemId": 345910, "description": "H8", "isStart": false, "isEnd": false}, {"problemId": 345910, "description": "H1", "isStart": false, "isEnd": false}, {"problemId": 345910, "description": "A18", "isStart": false, "isEnd": true}], "data.apiId": 345910}