{"data.grade": "6A+", "data.userGrade": "6A+", "data.method": "Feet follow hands + screw ons", "data.userRating": 4, "data.repeats": 29, "data.moves": [{"problemId": 334154, "description": "H5", "isStart": true, "isEnd": false}, {"problemId": 334154, "description": "F5", "isStart": true, "isEnd": false}, {"problemId": 334154, "description": "F8", "isStart": false, "isEnd": false}, {"problemId": 334154, "description": "I8", "isStart": false, "isEnd": false}, {"problemId": 334154, "description": "H10", "isStart": false, "isEnd": false}, {"problemId": 334154, "description": "F12", "isStart": false, "isEnd": false}, {"problemId": 334154, "description": "G13", "isStart": false, "isEnd": false}, {"problemId": 334154, "description": "E13", "isStart": false, "isEnd": false}, {"problemId": 334154, "description": "C16", "isStart": false, "isEnd": false}, {"problemId": 334154, "description": "B18", "isStart": false, "isEnd": true}, {"problemId": 334154, "description": "D2", "isStart": false, "isEnd": false}, {"problemId": 334154, "description": "I3", "isStart": false, "isEnd": false}, {"problemId": 334154, "description": "C10", "isStart": false, "isEnd": false}, {"problemId": 334154, "description": "C7", "isStart": false, "isEnd": false}], "data.apiId": 334154}