{"data.grade": "6A+", "data.userGrade": "6A+", "data.method": "Feet follow hands", "data.userRating": 4, "data.repeats": 7, "data.moves": [{"problemId": 416312, "description": "I5", "isStart": true, "isEnd": false}, {"problemId": 416312, "description": "F5", "isStart": true, "isEnd": false}, {"problemId": 416312, "description": "I8", "isStart": false, "isEnd": false}, {"problemId": 416312, "description": "H10", "isStart": false, "isEnd": false}, {"problemId": 416312, "description": "I10", "isStart": false, "isEnd": false}, {"problemId": 416312, "description": "J13", "isStart": false, "isEnd": false}, {"problemId": 416312, "description": "G14", "isStart": false, "isEnd": false}, {"problemId": 416312, "description": "K15", "isStart": false, "isEnd": false}, {"problemId": 416312, "description": "I16", "isStart": false, "isEnd": false}, {"problemId": 416312, "description": "J18", "isStart": false, "isEnd": false}, {"problemId": 416312, "description": "H18", "isStart": false, "isEnd": false}, {"problemId": 416312, "description": "F18", "isStart": false, "isEnd": false}, {"problemId": 416312, "description": "B18", "isStart": false, "isEnd": true}, {"problemId": 416312, "description": "A18", "isStart": false, "isEnd": true}], "data.apiId": 416312}