{"data.grade": "6A+", "data.userGrade": "6A+", "data.method": "Feet follow hands", "data.userRating": 4, "data.repeats": 26, "data.moves": [{"problemId": 421053, "description": "A6", "isStart": true, "isEnd": false}, {"problemId": 421053, "description": "C4", "isStart": true, "isEnd": false}, {"problemId": 421053, "description": "F8", "isStart": false, "isEnd": false}, {"problemId": 421053, "description": "D10", "isStart": false, "isEnd": false}, {"problemId": 421053, "description": "G13", "isStart": false, "isEnd": false}, {"problemId": 421053, "description": "G16", "isStart": false, "isEnd": false}, {"problemId": 421053, "description": "H18", "isStart": false, "isEnd": true}], "data.apiId": 421053}