{"data.grade": "6A+", "data.userGrade": "6A+", "data.method": "Feet follow hands", "data.userRating": 4, "data.repeats": 22, "data.moves": [{"problemId": 451406, "description": "H5", "isStart": true, "isEnd": false}, {"problemId": 451406, "description": "J4", "isStart": true, "isEnd": false}, {"problemId": 451406, "description": "I7", "isStart": false, "isEnd": false}, {"problemId": 451406, "description": "H10", "isStart": false, "isEnd": false}, {"problemId": 451406, "description": "E13", "isStart": false, "isEnd": false}, {"problemId": 451406, "description": "C16", "isStart": false, "isEnd": false}, {"problemId": 451406, "description": "B18", "isStart": false, "isEnd": true}, {"problemId": 451406, "description": "F12", "isStart": false, "isEnd": false}, {"problemId": 451406, "description": "D15", "isStart": false, "isEnd": false}, {"problemId": 451406, "description": "H8", "isStart": false, "isEnd": false}], "data.apiId": 451406}