{"data.grade": "6A+", "data.userGrade": null, "data.method": "Feet follow hands", "data.userRating": 0, "data.repeats": 0, "data.moves": [{"problemId": 350592, "description": "D5", "isStart": true, "isEnd": false}, {"problemId": 350592, "description": "G4", "isStart": true, "isEnd": false}, {"problemId": 350592, "description": "K1", "isStart": false, "isEnd": false}, {"problemId": 350592, "description": "I7", "isStart": false, "isEnd": false}, {"problemId": 350592, "description": "G11", "isStart": false, "isEnd": false}, {"problemId": 350592, "description": "D12", "isStart": false, "isEnd": false}, {"problemId": 350592, "description": "F15", "isStart": false, "isEnd": false}, {"problemId": 350592, "description": "B18", "isStart": false, "isEnd": true}, {"problemId": 350592, "description": "C18", "isStart": false, "isEnd": true}], "data.apiId": 350592}