{"data.grade": "6A+", "data.userGrade": "6A+", "data.method": "Feet follow hands", "data.userRating": 3, "data.repeats": 25, "data.moves": [{"problemId": 342717, "description": "F5", "isStart": true, "isEnd": false}, {"problemId": 342717, "description": "H5", "isStart": true, "isEnd": false}, {"problemId": 342717, "description": "I7", "isStart": false, "isEnd": false}, {"problemId": 342717, "description": "J9", "isStart": false, "isEnd": false}, {"problemId": 342717, "description": "H10", "isStart": false, "isEnd": false}, {"problemId": 342717, "description": "J11", "isStart": false, "isEnd": false}, {"problemId": 342717, "description": "K15", "isStart": false, "isEnd": false}, {"problemId": 342717, "description": "H18", "isStart": false, "isEnd": true}, {"problemId": 342717, "description": "J18", "isStart": false, "isEnd": true}, {"problemId": 342717, "description": "K13", "isStart": false, "isEnd": false}, {"problemId": 342717, "description": "G14", "isStart": false, "isEnd": false}, {"problemId": 342717, "description": "J16", "isStart": false, "isEnd": false}, {"problemId": 342717, "description": "I16", "isStart": false, "isEnd": false}, {"problemId": 342717, "description": "G13", "isStart": false, "isEnd": false}], "data.apiId": 342717}