{"data.grade": "6A+", "data.userGrade": "6A+", "data.method": "Feet follow hands", "data.userRating": 4, "data.repeats": 369, "data.moves": [{"problemId": 322880, "description": "H5", "isStart": true, "isEnd": false}, {"problemId": 322880, "description": "D4", "isStart": true, "isEnd": false}, {"problemId": 322880, "description": "F8", "isStart": false, "isEnd": false}, {"problemId": 322880, "description": "I10", "isStart": false, "isEnd": false}, {"problemId": 322880, "description": "E13", "isStart": false, "isEnd": false}, {"problemId": 322880, "description": "G13", "isStart": false, "isEnd": false}, {"problemId": 322880, "description": "F18", "isStart": false, "isEnd": true}], "data.apiId": 322880}