{"data.grade": "6A+", "data.userGrade": "6A+", "data.method": "Feet follow hands", "data.userRating": 4, "data.repeats": 44, "data.moves": [{"problemId": 343475, "description": "F5", "isStart": true, "isEnd": false}, {"problemId": 343475, "description": "C7", "isStart": false, "isEnd": false}, {"problemId": 343475, "description": "E8", "isStart": false, "isEnd": false}, {"problemId": 343475, "description": "C10", "isStart": false, "isEnd": false}, {"problemId": 343475, "description": "F11", "isStart": false, "isEnd": false}, {"problemId": 343475, "description": "E14", "isStart": false, "isEnd": false}, {"problemId": 343475, "description": "E16", "isStart": false, "isEnd": false}, {"problemId": 343475, "description": "H18", "isStart": false, "isEnd": true}], "data.apiId": 343475}