{"data.grade": "6A+", "data.userGrade": null, "data.method": "Feet follow hands", "data.userRating": 4, "data.repeats": 20, "data.moves": [{"problemId": 353859, "description": "E3", "isStart": true, "isEnd": false}, {"problemId": 353859, "description": "H5", "isStart": true, "isEnd": false}, {"problemId": 353859, "description": "F8", "isStart": false, "isEnd": false}, {"problemId": 353859, "description": "H10", "isStart": false, "isEnd": false}, {"problemId": 353859, "description": "C14", "isStart": false, "isEnd": false}, {"problemId": 353859, "description": "B18", "isStart": false, "isEnd": true}, {"problemId": 353859, "description": "F12", "isStart": false, "isEnd": false}, {"problemId": 353859, "description": "D15", "isStart": false, "isEnd": false}], "data.apiId": 353859}