{"data.grade": "6A+", "data.userGrade": null, "data.method": "Feet follow hands", "data.userRating": 4, "data.repeats": 19, "data.moves": [{"problemId": 348226, "description": "F5", "isStart": true, "isEnd": false}, {"problemId": 348226, "description": "D10", "isStart": false, "isEnd": false}, {"problemId": 348226, "description": "H10", "isStart": false, "isEnd": false}, {"problemId": 348226, "description": "F12", "isStart": false, "isEnd": false}, {"problemId": 348226, "description": "G13", "isStart": false, "isEnd": false}, {"problemId": 348226, "description": "D15", "isStart": false, "isEnd": false}, {"problemId": 348226, "description": "F18", "isStart": false, "isEnd": true}], "data.apiId": 348226}