{"data.grade": "6A+", "data.userGrade": null, "data.method": "Feet follow hands", "data.userRating": 4, "data.repeats": 23, "data.moves": [{"problemId": 386302, "description": "H5", "isStart": true, "isEnd": false}, {"problemId": 386302, "description": "F5", "isStart": true, "isEnd": false}, {"problemId": 386302, "description": "I7", "isStart": false, "isEnd": false}, {"problemId": 386302, "description": "F8", "isStart": false, "isEnd": false}, {"problemId": 386302, "description": "H10", "isStart": false, "isEnd": false}, {"problemId": 386302, "description": "F12", "isStart": false, "isEnd": false}, {"problemId": 386302, "description": "C13", "isStart": false, "isEnd": false}, {"problemId": 386302, "description": "C16", "isStart": false, "isEnd": false}, {"problemId": 386302, "description": "B18", "isStart": false, "isEnd": false}, {"problemId": 386302, "description": "F18", "isStart": false, "isEnd": true}, {"problemId": 386302, "description": "B7", "isStart": false, "isEnd": false}], "data.apiId": 386302}