{"data.grade": "6A+", "data.userGrade": null, "data.method": "Feet follow hands", "data.userRating": 4, "data.repeats": 7, "data.moves": [{"problemId": 346179, "description": "D5", "isStart": true, "isEnd": false}, {"problemId": 346179, "description": "E6", "isStart": true, "isEnd": false}, {"problemId": 346179, "description": "D10", "isStart": false, "isEnd": false}, {"problemId": 346179, "description": "E13", "isStart": false, "isEnd": false}, {"problemId": 346179, "description": "H18", "isStart": false, "isEnd": true}, {"problemId": 346179, "description": "F18", "isStart": false, "isEnd": true}, {"problemId": 346179, "description": "F8", "isStart": false, "isEnd": false}, {"problemId": 346179, "description": "C14", "isStart": false, "isEnd": false}, {"problemId": 346179, "description": "D17", "isStart": false, "isEnd": false}], "data.apiId": 346179}