{"data.grade": "6A+", "data.userGrade": "6A+", "data.method": "Feet follow hands", "data.userRating": 4, "data.repeats": 6, "data.moves": [{"problemId": 356411, "description": "E3", "isStart": true, "isEnd": false}, {"problemId": 356411, "description": "H5", "isStart": true, "isEnd": false}, {"problemId": 356411, "description": "F6", "isStart": false, "isEnd": false}, {"problemId": 356411, "description": "F8", "isStart": false, "isEnd": false}, {"problemId": 356411, "description": "H10", "isStart": false, "isEnd": false}, {"problemId": 356411, "description": "F12", "isStart": false, "isEnd": false}, {"problemId": 356411, "description": "G13", "isStart": false, "isEnd": false}, {"problemId": 356411, "description": "C16", "isStart": false, "isEnd": false}, {"problemId": 356411, "description": "F18", "isStart": false, "isEnd": true}], "data.apiId": 356411}