{"data.grade": "6A+", "data.userGrade": "6A+", "data.method": "Feet follow hands", "data.userRating": 3, "data.repeats": 5, "data.moves": [{"problemId": 313771, "description": "E6", "isStart": false, "isEnd": false}, {"problemId": 313771, "description": "C4", "isStart": true, "isEnd": false}, {"problemId": 313771, "description": "G14", "isStart": false, "isEnd": false}, {"problemId": 313771, "description": "K15", "isStart": false, "isEnd": false}, {"problemId": 313771, "description": "H18", "isStart": false, "isEnd": true}, {"problemId": 313771, "description": "F8", "isStart": false, "isEnd": false}, {"problemId": 313771, "description": "J11", "isStart": false, "isEnd": false}, {"problemId": 313771, "description": "I4", "isStart": false, "isEnd": false}], "data.apiId": 313771}