{"data.grade": "6A+", "data.userGrade": "6A+", "data.method": "Feet follow hands", "data.userRating": 3, "data.repeats": 2, "data.moves": [{"problemId": 435521, "description": "A5", "isStart": true, "isEnd": false}, {"problemId": 435521, "description": "A18", "isStart": false, "isEnd": true}, {"problemId": 435521, "description": "A16", "isStart": false, "isEnd": false}, {"problemId": 435521, "description": "A15", "isStart": false, "isEnd": false}, {"problemId": 435521, "description": "A13", "isStart": false, "isEnd": false}, {"problemId": 435521, "description": "A12", "isStart": false, "isEnd": false}, {"problemId": 435521, "description": "A10", "isStart": false, "isEnd": false}, {"problemId": 435521, "description": "A9", "isStart": false, "isEnd": false}, {"problemId": 435521, "description": "A7", "isStart": false, "isEnd": false}, {"problemId": 435521, "description": "A2", "isStart": false, "isEnd": false}, {"problemId": 435521, "description": "A3", "isStart": false, "isEnd": false}, {"problemId": 435521, "description": "A14", "isStart": false, "isEnd": false}, {"problemId": 435521, "description": "A11", "isStart": false, "isEnd": false}, {"problemId": 435521, "description": "A8", "isStart": false, "isEnd": false}], "data.apiId": 435521}