{"data.grade": "6A+", "data.userGrade": "6A+", "data.method": "Feet follow hands", "data.userRating": 4, "data.repeats": 6, "data.moves": [{"problemId": 338478, "description": "H5", "isStart": true, "isEnd": false}, {"problemId": 338478, "description": "F6", "isStart": true, "isEnd": false}, {"problemId": 338478, "description": "H10", "isStart": false, "isEnd": false}, {"problemId": 338478, "description": "F12", "isStart": false, "isEnd": false}, {"problemId": 338478, "description": "G13", "isStart": false, "isEnd": false}, {"problemId": 338478, "description": "D15", "isStart": false, "isEnd": false}, {"problemId": 338478, "description": "G8", "isStart": false, "isEnd": false}, {"problemId": 338478, "description": "F18", "isStart": false, "isEnd": true}, {"problemId": 338478, "description": "D10", "isStart": false, "isEnd": false}], "data.apiId": 338478}