{"data.grade": "6A+", "data.userGrade": "6A+", "data.method": "Feet follow hands", "data.userRating": 4, "data.repeats": 21, "data.moves": [{"problemId": 314632, "description": "F18", "isStart": false, "isEnd": true}, {"problemId": 314632, "description": "E16", "isStart": false, "isEnd": false}, {"problemId": 314632, "description": "C16", "isStart": false, "isEnd": false}, {"problemId": 314632, "description": "F12", "isStart": false, "isEnd": false}, {"problemId": 314632, "description": "G13", "isStart": false, "isEnd": false}, {"problemId": 314632, "description": "E13", "isStart": false, "isEnd": false}, {"problemId": 314632, "description": "H10", "isStart": false, "isEnd": false}, {"problemId": 314632, "description": "F10", "isStart": false, "isEnd": false}, {"problemId": 314632, "description": "F8", "isStart": false, "isEnd": false}, {"problemId": 314632, "description": "F5", "isStart": true, "isEnd": false}, {"problemId": 314632, "description": "H5", "isStart": true, "isEnd": false}, {"problemId": 314632, "description": "J2", "isStart": false, "isEnd": false}, {"problemId": 314632, "description": "G3", "isStart": false, "isEnd": false}], "data.apiId": 314632}